{"datalatency":[8.181893],"sensoruptime":[1.2519444444444445,0.26861111111111113,11.270277777777778],"battvoltage":[14.687999999999999,11.652000000000001,11.154000000000002],"arrayvoltage":[41.495,38.535,42.471000000000004],"chargecurrent":[2.116,0.8140000000000001,5.481],"chargestate":[6.0,5.0,6.0],"loadpower":[14.009624999999998,13.569912,0.0],"batterytemp":[12.0,6.0,28.0],"triggerrate":[0.0,0.0,0.4],"triggersremaining":[18392.0,18392.0,18401.0],"crcerrors":[0.0,0.0,0.0]}