{"datalatency":[10.129706],"sensoruptime":[null,null,0.018055555555555554],"battvoltage":[14.713,14.713,12.567],"arrayvoltage":[38.028,41.666000000000004,43.176],"chargecurrent":[0.575,0.606,2.22],"chargestate":[6.0,6.0,7.0],"loadpower":[0.0,0.0,0.0],"batterytemp":[11.0,11.0,20.0],"triggerrate":[null,null,0.0],"triggersremaining":[null,null,0.0],"crcerrors":[0.0,null,1.0]}