{"datalatency":[8.226316],"sensoruptime":[2.4519444444444445,1.4519444444444445,114.10888888888888],"battvoltage":[12.07,12.392999999999999,11.469000000000001],"arrayvoltage":[34.238,35.306,35.4],"chargecurrent":[1.831,3.085,6.643],"chargestate":[5.0,5.0,5.0],"loadpower":[14.355055,9.843748000000001,0.0],"batterytemp":[25.0,25.0,27.0],"triggerrate":[0.0,0.0,0.6],"triggersremaining":[21927.0,21930.0,21953.0],"crcerrors":[0.0,0.0,0.0]}