{"datalatency":[12.666096000000001],"sensoruptime":[44.27638888888889,43.276666666666664,44.27638888888889],"battvoltage":[11.690999999999999,11.758,11.652000000000001],"arrayvoltage":[0.0,0.0,17.334],"chargecurrent":[0.005,0.002,11.398],"chargestate":[3.0,3.0,6.0],"loadpower":[23.398349999999997,22.852064000000002,21.713829000000004],"batterytemp":[25.0,25.0,52.0],"triggerrate":[0.0,0.0,6.0],"triggersremaining":[20760.0,20761.0,21171.0],"crcerrors":[0.0,0.0,1.0]}