{"datalatency":[8.207096],"sensoruptime":[3.536111111111111,2.5527777777777776,11.33388888888889],"battvoltage":[11.493,11.609000000000002,10.427999999999999],"arrayvoltage":[0.748,23.971999999999998,43.015],"chargecurrent":[0.0,0.034,3.5439999999999996],"chargestate":[3.0,5.0,6.0],"loadpower":[15.007685000000002,13.792970999999998,0.0],"batterytemp":[18.0,20.0,27.0],"triggerrate":[2.2,0.6,2.2],"triggersremaining":[22409.0,22464.0,22496.0],"crcerrors":[0.0,0.0,0.0]}