{"datalatency":[27.76398],"sensoruptime":[37.018055555555556,36.02111111111111,37.018055555555556],"battvoltage":[12.450999999999999,12.408,12.064],"arrayvoltage":[16.989,16.748,18.872],"chargecurrent":[1.882,2.93,10.158],"ledstate":[8.0,8.0,8.0],"loadpower":[24.866,24.997985999999997,22.704083999999998],"batterytemp":[40.0,37.0,50.0],"triggerrate":[0.0,0.0,2.4000003360000473],"triggersremaining":[22417.0,22426.0,22431.0],"crcerrors":[null,null,0.0]}