{"datalatency":[38.146228],"sensoruptime":[0.01861111111111111,0.016666666666666666,null],"battvoltage":[14.151,14.752,10.526],"arrayvoltage":[41.995,43.317,45.523],"chargecurrent":[1.6280000000000001,1.645,2.6189999999999998],"chargestate":[7.0,6.0,7.0],"loadpower":[13.499485000000002,14.05026,0.0],"batterytemp":[10.0,10.0,19.0],"triggerrate":[0.0,0.0,null],"triggersremaining":[0.0,0.0,null],"crcerrors":[6.0,0.0,1.0]}