{"datalatency":[15.563369000000002],"sensoruptime":[413.67861111111114,412.67861111111114,413.67861111111114],"battvoltage":[12.988,12.634,12.020999999999999],"arrayvoltage":[14.110999999999999,14.502,18.317],"chargecurrent":[7.672000000000001,2.853,10.327],"ledstate":[6.0,8.0,8.0],"loadpower":[23.400000000000002,22.892115,20.983984000000003],"batterytemp":[51.0,51.0,52.0],"triggerrate":[0.0,0.0,1.2000000000000002],"triggersremaining":[12597.0,12597.0,12604.0],"crcerrors":[0.0,0.0,2.0]}