{"datalatency":[17.055377],"sensoruptime":[null,null,null],"battvoltage":[12.520999999999999,12.543,12.18],"arrayvoltage":[0.107,0.107,19.625999999999998],"chargecurrent":[0.005,0.005,5.361000000000001],"chargestate":[3.0,3.0,6.0],"loadpower":[5.5915230000000005,6.3311850000000005,4.102919999999999],"batterytemp":[18.0,18.0,45.0],"triggerrate":[null,null,null],"triggersremaining":[null,null,null],"crcerrors":[null,null,null]}