{"datalatency":[7.596046],"sensoruptime":[199.56694444444443,198.56722222222223,199.56694444444443],"battvoltage":[12.872,14.355,12.106],"arrayvoltage":[32.523,37.283,41.711000000000006],"chargecurrent":[0.698,2.394,9.777000000000001],"chargestate":[5.0,6.0,6.0],"loadpower":[13.997780000000002,13.926908000000003,9.02565],"batterytemp":[23.0,23.0,34.0],"triggerrate":[0.0,0.0,0.4],"triggersremaining":[20351.0,20351.0,20368.0],"crcerrors":[0.0,0.0,0.0]}