{"datalatency":[16.804853],"sensoruptime":[null,null,null],"battvoltage":[13.214,13.715,12.18],"arrayvoltage":[18.262,19.098,19.625999999999998],"chargecurrent":[1.645,2.971,5.361000000000001],"chargestate":[5.0,6.0,6.0],"loadpower":[5.80624,6.0236,4.102919999999999],"batterytemp":[41.0,44.0,45.0],"triggerrate":[null,null,null],"triggersremaining":[null,null,null],"crcerrors":[null,null,null]}