{"datalatency":[10.060672],"sensoruptime":[null,null,null],"battvoltage":[13.364,14.12,12.704],"arrayvoltage":[27.78,38.364000000000004,44.955],"chargecurrent":[0.16899999999999998,0.365,0.606],"chargestate":[7.0,7.0,7.0],"loadpower":[0.0,0.0,0.0],"batterytemp":[10.0,11.0,16.0],"triggerrate":[null,null,null],"triggersremaining":[null,null,null],"crcerrors":[null,null,null]}