{"datalatency":[8.125297],"sensoruptime":[90.74527777777777,89.76222222222222,90.74527777777777],"battvoltage":[11.877,11.895999999999999,11.815999999999999],"arrayvoltage":[24.072,6.079,35.016],"chargecurrent":[0.034,0.0,2.8360000000000003],"chargestate":[5.0,3.0,5.0],"loadpower":[13.766214,13.793400000000002,12.913230000000002],"batterytemp":[12.0,11.0,20.0],"triggerrate":[0.0,0.0,4.4],"triggersremaining":[21963.0,21967.0,22148.0],"crcerrors":[0.0,0.0,0.0]}