{"datalatency":[21.017053],"sensoruptime":[null,null,329.74861111111113],"battvoltage":[12.213,12.216,11.911],"arrayvoltage":[0.0,0.0,17.825],"chargecurrent":[0.005,0.002,9.615],"ledstate":[6.0,6.0,8.0],"loadpower":[7.957008000000001,8.371944,5.735975000000001],"batterytemp":[29.0,29.0,57.0],"triggerrate":[null,null,1.6],"triggersremaining":[null,null,1908.0],"crcerrors":[0.0,null,0.0]}