{"datalatency":[72.52316],"sensoruptime":[136.00444444444443,135.00444444444443,136.00444444444443],"battvoltage":[12.274000000000001,12.262,12.216],"arrayvoltage":[13.47,12.57,18.167],"chargecurrent":[0.205,0.005,7.931],"ledstate":[6.0,6.0,6.0],"loadpower":[23.514961,23.514961,21.885253],"batterytemp":[30.0,30.0,57.0],"triggerrate":[0.2,0.0,0.6],"triggersremaining":[6257.0,6258.0,6289.0],"crcerrors":[0.0,0.0,0.0]}