{"datalatency":[37.658342000000005],"sensoruptime":[7.4302777777777775,6.4302777777777775,7.4302777777777775],"battvoltage":[11.255,12.335,11.255],"arrayvoltage":[23.929000000000002,27.744,33.400999999999996],"chargecurrent":[0.063,0.763,2.329],"chargestate":[5.0,5.0,5.0],"loadpower":[13.910253,14.321346,13.374624],"batterytemp":[23.0,26.0,28.0],"triggerrate":[1.0,1.4,null],"triggersremaining":[11695.0,11768.0,12014.0],"crcerrors":[1.0,0.0,0.0]}