{"datalatency":[16.623653],"sensoruptime":[156.38,155.3802777777778,156.38],"battvoltage":[12.027000000000001,12.064,11.870999999999999],"arrayvoltage":[0.9640000000000001,13.083,17.245],"chargecurrent":[0.002,0.14300000000000002,12.144],"ledstate":[8.0,8.0,8.0],"loadpower":[23.866117,24.120096,21.472317999999998],"batterytemp":[32.0,35.0,51.0],"triggerrate":[0.0,0.0,8.4],"triggersremaining":[12705.0,12706.0,12968.0],"crcerrors":[0.0,0.0,2.0]}