{"datalatency":[38.110085000000005],"sensoruptime":[null,0.0019444444444444444,1.2],"battvoltage":[13.873,13.91,10.422],"arrayvoltage":[42.56,42.611999999999995,43.533],"chargecurrent":[1.889,1.913,3.411],"chargestate":[7.0,7.0,7.0],"loadpower":[16.192215,15.800031999999998,0.0],"batterytemp":[18.0,18.0,19.0],"triggerrate":[null,null,0.0],"triggersremaining":[null,0.0,0.0],"crcerrors":[0.0,0.0,0.0]}