{"datalatency":[17.284480000000002],"sensoruptime":[172.2111111111111,171.21138888888888,172.2111111111111],"battvoltage":[12.698,12.567,11.795],"arrayvoltage":[15.234000000000002,15.725999999999999,17.245],"chargecurrent":[9.392999999999999,7.774,12.144],"ledstate":[8.0,8.0,8.0],"loadpower":[22.791600000000003,22.691326,21.472317999999998],"batterytemp":[48.0,46.0,51.0],"triggerrate":[0.0,0.0,8.4],"triggersremaining":[12700.0,12701.0,12938.0],"crcerrors":[0.0,0.0,2.0]}