{"datalatency":[8.31898],"sensoruptime":[null,null,null],"battvoltage":[12.378,12.375,11.307],"arrayvoltage":[27.438000000000002,19.202,39.163000000000004],"chargecurrent":[0.321,0.01,3.0660000000000003],"chargestate":[5.0,5.0,6.0],"loadpower":[14.488334000000002,14.07216,0.0],"batterytemp":[21.0,20.0,27.0],"triggerrate":[null,null,null],"triggersremaining":[null,null,null],"crcerrors":[4.0,null,4.0]}