{"datalatency":[8.682324000000001],"sensoruptime":[91.58361111111111,90.58361111111111,91.58361111111111],"battvoltage":[12.145999999999999,12.149000000000001,12.142999999999999],"arrayvoltage":[0.772,0.748,38.708],"chargecurrent":[0.0,0.0,8.752],"chargestate":[3.0,3.0,6.0],"loadpower":[14.07763,14.07763,9.957479999999999],"batterytemp":[19.0,19.0,34.0],"triggerrate":[0.0,0.0,0.6],"triggersremaining":[21564.0,21566.0,21643.0],"crcerrors":[0.0,0.0,0.0]}