{"datalatency":[10.146473],"sensoruptime":[null,null,0.018055555555555554],"battvoltage":[14.12,14.12,12.567],"arrayvoltage":[37.378,36.510999999999996,42.513999999999996],"chargecurrent":[0.522,0.534,1.962],"chargestate":[7.0,7.0,7.0],"loadpower":[0.0,0.0,0.0],"batterytemp":[11.0,11.0,19.0],"triggerrate":[null,null,0.0],"triggersremaining":[null,null,0.0],"crcerrors":[0.0,null,0.0]}