{"datalatency":[25.949506000000003],"sensoruptime":[0.041666666666666664,0.0038888888888888888,null],"battvoltage":[13.513,14.139000000000001,12.642999999999999],"arrayvoltage":[40.32,40.411,42.908],"chargecurrent":[2.01,2.609,2.839],"chargestate":[7.0,6.0,7.0],"loadpower":[13.894065000000001,13.25457,0.0],"batterytemp":[31.0,30.0,32.0],"triggerrate":[12.333333333333334,null,null],"triggersremaining":[19113.0,19693.0,null],"crcerrors":[0.0,0.0,2.0]}