{"datalatency":[12.114417000000001],"sensoruptime":[12.284444444444444,11.284722222222221,null],"battvoltage":[12.145999999999999,12.292,11.798],"arrayvoltage":[12.994000000000002,17.145,17.526],"chargecurrent":[0.055999999999999994,1.056,10.419],"chargestate":[5.0,5.0,5.0],"loadpower":[23.552576,23.563925,6.167125],"batterytemp":[37.0,46.0,49.0],"triggerrate":[1.2000000000000002,0.0,null],"triggersremaining":[21408.0,21420.0,null],"crcerrors":[0.0,0.0,0.0]}