{"datalatency":[8.345637],"sensoruptime":[28.592222222222222,27.5925,28.592222222222222],"battvoltage":[14.056,14.084000000000001,12.112],"arrayvoltage":[40.305,39.111,41.489],"chargecurrent":[3.747,3.9789999999999996,11.902999999999999],"chargestate":[6.0,6.0,6.0],"loadpower":[11.327624,9.13725,9.067364],"batterytemp":[33.0,32.0,38.0],"triggerrate":[0.0,0.0,1.0],"triggersremaining":[21654.0,21655.0,21735.0],"crcerrors":[0.0,0.0,0.0]}