{"datalatency":[18.740953],"sensoruptime":[101.35944444444445,100.35944444444445,101.35944444444445],"battvoltage":[12.482000000000001,12.546,12.222000000000001],"arrayvoltage":[10.51,14.895999999999999,18.340999999999998],"chargecurrent":[0.005,0.292,7.815],"ledstate":[6.0,6.0,6.0],"loadpower":[24.701089,24.630221000000002,21.964412],"batterytemp":[38.0,46.0,55.0],"triggerrate":[0.0,0.0,0.4],"triggersremaining":[6292.0,6292.0,6302.0],"crcerrors":[0.0,0.0,0.0]}