{"datalatency":[22.396917000000002],"sensoruptime":[367.3491666666667,366.3522222222222,367.3491666666667],"battvoltage":[13.205,12.655999999999999,12.064],"arrayvoltage":[15.725999999999999,16.165,17.633],"chargecurrent":[9.222999999999999,2.998,10.61],"ledstate":[6.0,6.0,8.0],"loadpower":[23.483459999999997,23.080890000000004,20.806074],"batterytemp":[43.0,42.0,44.0],"triggerrate":[0.0,0.0,4.800000000000001],"triggersremaining":[12611.0,12611.0,12621.0],"crcerrors":[0.0,0.0,2.0]}