{"datalatency":[21.663123000000002],"sensoruptime":[22.314722222222223,21.315,null],"battvoltage":[12.152000000000001,12.082,12.064],"arrayvoltage":[16.989,15.033,20.032],"chargecurrent":[1.558,0.5479999999999999,7.09],"chargestate":[5.0,5.0,7.0],"loadpower":[24.019624999999998,24.041745,11.041264],"batterytemp":[29.0,27.0,47.0],"triggerrate":[null,null,null],"triggersremaining":[22488.0,22488.0,null],"crcerrors":[null,null,0.0]}