{"datalatency":[20.777674],"sensoruptime":[18.333055555555557,17.333055555555557,null],"battvoltage":[12.064,12.067,12.064],"arrayvoltage":[0.0,0.0,17.383],"chargecurrent":[0.002,0.005,10.453],"ledstate":[8.0,8.0,8.0],"loadpower":[23.669349,23.873030999999994,6.478731],"batterytemp":[30.0,30.0,52.0],"triggerrate":[0.0,0.0,null],"triggersremaining":[1675.0,1675.0,null],"crcerrors":[0.0,0.0,0.0]}