{"datalatency":[10.153587],"sensoruptime":[null,null,0.018055555555555554],"battvoltage":[14.713,14.713,12.567],"arrayvoltage":[38.434,39.111,43.176],"chargecurrent":[0.5770000000000001,0.589,2.22],"chargestate":[6.0,6.0,7.0],"loadpower":[0.0,0.0,0.0],"batterytemp":[11.0,11.0,20.0],"triggerrate":[null,null,0.0],"triggersremaining":[null,null,0.0],"crcerrors":[0.0,null,1.0]}