{"datalatency":[7.447102],"sensoruptime":[213.23166666666665,212.2486111111111,213.23166666666665],"battvoltage":[12.222000000000001,12.238,12.106],"arrayvoltage":[1.028,0.9490000000000001,41.711000000000006],"chargecurrent":[0.0,0.0,9.777000000000001],"chargestate":[3.0,3.0,6.0],"loadpower":[14.167103999999998,14.212421999999998,9.02565],"batterytemp":[12.0,13.0,34.0],"triggerrate":[0.0,0.2,0.8],"triggersremaining":[20295.0,20304.0,20356.0],"crcerrors":[0.0,0.0,0.0]}