{"datalatency":[8.821924000000001],"sensoruptime":[null,null,61.55722222222222],"battvoltage":[12.119000000000002,12.14,11.499],"arrayvoltage":[0.568,0.0,18.410999999999998],"chargecurrent":[0.005,0.005,12.030999999999999],"ledstate":[8.0,8.0,10.0],"loadpower":[7.9437869999999995,8.404703999999999,7.179776000000001],"batterytemp":[25.0,25.0,56.0],"triggerrate":[null,null,1.2000000000000002],"triggersremaining":[null,null,20760.0],"crcerrors":[null,null,1.0]}