{"datalatency":[8.070522],"sensoruptime":[71.24805555555555,70.24805555555555,71.24805555555555],"battvoltage":[12.543,12.527000000000001,12.145999999999999],"arrayvoltage":[32.324,34.082,42.861999999999995],"chargecurrent":[1.599,1.79,3.491],"chargestate":[5.0,5.0,6.0],"loadpower":[13.757980000000002,13.773396,10.13184],"batterytemp":[19.0,18.0,29.0],"triggerrate":[0.0,0.2,0.8],"triggersremaining":[22113.0,22118.0,22214.0],"crcerrors":[0.0,0.0,0.0]}