{"datalatency":[58.604961],"sensoruptime":[null,null,null],"battvoltage":[12.405,12.408,12.177],"arrayvoltage":[0.0,0.0,18.215999999999998],"chargecurrent":[0.005,0.005,8.373],"ledstate":[6.0,6.0,6.0],"loadpower":[7.510157999999999,7.547336999999999,5.838796],"batterytemp":[28.0,29.0,53.0],"triggerrate":[null,null,null],"triggersremaining":[null,null,null],"crcerrors":[null,null,null]}