{"datalatency":[7.619642000000001],"sensoruptime":[219.73083333333332,218.74777777777777,219.73083333333332],"battvoltage":[12.259,12.317,12.097000000000001],"arrayvoltage":[27.396,33.405,41.711000000000006],"chargecurrent":[0.237,1.454,3.503],"chargestate":[5.0,5.0,6.0],"loadpower":[14.126805000000001,13.809144,9.49424],"batterytemp":[17.0,16.0,29.0],"triggerrate":[0.6,0.2,1.0],"triggersremaining":[20256.0,20282.0,20352.0],"crcerrors":[0.0,0.0,0.0]}