{"datalatency":[8.315275],"sensoruptime":[111.07583333333334,110.07611111111112,111.07583333333334],"battvoltage":[11.539000000000001,11.569,11.539000000000001],"arrayvoltage":[0.903,0.821,34.863],"chargecurrent":[0.0,0.0,1.423],"chargestate":[3.0,3.0,5.0],"loadpower":[14.197170000000002,14.138950000000001,12.790060000000002],"batterytemp":[15.0,15.0,16.0],"triggerrate":[0.0,0.0,0.6],"triggersremaining":[21935.0,21935.0,21973.0],"crcerrors":[0.0,0.0,0.0]}