{"datalatency":[7.651910000000001],"sensoruptime":[210.56555555555556,209.56555555555556,210.56555555555556],"battvoltage":[12.283,12.299000000000001,12.106],"arrayvoltage":[0.9309999999999999,0.912,41.711000000000006],"chargecurrent":[0.002,0.0,9.777000000000001],"chargestate":[3.0,3.0,6.0],"loadpower":[14.166075000000001,14.194075999999999,9.02565],"batterytemp":[13.0,13.0,34.0],"triggerrate":[0.0,0.0,0.6],"triggersremaining":[20325.0,20331.0,20357.0],"crcerrors":[0.0,0.0,0.0]}