{"datalatency":[8.017893],"sensoruptime":[58.91638888888889,57.93333333333333,58.91638888888889],"battvoltage":[12.415,12.445,12.115],"arrayvoltage":[0.6679999999999999,0.65,42.861999999999995],"chargecurrent":[0.0,0.0,7.356],"chargestate":[3.0,3.0,6.0],"loadpower":[13.548096000000001,13.563732,8.875646],"batterytemp":[13.0,13.0,30.0],"triggerrate":[0.2,0.0,0.6],"triggersremaining":[22198.0,22202.0,22247.0],"crcerrors":[0.0,0.0,0.0]}