{"datalatency":[7.955091],"sensoruptime":[34.76416666666667,33.78111111111111,34.76416666666667],"battvoltage":[12.07,12.103,11.49],"arrayvoltage":[0.76,0.742,42.148],"chargecurrent":[0.0,0.0,12.352],"chargestate":[3.0,3.0,6.0],"loadpower":[13.989318,14.092692,8.277874],"batterytemp":[12.0,13.0,29.0],"triggerrate":[0.0,0.0,0.4],"triggersremaining":[18418.0,18418.0,18429.0],"crcerrors":[0.0,0.0,0.0]}