{"datalatency":[11.942010000000002],"sensoruptime":[11.784444444444444,10.784722222222221,null],"battvoltage":[12.216,12.710999999999999,11.798],"arrayvoltage":[14.937999999999999,16.553,17.526],"chargecurrent":[0.449,3.0460000000000003,10.419],"chargestate":[5.0,5.0,5.0],"loadpower":[23.330552000000004,22.833198000000003,6.167125],"batterytemp":[42.0,48.0,49.0],"triggerrate":[0.0,0.0,null],"triggersremaining":[21418.0,21423.0,null],"crcerrors":[0.0,0.0,0.0]}