{"datalatency":[20.808586000000002],"sensoruptime":[13.33388888888889,12.33388888888889,13.33388888888889],"battvoltage":[12.177,12.204,12.1],"arrayvoltage":[0.08199999999999999,0.031,17.383],"chargecurrent":[0.005,0.005,10.453],"ledstate":[6.0,6.0,6.0],"loadpower":[23.683308,24.072556000000002,6.478731],"batterytemp":[32.0,34.0,52.0],"triggerrate":[0.0,0.0,5.0],"triggersremaining":[1676.0,1676.0,1866.0],"crcerrors":[0.0,0.0,0.0]}