{"datalatency":[8.087436],"sensoruptime":[41.25222222222222,40.25222222222222,41.25222222222222],"battvoltage":[12.145999999999999,12.17,12.07],"arrayvoltage":[1.7180000000000002,0.638,41.821000000000005],"chargecurrent":[0.0,0.0,7.474],"chargestate":[3.0,3.0,6.0],"loadpower":[13.992825,14.099799999999998,8.72505],"batterytemp":[3.0,3.0,28.0],"triggerrate":[0.0,0.0,0.6],"triggersremaining":[22217.0,22222.0,22272.0],"crcerrors":[0.0,0.0,0.0]}