{"datalatency":[38.103958000000006],"sensoruptime":[null,0.10138888888888889,null],"battvoltage":[12.567,13.239,10.535],"arrayvoltage":[10.703,29.636,43.533],"chargecurrent":[0.0,1.42,3.411],"chargestate":[5.0,7.0,7.0],"loadpower":[0.0,14.44359,0.0],"batterytemp":[10.0,16.0,19.0],"triggerrate":[null,0.0,null],"triggersremaining":[null,0.0,null],"crcerrors":[0.0,0.0,0.0]}