{"datalatency":[71.661248],"sensoruptime":[106.34194444444445,105.34222222222222,106.34194444444445],"battvoltage":[12.369000000000002,12.405,12.222000000000001],"arrayvoltage":[0.021,0.021,18.340999999999998],"chargecurrent":[0.002,0.002,7.815],"ledstate":[6.0,6.0,6.0],"loadpower":[23.552442000000003,23.547687,21.964412],"batterytemp":[30.0,31.0,55.0],"triggerrate":[0.0,0.0,0.4],"triggersremaining":[6291.0,6291.0,6299.0],"crcerrors":[0.0,0.0,0.0]}