{"datalatency":[7.168898],"sensoruptime":[14.213888888888889,13.216666666666667,null],"battvoltage":[12.274000000000001,12.311,12.1],"arrayvoltage":[0.018000000000000002,0.0,18.439],"chargecurrent":[0.005,0.005,9.9],"ledstate":[6.0,6.0,8.0],"loadpower":[23.453756,23.639,5.933112000000001],"batterytemp":[29.0,30.0,52.0],"triggerrate":[0.0,0.0,null],"triggersremaining":[14663.0,14663.0,null],"crcerrors":[0.0,0.0,0.0]}