{"datalatency":[35.552814000000005],"sensoruptime":[30.519166666666667,29.521944444444443,30.519166666666667],"battvoltage":[12.07,12.137,12.07],"arrayvoltage":[8.062999999999999,0.0,18.872],"chargecurrent":[0.002,0.005,10.158],"ledstate":[8.0,6.0,8.0],"loadpower":[27.741401999999997,24.816663999999996,22.619726999999994],"batterytemp":[24.0,24.0,50.0],"triggerrate":[0.0,0.0,1.2000506661391244],"triggersremaining":[22427.0,22427.0,22433.0],"crcerrors":[null,null,0.0]}