{"datalatency":[7.905681],"sensoruptime":[13.101111111111111,12.101111111111111,31.859444444444446],"battvoltage":[11.823,11.856,11.465],"arrayvoltage":[0.757,0.76,42.996],"chargecurrent":[0.0,0.0,15.002],"chargestate":[3.0,3.0,6.0],"loadpower":[13.746840000000002,13.72322,0.0],"batterytemp":[5.0,6.0,28.0],"triggerrate":[0.2,0.0,2.0],"triggersremaining":[18427.0,18428.0,18578.0],"crcerrors":[1.0,0.0,4.0]}