{"datalatency":[38.126685],"sensoruptime":[0.001388888888888889,null,null],"battvoltage":[13.907,13.876,10.535],"arrayvoltage":[41.418,42.599,43.533],"chargecurrent":[1.867,1.742,3.411],"chargestate":[7.0,7.0,7.0],"loadpower":[15.288340000000002,14.366703000000003,0.0],"batterytemp":[18.0,19.0,19.0],"triggerrate":[null,0.0,null],"triggersremaining":[0.0,null,null],"crcerrors":[0.0,0.0,0.0]}