{"datalatency":[21.574265],"sensoruptime":[296.3594444444444,295.3597222222222,296.3594444444444],"battvoltage":[13.565,13.797,12.183],"arrayvoltage":[17.133,16.930999999999997,18.463],"chargecurrent":[5.646,6.781000000000001,9.376],"ledstate":[5.0,3.0,6.0],"loadpower":[22.249648,22.32498,21.539708],"batterytemp":[49.0,48.0,49.0],"triggerrate":[0.0,0.0,1.2000000000000002],"triggersremaining":[12632.0,12633.0,12647.0],"crcerrors":[0.0,0.0,2.0]}