{"datalatency":[10.171472000000001],"sensoruptime":[null,null,null],"battvoltage":[13.947000000000001,14.001,12.72],"arrayvoltage":[40.088,41.193000000000005,44.205],"chargecurrent":[0.256,0.198,0.563],"chargestate":[7.0,7.0,7.0],"loadpower":[0.0,0.0,0.0],"batterytemp":[17.0,15.0,18.0],"triggerrate":[null,null,null],"triggersremaining":[null,null,null],"crcerrors":[null,null,null]}