{"datalatency":[63.133680000000005],"sensoruptime":[6.333055555555555,5.333333333333333,67.845],"battvoltage":[12.329,12.564,11.462],"arrayvoltage":[16.016,15.378,17.288],"chargecurrent":[3.4789999999999996,5.897,10.940999999999999],"ledstate":[8.0,8.0,10.0],"loadpower":[25.191978000000002,25.418288,22.369087],"batterytemp":[51.0,50.0,53.0],"triggerrate":[0.0,0.0,0.4],"triggersremaining":[30.0,30.0,37.0],"crcerrors":[0.0,0.0,2.0]}