{"datalatency":[18.475830000000002],"sensoruptime":[93.02722222222222,92.0275,93.02722222222222],"battvoltage":[13.29,13.15,12.222000000000001],"arrayvoltage":[14.749,15.189,18.109],"chargecurrent":[7.271,6.252000000000001,8.001],"ledstate":[6.0,6.0,6.0],"loadpower":[23.279088,23.375130000000002,21.964412],"batterytemp":[49.0,43.0,58.0],"triggerrate":[0.0,0.2,0.6],"triggersremaining":[6296.0,6296.0,6315.0],"crcerrors":[0.0,0.0,0.0]}