{"datalatency":[8.184966000000001],"sensoruptime":[2.085,1.1019444444444444,11.270277777777778],"battvoltage":[14.484000000000002,14.749,11.154000000000002],"arrayvoltage":[40.75,19.925,42.471000000000004],"chargecurrent":[1.9040000000000001,2.162,3.37],"chargestate":[6.0,6.0,6.0],"loadpower":[13.820518000000002,14.050674,0.0],"batterytemp":[19.0,10.0,28.0],"triggerrate":[0.0,0.0,0.4],"triggersremaining":[18392.0,18392.0,18401.0],"crcerrors":[0.0,0.0,0.0]}