{"datalatency":[27.728204],"sensoruptime":[0.48527777777777775,null,null],"battvoltage":[13.168,12.710999999999999,12.530999999999999],"arrayvoltage":[16.748,15.088,17.154],"chargecurrent":[4.2860000000000005,2.551,4.513],"chargestate":[5.0,5.0,5.0],"loadpower":[22.65456,11.041264,11.041264],"batterytemp":[29.0,21.0,29.0],"triggerrate":[null,null,null],"triggersremaining":[22494.0,null,null],"crcerrors":[0.0,null,0.0]}