{"datalatency":[25.440794],"sensoruptime":[36.35166666666667,35.35444444444445,36.35166666666667],"battvoltage":[12.753,12.405,12.064],"arrayvoltage":[16.65,16.843,18.872],"chargecurrent":[4.846,2.2969999999999997,10.158],"ledstate":[8.0,8.0,8.0],"loadpower":[24.01592,24.554460000000002,22.704083999999998],"batterytemp":[38.0,36.0,50.0],"triggerrate":[0.0,0.0,1.2000506661391244],"triggersremaining":[22425.0,22426.0,22431.0],"crcerrors":[null,null,0.0]}