{"datalatency":[25.991185],"sensoruptime":[null,6.2011111111111115,null],"battvoltage":[12.109000000000002,12.050999999999998,11.99],"arrayvoltage":[0.943,0.772,42.218],"chargecurrent":[0.0,0.0,2.839],"chargestate":[3.0,3.0,7.0],"loadpower":[8.616605,18.99792,0.0],"batterytemp":[19.0,23.0,32.0],"triggerrate":[null,48.8,null],"triggersremaining":[null,11894.0,null],"crcerrors":[1.0,0.0,3.0]}