{"datalatency":[20.24832],"sensoruptime":[null,null,329.74861111111113],"battvoltage":[12.949000000000002,12.83,11.911],"arrayvoltage":[14.844000000000001,15.335,17.825],"chargecurrent":[6.81,5.544,9.62],"ledstate":[8.0,8.0,8.0],"loadpower":[6.709113,6.490614,5.735975000000001],"batterytemp":[45.0,38.0,55.0],"triggerrate":[null,null,14.8],"triggersremaining":[null,null,3199.0],"crcerrors":[0.0,null,0.0]}