{"datalatency":[78.342257],"sensoruptime":[99.6763888888889,98.6763888888889,99.6763888888889],"battvoltage":[12.68,13.382,12.222000000000001],"arrayvoltage":[17.191,16.98,18.340999999999998],"chargecurrent":[1.3619999999999999,4.051,7.815],"ledstate":[6.0,5.0,6.0],"loadpower":[23.722375,22.638609,21.964412],"batterytemp":[51.0,55.0,56.0],"triggerrate":[0.0,0.0,0.4],"triggersremaining":[6294.0,6294.0,6306.0],"crcerrors":[0.0,0.0,0.0]}