{"datalatency":[8.001616],"sensoruptime":[null,null,5.101944444444444],"battvoltage":[12.72,12.567,10.837],"arrayvoltage":[25.537,0.885,43.015],"chargecurrent":[0.111,0.0,3.5439999999999996],"chargestate":[5.0,3.0,6.0],"loadpower":[0.0,0.0,0.0],"batterytemp":[19.0,19.0,27.0],"triggerrate":[null,null,6.2],"triggersremaining":[null,null,22496.0],"crcerrors":[1.0,null,1.0]}