{"datalatency":[36.997044],"sensoruptime":[4.5975,3.6055555555555556,4.5975],"battvoltage":[12.652999999999999,12.808,12.642999999999999],"arrayvoltage":[32.571,32.91,33.400999999999996],"chargecurrent":[1.561,2.114,2.329],"chargestate":[5.0,5.0,5.0],"loadpower":[13.909896,14.982828,13.88115],"batterytemp":[28.0,26.0,28.0],"triggerrate":[1.2,1.8,null],"triggersremaining":[11921.0,11997.0,12014.0],"crcerrors":[1.0,0.0,0.0]}