{"datalatency":[7.75738],"sensoruptime":[226.72861111111112,225.74527777777777,226.72861111111112],"battvoltage":[12.050999999999998,12.07,12.012],"arrayvoltage":[1.556,1.172,36.472],"chargecurrent":[0.0,0.0,3.503],"chargestate":[3.0,3.0,5.0],"loadpower":[13.989318,14.627385000000002,9.995777999999998],"batterytemp":[14.0,14.0,18.0],"triggerrate":[2.6,1.0,24.0],"triggersremaining":[19446.0,19761.0,20349.0],"crcerrors":[0.0,0.0,0.0]}