{"datalatency":[8.257199],"sensoruptime":[103.74361111111111,102.76055555555556,103.74361111111111],"battvoltage":[11.685,11.722000000000001,11.685],"arrayvoltage":[1.138,1.08,34.863],"chargecurrent":[0.0,0.0,1.423],"chargestate":[3.0,3.0,5.0],"loadpower":[14.001257999999998,13.611816000000003,12.790060000000002],"batterytemp":[13.0,14.0,16.0],"triggerrate":[0.0,0.0,0.6],"triggersremaining":[21941.0,21943.0,22024.0],"crcerrors":[0.0,0.0,0.0]}