{"datalatency":[8.576716000000001],"sensoruptime":[45.25666666666667,44.27333333333333,45.25666666666667],"battvoltage":[12.259,12.28,12.112],"arrayvoltage":[0.5920000000000001,0.595,41.489],"chargecurrent":[0.0,0.0,11.902999999999999],"chargestate":[3.0,3.0,6.0],"loadpower":[14.151267,14.194075999999999,9.02565],"batterytemp":[15.0,16.0,35.0],"triggerrate":[0.0,0.0,0.4],"triggersremaining":[21648.0,21648.0,21659.0],"crcerrors":[0.0,0.0,0.0]}