{"datalatency":[8.072187000000001],"sensoruptime":[35.253055555555555,34.26972222222222,35.253055555555555],"battvoltage":[12.357000000000001,12.39,12.07],"arrayvoltage":[0.601,0.595,41.821000000000005],"chargecurrent":[0.002,0.0,7.474],"chargestate":[3.0,3.0,6.0],"loadpower":[13.541368,14.154912000000001,8.72505],"batterytemp":[3.0,4.0,28.0],"triggerrate":[0.0,0.0,1.4],"triggersremaining":[22246.0,22247.0,22350.0],"crcerrors":[0.0,0.0,0.0]}