{"datalatency":[8.064561000000001],"sensoruptime":[32.586666666666666,31.60333333333333,32.586666666666666],"battvoltage":[12.450999999999999,12.491,12.07],"arrayvoltage":[0.574,0.5770000000000001,41.821000000000005],"chargecurrent":[0.0,0.0,7.474],"chargestate":[3.0,3.0,6.0],"loadpower":[13.687942,13.818140000000001,8.72505],"batterytemp":[5.0,6.0,28.0],"triggerrate":[0.0,0.0,1.4],"triggersremaining":[22248.0,22249.0,22357.0],"crcerrors":[0.0,0.0,0.0]}