{"datalatency":[7.823447000000001],"sensoruptime":[20.921666666666667,19.921666666666667,null],"battvoltage":[14.27,14.658,12.07],"arrayvoltage":[41.17100000000001,41.071000000000005,43.396],"chargecurrent":[4.658,6.825,7.474],"chargestate":[6.0,6.0,7.0],"loadpower":[9.1663,9.457260000000002,0.0],"batterytemp":[26.0,13.0,26.0],"triggerrate":[0.0,0.0,null],"triggersremaining":[22261.0,22268.0,null],"crcerrors":[0.0,0.0,0.0]}