{"datalatency":[26.040699],"sensoruptime":[null,null,null],"battvoltage":[13.879000000000001,13.390999999999998,11.99],"arrayvoltage":[31.936999999999998,29.688000000000002,44.974],"chargecurrent":[0.9690000000000001,0.382,2.839],"chargestate":[5.0,5.0,7.0],"loadpower":[0.0,0.0,0.0],"batterytemp":[10.0,8.0,32.0],"triggerrate":[null,null,null],"triggersremaining":[null,null,null],"crcerrors":[1.0,null,3.0]}