{"datalatency":[13.656892000000001],"sensoruptime":[null,null,18.859444444444446],"battvoltage":[12.1,12.1,11.456],"arrayvoltage":[0.027000000000000003,0.027000000000000003,17.825],"chargecurrent":[0.002,0.002,11.344000000000001],"chargestate":[3.0,3.0,6.0],"loadpower":[7.675879999999999,7.73632,0.0],"batterytemp":[25.0,26.0,47.0],"triggerrate":[null,null,1.2000000000000002],"triggersremaining":[null,null,22152.0],"crcerrors":[null,null,0.0]}