{"datalatency":[14.285826],"sensoruptime":[86.72444444444444,85.72444444444444,86.72444444444444],"battvoltage":[12.216,12.253,11.984000000000002],"arrayvoltage":[0.10400000000000001,0.064,17.337],"chargecurrent":[0.002,0.002,9.687000000000001],"ledstate":[8.0,8.0,8.0],"loadpower":[23.901759,23.295132000000002,21.70458],"batterytemp":[30.0,32.0,58.0],"triggerrate":[0.0,0.0,4.800000000000001],"triggersremaining":[13088.0,13088.0,13105.0],"crcerrors":[0.0,0.0,2.0]}