{"datalatency":[7.829865000000001],"sensoruptime":[28.226388888888888,27.226666666666667,28.226388888888888],"battvoltage":[11.569,11.603,11.569],"arrayvoltage":[1.26,0.9740000000000001,34.238],"chargecurrent":[0.0,0.0,1.4709999999999999],"chargestate":[3.0,3.0,5.0],"loadpower":[14.242828,14.290954,13.408536],"batterytemp":[17.0,17.0,20.0],"triggerrate":[0.2,0.8,1.8],"triggersremaining":[18511.0,18549.0,18665.0],"crcerrors":[1.0,0.0,4.0]}