{"datalatency":[12.618505],"sensoruptime":[43.276666666666664,42.276666666666664,43.276666666666664],"battvoltage":[11.758,11.798,11.652000000000001],"arrayvoltage":[0.0,0.0,17.334],"chargecurrent":[0.002,0.005,11.398],"chargestate":[3.0,3.0,6.0],"loadpower":[22.852064000000002,23.39508,21.713829000000004],"batterytemp":[25.0,26.0,52.0],"triggerrate":[0.0,0.0,6.0],"triggersremaining":[20761.0,20761.0,21172.0],"crcerrors":[0.0,0.0,1.0]}