{"datalatency":[9.853299],"sensoruptime":[null,null,null],"battvoltage":[14.636,14.690999999999999,11.493],"arrayvoltage":[41.931000000000004,41.168,44.955],"chargecurrent":[0.35,0.486,2.194],"chargestate":[6.0,6.0,6.0],"loadpower":[0.0,0.0,0.0],"batterytemp":[14.0,12.0,22.0],"triggerrate":[null,null,null],"triggersremaining":[null,null,null],"crcerrors":[5.0,null,5.0]}