{"datalatency":[11.347889],"sensoruptime":[17.79861111111111,16.79861111111111,null],"battvoltage":[11.495999999999999,11.554,11.493],"arrayvoltage":[5.362,0.0,19.736],"chargecurrent":[0.002,0.002,12.392999999999999],"chargestate":[3.0,3.0,6.0],"loadpower":[23.346252000000003,23.402544000000002,6.808707000000001],"batterytemp":[21.0,21.0,44.0],"triggerrate":[0.0,0.0,null],"triggersremaining":[22150.0,22150.0,null],"crcerrors":[0.0,0.0,0.0]}