{"datalatency":[8.01434],"sensoruptime":[46.42916666666667,45.42944444444444,46.42916666666667],"battvoltage":[11.685,11.725,11.523],"arrayvoltage":[25.919,0.696,42.148],"chargecurrent":[0.055999999999999994,0.0,12.352],"chargestate":[5.0,3.0,6.0],"loadpower":[13.663272,13.810614000000001,8.277874],"batterytemp":[6.0,6.0,29.0],"triggerrate":[0.0,0.0,0.4],"triggersremaining":[18412.0,18412.0,18421.0],"crcerrors":[0.0,0.0,0.0]}