{"datalatency":[7.993575000000001],"sensoruptime":[61.260555555555555,60.260555555555555,61.260555555555555],"battvoltage":[11.533,11.569,11.53],"arrayvoltage":[0.861,0.9520000000000001,40.738],"chargecurrent":[0.0,0.0,11.615],"chargestate":[3.0,3.0,6.0],"loadpower":[14.116635000000002,14.242828,9.041284000000001],"batterytemp":[15.0,15.0,34.0],"triggerrate":[0.0,0.0,0.4],"triggersremaining":[18408.0,18408.0,18417.0],"crcerrors":[0.0,0.0,0.0]}