{"datalatency":[26.105718000000003],"sensoruptime":[null,null,6.267777777777778],"battvoltage":[14.749,14.749,11.99],"arrayvoltage":[38.028,40.726,44.974],"chargecurrent":[0.614,0.7490000000000001,2.773],"chargestate":[6.0,6.0,7.0],"loadpower":[0.0,0.0,0.0],"batterytemp":[10.0,10.0,31.0],"triggerrate":[null,null,56.0],"triggersremaining":[null,null,18119.0],"crcerrors":[1.0,null,3.0]}