{"datalatency":[8.222956],"sensoruptime":[2.443611111111111,1.4605555555555556,114.10888888888888],"battvoltage":[11.493,11.517000000000001,11.469000000000001],"arrayvoltage":[0.5920000000000001,0.586,35.4],"chargecurrent":[0.0,0.0,6.643],"chargestate":[3.0,3.0,5.0],"loadpower":[14.14781,13.817504999999999,0.0],"batterytemp":[14.0,14.0,27.0],"triggerrate":[0.2,0.0,1.6],"triggersremaining":[21748.0,21775.0,21935.0],"crcerrors":[0.0,0.0,0.0]}