{"datalatency":[8.197079],"sensoruptime":[67.91527777777777,66.91527777777777,67.91527777777777],"battvoltage":[12.222000000000001,12.222000000000001,12.145999999999999],"arrayvoltage":[33.150999999999996,30.13,42.861999999999995],"chargecurrent":[0.862,0.384,7.356],"chargestate":[5.0,5.0,6.0],"loadpower":[13.396656,13.374624,8.875646],"batterytemp":[16.0,14.0,30.0],"triggerrate":[0.8,0.0,0.8],"triggersremaining":[22136.0,22148.0,22216.0],"crcerrors":[0.0,0.0,0.0]}