{"datalatency":[77.377695],"sensoruptime":[26.819444444444443,25.81972222222222,26.819444444444443],"battvoltage":[13.562000000000001,13.367,12.308],"arrayvoltage":[15.9,14.606,19.229],"chargecurrent":[8.003,7.077999999999999,9.011000000000001],"ledstate":[5.0,6.0,6.0],"loadpower":[22.730302000000002,23.278912,21.981199999999998],"batterytemp":[49.0,48.0,54.0],"triggerrate":[0.0,0.0,0.6],"triggersremaining":[7052.0,7052.0,7077.0],"crcerrors":[0.0,0.0,0.0]}