{"datalatency":[13.219729000000001],"sensoruptime":[null,null,61.55722222222222],"battvoltage":[12.130999999999998,12.109000000000002,11.499],"arrayvoltage":[13.860999999999999,13.083,18.410999999999998],"chargecurrent":[0.23199999999999998,0.09699999999999999,12.030999999999999],"ledstate":[8.0,8.0,10.0],"loadpower":[7.328964000000001,7.820936,7.179776000000001],"batterytemp":[26.0,25.0,56.0],"triggerrate":[null,null,1.2000000000000002],"triggersremaining":[null,null,20760.0],"crcerrors":[null,null,1.0]}