{"datalatency":[38.072611],"sensoruptime":[0.07555555555555556,null,1.1758333333333333],"battvoltage":[11.53,12.357000000000001,10.26],"arrayvoltage":[38.138000000000005,12.975999999999999,38.138000000000005],"chargecurrent":[0.8140000000000001,0.0,1.672],"chargestate":[5.0,5.0,5.0],"loadpower":[13.459332,0.0,0.0],"batterytemp":[6.0,4.0,19.0],"triggerrate":[0.0,null,0.0],"triggersremaining":[0.0,null,0.0],"crcerrors":[0.0,0.0,0.0]}