{"datalatency":[20.290637],"sensoruptime":[309.6558333333333,308.67277777777775,309.6558333333333],"battvoltage":[12.479000000000001,12.975999999999999,11.987],"arrayvoltage":[14.163,14.749,18.167],"chargecurrent":[1.459,7.624,10.847000000000001],"ledstate":[8.0,8.0,8.0],"loadpower":[25.00239,23.188869,22.125905999999997],"batterytemp":[53.0,49.0,54.0],"triggerrate":[0.6,0.4,1.4],"triggersremaining":[3188.0,3197.0,3275.0],"crcerrors":[0.0,0.0,0.0]}