{"datalatency":[12.823736],"sensoruptime":[47.56388888888889,46.564166666666665,47.56388888888889],"battvoltage":[12.130999999999998,12.027000000000001,12.015],"arrayvoltage":[16.748,11.154000000000002,17.526],"chargecurrent":[1.324,0.005,10.985],"ledstate":[8.0,8.0,8.0],"loadpower":[22.764338999999996,23.447424,21.514706],"batterytemp":[29.0,28.0,50.0],"triggerrate":[0.0,2.4000000000000004,6.0],"triggersremaining":[13160.0,13175.0,13512.0],"crcerrors":[0.0,0.0,2.0]}