{"datalatency":[7.966823000000001],"sensoruptime":[36.419444444444444,35.43611111111111,36.419444444444444],"battvoltage":[12.317,12.36,12.07],"arrayvoltage":[0.607,0.604,41.821000000000005],"chargecurrent":[0.0,0.0,7.474],"chargestate":[3.0,3.0,6.0],"loadpower":[14.20881,13.476372,8.72505],"batterytemp":[3.0,3.0,28.0],"triggerrate":[0.0,0.0,1.4],"triggersremaining":[22240.0,22246.0,22333.0],"crcerrors":[0.0,0.0,0.0]}