{"datalatency":[8.201428],"sensoruptime":[1.118611111111111,0.11888888888888889,114.10888888888888],"battvoltage":[12.192,12.762,11.469000000000001],"arrayvoltage":[34.57,34.763000000000005,35.4],"chargecurrent":[2.428,6.4239999999999995,6.4239999999999995],"chargestate":[5.0,5.0,5.0],"loadpower":[12.68275,10.1706,0.0],"batterytemp":[26.0,24.0,26.0],"triggerrate":[0.0,0.0,0.6],"triggersremaining":[21930.0,21930.0,21954.0],"crcerrors":[0.0,0.0,0.0]}