{"datalatency":[16.410066],"sensoruptime":[150.38166666666666,149.38166666666666,150.38166666666666],"battvoltage":[12.642999999999999,12.823,11.870999999999999],"arrayvoltage":[16.409000000000002,15.770999999999999,17.215],"chargecurrent":[6.854,10.097999999999999,12.144],"ledstate":[8.0,8.0,8.0],"loadpower":[22.766265000000004,22.7395,21.571521000000004],"batterytemp":[43.0,39.0,45.0],"triggerrate":[0.0,1.2000000000000002,3.6],"triggersremaining":[12919.0,12923.0,13075.0],"crcerrors":[0.0,0.0,2.0]}