{"datalatency":[7.581426],"sensoruptime":[191.23472222222222,190.235,191.23472222222222],"battvoltage":[12.411,12.125,12.106],"arrayvoltage":[28.079,21.869,43.121],"chargecurrent":[1.855,0.0,10.794],"chargestate":[5.0,5.0,6.0],"loadpower":[14.47852,14.124109999999998,8.98432],"batterytemp":[7.0,3.0,29.0],"triggerrate":[0.0,0.0,0.4],"triggersremaining":[20355.0,20356.0,20371.0],"crcerrors":[0.0,0.0,0.0]}