{"datalatency":[8.715934],"sensoruptime":[108.24777777777778,107.24805555555555,108.24777777777778],"battvoltage":[12.415,12.450999999999999,12.03],"arrayvoltage":[1.239,1.147,41.65],"chargecurrent":[0.002,0.0,11.832],"chargestate":[3.0,3.0,6.0],"loadpower":[14.031072,13.650678999999998,8.207364000000002],"batterytemp":[20.0,21.0,32.0],"triggerrate":[0.0,0.0,0.6],"triggersremaining":[21500.0,21501.0,21596.0],"crcerrors":[0.0,0.0,0.0]}