{"datalatency":[20.808896],"sensoruptime":[271.86333333333334,270.86611111111114,271.86333333333334],"battvoltage":[13.48,12.863,12.103],"arrayvoltage":[16.116,16.55,18.506],"chargecurrent":[6.805,3.305,9.074],"ledstate":[6.0,6.0,6.0],"loadpower":[23.168475,23.237725,21.141912],"batterytemp":[46.0,47.0,55.0],"triggerrate":[0.0,0.0,2.4000000000000004],"triggersremaining":[12649.0,12651.0,12675.0],"crcerrors":[0.0,0.0,2.0]}