{"datalatency":[8.182649000000001],"sensoruptime":[65.74888888888889,64.76555555555555,65.74888888888889],"battvoltage":[12.222000000000001,12.222000000000001,12.115],"arrayvoltage":[10.507,0.6409999999999999,42.861999999999995],"chargecurrent":[0.0,0.0,7.356],"chargestate":[3.0,3.0,6.0],"loadpower":[14.167103999999998,13.875375,8.875646],"batterytemp":[13.0,13.0,30.0],"triggerrate":[0.0,0.2,0.8],"triggersremaining":[22151.0,22158.0,22216.0],"crcerrors":[0.0,0.0,0.0]}