{"datalatency":[10.041235],"sensoruptime":[0.014722222222222222,0.008333333333333333,0.018333333333333333],"battvoltage":[13.87,13.907,10.595999999999998],"arrayvoltage":[41.388000000000005,41.931000000000004,43.347],"chargecurrent":[1.575,1.631,2.597],"chargestate":[7.0,7.0,7.0],"loadpower":[14.226813000000002,14.699248,0.0],"batterytemp":[19.0,18.0,19.0],"triggerrate":[null,null,null],"triggersremaining":[0.0,0.0,0.0],"crcerrors":[0.0,0.0,1.0]}