{"datalatency":[19.135923000000002],"sensoruptime":[5.8533333333333335,4.856388888888889,31.89388888888889],"battvoltage":[12.167,12.200999999999999,12.064],"arrayvoltage":[0.0,0.064,18.692],"chargecurrent":[0.005,0.002,11.344000000000001],"ledstate":[6.0,6.0,8.0],"loadpower":[24.49856,25.507908000000004,7.371546],"batterytemp":[24.0,24.0,48.0],"triggerrate":[0.0,0.0,16.800115584795222],"triggersremaining":[22433.0,22433.0,22489.0],"crcerrors":[null,null,0.0]}