{"datalatency":[12.105878],"sensoruptime":[27.066944444444445,26.066944444444445,27.066944444444445],"battvoltage":[12.823,12.607000000000001,11.892999999999999],"arrayvoltage":[16.357,16.455,19.733],"chargecurrent":[8.226,3.6069999999999998,9.152999999999999],"ledstate":[8.0,8.0,8.0],"loadpower":[22.279600000000002,22.246336,21.57225],"batterytemp":[41.0,36.0,53.0],"triggerrate":[0.0,0.0,20.400000000000002],"triggersremaining":[13511.0,13511.0,14551.0],"crcerrors":[0.0,0.0,2.0]}