{"datalatency":[18.864961],"sensoruptime":[116.19055555555556,115.2075,116.19055555555556],"battvoltage":[13.168,13.015999999999998,12.216],"arrayvoltage":[15.231,15.677,18.340999999999998],"chargecurrent":[6.404,4.863,7.815],"ledstate":[6.0,6.0,6.0],"loadpower":[23.01248,22.611420999999996,21.885253],"batterytemp":[46.0,38.0,55.0],"triggerrate":[0.0,0.0,0.4],"triggersremaining":[6284.0,6288.0,6296.0],"crcerrors":[0.0,0.0,0.0]}