{"datalatency":[19.707432],"sensoruptime":[260.9963888888889,259.99666666666667,260.9963888888889],"battvoltage":[12.823,12.747,11.874],"arrayvoltage":[14.499,15.088,17.432000000000002],"chargecurrent":[7.332000000000001,6.281000000000001,9.992],"ledstate":[8.0,8.0,8.0],"loadpower":[23.13711,22.72942,22.057204000000002],"batterytemp":[48.0,43.0,50.0],"triggerrate":[0.0,0.2,8.0],"triggersremaining":[3314.0,3314.0,4159.0],"crcerrors":[0.0,0.0,0.0]}