{"datalatency":[37.569113],"sensoruptime":[1.1922222222222223,0.20916666666666667,7.746944444444445],"battvoltage":[11.847000000000001,12.142999999999999,10.287],"arrayvoltage":[31.934,27.35,38.15],"chargecurrent":[0.435,0.655,3.1860000000000004],"chargestate":[5.0,5.0,6.0],"loadpower":[13.927527,14.145026,0.0],"batterytemp":[25.0,25.0,27.0],"triggerrate":[0.2,0.0,2.4],"triggersremaining":[11684.0,11685.0,11840.0],"crcerrors":[0.0,0.0,0.0]}