{"datalatency":[7.9245220000000005],"sensoruptime":[18.766666666666666,17.783333333333335,31.859444444444446],"battvoltage":[11.633,11.67,11.465],"arrayvoltage":[0.684,0.684,42.996],"chargecurrent":[0.0,0.0,15.002],"chargestate":[3.0,3.0,6.0],"loadpower":[13.748608000000003,13.526844,0.0],"batterytemp":[2.0,2.0,28.0],"triggerrate":[0.0,0.0,1.0],"triggersremaining":[18425.0,18425.0,18445.0],"crcerrors":[0.0,0.0,4.0]}