{"datalatency":[19.971377],"sensoruptime":[29.849722222222223,28.852777777777778,29.849722222222223],"battvoltage":[12.122,12.142999999999999,12.07],"arrayvoltage":[0.0,0.04,18.872],"chargecurrent":[0.005,0.005,10.158],"ledstate":[6.0,6.0,8.0],"loadpower":[23.861711999999997,24.231744000000003,22.619726999999994],"batterytemp":[24.0,24.0,50.0],"triggerrate":[0.0,0.0,1.2000506661391244],"triggersremaining":[22427.0,22427.0,22433.0],"crcerrors":[null,null,0.0]}