{"datalatency":[20.068810000000003],"sensoruptime":[536.4919444444445,535.4947222222222,536.4919444444445],"battvoltage":[11.908,12.674000000000001,11.606],"arrayvoltage":[15.68,15.286,16.608],"chargecurrent":[0.848,8.646,11.448],"ledstate":[8.0,8.0,10.0],"loadpower":[23.753577000000003,23.085638,22.057775999999997],"batterytemp":[42.0,50.0,51.0],"triggerrate":[0.0,1.2000000000000002,3.6],"triggersremaining":[11276.0,11291.0,11329.0],"crcerrors":[0.0,0.0,2.0]}