{"datalatency":[60.485248000000006],"sensoruptime":[15.987777777777778,14.987777777777778,null],"battvoltage":[12.384,12.405,12.372],"arrayvoltage":[0.0,0.021,19.229],"chargecurrent":[0.005,0.005,8.175],"ledstate":[6.0,6.0,6.0],"loadpower":[23.194088999999998,23.026194,6.0236],"batterytemp":[30.0,31.0,54.0],"triggerrate":[0.0,0.0,null],"triggersremaining":[7056.0,7056.0,null],"crcerrors":[0.0,0.0,0.0]}