{"datalatency":[63.068873],"sensoruptime":[5.166666666666667,4.166666666666667,67.845],"battvoltage":[12.292,12.793,11.462],"arrayvoltage":[15.524000000000001,14.554,17.288],"chargecurrent":[3.109,9.129,10.940999999999999],"ledstate":[8.0,8.0,10.0],"loadpower":[25.909092000000005,25.179524999999998,22.369087],"batterytemp":[51.0,50.0,52.0],"triggerrate":[0.0,0.0,0.4],"triggersremaining":[30.0,30.0,38.0],"crcerrors":[0.0,0.0,2.0]}