{"datalatency":[13.685959],"sensoruptime":[68.3938888888889,67.39666666666666,68.3938888888889],"battvoltage":[12.024000000000001,12.03,12.015],"arrayvoltage":[0.107,0.107,17.000999999999998],"chargecurrent":[0.005,0.005,10.545],"ledstate":[8.0,8.0,8.0],"loadpower":[23.662599999999998,23.24322,21.262392999999996],"batterytemp":[27.0,27.0,52.0],"triggerrate":[0.0,0.0,6.0],"triggersremaining":[13097.0,13098.0,13422.0],"crcerrors":[0.0,0.0,2.0]}