{"datalatency":[11.160468],"sensoruptime":[8.966388888888888,7.966666666666667,null],"battvoltage":[11.935,11.984000000000002,11.569],"arrayvoltage":[0.107,12.549000000000001,19.736],"chargecurrent":[0.002,0.005,12.392999999999999],"chargestate":[3.0,5.0,6.0],"loadpower":[23.286343,23.583560000000002,6.808707000000001],"batterytemp":[26.0,28.0,44.0],"triggerrate":[0.0,0.0,null],"triggersremaining":[22160.0,22161.0,null],"crcerrors":[0.0,0.0,0.0]}