{"datalatency":[11.771576000000001],"sensoruptime":[18.40138888888889,17.401666666666667,null],"battvoltage":[12.1,12.112,11.264000000000001],"arrayvoltage":[0.0,0.214,19.733],"chargecurrent":[0.002,0.005,9.152999999999999],"ledstate":[6.0,6.0,11.0],"loadpower":[23.329839999999997,23.329839999999997,0.0],"batterytemp":[28.0,29.0,53.0],"triggerrate":[0.0,0.0,null],"triggersremaining":[13515.0,13515.0,null],"crcerrors":[0.0,0.0,2.0]}