{"datalatency":[7.985804000000001],"sensoruptime":[null,null,62.22694444444444],"battvoltage":[12.549000000000001,12.552,11.319],"arrayvoltage":[0.919,0.888,42.471000000000004],"chargecurrent":[0.0,0.0,5.733],"chargestate":[3.0,3.0,6.0],"loadpower":[0.0,0.0,0.0],"batterytemp":[9.0,10.0,28.0],"triggerrate":[null,null,0.5],"triggersremaining":[null,null,18408.0],"crcerrors":[0.0,null,0.0]}