{"datalatency":[19.908803000000002],"sensoruptime":[275.16083333333336,274.1611111111111,275.16083333333336],"battvoltage":[12.064,12.079,11.874],"arrayvoltage":[0.0,0.018000000000000002,17.432000000000002],"chargecurrent":[0.002,0.005,9.39],"ledstate":[8.0,8.0,8.0],"loadpower":[23.94546,23.957387999999998,22.057204000000002],"batterytemp":[31.0,32.0,58.0],"triggerrate":[0.0,0.0,0.8],"triggersremaining":[3278.0,3278.0,3319.0],"crcerrors":[0.0,0.0,0.0]}