{"datalatency":[8.445934000000001],"sensoruptime":[27.425833333333333,26.4425,27.425833333333333],"battvoltage":[14.107999999999999,14.081,12.112],"arrayvoltage":[40.738,40.451,41.489],"chargecurrent":[4.02,4.46,11.902999999999999],"chargestate":[6.0,6.0,6.0],"loadpower":[9.13725,9.13725,9.067364],"batterytemp":[31.0,32.0,38.0],"triggerrate":[0.0,0.0,1.0],"triggersremaining":[21655.0,21655.0,21738.0],"crcerrors":[0.0,0.0,0.0]}