{"datalatency":[8.218867000000001],"sensoruptime":[74.24777777777778,73.26444444444445,74.24777777777778],"battvoltage":[12.259,12.335,12.145999999999999],"arrayvoltage":[32.718,33.051,41.754],"chargecurrent":[0.512,0.8290000000000001,2.8360000000000003],"chargestate":[5.0,5.0,6.0],"loadpower":[14.130270000000003,13.566722,13.31694],"batterytemp":[14.0,15.0,26.0],"triggerrate":[0.0,0.0,4.4],"triggersremaining":[22076.0,22077.0,22211.0],"crcerrors":[0.0,0.0,0.0]}