{"datalatency":[13.94841],"sensoruptime":[362.85277777777776,361.85555555555555,362.85277777777776],"battvoltage":[12.787,12.732000000000001,12.064],"arrayvoltage":[16.016,16.26,17.633],"chargecurrent":[4.7780000000000005,4.078,12.229000000000001],"ledstate":[8.0,8.0,8.0],"loadpower":[22.335782000000002,22.209148000000003,21.612250999999997],"batterytemp":[39.0,36.0,44.0],"triggerrate":[0.0,0.0,1.2000000000000002],"triggersremaining":[12616.0,12616.0,12622.0],"crcerrors":[0.0,0.0,2.0]}