{"datalatency":[38.019314],"sensoruptime":[0.1075,0.0325,1.1758333333333333],"battvoltage":[10.944,12.335,10.26],"arrayvoltage":[32.327,34.027,41.605],"chargecurrent":[0.602,1.203,2.546],"chargestate":[5.0,5.0,7.0],"loadpower":[13.565124,13.545430000000001,0.0],"batterytemp":[18.0,17.0,23.0],"triggerrate":[0.0,null,null],"triggersremaining":[0.0,0.0,0.0],"crcerrors":[8.0,0.0,1.0]}