{"datalatency":[8.135134],"sensoruptime":[11.214166666666667,10.214444444444444,null],"battvoltage":[12.405,12.445,12.1],"arrayvoltage":[0.08199999999999999,8.92,18.439],"chargecurrent":[0.005,0.005,9.9],"ledstate":[6.0,6.0,8.0],"loadpower":[24.117489,23.908659,5.933112000000001],"batterytemp":[32.0,35.0,52.0],"triggerrate":[0.0,0.0,null],"triggersremaining":[14664.0,14664.0,null],"crcerrors":[0.0,0.0,0.0]}