{"datalatency":[13.358264],"sensoruptime":[9.785,8.787777777777778,9.785],"battvoltage":[12.909,12.823,11.798],"arrayvoltage":[15.725999999999999,15.872,17.730999999999998],"chargecurrent":[5.013,4.846,10.419],"chargestate":[5.0,5.0,5.0],"loadpower":[22.784823,23.276021999999998,6.167125],"batterytemp":[49.0,47.0,49.0],"triggerrate":[0.0,0.0,15.600000000000001],"triggersremaining":[21424.0,21426.0,22147.0],"crcerrors":[0.0,0.0,0.0]}