{"datalatency":[7.922971],"sensoruptime":[28.09861111111111,27.115277777777777,28.09861111111111],"battvoltage":[14.235999999999999,14.267000000000001,11.49],"arrayvoltage":[41.17100000000001,41.17100000000001,42.996],"chargecurrent":[3.6839999999999997,3.86,14.949000000000002],"chargestate":[6.0,6.0,6.0],"loadpower":[8.447098,11.313600000000001,8.277874],"batterytemp":[27.0,26.0,29.0],"triggerrate":[0.0,0.0,0.4],"triggersremaining":[18419.0,18420.0,18433.0],"crcerrors":[0.0,0.0,0.0]}