{"datalatency":[7.621272],"sensoruptime":[18.433333333333334,17.433611111111112,31.859444444444446],"battvoltage":[11.645999999999999,11.685,11.465],"arrayvoltage":[0.684,0.6809999999999999,42.996],"chargecurrent":[0.0,0.0,15.002],"chargestate":[3.0,3.0,6.0],"loadpower":[13.558206,13.569912,0.0],"batterytemp":[2.0,2.0,28.0],"triggerrate":[0.0,0.0,1.0],"triggersremaining":[18425.0,18425.0,18451.0],"crcerrors":[0.0,0.0,4.0]}