{"datalatency":[7.779693000000001],"sensoruptime":[38.596944444444446,37.61388888888889,38.596944444444446],"battvoltage":[11.935,11.96,11.49],"arrayvoltage":[0.726,0.748,42.148],"chargecurrent":[0.0,0.0,12.352],"chargestate":[3.0,3.0,6.0],"loadpower":[13.874880000000001,13.854526,8.277874],"batterytemp":[8.0,10.0,29.0],"triggerrate":[0.0,0.0,0.4],"triggersremaining":[18417.0,18417.0,18426.0],"crcerrors":[0.0,0.0,0.0]}