{"datalatency":[33.532961],"sensoruptime":[null,null,null],"battvoltage":[12.597999999999999,12.710999999999999,12.597999999999999],"arrayvoltage":[15.088,15.088,15.088],"chargecurrent":[2.52,2.551,2.551],"chargestate":[5.0,5.0,5.0],"loadpower":[36.413699,11.041264,11.041264],"batterytemp":[21.0,21.0,21.0],"triggerrate":[null,null,null],"triggersremaining":[null,null,null],"crcerrors":[null,null,null]}