{"datalatency":[13.371717],"sensoruptime":[60.22833333333333,59.22833333333333,60.22833333333333],"battvoltage":[12.216,12.253,12.015],"arrayvoltage":[2.4659999999999997,14.453,17.000999999999998],"chargecurrent":[0.002,0.237,10.545],"ledstate":[8.0,8.0,8.0],"loadpower":[23.797800000000002,23.98545,21.262392999999996],"batterytemp":[34.0,39.0,52.0],"triggerrate":[0.0,0.0,6.0],"triggersremaining":[13105.0,13107.0,13505.0],"crcerrors":[0.0,0.0,2.0]}