{"datalatency":[15.83622],"sensoruptime":[2.048888888888889,1.0491666666666666,61.55722222222222],"battvoltage":[12.674000000000001,12.975999999999999,12.1],"arrayvoltage":[15.228,15.384,18.439],"chargecurrent":[3.112,6.457000000000001,12.030999999999999],"ledstate":[6.0,6.0,8.0],"loadpower":[23.3396,22.609323,5.933112000000001],"batterytemp":[45.0,43.0,56.0],"triggerrate":[0.0,0.0,1.2000000000000002],"triggersremaining":[14672.0,14672.0,20758.0],"crcerrors":[0.0,0.0,1.0]}