{"datalatency":[21.170174000000003],"sensoruptime":[null,null,null],"battvoltage":[12.912,13.409,11.493],"arrayvoltage":[13.540999999999999,30.67,45.004],"chargecurrent":[0.0,0.43200000000000005,2.194],"chargestate":[5.0,5.0,6.0],"loadpower":[0.0,0.0,0.0],"batterytemp":[13.0,16.0,22.0],"triggerrate":[null,null,null],"triggersremaining":[null,null,null],"crcerrors":[5.0,null,5.0]}