{"datalatency":[8.080128],"sensoruptime":[50.25083333333333,49.25111111111111,50.25083333333333],"battvoltage":[14.267000000000001,14.215,12.115],"arrayvoltage":[38.461,41.714,42.861999999999995],"chargecurrent":[2.377,2.7539999999999996,7.356],"chargestate":[6.0,6.0,6.0],"loadpower":[13.954240999999998,12.265552,8.875646],"batterytemp":[26.0,28.0,30.0],"triggerrate":[0.0,0.0,0.6],"triggersremaining":[22211.0,22211.0,22256.0],"crcerrors":[0.0,0.0,0.0]}