{"datalatency":[6.857671000000001],"sensoruptime":[null,null,12.61],"battvoltage":[11.42,11.722000000000001,11.31],"arrayvoltage":[0.021,1.285,19.949],"chargecurrent":[0.002,0.005,12.057],"ledstate":[10.0,10.0,11.0],"loadpower":[8.566657,7.691499000000001,0.0],"batterytemp":[25.0,25.0,50.0],"triggerrate":[null,null,2.4000000000000004],"triggersremaining":[null,null,14585.0],"crcerrors":[null,null,0.0]}