{"datalatency":[12.404748000000001],"sensoruptime":[9.451666666666666,8.454444444444444,9.451666666666666],"battvoltage":[12.975999999999999,13.217,11.798],"arrayvoltage":[15.767999999999999,15.770999999999999,17.730999999999998],"chargecurrent":[5.791,9.12,10.419],"chargestate":[5.0,5.0,5.0],"loadpower":[23.13933,24.452188000000003,6.167125],"batterytemp":[47.0,47.0,47.0],"triggerrate":[0.0,1.2000000000000002,15.600000000000001],"triggersremaining":[21425.0,21426.0,22147.0],"crcerrors":[0.0,0.0,0.0]}