{"datalatency":[13.157689000000001],"sensoruptime":[56.062222222222225,55.06527777777778,56.062222222222225],"battvoltage":[12.787,12.9,12.015],"arrayvoltage":[16.168,14.499,17.526],"chargecurrent":[7.523,8.066,10.545],"ledstate":[8.0,8.0,8.0],"loadpower":[22.859325,21.643988999999998,21.262392999999996],"batterytemp":[48.0,48.0,52.0],"triggerrate":[0.0,0.0,6.0],"triggersremaining":[13115.0,13120.0,13508.0],"crcerrors":[0.0,0.0,2.0]}