{"datalatency":[8.522999],"sensoruptime":[28.425555555555555,27.425833333333333,28.425555555555555],"battvoltage":[14.023,14.107999999999999,12.112],"arrayvoltage":[40.143,40.738,41.489],"chargecurrent":[3.761,4.02,11.902999999999999],"chargestate":[6.0,6.0,6.0],"loadpower":[12.113824000000001,9.13725,9.067364],"batterytemp":[34.0,31.0,38.0],"triggerrate":[0.0,0.0,1.0],"triggersremaining":[21654.0,21655.0,21735.0],"crcerrors":[0.0,0.0,0.0]}