{"datalatency":[8.739284000000001],"sensoruptime":[91.91666666666667,90.9336111111111,91.91666666666667],"battvoltage":[12.145999999999999,12.145999999999999,12.142999999999999],"arrayvoltage":[0.763,0.763,38.708],"chargecurrent":[0.0,0.0,8.752],"chargestate":[3.0,3.0,6.0],"loadpower":[14.07763,14.07763,9.957479999999999],"batterytemp":[19.0,19.0,34.0],"triggerrate":[0.4,0.0,0.6],"triggersremaining":[21561.0,21565.0,21642.0],"crcerrors":[0.0,0.0,0.0]}