{"datalatency":[56.402711000000004],"sensoruptime":[60.51555555555556,59.51583333333333,60.51555555555556],"battvoltage":[12.308,12.329,12.216],"arrayvoltage":[0.0,0.0,17.917],"chargecurrent":[0.002,0.005,9.262],"ledstate":[6.0,6.0,6.0],"loadpower":[23.28288,23.032790000000002,21.796613999999998],"batterytemp":[28.0,29.0,58.0],"triggerrate":[0.0,0.0,0.2],"triggersremaining":[6317.0,6318.0,6323.0],"crcerrors":[0.0,0.0,0.0]}