{"datalatency":[26.000047000000002],"sensoruptime":[3.370833333333333,2.371111111111111,null],"battvoltage":[12.555,13.455,12.43],"arrayvoltage":[28.011999999999997,30.719,42.218],"chargecurrent":[0.865,1.896,2.839],"chargestate":[5.0,7.0,7.0],"loadpower":[14.879556,14.756420000000002,0.0],"batterytemp":[27.0,28.0,32.0],"triggerrate":[17.4,14.8,null],"triggersremaining":[16459.0,17352.0,null],"crcerrors":[0.0,0.0,2.0]}