{"datalatency":[8.051844000000001],"sensoruptime":[55.92777777777778,54.92805555555555,55.92777777777778],"battvoltage":[12.109000000000002,14.105,11.645999999999999],"arrayvoltage":[32.955999999999996,39.999,40.738],"chargecurrent":[0.507,2.998,11.615],"chargestate":[5.0,6.0,6.0],"loadpower":[14.056714000000001,11.191200000000002,9.041284000000001],"batterytemp":[23.0,31.0,34.0],"triggerrate":[0.0,0.0,0.4],"triggersremaining":[18410.0,18410.0,18419.0],"crcerrors":[0.0,0.0,0.0]}