{"datalatency":[15.37926],"sensoruptime":[15.503055555555555,14.505833333333333,null],"battvoltage":[11.682,11.685,11.45],"arrayvoltage":[0.107,0.107,19.305],"chargecurrent":[0.002,0.002,7.371],"ledstate":[10.0,10.0,11.0],"loadpower":[23.42052,23.17662,0.0],"batterytemp":[23.0,24.0,49.0],"triggerrate":[0.0,0.0,null],"triggersremaining":[14561.0,14561.0,null],"crcerrors":[0.0,0.0,0.0]}