{"datalatency":[8.806267],"sensoruptime":[120.41277777777778,119.41305555555556,120.41277777777778],"battvoltage":[12.292,12.155,12.073],"arrayvoltage":[32.477,25.778000000000002,41.65],"chargecurrent":[1.93,0.16399999999999998,11.832],"chargestate":[5.0,5.0,6.0],"loadpower":[14.266368000000002,14.103194,8.207364000000002],"batterytemp":[24.0,22.0,32.0],"triggerrate":[0.0,0.0,0.6],"triggersremaining":[21451.0,21458.0,21534.0],"crcerrors":[0.0,0.0,0.0]}