{"datalatency":[10.302049],"sensoruptime":[0.005555555555555556,null,0.018333333333333333],"battvoltage":[14.603,14.658,10.595999999999998],"arrayvoltage":[41.412,42.798,43.89],"chargecurrent":[1.58,2.174,2.597],"chargestate":[6.0,6.0,7.0],"loadpower":[14.109767,19.453407,0.0],"batterytemp":[15.0,13.0,16.0],"triggerrate":[null,0.0,0.0],"triggersremaining":[0.0,null,0.0],"crcerrors":[0.0,0.0,1.0]}