{"datalatency":[19.229391],"sensoruptime":[189.01305555555555,188.01333333333332,189.01305555555555],"battvoltage":[12.405,12.975999999999999,12.1],"arrayvoltage":[15.82,14.937999999999999,17.969],"chargecurrent":[1.841,6.341,9.81],"ledstate":[6.0,6.0,6.0],"loadpower":[24.204198,23.113476,21.987524],"batterytemp":[44.0,45.0,52.0],"triggerrate":[0.0,0.2,6.4],"triggersremaining":[5811.0,5811.0,6173.0],"crcerrors":[0.0,0.0,0.0]}