{"datalatency":[17.423523],"sensoruptime":[null,null,49.00611111111111],"battvoltage":[12.177,11.835,11.569],"arrayvoltage":[16.748,16.608,17.288],"chargecurrent":[2.657,1.058,9.298],"ledstate":[10.0,10.0,10.0],"loadpower":[7.7376640000000005,7.918176,6.189056],"batterytemp":[34.0,29.0,38.0],"triggerrate":[null,null,2.4000000000000004],"triggersremaining":[null,null,14660.0],"crcerrors":[0.0,null,0.0]}