{"datalatency":[10.295228],"sensoruptime":[0.004166666666666667,null,0.018333333333333333],"battvoltage":[14.690999999999999,13.12,10.595999999999998],"arrayvoltage":[42.688,34.821,44.098],"chargecurrent":[1.87,1.766,2.597],"chargestate":[6.0,5.0,7.0],"loadpower":[14.928775000000002,16.709934,0.0],"batterytemp":[12.0,5.0,16.0],"triggerrate":[0.0,0.0,0.0],"triggersremaining":[0.0,null,0.0],"crcerrors":[0.0,0.0,1.0]}