{"datalatency":[7.993790000000001],"sensoruptime":[9.256666666666666,8.273333333333333,null],"battvoltage":[12.305,12.335,12.305],"arrayvoltage":[0.598,0.589,44.162],"chargecurrent":[0.0,0.0,2.483],"chargestate":[3.0,3.0,7.0],"loadpower":[13.482531999999999,13.464952,0.0],"batterytemp":[4.0,5.0,19.0],"triggerrate":[0.0,0.0,null],"triggersremaining":[22356.0,22357.0,null],"crcerrors":[0.0,0.0,0.0]}