{"datalatency":[37.664799],"sensoruptime":[1.2763888888888888,0.27666666666666667,9.396944444444445],"battvoltage":[12.677,12.183,10.477],"arrayvoltage":[34.763000000000005,30.814,43.448],"chargecurrent":[1.7730000000000001,0.413,5.0760000000000005],"chargestate":[5.0,5.0,8.0],"loadpower":[13.91494,13.361642,0.0],"batterytemp":[12.0,10.0,26.0],"triggerrate":[0.0,0.0,19.2],"triggersremaining":[11440.0,11441.0,11651.0],"crcerrors":[0.0,0.0,0.0]}