{"datalatency":[19.115165],"sensoruptime":[166.51666666666668,165.51666666666668,166.51666666666668],"battvoltage":[12.482000000000001,12.597999999999999,12.200999999999999],"arrayvoltage":[17.038,15.335,17.969],"chargecurrent":[1.9040000000000001,1.778,8.937999999999999],"ledstate":[6.0,6.0,6.0],"loadpower":[23.883793,24.577614,21.942296000000002],"batterytemp":[40.0,47.0,55.0],"triggerrate":[0.0,0.0,1.6],"triggersremaining":[6159.0,6159.0,6248.0],"crcerrors":[0.0,0.0,0.0]}