{"datalatency":[7.655684000000001],"sensoruptime":[205.23277777777778,204.23305555555555,205.23277777777778],"battvoltage":[12.450999999999999,12.491,12.106],"arrayvoltage":[0.7020000000000001,0.65,41.711000000000006],"chargecurrent":[0.0,0.0,9.777000000000001],"chargestate":[3.0,3.0,6.0],"loadpower":[13.712784000000001,13.880440000000002,9.02565],"batterytemp":[12.0,12.0,34.0],"triggerrate":[0.0,0.0,0.4],"triggersremaining":[20344.0,20344.0,20363.0],"crcerrors":[0.0,0.0,0.0]}