{"datalatency":[34.08738],"sensoruptime":[57.345555555555556,56.345555555555556,57.345555555555556],"battvoltage":[11.690999999999999,11.682,11.639000000000001],"arrayvoltage":[16.605,16.409000000000002,17.78],"chargecurrent":[1.251,0.773,7.774],"ledstate":[10.0,10.0,10.0],"loadpower":[23.956512000000004,23.73683,22.552155],"batterytemp":[28.0,27.0,40.0],"triggerrate":[0.0,0.0,7.200004464002768],"triggersremaining":[22178.0,22178.0,22426.0],"crcerrors":[null,null,0.0]}