{"datalatency":[7.57547],"sensoruptime":[173.73722222222221,172.7538888888889,173.73722222222221],"battvoltage":[14.297,14.328,12.183],"arrayvoltage":[42.368,42.786,43.121],"chargecurrent":[2.983,2.7439999999999998,10.794],"chargestate":[6.0,6.0,6.0],"loadpower":[13.355676,12.12219,8.98432],"batterytemp":[25.0,24.0,30.0],"triggerrate":[0.0,0.0,0.8],"triggersremaining":[20368.0,20368.0,20437.0],"crcerrors":[0.0,0.0,0.0]}