{"datalatency":[8.215036000000001],"sensoruptime":[84.57944444444445,83.57972222222222,84.57944444444445],"battvoltage":[11.99,12.003,11.99],"arrayvoltage":[0.79,0.778,35.016],"chargecurrent":[0.0,0.0,2.8360000000000003],"chargestate":[3.0,3.0,5.0],"loadpower":[13.901005999999999,13.918435999999998,13.31694],"batterytemp":[11.0,12.0,20.0],"triggerrate":[0.2,0.0,4.4],"triggersremaining":[21984.0,21988.0,22188.0],"crcerrors":[0.0,0.0,0.0]}