{"datalatency":[8.760435000000001],"sensoruptime":[100.41555555555556,99.41583333333334,100.41555555555556],"battvoltage":[13.388,13.37,12.03],"arrayvoltage":[33.835,33.786,41.65],"chargecurrent":[3.227,3.343,11.832],"chargestate":[5.0,5.0,6.0],"loadpower":[11.5976,11.605125,9.0954],"batterytemp":[27.0,29.0,34.0],"triggerrate":[0.0,0.0,0.6],"triggersremaining":[21524.0,21527.0,21615.0],"crcerrors":[0.0,0.0,0.0]}