{"datalatency":[7.421336],"sensoruptime":[206.73277777777778,205.74944444444444,206.73277777777778],"battvoltage":[12.415,12.436,12.106],"arrayvoltage":[0.848,0.69,41.711000000000006],"chargecurrent":[0.0,0.0,9.777000000000001],"chargestate":[3.0,3.0,6.0],"loadpower":[13.523328000000001,13.563732,9.02565],"batterytemp":[13.0,12.0,34.0],"triggerrate":[0.0,0.0,0.6],"triggersremaining":[20338.0,20342.0,20363.0],"crcerrors":[0.0,0.0,0.0]}