{"datalatency":[8.047627],"sensoruptime":[1.3383333333333334,0.3386111111111111,62.22694444444444],"battvoltage":[14.542,11.597000000000001,11.319],"arrayvoltage":[40.927,37.015,40.927],"chargecurrent":[5.561,0.768,11.615],"chargestate":[6.0,5.0,6.0],"loadpower":[9.341149999999999,13.717315000000001,0.0],"batterytemp":[17.0,12.0,34.0],"triggerrate":[0.0,0.0,0.5],"triggersremaining":[18401.0,18404.0,18411.0],"crcerrors":[0.0,0.0,0.0]}