{"datalatency":[15.940303],"sensoruptime":[null,null,null],"battvoltage":[12.39,12.479000000000001,11.481],"arrayvoltage":[12.958,15.234000000000002,19.680999999999997],"chargecurrent":[0.002,0.39399999999999996,9.955],"chargestate":[5.0,5.0,5.0],"loadpower":[6.283251,6.514892000000001,0.0],"batterytemp":[22.0,31.0,38.0],"triggerrate":[null,null,null],"triggersremaining":[null,null,null],"crcerrors":[null,null,null]}