{"datalatency":[19.205078],"sensoruptime":[164.01694444444445,163.01722222222222,164.01694444444445],"battvoltage":[12.530999999999999,12.86,12.200999999999999],"arrayvoltage":[14.502,15.770999999999999,17.969],"chargecurrent":[1.242,4.402,9.651],"ledstate":[6.0,6.0,6.0],"loadpower":[24.624314,22.5351,21.942296000000002],"batterytemp":[45.0,37.0,55.0],"triggerrate":[0.2,0.0,1.6],"triggersremaining":[6173.0,6174.0,6256.0],"crcerrors":[0.0,0.0,0.0]}