{"datalatency":[21.139290000000003],"sensoruptime":[28.035833333333333,27.03611111111111,28.035833333333333],"battvoltage":[12.329,12.485,11.798],"arrayvoltage":[16.016,16.195999999999998,17.48],"chargecurrent":[2.964,4.81,11.001],"ledstate":[8.0,8.0,8.0],"loadpower":[22.266378999999997,22.713555,21.698892],"batterytemp":[44.0,39.0,51.0],"triggerrate":[0.2,0.0,0.8],"triggersremaining":[1283.0,1284.0,1327.0],"crcerrors":[0.0,0.0,0.0]}