{"datalatency":[7.582708],"sensoruptime":[179.40305555555557,178.40333333333334,179.40305555555557],"battvoltage":[12.491,12.527000000000001,12.183],"arrayvoltage":[0.647,0.638,43.121],"chargecurrent":[0.0,0.0,10.794],"chargestate":[3.0,3.0,6.0],"loadpower":[13.606320000000002,13.671718,8.98432],"batterytemp":[10.0,11.0,29.0],"triggerrate":[0.0,0.0,0.6],"triggersremaining":[20364.0,20364.0,20399.0],"crcerrors":[0.0,0.0,0.0]}