{"datalatency":[8.194335],"sensoruptime":[73.74777777777778,72.76444444444445,73.74777777777778],"battvoltage":[12.259,12.341,12.145999999999999],"arrayvoltage":[34.329,30.721999999999998,41.931000000000004],"chargecurrent":[0.7440000000000001,0.384,2.8360000000000003],"chargestate":[5.0,5.0,6.0],"loadpower":[13.37212,14.109192000000002,11.71681],"batterytemp":[14.0,17.0,27.0],"triggerrate":[0.0,0.0,4.4],"triggersremaining":[22076.0,22078.0,22211.0],"crcerrors":[0.0,0.0,0.0]}