{"datalatency":[20.440718],"sensoruptime":[9.334444444444445,8.334444444444445,11.918333333333333],"battvoltage":[12.520999999999999,12.985,12.1],"arrayvoltage":[15.378,15.765,17.288],"chargecurrent":[1.3769999999999998,4.457,10.453],"ledstate":[6.0,6.0,6.0],"loadpower":[23.952949000000004,22.738593,6.478731],"batterytemp":[48.0,48.0,52.0],"triggerrate":[0.0,0.8,5.0],"triggersremaining":[1680.0,1772.0,1894.0],"crcerrors":[0.0,0.0,0.0]}