{"datalatency":[8.144715],"sensoruptime":[69.58166666666666,68.59833333333333,69.58166666666666],"battvoltage":[12.642999999999999,12.299000000000001,12.145999999999999],"arrayvoltage":[34.134,33.643,42.861999999999995],"chargecurrent":[2.148,1.445,4.29],"chargestate":[5.0,5.0,6.0],"loadpower":[13.87134,13.548096000000001,8.875646],"batterytemp":[17.0,16.0,30.0],"triggerrate":[0.0,0.0,0.8],"triggersremaining":[22122.0,22131.0,22215.0],"crcerrors":[0.0,0.0,0.0]}