{"datalatency":[23.001004000000002],"sensoruptime":[56.67888888888889,55.68194444444445,56.67888888888889],"battvoltage":[11.722000000000001,11.658,11.639000000000001],"arrayvoltage":[16.748,15.142999999999999,17.78],"chargecurrent":[1.389,0.365,7.774],"ledstate":[10.0,10.0,10.0],"loadpower":[23.95851,24.764784000000002,22.552155],"batterytemp":[27.0,26.0,40.0],"triggerrate":[0.0,0.0,7.200004464002768],"triggersremaining":[22178.0,22179.0,22426.0],"crcerrors":[null,null,0.0]}