{"datalatency":[7.697109],"sensoruptime":[200.9,199.90027777777777,200.9],"battvoltage":[12.604000000000001,12.642999999999999,12.106],"arrayvoltage":[0.9309999999999999,27.344,41.711000000000006],"chargecurrent":[0.0,0.198,9.777000000000001],"chargestate":[3.0,5.0,6.0],"loadpower":[13.729716000000002,13.831010000000001,9.02565],"batterytemp":[15.0,20.0,34.0],"triggerrate":[0.0,0.0,0.4],"triggersremaining":[20349.0,20351.0,20364.0],"crcerrors":[0.0,0.0,0.0]}