{"datalatency":[8.141490000000001],"sensoruptime":[106.74333333333334,105.76,106.74333333333334],"battvoltage":[11.636,11.645999999999999,11.636],"arrayvoltage":[1.01,1.013,34.863],"chargecurrent":[0.0,0.0,1.423],"chargestate":[3.0,3.0,5.0],"loadpower":[14.336612,14.197196,12.790060000000002],"batterytemp":[14.0,13.0,16.0],"triggerrate":[0.0,0.0,0.6],"triggersremaining":[21937.0,21938.0,21992.0],"crcerrors":[0.0,0.0,0.0]}