{"datalatency":[23.478387],"sensoruptime":[19.684722222222224,18.684722222222224,null],"battvoltage":[12.634,13.129000000000001,12.07],"arrayvoltage":[16.653,16.016,18.872],"chargecurrent":[0.698,2.609,10.158],"ledstate":[6.0,6.0,8.0],"loadpower":[23.496195,25.06128,7.432594000000002],"batterytemp":[44.0,48.0,50.0],"triggerrate":[0.0,0.0,null],"triggersremaining":[22430.0,22430.0,null],"crcerrors":[null,null,0.0]}