{"datalatency":[7.916620000000001],"sensoruptime":[null,4.453055555555555,null],"battvoltage":[12.415,11.844000000000001,10.944],"arrayvoltage":[0.9309999999999999,0.977,41.791000000000004],"chargecurrent":[0.0,0.0,2.923],"chargestate":[3.0,3.0,6.0],"loadpower":[0.0,13.753824,0.0],"batterytemp":[9.0,9.0,32.0],"triggerrate":[null,0.0,null],"triggersremaining":[null,18368.0,null],"crcerrors":[0.0,0.0,0.0]}