{"datalatency":[8.652090000000001],"sensoruptime":[69.42,68.42,69.42],"battvoltage":[12.238,12.259,12.18],"arrayvoltage":[0.7659999999999999,0.647,40.146],"chargecurrent":[0.0,0.0,10.228],"chargestate":[3.0,3.0,6.0],"loadpower":[14.090112000000001,13.94334,8.80245],"batterytemp":[15.0,15.0,34.0],"triggerrate":[0.0,0.0,0.2],"triggersremaining":[21641.0,21641.0,21648.0],"crcerrors":[0.0,0.0,0.0]}