{"datalatency":[8.214765],"sensoruptime":[2.453333333333333,1.4702777777777778,null],"battvoltage":[11.877,11.823,10.944],"arrayvoltage":[0.992,0.9490000000000001,41.791000000000004],"chargecurrent":[0.0,0.0,2.923],"chargestate":[3.0,3.0,6.0],"loadpower":[13.766214,13.736364,0.0],"batterytemp":[10.0,11.0,32.0],"triggerrate":[0.0,0.0,null],"triggersremaining":[18371.0,18371.0,null],"crcerrors":[0.0,0.0,0.0]}