{"datalatency":[16.856929],"sensoruptime":[null,null,null],"battvoltage":[12.823,13.092,12.18],"arrayvoltage":[15.527000000000001,18.61,19.625999999999998],"chargecurrent":[0.531,0.763,5.361000000000001],"chargestate":[5.0,5.0,6.0],"loadpower":[6.4769250000000005,5.675009999999999,4.102919999999999],"batterytemp":[40.0,42.0,45.0],"triggerrate":[null,null,null],"triggersremaining":[null,null,null],"crcerrors":[null,null,null]}