{"datalatency":[8.184868],"sensoruptime":[0.11055555555555556,10.6175,114.10888888888888],"battvoltage":[11.569,11.609000000000002,11.469000000000001],"arrayvoltage":[0.574,0.574,35.4],"chargecurrent":[0.0,0.0,6.643],"chargestate":[3.0,3.0,5.0],"loadpower":[14.242828,14.209887,0.0],"batterytemp":[16.0,16.0,27.0],"triggerrate":[0.4,0.2,1.6],"triggersremaining":[21799.0,21823.0,21937.0],"crcerrors":[0.0,0.0,0.0]}