{"datalatency":[10.360291],"sensoruptime":[null,null,null],"battvoltage":[12.039000000000001,11.722000000000001,11.456],"arrayvoltage":[17.142,13.962,19.736],"chargecurrent":[1.3430000000000002,0.191,12.392999999999999],"chargestate":[5.0,5.0,6.0],"loadpower":[0.0,0.0,0.0],"batterytemp":[22.0,22.0,44.0],"triggerrate":[null,null,null],"triggersremaining":[null,null,null],"crcerrors":[0.0,null,0.0]}