{"datalatency":[8.559357],"sensoruptime":[52.58888888888889,51.589166666666664,52.58888888888889],"battvoltage":[14.023,14.059000000000001,12.18],"arrayvoltage":[36.621,37.271,40.738],"chargecurrent":[3.1039999999999996,3.5389999999999997,10.228],"chargestate":[6.0,6.0,6.0],"loadpower":[10.085671,10.141649999999998,8.80245],"batterytemp":[34.0,33.0,35.0],"triggerrate":[0.0,0.0,0.2],"triggersremaining":[21646.0,21647.0,21654.0],"crcerrors":[0.0,0.0,0.0]}