{"datalatency":[18.043168],"sensoruptime":[225.67083333333332,224.67083333333332,225.67083333333332],"battvoltage":[12.122,12.14,12.03],"arrayvoltage":[0.021,0.021,16.995],"chargecurrent":[0.005,0.005,8.74],"ledstate":[6.0,6.0,8.0],"loadpower":[23.39028,24.146848,22.120514],"batterytemp":[31.0,31.0,55.0],"triggerrate":[0.0,0.0,17.6],"triggersremaining":[4165.0,4165.0,5633.0],"crcerrors":[0.0,0.0,0.0]}