{"datalatency":[10.157805],"sensoruptime":[null,null,0.018333333333333333],"battvoltage":[13.901,13.327,12.567],"arrayvoltage":[31.345,29.443,43.347],"chargecurrent":[0.435,0.23399999999999999,2.227],"chargestate":[5.0,5.0,7.0],"loadpower":[0.0,0.0,0.0],"batterytemp":[10.0,11.0,20.0],"triggerrate":[null,null,null],"triggersremaining":[null,null,0.0],"crcerrors":[0.0,null,1.0]}