{"datalatency":[11.202083],"sensoruptime":[8.8,7.8,null],"battvoltage":[11.948,11.987,11.569],"arrayvoltage":[0.153,12.677,19.736],"chargecurrent":[0.002,0.027000000000000003,12.392999999999999],"chargestate":[3.0,5.0,6.0],"loadpower":[23.23856,23.339550000000003,6.808707000000001],"batterytemp":[26.0,29.0,44.0],"triggerrate":[0.0,0.0,null],"triggersremaining":[22160.0,22161.0,null],"crcerrors":[0.0,0.0,0.0]}