{"datalatency":[8.689192],"sensoruptime":[96.9161111111111,95.93277777777777,96.9161111111111],"battvoltage":[13.293,12.72,12.03],"arrayvoltage":[35.208,36.423,38.708],"chargecurrent":[7.325,3.0660000000000003,10.152999999999999],"chargestate":[5.0,5.0,6.0],"loadpower":[10.549600000000002,11.0055,9.260525999999999],"batterytemp":[29.0,24.0,34.0],"triggerrate":[0.0,0.0,0.6],"triggersremaining":[21534.0,21537.0,21638.0],"crcerrors":[0.0,0.0,0.0]}