{"datalatency":[63.519072],"sensoruptime":[83.51194444444444,82.52888888888889,83.51194444444444],"battvoltage":[12.357000000000001,12.369000000000002,12.216],"arrayvoltage":[0.0,0.021,17.965999999999998],"chargecurrent":[0.002,0.005,8.001],"ledstate":[6.0,6.0,6.0],"loadpower":[23.057423999999997,23.676012,21.730287],"batterytemp":[29.0,30.0,58.0],"triggerrate":[0.0,0.0,0.6],"triggersremaining":[6299.0,6299.0,6318.0],"crcerrors":[0.0,0.0,0.0]}