{"datalatency":[11.139694],"sensoruptime":[5.633611111111111,4.6338888888888885,null],"battvoltage":[12.14,12.222000000000001,11.569],"arrayvoltage":[15.729000000000001,16.705,19.736],"chargecurrent":[0.993,1.954,12.392999999999999],"chargestate":[5.0,5.0,6.0],"loadpower":[22.810055999999996,22.892648,6.808707000000001],"batterytemp":[37.0,38.0,44.0],"triggerrate":[0.0,0.0,null],"triggersremaining":[22161.0,22162.0,null],"crcerrors":[0.0,0.0,0.0]}