{"datalatency":[19.391579],"sensoruptime":[224.17111111111112,223.17111111111112,224.17111111111112],"battvoltage":[12.158,12.177,12.03],"arrayvoltage":[0.021,0.04,16.995],"chargecurrent":[0.005,0.002,8.74],"ledstate":[6.0,6.0,8.0],"loadpower":[23.843647999999998,26.511808,22.120514],"batterytemp":[31.0,32.0,55.0],"triggerrate":[0.0,0.0,17.6],"triggersremaining":[4165.0,4166.0,5633.0],"crcerrors":[0.0,0.0,0.0]}