{"datalatency":[8.414474],"sensoruptime":[null,null,null],"battvoltage":[12.238,12.329,11.307],"arrayvoltage":[0.8270000000000001,8.209,39.163000000000004],"chargecurrent":[0.0,0.0,3.0660000000000003],"chargestate":[3.0,3.0,6.0],"loadpower":[20.99604,13.735727999999998,0.0],"batterytemp":[20.0,21.0,27.0],"triggerrate":[null,null,null],"triggersremaining":[null,null,null],"crcerrors":[4.0,null,4.0]}