{"datalatency":[25.852357],"sensoruptime":[32.349444444444444,31.352222222222224,32.349444444444444],"battvoltage":[12.1,12.079,12.064],"arrayvoltage":[16.458,13.77,18.872],"chargecurrent":[0.618,0.213,10.158],"ledstate":[8.0,8.0,8.0],"loadpower":[23.607909,25.620425999999995,22.67364],"batterytemp":[27.0,25.0,50.0],"triggerrate":[0.0,0.0,1.2000506661391244],"triggersremaining":[22426.0,22427.0,22432.0],"crcerrors":[null,null,0.0]}