{"datalatency":[19.863009],"sensoruptime":[528.1597222222222,527.1627777777778,528.1597222222222],"battvoltage":[11.682,11.673,11.606],"arrayvoltage":[15.823,15.729000000000001,17.145],"chargecurrent":[0.8240000000000001,0.597,3.602],"ledstate":[10.0,10.0,10.0],"loadpower":[23.776565999999995,23.066764000000003,22.003115999999995],"batterytemp":[30.0,29.0,37.0],"triggerrate":[0.0,0.0,3.6],"triggersremaining":[11310.0,11311.0,11415.0],"crcerrors":[0.0,0.0,2.0]}