{"datalatency":[13.875849],"sensoruptime":[376.18416666666667,375.18416666666667,376.18416666666667],"battvoltage":[12.177,12.207,12.064],"arrayvoltage":[0.085,0.076,17.78],"chargecurrent":[0.005,0.002,10.61],"ledstate":[6.0,6.0,8.0],"loadpower":[23.908526,23.950916000000003,20.806074],"batterytemp":[26.0,26.0,52.0],"triggerrate":[0.0,0.0,4.800000000000001],"triggersremaining":[12608.0,12609.0,12618.0],"crcerrors":[0.0,0.0,2.0]}