{"datalatency":[20.713628],"sensoruptime":[16.815555555555555,15.815833333333334,null],"battvoltage":[12.177,12.216,12.177],"arrayvoltage":[0.027000000000000003,0.052000000000000005,20.032],"chargecurrent":[0.002,0.005,7.09],"chargestate":[3.0,3.0,7.0],"loadpower":[24.674668999999998,24.755828999999995,11.041264],"batterytemp":[25.0,25.0,47.0],"triggerrate":[null,null,null],"triggersremaining":[22489.0,22490.0,null],"crcerrors":[null,null,0.0]}