{"datalatency":[7.9721340000000005],"sensoruptime":[40.58555555555556,39.602222222222224,40.58555555555556],"battvoltage":[12.167,12.183,12.07],"arrayvoltage":[0.638,0.6409999999999999,41.821000000000005],"chargecurrent":[0.0,0.0,7.474],"chargestate":[3.0,3.0,6.0],"loadpower":[14.124109999999998,14.063335,8.72505],"batterytemp":[3.0,3.0,28.0],"triggerrate":[0.0,0.2,0.6],"triggersremaining":[22220.0,22228.0,22276.0],"crcerrors":[0.0,0.0,0.0]}