{"datalatency":[24.248522],"sensoruptime":[4.820833333333334,3.823611111111111,null],"battvoltage":[13.052,13.280999999999999,12.530999999999999],"arrayvoltage":[19.434,13.947000000000001,20.032],"chargecurrent":[2.7969999999999997,1.8459999999999999,7.09],"chargestate":[7.0,5.0,7.0],"loadpower":[23.920862,25.906944,11.041264],"batterytemp":[46.0,45.0,46.0],"triggerrate":[null,null,null],"triggersremaining":[22492.0,22493.0,null],"crcerrors":[null,null,0.0]}