{"datalatency":[10.195456],"sensoruptime":[null,null,null],"battvoltage":[13.947000000000001,14.038,12.72],"arrayvoltage":[40.411,41.15,44.205],"chargecurrent":[0.365,0.040999999999999995,0.563],"chargestate":[7.0,7.0,7.0],"loadpower":[0.0,0.0,0.0],"batterytemp":[17.0,14.0,18.0],"triggerrate":[null,null,null],"triggersremaining":[null,null,null],"crcerrors":[null,null,null]}