{"datalatency":[50.734249000000005],"sensoruptime":[45.81638888888889,44.81638888888889,45.81638888888889],"battvoltage":[12.283,12.296,12.283],"arrayvoltage":[13.727,13.388,18.448],"chargecurrent":[0.22699999999999998,0.155,9.011000000000001],"ledstate":[6.0,6.0,6.0],"loadpower":[23.563925,23.233759999999997,22.042599999999997],"batterytemp":[28.0,28.0,53.0],"triggerrate":[0.0,0.0,0.2],"triggersremaining":[7047.0,7047.0,7053.0],"crcerrors":[0.0,0.0,0.0]}