{"datalatency":[15.190775],"sensoruptime":[148.47666666666666,147.4788888888889,148.47666666666666],"battvoltage":[11.737,11.584000000000001,11.53],"arrayvoltage":[16.989,15.915,17.429000000000002],"chargecurrent":[2.326,0.551,7.525],"chargestate":[5,5,6],"loadpower":[22.71158,22.561803000000005,21.429213],"batterytemp":[30,30,46],"triggerrate":[null,null,null],"triggersremaining":[15131.0,15185.0,15591.0],"crcerrors":[null,null,0.0]}