{"datalatency":[7.901943],"sensoruptime":[28.893055555555556,27.91,28.893055555555556],"battvoltage":[11.554,11.569,11.554],"arrayvoltage":[0.909,1.1440000000000001,34.238],"chargecurrent":[0.0,0.0,1.4709999999999999],"chargestate":[3.0,3.0,5.0],"loadpower":[14.277454,14.242828,13.408536],"batterytemp":[17.0,17.0,20.0],"triggerrate":[2.0,0.4,2.0],"triggersremaining":[18478.0,18520.0,18660.0],"crcerrors":[1.0,0.0,4.0]}