{"datalatency":[10.111735000000001],"sensoruptime":[null,null,null],"battvoltage":[12.68,12.700999999999999,10.595999999999998],"arrayvoltage":[0.629,12.119000000000002,43.347],"chargecurrent":[0.0,0.002,2.597],"chargestate":[3.0,3.0,7.0],"loadpower":[0.0,0.0,0.0],"batterytemp":[10.0,10.0,20.0],"triggerrate":[null,null,null],"triggersremaining":[null,null,null],"crcerrors":[0.0,null,1.0]}