{"datalatency":[8.747661],"sensoruptime":[106.41472222222222,105.415,106.41472222222222],"battvoltage":[12.475999999999999,12.491,12.03],"arrayvoltage":[0.9279999999999999,0.934,41.65],"chargecurrent":[0.0,0.0,11.832],"chargestate":[3.0,3.0,6.0],"loadpower":[13.606320000000002,14.2044,8.207364000000002],"batterytemp":[21.0,21.0,32.0],"triggerrate":[0.0,0.0,0.6],"triggersremaining":[21501.0,21502.0,21601.0],"crcerrors":[0.0,0.0,0.0]}