{"datalatency":[37.377014],"sensoruptime":[5.597222222222222,4.614166666666667,5.597222222222222],"battvoltage":[12.567,12.677,12.520999999999999],"arrayvoltage":[32.224000000000004,32.425,33.400999999999996],"chargecurrent":[1.2919999999999998,1.587,2.329],"chargestate":[5.0,5.0,5.0],"loadpower":[13.78087,13.961628000000001,13.78087],"batterytemp":[26.0,28.0,28.0],"triggerrate":[2.0,1.4,null],"triggersremaining":[11815.0,11920.0,12014.0],"crcerrors":[1.0,0.0,0.0]}