{"datalatency":[27.025569],"sensoruptime":[null,56.515,57.48722222222222],"battvoltage":[11.892999999999999,11.713,11.639000000000001],"arrayvoltage":[16.797,16.611,17.78],"chargecurrent":[1.901,1.189,7.774],"ledstate":[10.0,10.0,10.0],"loadpower":[8.41989,24.843197999999997,8.051463],"batterytemp":[29.0,27.0,40.0],"triggerrate":[null,0.0,7.200004464002768],"triggersremaining":[null,22178.0,22426.0],"crcerrors":[null,null,0.0]}