{"datalatency":[7.992149],"sensoruptime":[8.043888888888889,7.0441666666666665,49.00611111111111],"battvoltage":[11.639000000000001,11.675999999999998,11.444],"arrayvoltage":[0.021,0.021,19.531],"chargecurrent":[0.005,0.002,12.99],"ledstate":[10.0,10.0,10.0],"loadpower":[23.791600000000003,23.475863,5.941168],"batterytemp":[24.0,24.0,41.0],"triggerrate":[0.0,0.0,2.4000000000000004],"triggersremaining":[14585.0,14586.0,14654.0],"crcerrors":[0.0,0.0,0.0]}