{"datalatency":[19.191775],"sensoruptime":[7.853055555555556,6.8533333333333335,31.89388888888889],"battvoltage":[12.103,12.130999999999998,12.064],"arrayvoltage":[13.962,12.762,18.692],"chargecurrent":[0.217,0.01,11.344000000000001],"ledstate":[6.0,6.0,8.0],"loadpower":[24.417759999999998,24.768311999999998,7.371546],"batterytemp":[24.0,23.0,48.0],"triggerrate":[0.0,0.0,16.800115584795222],"triggersremaining":[22433.0,22433.0,22488.0],"crcerrors":[null,null,0.0]}