{"datalatency":[8.160941000000001],"sensoruptime":[53.41722222222222,52.41722222222222,53.41722222222222],"battvoltage":[12.589,12.642999999999999,12.115],"arrayvoltage":[0.555,1.166,42.861999999999995],"chargecurrent":[0.0,0.0,7.356],"chargestate":[3.0,3.0,6.0],"loadpower":[13.729716000000002,13.74817,8.875646],"batterytemp":[13.0,16.0,30.0],"triggerrate":[0.0,0.2,0.6],"triggersremaining":[22207.0,22207.0,22254.0],"crcerrors":[0.0,0.0,0.0]}