{"datalatency":[8.748727],"sensoruptime":[100.58222222222223,99.59916666666666,100.58222222222223],"battvoltage":[13.293,13.449000000000002,12.03],"arrayvoltage":[33.260999999999996,33.786,41.65],"chargecurrent":[3.503,3.964,11.832],"chargestate":[5.0,5.0,6.0],"loadpower":[15.299010999999998,10.6712,9.0954],"batterytemp":[27.0,29.0,34.0],"triggerrate":[0.0,0.0,0.6],"triggersremaining":[21524.0,21527.0,21615.0],"crcerrors":[0.0,0.0,0.0]}