{"datalatency":[8.164546],"sensoruptime":[5.118055555555555,4.135,114.10888888888888],"battvoltage":[11.800999999999998,11.902000000000001,11.469000000000001],"arrayvoltage":[12.567,32.764,35.4],"chargecurrent":[0.0,0.534,6.643],"chargestate":[5.0,5.0,5.0],"loadpower":[13.701444,13.812694,0.0],"batterytemp":[19.0,21.0,27.0],"triggerrate":[0.0,0.0,0.6],"triggersremaining":[21919.0,21924.0,21952.0],"crcerrors":[0.0,0.0,0.0]}