{"datalatency":[7.5095600000000005],"sensoruptime":[170.57111111111112,169.58777777777777,170.57111111111112],"battvoltage":[14.24,14.175,12.183],"arrayvoltage":[42.471000000000004,42.038000000000004,43.121],"chargecurrent":[3.786,4.672,10.794],"chargestate":[6.0,6.0,6.0],"loadpower":[10.971356,9.120828000000001,8.596613999999999],"batterytemp":[27.0,29.0,31.0],"triggerrate":[0.0,0.0,0.8],"triggersremaining":[20369.0,20370.0,20460.0],"crcerrors":[0.0,0.0,0.0]}