{"datalatency":[7.821613],"sensoruptime":[null,null,62.22694444444444],"battvoltage":[12.415,12.418,11.456],"arrayvoltage":[0.6679999999999999,0.775,40.738],"chargecurrent":[0.0,0.0,11.615],"chargestate":[3.0,3.0,6.0],"loadpower":[0.0,0.0,0.0],"batterytemp":[15.0,15.0,34.0],"triggerrate":[null,null,0.2],"triggersremaining":[null,null,18415.0],"crcerrors":[0.0,null,0.0]}