{"datalatency":[20.014824],"sensoruptime":[53.66111111111111,52.67805555555555,53.66111111111111],"battvoltage":[12.405,12.405,11.874],"arrayvoltage":[15.231,16.305999999999997,16.653],"chargecurrent":[2.312,3.09,10.463],"ledstate":[6.0,8.0,8.0],"loadpower":[23.353032,22.638646,21.727188],"batterytemp":[48.0,46.0,49.0],"triggerrate":[0.0,0.0,1.4],"triggersremaining":[1510.0,1510.0,1628.0],"crcerrors":[0.0,0.0,0.0]}