{"datalatency":[21.826094],"sensoruptime":[29.183055555555555,28.183333333333334,29.183055555555555],"battvoltage":[12.14,12.177,12.07],"arrayvoltage":[0.0,0.031,18.872],"chargecurrent":[0.002,0.002,10.158],"ledstate":[6.0,6.0,8.0],"loadpower":[24.19536,24.388820000000003,22.619726999999994],"batterytemp":[24.0,25.0,50.0],"triggerrate":[0.0,0.0,1.2000506661391244],"triggersremaining":[22427.0,22428.0,22433.0],"crcerrors":[null,null,0.0]}