{"datalatency":[77.54715],"sensoruptime":[154.335,153.33527777777778,154.335],"battvoltage":[12.329,12.347000000000001,12.253],"arrayvoltage":[0.015,0.012,18.066],"chargecurrent":[0.002,0.005,9.651],"ledstate":[6.0,6.0,6.0],"loadpower":[23.079591999999995,23.328398000000004,22.10415],"batterytemp":[32.0,33.0,55.0],"triggerrate":[0.0,0.0,1.6],"triggersremaining":[6176.0,6176.0,6259.0],"crcerrors":[0.0,0.0,0.0]}