{"datalatency":[7.5785420000000006],"sensoruptime":[55.76138888888889,54.76138888888889,55.76138888888889],"battvoltage":[12.366,14.139000000000001,11.645999999999999],"arrayvoltage":[35.843,40.039,40.738],"chargecurrent":[0.86,3.179,11.615],"chargestate":[5.0,6.0,6.0],"loadpower":[13.479648000000003,13.25457,9.041284000000001],"batterytemp":[24.0,30.0,34.0],"triggerrate":[0.0,0.0,0.4],"triggersremaining":[18410.0,18410.0,18419.0],"crcerrors":[0.0,0.0,0.0]}