{"datalatency":[8.473569000000001],"sensoruptime":[40.757222222222225,39.774166666666666,40.757222222222225],"battvoltage":[12.375,12.392999999999999,12.112],"arrayvoltage":[0.665,0.583,41.489],"chargecurrent":[0.0,0.0,11.902999999999999],"chargestate":[3.0,3.0,6.0],"loadpower":[13.603088000000003,13.610016,9.02565],"batterytemp":[16.0,16.0,35.0],"triggerrate":[0.0,0.0,0.4],"triggersremaining":[21650.0,21651.0,21668.0],"crcerrors":[0.0,0.0,0.0]}