{"datalatency":[37.78587],"sensoruptime":[null,null,null],"battvoltage":[12.475999999999999,12.482000000000001,10.477],"arrayvoltage":[0.705,0.742,43.57899999999999],"chargecurrent":[0.0,0.0,2.897],"chargestate":[3.0,3.0,7.0],"loadpower":[0.0,0.0,0.0],"batterytemp":[13.0,13.0,24.0],"triggerrate":[null,null,null],"triggersremaining":[null,null,null],"crcerrors":[28.0,null,20.0]}