{"datalatency":[7.634817000000001],"sensoruptime":[184.56916666666666,183.56916666666666,184.56916666666666],"battvoltage":[12.32,12.36,12.183],"arrayvoltage":[0.6409999999999999,0.644,43.121],"chargecurrent":[0.0,0.0,10.794],"chargestate":[3.0,3.0,6.0],"loadpower":[13.588032,13.751216000000003,8.98432],"batterytemp":[7.0,7.0,29.0],"triggerrate":[0.0,0.0,0.4],"triggersremaining":[20362.0,20363.0,20377.0],"crcerrors":[0.0,0.0,0.0]}