{"datalatency":[7.042962],"sensoruptime":[152.24055555555555,151.24083333333334,152.24055555555555],"battvoltage":[12.642999999999999,14.252,11.868],"arrayvoltage":[25.54,28.659000000000002,42.465],"chargecurrent":[0.08,3.1689999999999996,15.0],"chargestate":[5.0,5.0,6.0],"loadpower":[13.773396,14.497335000000003,8.596613999999999],"batterytemp":[18.0,24.0,33.0],"triggerrate":[0.2,0.2,6.4],"triggersremaining":[20408.0,20428.0,21106.0],"crcerrors":[0.0,0.0,0.0]}