{"datalatency":[8.056792],"sensoruptime":[28.087222222222223,27.104166666666668,28.087222222222223],"battvoltage":[12.642999999999999,13.15,12.07],"arrayvoltage":[13.287,37.161,41.821000000000005],"chargecurrent":[0.0,1.273,7.474],"chargestate":[5.0,5.0,6.0],"loadpower":[13.773396,13.479318000000003,8.72505],"batterytemp":[14.0,20.0,28.0],"triggerrate":[0.0,0.0,1.4],"triggersremaining":[22254.0,22255.0,22377.0],"crcerrors":[0.0,0.0,0.0]}