{"datalatency":[22.546277],"sensoruptime":[321.35583333333335,320.3588888888889,321.35583333333335],"battvoltage":[12.482000000000001,12.683,12.253],"arrayvoltage":[14.937999999999999,15.964,18.753],"chargecurrent":[0.382,1.5290000000000001,11.622],"ledstate":[6.0,6.0,6.0],"loadpower":[24.505443,23.780624,20.870528999999998],"batterytemp":[36.0,43.0,50.0],"triggerrate":[0.0,0.0,1.2000000000000002],"triggersremaining":[12626.0,12626.0,12632.0],"crcerrors":[0.0,0.0,2.0]}