{"datalatency":[8.823576000000001],"sensoruptime":[121.57944444444445,120.59611111111111,121.57944444444445],"battvoltage":[12.332,12.335,12.073],"arrayvoltage":[32.324,32.22,41.65],"chargecurrent":[1.8719999999999999,2.063,9.252],"chargestate":[5.0,5.0,6.0],"loadpower":[13.899099,14.371096999999999,8.207364000000002],"batterytemp":[26.0,24.0,32.0],"triggerrate":[0.2,0.8,0.8],"triggersremaining":[21443.0,21447.0,21531.0],"crcerrors":[0.0,0.0,0.0]}