{"datalatency":[14.47234],"sensoruptime":[3.081111111111111,2.0813888888888887,null],"battvoltage":[13.684000000000001,13.718,11.328],"arrayvoltage":[18.1,18.649,19.949],"chargecurrent":[5.2620000000000005,4.609,10.963],"ledstate":[5.0,5.0,10.0],"loadpower":[22.548455999999995,22.4631,5.908896],"batterytemp":[45.0,44.0,50.0],"triggerrate":[0.0,0.0,null],"triggersremaining":[14570.0,14570.0,null],"crcerrors":[0.0,0.0,0.0]}