{"datalatency":[16.999223],"sensoruptime":[448.00555555555553,447.0083333333333,448.00555555555553],"battvoltage":[12.137,12.14,12.027000000000001],"arrayvoltage":[0.021,0.021,17.487000000000002],"chargecurrent":[0.005,0.005,10.864],"ledstate":[6.0,6.0,8.0],"loadpower":[23.619951999999998,24.292384000000002,21.481326],"batterytemp":[29.0,29.0,49.0],"triggerrate":[0.0,0.0,16.8],"triggersremaining":[11710.0,11711.0,12594.0],"crcerrors":[0.0,0.0,2.0]}