{"datalatency":[22.568882000000002],"sensoruptime":[42.51444444444444,41.51444444444444,42.51444444444444],"battvoltage":[12.177,12.1,12.048],"arrayvoltage":[16.843,16.217,18.436],"chargecurrent":[1.5319999999999998,0.701,7.774],"ledstate":[8.0,8.0,8.0],"loadpower":[23.3464,24.246611999999995,22.552155],"batterytemp":[32.0,32.0,48.0],"triggerrate":[0.0,0.0,2.4000255842727283],"triggersremaining":[22317.0,22323.0,22430.0],"crcerrors":[null,null,0.0]}