{"datalatency":[7.028727000000001],"sensoruptime":[149.57444444444445,148.57444444444445,149.57444444444445],"battvoltage":[14.175,14.175,11.868],"arrayvoltage":[41.965,42.102,42.465],"chargecurrent":[3.991,4.467,15.0],"chargestate":[6.0,6.0,6.0],"loadpower":[11.140272,9.133216,8.596613999999999],"batterytemp":[29.0,29.0,33.0],"triggerrate":[0.2,0.0,6.4],"triggersremaining":[20441.0,20454.0,21386.0],"crcerrors":[0.0,0.0,0.0]}