{"datalatency":[38.144304000000005],"sensoruptime":[null,0.6633333333333333,1.8325],"battvoltage":[12.549000000000001,11.911,10.443],"arrayvoltage":[11.917,33.008,45.523],"chargecurrent":[0.0,0.273,2.6189999999999998],"chargestate":[5.0,5.0,7.0],"loadpower":[0.0,13.812694,0.0],"batterytemp":[0.0,3.0,10.0],"triggerrate":[null,0.0,null],"triggersremaining":[null,0.0,0.0],"crcerrors":[7.0,0.0,1.0]}