{"datalatency":[11.785328000000002],"sensoruptime":[16.735,15.735277777777778,null],"battvoltage":[12.14,12.14,11.264000000000001],"arrayvoltage":[0.107,0.107,19.733],"chargecurrent":[0.005,0.005,9.152999999999999],"ledstate":[6.0,6.0,11.0],"loadpower":[23.601632,23.552576,0.0],"batterytemp":[29.0,29.0,53.0],"triggerrate":[0.0,0.0,null],"triggersremaining":[13515.0,13516.0,null],"crcerrors":[0.0,0.0,2.0]}