{"datalatency":[8.068215],"sensoruptime":[44.91833333333334,43.935,44.91833333333334],"battvoltage":[14.139000000000001,13.87,12.115],"arrayvoltage":[40.866,36.725,41.821000000000005],"chargecurrent":[5.141,5.607,7.356],"chargestate":[6.0,5.0,6.0],"loadpower":[9.118872,10.025089999999999,8.72505],"batterytemp":[30.0,20.0,30.0],"triggerrate":[0.0,0.0,0.6],"triggersremaining":[22215.0,22216.0,22261.0],"crcerrors":[0.0,0.0,0.0]}