{"datalatency":[7.634116000000001],"sensoruptime":[200.40027777777777,199.41694444444445,200.40027777777777],"battvoltage":[12.637,13.135,12.106],"arrayvoltage":[13.651,33.929,41.711000000000006],"chargecurrent":[0.0,1.379,9.777000000000001],"chargestate":[5.0,5.0,6.0],"loadpower":[13.773396,13.831258,9.02565],"batterytemp":[17.0,24.0,34.0],"triggerrate":[0.0,0.0,0.4],"triggersremaining":[20349.0,20351.0,20366.0],"crcerrors":[0.0,0.0,0.0]}