{"datalatency":[15.557835],"sensoruptime":[123.88555555555556,122.88861111111112,123.88555555555556],"battvoltage":[12.482000000000001,12.61,12.079],"arrayvoltage":[16.452,16.357,16.846],"chargecurrent":[2.72,4.678999999999999,10.972000000000001],"ledstate":[8.0,8.0,8.0],"loadpower":[23.385590999999994,22.068414,21.720998],"batterytemp":[41.0,39.0,54.0],"triggerrate":[0.0,0.0,1.2000000000000002],"triggersremaining":[13077.0,13077.0,13085.0],"crcerrors":[0.0,0.0,2.0]}