{"datalatency":[16.541261000000002],"sensoruptime":[169.54472222222222,168.545,169.54472222222222],"battvoltage":[12.292,11.911,11.795],"arrayvoltage":[15.823,16.116,17.245],"chargecurrent":[6.148,1.5490000000000002,12.144],"ledstate":[8.0,8.0,8.0],"loadpower":[23.285232000000004,23.231781000000005,21.472317999999998],"batterytemp":[38.0,35.0,51.0],"triggerrate":[0.0,0.0,8.4],"triggersremaining":[12701.0,12701.0,12944.0],"crcerrors":[0.0,0.0,2.0]}