{"datalatency":[21.71636],"sensoruptime":[11.213055555555556,10.213333333333333,57.48722222222222],"battvoltage":[11.798,11.835,11.639000000000001],"arrayvoltage":[0.021,0.021,17.242],"chargecurrent":[0.005,0.002,12.284],"ledstate":[8.0,8.0,10.0],"loadpower":[24.067553999999998,23.397717000000004,6.942914999999999],"batterytemp":[25.0,25.0,48.0],"triggerrate":[0.0,0.0,7.200004464002768],"triggersremaining":[22166.0,22166.0,22301.0],"crcerrors":[null,null,0.0]}