{"datalatency":[20.257689000000003],"sensoruptime":[311.65555555555557,310.6558333333333,311.65555555555557],"battvoltage":[12.329,13.245,11.987],"arrayvoltage":[15.767999999999999,14.011,18.167],"chargecurrent":[1.4709999999999999,9.209,9.62],"ledstate":[6.0,6.0,8.0],"loadpower":[23.87752,25.087872,22.125905999999997],"batterytemp":[46.0,55.0,55.0],"triggerrate":[1.4,0.0,1.4],"triggersremaining":[3140.0,3177.0,3275.0],"crcerrors":[0.0,0.0,0.0]}