{"datalatency":[17.707162],"sensoruptime":[53.665,52.665277777777774,53.665],"battvoltage":[13.547,13.547,12.274000000000001],"arrayvoltage":[18.124000000000002,17.697,18.448],"chargecurrent":[4.462,5.421,7.945],"ledstate":[5.0,5.0,6.0],"loadpower":[22.668324,23.085614999999997,21.948113000000003],"batterytemp":[50.0,50.0,53.0],"triggerrate":[0.0,0.0,0.2],"triggersremaining":[7045.0,7045.0,7051.0],"crcerrors":[0.0,0.0,0.0]}