{"datalatency":[37.694014],"sensoruptime":[null,null,null],"battvoltage":[12.567,12.575999999999999,10.665999999999999],"arrayvoltage":[0.6990000000000001,4.9319999999999995,43.448],"chargecurrent":[0.002,0.0,5.0760000000000005],"chargestate":[3.0,3.0,8.0],"loadpower":[0.0,0.0,0.0],"batterytemp":[13.0,15.0,26.0],"triggerrate":[null,null,null],"triggersremaining":[null,null,null],"crcerrors":[0.0,null,0.0]}