{"datalatency":[7.925694000000001],"sensoruptime":[14.600833333333334,13.6175,31.859444444444446],"battvoltage":[11.761,11.800999999999998,11.465],"arrayvoltage":[0.708,0.742,42.996],"chargecurrent":[0.0,0.0,15.002],"chargestate":[3.0,3.0,6.0],"loadpower":[13.634908000000001,13.677901999999998,0.0],"batterytemp":[4.0,5.0,28.0],"triggerrate":[0.0,0.0,2.0],"triggersremaining":[18426.0,18427.0,18561.0],"crcerrors":[0.0,0.0,4.0]}