{"datalatency":[7.730116000000001],"sensoruptime":[53.095,52.111666666666665,53.095],"battvoltage":[14.084000000000001,14.110999999999999,11.645999999999999],"arrayvoltage":[39.438,39.760999999999996,42.148],"chargecurrent":[5.189,5.457000000000001,11.615],"chargestate":[6.0,6.0,6.0],"loadpower":[9.13725,9.499949999999998,8.418894],"batterytemp":[32.0,31.0,34.0],"triggerrate":[0.0,0.0,0.4],"triggersremaining":[18410.0,18410.0,18419.0],"crcerrors":[0.0,0.0,0.0]}