{"datalatency":[14.332478],"sensoruptime":[373.18444444444447,372.1875,373.18444444444447],"battvoltage":[12.253,12.292,12.064],"arrayvoltage":[0.067,5.5760000000000005,17.78],"chargecurrent":[0.005,0.002,10.61],"ledstate":[6.0,6.0,8.0],"loadpower":[24.163733999999998,23.97056,20.806074],"batterytemp":[29.0,33.0,52.0],"triggerrate":[0.0,0.0,4.800000000000001],"triggersremaining":[12609.0,12609.0,12619.0],"crcerrors":[0.0,0.0,2.0]}