{"datalatency":[12.607521],"sensoruptime":[44.109722222222224,43.11,44.109722222222224],"battvoltage":[11.71,11.758,11.652000000000001],"arrayvoltage":[0.0,0.0,17.334],"chargecurrent":[0.005,0.005,11.398],"chargestate":[3.0,3.0,6.0],"loadpower":[23.43336,23.121967,21.713829000000004],"batterytemp":[25.0,25.0,52.0],"triggerrate":[0.0,0.0,6.0],"triggersremaining":[20760.0,20761.0,21171.0],"crcerrors":[0.0,0.0,1.0]}