{"datalatency":[17.980847],"sensoruptime":[177.34805555555556,176.365,177.34805555555556],"battvoltage":[12.183,12.216,12.183],"arrayvoltage":[0.018000000000000002,0.021,17.969],"chargecurrent":[0.005,0.005,9.81],"ledstate":[6.0,6.0,6.0],"loadpower":[23.658980000000003,24.115104000000002,21.942296000000002],"batterytemp":[31.0,32.0,52.0],"triggerrate":[0.0,0.0,6.4],"triggersremaining":[5814.0,5814.0,6176.0],"crcerrors":[0.0,0.0,0.0]}