{"datalatency":[7.933245],"sensoruptime":[32.086666666666666,31.10361111111111,32.086666666666666],"battvoltage":[12.475999999999999,12.512,12.07],"arrayvoltage":[0.5710000000000001,0.568,41.821000000000005],"chargecurrent":[0.0,0.0,7.474],"chargestate":[3.0,3.0,6.0],"loadpower":[13.606320000000002,13.646724,8.72505],"batterytemp":[6.0,7.0,28.0],"triggerrate":[0.0,0.2,1.4],"triggersremaining":[22248.0,22249.0,22357.0],"crcerrors":[0.0,0.0,0.0]}