{"datalatency":[75.715908],"sensoruptime":[132.005,131.005,132.005],"battvoltage":[12.338,12.369000000000002,12.216],"arrayvoltage":[0.0,0.0,18.167],"chargecurrent":[0.005,0.005,7.931],"ledstate":[6.0,6.0,6.0],"loadpower":[23.500836000000003,23.676012,21.885253],"batterytemp":[31.0,32.0,57.0],"triggerrate":[0.2,0.0,0.6],"triggersremaining":[6258.0,6259.0,6290.0],"crcerrors":[0.0,0.0,0.0]}