{"datalatency":[8.212473000000001],"sensoruptime":[0.9536111111111111,null,null],"battvoltage":[11.923,12.595,10.944],"arrayvoltage":[0.919,0.851,41.791000000000004],"chargecurrent":[0.0,0.002,2.923],"chargestate":[3.0,3.0,6.0],"loadpower":[13.830124,0.0,0.0],"batterytemp":[12.0,12.0,32.0],"triggerrate":[0.0,null,null],"triggersremaining":[18371.0,null,null],"crcerrors":[0.0,0.0,0.0]}