{"datalatency":[27.21854],"sensoruptime":[18.351388888888888,17.354444444444443,31.89388888888889],"battvoltage":[13.559000000000001,13.565,12.07],"arrayvoltage":[15.533,18.414,18.872],"chargecurrent":[3.657,3.972,10.158],"ledstate":[5.0,5.0,8.0],"loadpower":[24.150516,23.610594,7.371546],"batterytemp":[48.0,49.0,50.0],"triggerrate":[0.0,0.0,16.800115584795222],"triggersremaining":[22430.0,22430.0,22486.0],"crcerrors":[null,null,0.0]}