{"datalatency":[12.637006000000001],"sensoruptime":[41.23166666666667,40.23444444444444,41.23166666666667],"battvoltage":[12.14,12.177,12.033],"arrayvoltage":[0.107,0.198,17.526],"chargecurrent":[0.005,0.005,10.985],"ledstate":[6.0,6.0,8.0],"loadpower":[22.970432000000002,23.491936,21.514706],"batterytemp":[29.0,29.0,50.0],"triggerrate":[0.0,1.2000000000000002,2.4000000000000004],"triggersremaining":[13480.0,13485.0,13515.0],"crcerrors":[0.0,0.0,2.0]}