{"datalatency":[8.289034000000001],"sensoruptime":[32.75833333333333,31.775277777777777,32.75833333333333],"battvoltage":[12.628,12.671,12.112],"arrayvoltage":[3.384,28.375,41.489],"chargecurrent":[0.0,0.37200000000000005,11.902999999999999],"chargestate":[3.0,5.0,6.0],"loadpower":[13.773396,13.87134,9.02565],"batterytemp":[21.0,25.0,35.0],"triggerrate":[0.0,0.0,1.0],"triggersremaining":[21653.0,21654.0,21713.0],"crcerrors":[0.0,0.0,0.0]}