{"datalatency":[19.546112],"sensoruptime":[241.53416666666666,240.53722222222223,241.53416666666666],"battvoltage":[12.674000000000001,12.1,12.073],"arrayvoltage":[16.656,16.016,18.073],"chargecurrent":[3.718,0.46399999999999997,8.75],"ledstate":[8.0,8.0,8.0],"loadpower":[22.464225,21.860514,21.252608000000002],"batterytemp":[32.0,26.0,52.0],"triggerrate":[0.0,0.0,1.2000000000000002],"triggersremaining":[12676.0,12676.0,12683.0],"crcerrors":[0.0,0.0,2.0]}