{"datalatency":[8.416801000000001],"sensoruptime":[56.92166666666667,55.92166666666667,56.92166666666667],"battvoltage":[12.604000000000001,12.579,12.18],"arrayvoltage":[1.2790000000000001,27.679000000000002,40.146],"chargecurrent":[0.002,0.297,10.228],"chargestate":[3.0,5.0,6.0],"loadpower":[13.754862000000001,13.7885,8.80245],"batterytemp":[22.0,25.0,34.0],"triggerrate":[0.0,0.0,0.2],"triggersremaining":[21645.0,21646.0,21653.0],"crcerrors":[0.0,0.0,0.0]}