{"datalatency":[8.144872000000001],"sensoruptime":[66.74861111111112,65.74888888888889,66.74861111111112],"battvoltage":[12.216,12.222000000000001,12.145999999999999],"arrayvoltage":[26.785,10.507,42.861999999999995],"chargecurrent":[0.215,0.0,7.356],"chargestate":[5.0,3.0,6.0],"loadpower":[13.435584,14.167103999999998,8.875646],"batterytemp":[13.0,13.0,30.0],"triggerrate":[0.0,0.0,0.8],"triggersremaining":[22148.0,22151.0,22216.0],"crcerrors":[0.0,0.0,0.0]}