{"datalatency":[8.053477],"sensoruptime":[79.24694444444444,78.24722222222222,79.24694444444444],"battvoltage":[12.085,12.106,12.082],"arrayvoltage":[0.8420000000000001,0.873,35.016],"chargecurrent":[0.002,0.0,2.8360000000000003],"chargestate":[3.0,3.0,5.0],"loadpower":[14.035798,14.035798,13.31694],"batterytemp":[12.0,11.0,20.0],"triggerrate":[0.0,0.6,4.4],"triggersremaining":[22031.0,22044.0,22204.0],"crcerrors":[0.0,0.0,0.0]}