{"datalatency":[7.805015000000001],"sensoruptime":[9.50388888888889,8.504166666666666,62.22694444444444],"battvoltage":[11.562999999999999,14.297,11.319],"arrayvoltage":[34.183,29.904,42.471000000000004],"chargecurrent":[0.053,2.495,5.733],"chargestate":[5.0,6.0,6.0],"loadpower":[14.162034,14.565586000000001,0.0],"batterytemp":[18.0,25.0,28.0],"triggerrate":[0.2,0.0,0.5],"triggersremaining":[18397.0,18399.0,18409.0],"crcerrors":[0.0,0.0,0.0]}