{"datalatency":[33.260183000000005],"sensoruptime":[14.854722222222222,13.857777777777779,31.89388888888889],"battvoltage":[13.593,13.434000000000001,12.07],"arrayvoltage":[16.537,15.14,18.692],"chargecurrent":[7.711,8.646,10.950999999999999],"ledstate":[5.0,6.0,8.0],"loadpower":[23.845700999999995,24.280398,7.371546],"batterytemp":[48.0,47.0,49.0],"triggerrate":[0.0,0.0,16.800115584795222],"triggersremaining":[22431.0,22431.0,22487.0],"crcerrors":[null,null,0.0]}