{"datalatency":[8.229193],"sensoruptime":[82.08,81.09666666666666,82.08],"battvoltage":[12.03,12.050999999999998,12.03],"arrayvoltage":[0.754,0.726,35.016],"chargecurrent":[0.0,0.0,2.8360000000000003],"chargestate":[3.0,3.0,5.0],"loadpower":[13.968000000000002,13.989318,13.31694],"batterytemp":[12.0,12.0,20.0],"triggerrate":[0.4,0.0,4.4],"triggersremaining":[21998.0,22009.0,22202.0],"crcerrors":[0.0,0.0,0.0]}