{"datalatency":[37.784109],"sensoruptime":[2.223611111111111,1.2238888888888888,7.746944444444445],"battvoltage":[12.314,13.831,10.802999999999999],"arrayvoltage":[30.96,31.598000000000003,38.15],"chargecurrent":[1.102,1.754,3.1860000000000004],"chargestate":[5.0,5.0,6.0],"loadpower":[13.8105,14.622563,0.0],"batterytemp":[27.0,25.0,28.0],"triggerrate":[0.0,0.0,null],"triggersremaining":[11687.0,11687.0,12014.0],"crcerrors":[0.0,0.0,0.0]}