{"datalatency":[8.186278],"sensoruptime":[0.04972222222222222,null,11.33388888888889],"battvoltage":[11.163,12.415,10.427999999999999],"arrayvoltage":[32.327,1.041,41.791000000000004],"chargecurrent":[0.33799999999999997,0.0,2.923],"chargestate":[5.0,3.0,6.0],"loadpower":[13.824712,0.0,0.0],"batterytemp":[9.0,8.0,32.0],"triggerrate":[0.0,null,0.8],"triggersremaining":[18367.0,null,18392.0],"crcerrors":[0.0,0.0,0.0]}