{"datalatency":[16.498527],"sensoruptime":[151.71472222222224,150.715,151.71472222222224],"battvoltage":[12.433,12.722999999999999,11.870999999999999],"arrayvoltage":[16.119,15.091,17.215],"chargecurrent":[3.812,8.488999999999999,12.144],"ledstate":[8.0,8.0,8.0],"loadpower":[22.835736000000004,22.488158,21.472317999999998],"batterytemp":[48.0,47.0,51.0],"triggerrate":[1.2000000000000002,0.0,3.6],"triggersremaining":[12906.0,12915.0,13051.0],"crcerrors":[0.0,0.0,2.0]}