{"datalatency":[16.692336],"sensoruptime":[155.7136111111111,154.7136111111111,155.7136111111111],"battvoltage":[12.03,12.1,11.870999999999999],"arrayvoltage":[12.686,14.215,17.245],"chargecurrent":[0.017,0.40299999999999997,12.144],"ledstate":[8.0,8.0,8.0],"loadpower":[23.879856000000004,23.668163999999997,21.472317999999998],"batterytemp":[34.0,40.0,51.0],"triggerrate":[0.0,0.0,8.4],"triggersremaining":[12706.0,12706.0,12976.0],"crcerrors":[0.0,0.0,2.0]}