{"datalatency":[17.191999000000003],"sensoruptime":[456.67083333333335,455.6738888888889,456.67083333333335],"battvoltage":[12.1,12.064,11.984000000000002],"arrayvoltage":[16.016,16.409000000000002,17.487000000000002],"chargecurrent":[1.4040000000000001,0.9540000000000001,10.864],"ledstate":[8.0,8.0,8.0],"loadpower":[23.463296999999994,23.021754,21.481326],"batterytemp":[32.0,29.0,49.0],"triggerrate":[0.0,0.0,16.8],"triggersremaining":[11707.0,11709.0,12465.0],"crcerrors":[0.0,0.0,2.0]}