{"datalatency":[18.001659],"sensoruptime":[179.54333333333332,178.54638888888888,179.54333333333332],"battvoltage":[12.103,12.177,11.795],"arrayvoltage":[13.065,16.843,17.38],"chargecurrent":[0.08199999999999999,0.56,11.315],"ledstate":[8.0,8.0,8.0],"loadpower":[23.922152,23.031072,21.720450999999997],"batterytemp":[38.0,49.0,53.0],"triggerrate":[0.0,0.0,1.2000000000000002],"triggersremaining":[12693.0,12693.0,12706.0],"crcerrors":[0.0,0.0,2.0]}