{"datalatency":[17.949362],"sensoruptime":[197.87416666666667,196.87416666666667,197.87416666666667],"battvoltage":[12.964,12.9,11.800999999999998],"arrayvoltage":[15.14,15.378,18.445],"chargecurrent":[8.69,8.842,10.325],"ledstate":[8.0,8.0,8.0],"loadpower":[22.518834,22.540654,21.692814],"batterytemp":[48.0,46.0,53.0],"triggerrate":[0.0,0.0,1.2000000000000002],"triggersremaining":[12688.0,12688.0,12699.0],"crcerrors":[0.0,0.0,2.0]}