{"datalatency":[12.300531000000001],"sensoruptime":[22.946666666666665,21.946944444444444,null],"battvoltage":[11.722000000000001,11.758,11.722000000000001],"arrayvoltage":[12.991,2.0780000000000003,17.526],"chargecurrent":[0.106,0.002,10.419],"chargestate":[5.0,3.0,5.0],"loadpower":[23.355465000000002,23.069143999999998,6.167125],"batterytemp":[25.0,25.0,49.0],"triggerrate":[0.0,0.0,null],"triggersremaining":[21171.0,21171.0,null],"crcerrors":[0.0,0.0,0.0]}