{"datalatency":[22.512252],"sensoruptime":[11.483333333333333,10.483611111111111,null],"battvoltage":[12.369000000000002,12.424000000000001,12.369000000000002],"arrayvoltage":[0.027000000000000003,0.107,20.032],"chargecurrent":[0.005,0.002,7.09],"chargestate":[3.0,3.0,7.0],"loadpower":[24.330933,24.426602999999997,11.041264],"batterytemp":[29.0,30.0,47.0],"triggerrate":[null,null,null],"triggersremaining":[22491.0,22491.0,null],"crcerrors":[null,null,0.0]}