{"datalatency":[16.907921],"sensoruptime":[null,null,null],"battvoltage":[13.037,13.684000000000001,12.18],"arrayvoltage":[18.121,18.982,19.625999999999998],"chargecurrent":[1.189,2.7760000000000002,5.361000000000001],"chargestate":[5.0,6.0,6.0],"loadpower":[5.656740000000001,4.928268000000001,4.102919999999999],"batterytemp":[41.0,45.0,45.0],"triggerrate":[null,null,null],"triggersremaining":[null,null,null],"crcerrors":[null,null,null]}