{"datalatency":[19.626225],"sensoruptime":[246.9986111111111,245.9986111111111,246.9986111111111],"battvoltage":[12.064,12.1,11.993],"arrayvoltage":[0.021,0.125,16.653],"chargecurrent":[0.002,0.002,9.992],"ledstate":[8.0,8.0,8.0],"loadpower":[24.078063,23.788673999999997,21.95131],"batterytemp":[32.0,34.0,50.0],"triggerrate":[0.2,0.8,8.0],"triggersremaining":[3411.0,3444.0,4166.0],"crcerrors":[0.0,0.0,0.0]}