{"datalatency":[11.687459],"sensoruptime":[null,null,7.133055555555556],"battvoltage":[13.116,12.079,11.31],"arrayvoltage":[16.898,16.504,19.949],"chargecurrent":[1.8630000000000002,0.638,12.057],"ledstate":[6.0,10.0,10.0],"loadpower":[8.285337,8.046063000000002,5.92988],"batterytemp":[29.0,27.0,50.0],"triggerrate":[null,null,1.2000000000000002],"triggersremaining":[null,null,14577.0],"crcerrors":[null,null,0.0]}