{"datalatency":[5.514255],"sensoruptime":[null,null,18.859444444444446],"battvoltage":[12.079,12.1,11.456],"arrayvoltage":[0.021,0.024,17.825],"chargecurrent":[0.002,0.005,11.344000000000001],"chargestate":[3.0,3.0,6.0],"loadpower":[8.048689000000001,8.618744,0.0],"batterytemp":[25.0,25.0,47.0],"triggerrate":[null,null,1.2000000000000002],"triggersremaining":[null,null,22152.0],"crcerrors":[null,null,0.0]}