{"datalatency":[18.807927],"sensoruptime":[26.150277777777777,25.150555555555556,26.150277777777777],"battvoltage":[13.092,13.129000000000001,12.064],"arrayvoltage":[16.803,16.214000000000002,20.032],"chargecurrent":[7.0489999999999995,9.586,10.168],"chargestate":[5.0,5.0,7.0],"loadpower":[23.542614999999998,23.81868,22.619726999999994],"batterytemp":[41.0,38.0,47.0],"triggerrate":[null,null,null],"triggersremaining":[22487.0,22487.0,22493.0],"crcerrors":[null,null,0.0]}