{"datalatency":[23.402004],"sensoruptime":[25.98361111111111,24.983888888888888,25.98361111111111],"battvoltage":[12.83,12.833,12.064],"arrayvoltage":[16.653,16.782,20.032],"chargecurrent":[4.3,4.952,10.168],"chargestate":[5.0,5.0,7.0],"loadpower":[23.667945,24.025611999999995,22.619726999999994],"batterytemp":[42.0,37.0,47.0],"triggerrate":[null,null,null],"triggersremaining":[22487.0,22487.0,22493.0],"crcerrors":[null,null,0.0]}