{"datalatency":[19.670941000000003],"sensoruptime":[4.381388888888889,3.381388888888889,20.196666666666665],"battvoltage":[13.663,13.715,11.224],"arrayvoltage":[18.832,17.267,19.54],"chargecurrent":[2.761,6.5760000000000005,8.165],"ledstate":[5.0,5.0,11.0],"loadpower":[25.640972,25.833368000000004,0.0],"batterytemp":[46.0,44.0,49.0],"triggerrate":[0.0,0.0,1.2000000000000002],"triggersremaining":[14558.0,14559.0,14564.0],"crcerrors":[0.0,0.0,0.0]}