{"datalatency":[18.117900000000002],"sensoruptime":[192.87472222222223,191.87777777777777,192.87472222222223],"battvoltage":[11.835,11.835,11.800999999999998],"arrayvoltage":[16.116,13.864,17.38],"chargecurrent":[0.391,0.244,11.315],"ledstate":[8.0,8.0,8.0],"loadpower":[22.375916999999998,23.802616999999994,21.720450999999997],"batterytemp":[27.0,25.0,53.0],"triggerrate":[0.0,0.0,1.2000000000000002],"triggersremaining":[12689.0,12690.0,12701.0],"crcerrors":[0.0,0.0,2.0]}