{"datalatency":[37.609304],"sensoruptime":[0.715,null,null],"battvoltage":[12.183,12.450999999999999,10.287],"arrayvoltage":[32.766999999999996,24.511999999999997,38.15],"chargecurrent":[1.0,0.053,3.1860000000000004],"chargestate":[5.0,5.0,6.0],"loadpower":[13.666552,0.0,0.0],"batterytemp":[17.0,14.0,27.0],"triggerrate":[0.0,null,0.8],"triggersremaining":[11673.0,null,null],"crcerrors":[0.0,0.0,0.0]}