{"datalatency":[17.046591],"sensoruptime":[453.33805555555557,452.3411111111111,453.33805555555557],"battvoltage":[11.987,12.015,11.987],"arrayvoltage":[12.549000000000001,0.0,17.487000000000002],"chargecurrent":[0.002,0.002,10.864],"ledstate":[8.0,8.0,8.0],"loadpower":[23.842225,23.63865,21.481326],"batterytemp":[27.0,27.0,49.0],"triggerrate":[0.0,0.0,16.8],"triggersremaining":[11709.0,11709.0,12576.0],"crcerrors":[0.0,0.0,2.0]}