{"datalatency":[8.372908],"sensoruptime":[2.9294444444444445,1.9294444444444445,null],"battvoltage":[13.831,13.802999999999999,11.478],"arrayvoltage":[37.161,36.188,37.939],"chargecurrent":[11.395,14.030999999999999,15.0],"chargestate":[6.0,6.0,6.0],"loadpower":[9.975166999999999,10.70238,0.0],"batterytemp":[40.0,41.0,41.0],"triggerrate":[0.0,0.0,null],"triggersremaining":[21738.0,21741.0,null],"crcerrors":[0.0,0.0,0.0]}