{"datalatency":[7.749806],"sensoruptime":[35.0975,34.114444444444445,35.0975],"battvoltage":[12.054,12.075999999999999,11.49],"arrayvoltage":[0.763,0.748,42.148],"chargecurrent":[0.0,0.0,12.352],"chargestate":[3.0,3.0,6.0],"loadpower":[13.989318,14.032311999999997,8.277874],"batterytemp":[11.0,12.0,29.0],"triggerrate":[0.0,0.0,0.4],"triggersremaining":[18418.0,18418.0,18429.0],"crcerrors":[0.0,0.0,0.0]}