{"datalatency":[25.899648000000003],"sensoruptime":[null,null,null],"battvoltage":[13.727,13.696,12.491],"arrayvoltage":[41.284,41.06100000000001,43.881],"chargecurrent":[1.5219999999999998,1.476,2.781],"chargestate":[7.0,7.0,8.0],"loadpower":[0.0,0.0,0.0],"batterytemp":[24.0,25.0,26.0],"triggerrate":[null,null,null],"triggersremaining":[null,null,null],"crcerrors":[0.0,null,0.0]}