{"datalatency":[47.405961000000005],"sensoruptime":[null,null,null],"battvoltage":[12.642999999999999,12.997,12.28],"arrayvoltage":[13.280999999999999,27.151,44.098],"chargecurrent":[0.0,0.222,4.486000000000001],"chargestate":[5.0,5.0,8.0],"loadpower":[0.0,0.0,0.0],"batterytemp":[16.0,18.0,24.0],"triggerrate":[null,null,null],"triggersremaining":[null,null,null],"crcerrors":[null,null,null]}