{"datalatency":[8.547616],"sensoruptime":[47.08972222222222,46.10638888888889,47.08972222222222],"battvoltage":[12.341,12.244000000000002,12.18],"arrayvoltage":[36.234,12.890999999999998,41.489],"chargecurrent":[0.945,0.0,11.902999999999999],"chargestate":[5.0,3.0,6.0],"loadpower":[13.41572,14.212421999999998,9.02565],"batterytemp":[16.0,15.0,35.0],"triggerrate":[0.0,0.0,0.4],"triggersremaining":[21648.0,21648.0,21659.0],"crcerrors":[0.0,0.0,0.0]}