{"datalatency":[8.396326],"sensoruptime":[2.262777777777778,1.2797222222222222,null],"battvoltage":[13.802999999999999,13.745,11.478],"arrayvoltage":[36.304,34.344,37.939],"chargecurrent":[13.241,14.997,15.0],"chargestate":[6.0,5.0,6.0],"loadpower":[10.414238999999998,10.9152,0.0],"batterytemp":[41.0,35.0,41.0],"triggerrate":[0.0,0.0,null],"triggersremaining":[21740.0,21742.0,null],"crcerrors":[0.0,0.0,0.0]}