{"datalatency":[20.367348],"sensoruptime":[321.81666666666666,320.81666666666666,321.81666666666666],"battvoltage":[12.027000000000001,12.064,11.987],"arrayvoltage":[0.012,0.021,18.167],"chargecurrent":[0.005,0.012,9.62],"ledstate":[8.0,8.0,8.0],"loadpower":[23.915892,23.686367999999998,22.125905999999997],"batterytemp":[30.0,29.0,55.0],"triggerrate":[0.0,0.0,14.8],"triggersremaining":[1909.0,1913.0,3213.0],"crcerrors":[0.0,0.0,0.0]}