{"datalatency":[37.792483000000004],"sensoruptime":[2.5255555555555556,1.5255555555555556,7.746944444444445],"battvoltage":[11.565999999999999,11.874,10.287],"arrayvoltage":[26.116999999999997,30.666999999999998,38.15],"chargecurrent":[0.309,0.672,3.1860000000000004],"chargestate":[5.0,5.0,6.0],"loadpower":[13.466013000000002,13.821948000000003,0.0],"batterytemp":[25.0,25.0,27.0],"triggerrate":[0.0,0.0,2.0],"triggersremaining":[11684.0,11684.0,11752.0],"crcerrors":[0.0,0.0,0.0]}