{"datalatency":[27.101411000000002],"sensoruptime":[3.714166666666667,2.7144444444444447,57.48722222222222],"battvoltage":[12.216,12.216,11.639000000000001],"arrayvoltage":[17.038,15.332,17.78],"chargecurrent":[2.162,0.945,12.284],"ledstate":[8.0,8.0,10.0],"loadpower":[24.072556000000002,23.683308,6.942914999999999],"batterytemp":[34.0,43.0,48.0],"triggerrate":[0.0,0.0,7.200004464002768],"triggersremaining":[22178.0,22178.0,22334.0],"crcerrors":[null,null,0.0]}