{"datalatency":[5.010491],"sensoruptime":[1.7302777777777778,0.7305555555555555,null],"battvoltage":[11.673,11.765,11.328],"arrayvoltage":[0.11900000000000001,12.579,19.949],"chargecurrent":[0.005,0.051,9.745],"ledstate":[10.0,10.0,10.0],"loadpower":[23.36226,23.914855999999997,5.908896],"batterytemp":[31.0,37.0,51.0],"triggerrate":[0.0,0.0,null],"triggersremaining":[14568.0,14568.0,null],"crcerrors":[0.0,0.0,0.0]}