{"datalatency":[19.292173000000002],"sensoruptime":[230.53583333333333,229.5361111111111,230.53583333333333],"battvoltage":[12.253,12.292,11.950999999999999],"arrayvoltage":[0.107,0.107,18.372],"chargecurrent":[0.005,0.005,8.75],"ledstate":[6.0,6.0,8.0],"loadpower":[23.833226999999997,23.600648,21.252608000000002],"batterytemp":[27.0,29.0,52.0],"triggerrate":[0.0,0.0,1.2000000000000002],"triggersremaining":[12680.0,12680.0,12686.0],"crcerrors":[0.0,0.0,2.0]}