{"datalatency":[11.14626],"sensoruptime":[14.715277777777779,13.715277777777779,20.196666666666665],"battvoltage":[11.603,11.594000000000001,11.224],"arrayvoltage":[0.128,0.107,19.736],"chargecurrent":[0.002,0.005,8.165],"ledstate":[10.0,10.0,11.0],"loadpower":[23.744997999999995,23.502111999999997,0.0],"batterytemp":[27.0,28.0,50.0],"triggerrate":[0.0,0.0,1.2000000000000002],"triggersremaining":[14556.0,14556.0,14561.0],"crcerrors":[0.0,0.0,0.0]}