{"datalatency":[17.013393],"sensoruptime":[5.683333333333334,4.683333333333334,null],"battvoltage":[12.955,13.585999999999999,11.31],"arrayvoltage":[16.153,15.579,19.531],"chargecurrent":[3.114,5.329,12.99],"ledstate":[6.0,6.0,11.0],"loadpower":[27.127625,26.58274,0.0],"batterytemp":[40.0,39.0,41.0],"triggerrate":[0.0,0.0,null],"triggersremaining":[14570.0,14572.0,null],"crcerrors":[0.0,0.0,0.0]}