{"datalatency":[10.122602],"sensoruptime":[null,null,0.018333333333333333],"battvoltage":[14.749,13.388,12.567],"arrayvoltage":[32.955999999999996,29.796999999999997,43.347],"chargecurrent":[0.602,0.319,2.227],"chargestate":[6.0,5.0,7.0],"loadpower":[0.0,0.0,0.0],"batterytemp":[10.0,11.0,20.0],"triggerrate":[null,null,0.0],"triggersremaining":[null,null,0.0],"crcerrors":[0.0,null,1.0]}