{"datalatency":[22.253258000000002],"sensoruptime":[320.3561111111111,319.3588888888889,320.3561111111111],"battvoltage":[12.683,12.597999999999999,12.253],"arrayvoltage":[15.964,16.217,18.753],"chargecurrent":[1.534,1.867,11.622],"ledstate":[6.0,6.0,6.0],"loadpower":[23.829884,23.28225,20.870528999999998],"batterytemp":[43.0,38.0,50.0],"triggerrate":[0.0,0.0,1.2000000000000002],"triggersremaining":[12626.0,12627.0,12632.0],"crcerrors":[0.0,0.0,2.0]}