{"datalatency":[7.019376],"sensoruptime":[157.07333333333332,156.09,157.07333333333332],"battvoltage":[12.436,12.450999999999999,11.868],"arrayvoltage":[0.61,0.616,42.465],"chargecurrent":[0.0,0.0,15.0],"chargestate":[3.0,3.0,6.0],"loadpower":[14.019875999999998,13.588574,8.596613999999999],"batterytemp":[11.0,11.0,33.0],"triggerrate":[0.0,0.0,1.0],"triggersremaining":[20394.0,20397.0,20489.0],"crcerrors":[0.0,0.0,0.0]}