{"datalatency":[37.576403],"sensoruptime":[4.714166666666666,3.7311111111111113,5.173333333333333],"battvoltage":[14.495999999999999,14.495999999999999,10.287],"arrayvoltage":[42.365,41.605,43.448],"chargecurrent":[2.846,3.068,5.0760000000000005],"chargestate":[8.0,8.0,8.0],"loadpower":[13.554134999999999,10.51711,0.0],"batterytemp":[25.0,25.0,26.0],"triggerrate":[0.0,0.0,2.8],"triggersremaining":[11629.0,11632.0,11687.0],"crcerrors":[0.0,0.0,0.0]}