{"datalatency":[12.398627000000001],"sensoruptime":[25.779722222222222,24.7825,25.779722222222222],"battvoltage":[11.774000000000001,11.722000000000001,11.682],"arrayvoltage":[16.217,16.217,17.526],"chargecurrent":[1.3619999999999999,0.618,10.419],"chargestate":[5.0,5.0,6.0],"loadpower":[22.91648,23.67843,21.71104],"batterytemp":[30.0,27.0,49.0],"triggerrate":[0.0,0.0,8.4],"triggersremaining":[21155.0,21162.0,21504.0],"crcerrors":[0.0,0.0,0.0]}