{"datalatency":[14.329270000000001],"sensoruptime":[36.11416666666667,35.114444444444445,36.11416666666667],"battvoltage":[12.064,12.164000000000001,11.652000000000001],"arrayvoltage":[13.004000000000001,16.119,17.334],"chargecurrent":[0.09699999999999999,0.512,11.398],"chargestate":[5.0,5.0,6.0],"loadpower":[24.077898,23.698112,21.713829000000004],"batterytemp":[38.0,50.0,52.0],"triggerrate":[1.2000000000000002,0.0,8.4],"triggersremaining":[20989.0,21042.0,21412.0],"crcerrors":[0.0,0.0,0.0]}