{"datalatency":[20.564482],"sensoruptime":[44.68083333333333,43.68361111111111,44.68083333333333],"battvoltage":[11.993,12.14,11.993],"arrayvoltage":[12.655999999999999,17.776,17.78],"chargecurrent":[0.017,1.551,7.774],"ledstate":[8.0,8.0,8.0],"loadpower":[24.728375,25.263919999999995,22.552155],"batterytemp":[32.0,33.0,40.0],"triggerrate":[0.0,0.0,2.4000255842727283],"triggersremaining":[22316.0,22317.0,22429.0],"crcerrors":[null,null,0.0]}