{"datalatency":[19.349978],"sensoruptime":[211.84277777777777,210.84277777777777,211.84277777777777],"battvoltage":[12.787,12.253,12.03],"arrayvoltage":[15.231,16.989,16.995],"chargecurrent":[5.332000000000001,2.247,8.96],"ledstate":[8.0,8.0,8.0],"loadpower":[22.367928,23.492700000000003,22.120514],"batterytemp":[44.0,36.0,57.0],"triggerrate":[0.0,0.0,2.4],"triggersremaining":[5629.0,5629.0,5812.0],"crcerrors":[0.0,0.0,0.0]}