{"datalatency":[21.049243],"sensoruptime":[48.32861111111111,47.32888888888889,48.32861111111111],"battvoltage":[11.954,11.948,11.874],"arrayvoltage":[16.168,15.872,18.222],"chargecurrent":[1.036,0.841,10.26],"ledstate":[8.0,8.0,8.0],"loadpower":[23.393434000000003,23.857495,21.692814],"batterytemp":[34.0,32.0,49.0],"triggerrate":[0.0,0.0,1.4],"triggersremaining":[1511.0,1512.0,1670.0],"crcerrors":[0.0,0.0,0.0]}