{"datalatency":[57.815049],"sensoruptime":[65.84805555555556,64.86472222222223,65.84805555555556],"battvoltage":[12.253,12.234000000000002,12.219000000000001],"arrayvoltage":[16.168,14.655,17.917],"chargecurrent":[0.401,0.275,9.262],"ledstate":[6.0,6.0,6.0],"loadpower":[22.24368,24.164238,21.796613999999998],"batterytemp":[30.0,29.0,58.0],"triggerrate":[0.0,0.0,0.2],"triggersremaining":[6316.0,6316.0,6322.0],"crcerrors":[0.0,0.0,0.0]}