{"datalatency":[38.159813],"sensoruptime":[0.010555555555555556,0.015555555555555555,1.8325],"battvoltage":[14.789000000000001,14.828,10.526],"arrayvoltage":[42.56,42.038000000000004,44.531000000000006],"chargecurrent":[1.6740000000000002,1.6840000000000002,2.6189999999999998],"chargestate":[6.0,6.0,7.0],"loadpower":[14.395332,14.12208,0.0],"batterytemp":[9.0,8.0,19.0],"triggerrate":[0.0,null,0.0],"triggersremaining":[0.0,0.0,0.0],"crcerrors":[6.0,1.0,1.0]}