{"datalatency":[72.458533],"sensoruptime":[24.653055555555557,23.653333333333332,24.653055555555557],"battvoltage":[12.823,12.329,12.308],"arrayvoltage":[14.937999999999999,15.142999999999999,19.229],"chargecurrent":[2.044,0.797,8.175],"ledstate":[6.0,6.0,6.0],"loadpower":[23.263275,27.02828,21.744449999999997],"batterytemp":[43.0,35.0,54.0],"triggerrate":[0.0,0.0,0.6],"triggersremaining":[7052.0,7053.0,7078.0],"crcerrors":[0.0,0.0,0.0]}