{"datalatency":[20.499893],"sensoruptime":[12.649722222222222,11.65,null],"battvoltage":[12.329,12.369000000000002,12.325999999999999],"arrayvoltage":[0.021,0.021,20.032],"chargecurrent":[0.005,0.005,7.09],"chargestate":[3.0,3.0,7.0],"loadpower":[24.702416,24.341849999999997,11.041264],"batterytemp":[27.0,28.0,47.0],"triggerrate":[null,null,null],"triggersremaining":[22490.0,22491.0,null],"crcerrors":[null,null,0.0]}