{"datalatency":[8.369555],"sensoruptime":[3.651111111111111,2.6702777777777778,null],"battvoltage":[12.399000000000001,12.469000000000001,11.307],"arrayvoltage":[17.822,27.588,40.985],"chargecurrent":[0.005,0.22899999999999998,3.0660000000000003],"chargestate":[5.0,5.0,6.0],"loadpower":[19.70184,14.715260000000002,0.0],"batterytemp":[26.0,26.0,27.0],"triggerrate":[19.8,13.8,null],"triggersremaining":[18682.0,19865.0,null],"crcerrors":[4.0,1.0,4.0]}