{"datalatency":[20.238641],"sensoruptime":[540.8244444444445,539.8275,540.8244444444445],"battvoltage":[11.770999999999999,11.804,11.606],"arrayvoltage":[0.107,12.439,17.575],"chargecurrent":[0.005,0.017,11.448],"ledstate":[8.0,8.0,10.0],"loadpower":[24.008823999999997,23.943056,22.237292000000004],"batterytemp":[32.0,37.0,51.0],"triggerrate":[0.0,1.2000000000000002,3.6],"triggersremaining":[11267.0,11270.0,11322.0],"crcerrors":[0.0,0.0,2.0]}