{"datalatency":[21.192991000000003],"sensoruptime":[null,3.787777777777778,null],"battvoltage":[13.280999999999999,14.481,11.493],"arrayvoltage":[29.391,38.046,45.004],"chargecurrent":[0.324,1.6980000000000002,2.194],"chargestate":[5.0,6.0,6.0],"loadpower":[0.0,13.762034999999997,0.0],"batterytemp":[16.0,19.0,22.0],"triggerrate":[null,29.4,null],"triggersremaining":[null,14705.0,null],"crcerrors":[5.0,1.0,5.0]}