{"datalatency":[14.075082],"sensoruptime":[null,null,20.196666666666665],"battvoltage":[12.292,12.253,11.224],"arrayvoltage":[14.107999999999999,13.763,19.305],"chargecurrent":[0.22699999999999998,0.145,7.371],"ledstate":[11.0,11.0,11.0],"loadpower":[0.0,0.0,0.0],"batterytemp":[20.0,20.0,49.0],"triggerrate":[null,null,null],"triggersremaining":[null,null,14564.0],"crcerrors":[0.0,null,0.0]}