{"datalatency":[19.225161],"sensoruptime":[null,null,null],"battvoltage":[11.661,11.645999999999999,null],"arrayvoltage":[15.192,3.537,null],"chargecurrent":[0.33299999999999996,0.005,null],"chargestate":[5.0,3.0,null],"loadpower":[7.443200000000001,7.8386200000000015,null],"batterytemp":[18.0,18.0,null],"triggerrate":[null,null,0.0],"triggersremaining":[null,null,null],"crcerrors":[null,null,null]}