{"datalatency":[8.562138000000001],"sensoruptime":[42.923611111111114,41.94027777777778,42.923611111111114],"battvoltage":[12.299000000000001,12.335,12.112],"arrayvoltage":[0.65,0.607,41.489],"chargecurrent":[0.0,0.0,11.902999999999999],"chargestate":[3.0,3.0,6.0],"loadpower":[14.255415999999999,13.711112000000002,9.02565],"batterytemp":[16.0,16.0,35.0],"triggerrate":[0.0,0.0,0.4],"triggersremaining":[21650.0,21650.0,21663.0],"crcerrors":[0.0,0.0,0.0]}