{"datalatency":[8.379699],"sensoruptime":[2.1102777777777777,1.1105555555555555,114.10888888888888],"battvoltage":[11.493,11.533,11.469000000000001],"arrayvoltage":[0.589,0.574,35.4],"chargecurrent":[0.0,0.0,6.643],"chargestate":[3.0,3.0,5.0],"loadpower":[14.14781,14.197170000000002,0.0],"batterytemp":[14.0,15.0,27.0],"triggerrate":[1.0,0.4,1.6],"triggersremaining":[21749.0,21776.0,21935.0],"crcerrors":[0.0,0.0,0.0]}