{"datalatency":[8.174129],"sensoruptime":[107.24305555555556,106.26,107.24305555555556],"battvoltage":[11.618,11.645999999999999,11.615],"arrayvoltage":[0.98,1.022,34.863],"chargecurrent":[0.0,0.0,1.423],"chargestate":[3.0,3.0,5.0],"loadpower":[13.955105,14.290140000000001,12.790060000000002],"batterytemp":[14.0,13.0,16.0],"triggerrate":[0.0,0.0,0.6],"triggersremaining":[21937.0,21937.0,21990.0],"crcerrors":[0.0,0.0,0.0]}