{"datalatency":[13.331261000000001],"sensoruptime":[60.895,59.897777777777776,60.895],"battvoltage":[12.198,12.216,12.015],"arrayvoltage":[0.021,11.581,17.000999999999998],"chargecurrent":[0.002,0.0,10.545],"ledstate":[8.0,8.0,8.0],"loadpower":[23.622488,23.285232000000004,21.262392999999996],"batterytemp":[32.0,35.0,52.0],"triggerrate":[0.0,0.0,6.0],"triggersremaining":[13105.0,13106.0,13505.0],"crcerrors":[0.0,0.0,2.0]}