{"datalatency":[37.673688000000006],"sensoruptime":[null,null,9.396944444444445],"battvoltage":[12.537,12.450999999999999,10.665999999999999],"arrayvoltage":[26.851999999999997,7.028,43.448],"chargecurrent":[0.133,0.002,5.0760000000000005],"chargestate":[5.0,3.0,8.0],"loadpower":[0.0,0.0,0.0],"batterytemp":[8.0,8.0,26.0],"triggerrate":[0.0,null,19.2],"triggersremaining":[null,null,11673.0],"crcerrors":[0.0,0.0,0.0]}