{"datalatency":[75.892284],"sensoruptime":[67.18111111111111,66.18111111111111,67.18111111111111],"battvoltage":[13.015999999999998,12.225,12.216],"arrayvoltage":[15.770999999999999,14.940999999999999,17.965999999999998],"chargecurrent":[4.96,0.447,9.262],"ledstate":[6.0,6.0,6.0],"loadpower":[22.609323,22.73808,21.730287],"batterytemp":[35.0,31.0,58.0],"triggerrate":[0.0,0.0,0.2],"triggersremaining":[6316.0,6316.0,6322.0],"crcerrors":[0.0,0.0,0.0]}