{"datalatency":[7.587935000000001],"sensoruptime":[4.268888888888889,3.2691666666666666,31.859444444444446],"battvoltage":[13.333,13.100999999999999,11.465],"arrayvoltage":[35.788000000000004,35.4,42.065],"chargecurrent":[2.747,2.363,15.002],"chargestate":[5.0,5.0,6.0],"loadpower":[10.636926,11.736291,0.0],"batterytemp":[23.0,23.0,28.0],"triggerrate":[0.0,0.0,2.0],"triggersremaining":[18433.0,18434.0,18585.0],"crcerrors":[1.0,0.0,4.0]}