{"datalatency":[5.345999],"sensoruptime":[15.046944444444444,14.047222222222222,null],"battvoltage":[12.234000000000002,12.28,12.1],"arrayvoltage":[0.021,0.015,18.439],"chargecurrent":[0.005,0.005,9.9],"ledstate":[6.0,6.0,8.0],"loadpower":[24.615468,24.457518,5.933112000000001],"batterytemp":[29.0,29.0,52.0],"triggerrate":[0.0,0.0,null],"triggersremaining":[14663.0,14663.0,null],"crcerrors":[0.0,0.0,0.0]}