{"datalatency":[7.472886000000001],"sensoruptime":[176.73666666666668,175.7536111111111,176.73666666666668],"battvoltage":[12.604000000000001,12.857000000000001,12.183],"arrayvoltage":[10.73,19.043,43.121],"chargecurrent":[0.0,0.698,10.794],"chargestate":[3.0,5.0,6.0],"loadpower":[13.704570000000002,13.022685000000001,8.98432],"batterytemp":[14.0,19.0,29.0],"triggerrate":[0.0,0.0,0.6],"triggersremaining":[20364.0,20368.0,20404.0],"crcerrors":[0.0,0.0,0.0]}