{"datalatency":[7.648922000000001],"sensoruptime":[211.06527777777777,210.06555555555556,211.06527777777777],"battvoltage":[12.259,12.299000000000001,12.106],"arrayvoltage":[0.9279999999999999,0.9520000000000001,41.711000000000006],"chargecurrent":[0.0,0.0,9.777000000000001],"chargestate":[3.0,3.0,6.0],"loadpower":[14.187959999999999,14.194075999999999,9.02565],"batterytemp":[13.0,13.0,34.0],"triggerrate":[0.0,0.6,0.6],"triggersremaining":[20323.0,20328.0,20357.0],"crcerrors":[0.0,0.0,0.0]}