{"datalatency":[25.823047000000003],"sensoruptime":[null,null,null],"battvoltage":[13.812000000000001,13.696,12.491],"arrayvoltage":[36.368,39.13,43.881],"chargecurrent":[1.474,1.493,2.781],"chargestate":[7.0,7.0,7.0],"loadpower":[0.0,0.0,0.0],"batterytemp":[21.0,25.0,26.0],"triggerrate":[null,null,null],"triggersremaining":[null,null,null],"crcerrors":[0.0,null,0.0]}