{"datalatency":[8.722227],"sensoruptime":[81.585,80.585,81.585],"battvoltage":[12.415,12.450999999999999,12.183],"arrayvoltage":[0.613,10.132,38.708],"chargecurrent":[0.0,0.0,8.752],"chargestate":[3.0,3.0,6.0],"loadpower":[13.820543999999998,13.865184,9.957479999999999],"batterytemp":[19.0,20.0,34.0],"triggerrate":[0.0,0.0,0.6],"triggersremaining":[21603.0,21603.0,21645.0],"crcerrors":[0.0,0.0,0.0]}