{"datalatency":[12.393344],"sensoruptime":[27.61277777777778,26.61277777777778,27.61277777777778],"battvoltage":[11.731,12.375,11.682],"arrayvoltage":[16.217,16.8,17.526],"chargecurrent":[0.7829999999999999,4.865,10.419],"chargestate":[5.0,5.0,6.0],"loadpower":[23.14161,22.25136,21.71104],"batterytemp":[31.0,33.0,49.0],"triggerrate":[0.0,0.0,8.4],"triggersremaining":[21119.0,21155.0,21430.0],"crcerrors":[0.0,0.0,0.0]}