{"datalatency":[8.735209000000001],"sensoruptime":[102.91527777777777,101.91555555555556,102.91527777777777],"battvoltage":[12.700999999999999,13.37,12.03],"arrayvoltage":[30.814,33.258,41.65],"chargecurrent":[1.186,3.16,11.832],"chargestate":[5.0,5.0,6.0],"loadpower":[13.940472,14.867823,8.207364000000002],"batterytemp":[26.0,27.0,32.0],"triggerrate":[0.2,0.2,0.6],"triggersremaining":[21512.0,21518.0,21609.0],"crcerrors":[0.0,0.0,0.0]}