{"datalatency":[38.085146],"sensoruptime":[null,null,1.1758333333333333],"battvoltage":[12.527000000000001,12.380999999999998,10.26],"arrayvoltage":[33.005,2.222,34.711],"chargecurrent":[0.22899999999999998,0.0,1.672],"chargestate":[5.0,3.0,5.0],"loadpower":[0.0,0.0,0.0],"batterytemp":[4.0,4.0,19.0],"triggerrate":[0.0,null,0.0],"triggersremaining":[null,null,0.0],"crcerrors":[0.0,0.0,0.0]}