{"datalatency":[24.824988],"sensoruptime":[1.321388888888889,0.32416666666666666,null],"battvoltage":[13.245,12.9,12.530999999999999],"arrayvoltage":[14.169,16.843,19.199],"chargecurrent":[3.01,3.073,6.841],"chargestate":[5.0,5.0,6.0],"loadpower":[25.843604,26.153374,11.041264],"batterytemp":[38.0,27.0,39.0],"triggerrate":[null,null,null],"triggersremaining":[22493.0,22494.0,null],"crcerrors":[0.0,null,0.0]}