{"datalatency":[7.948053000000001],"sensoruptime":[4.090833333333333,3.1075,null],"battvoltage":[12.491,13.235,12.299000000000001],"arrayvoltage":[13.434000000000001,29.883000000000003,44.162],"chargecurrent":[0.0,1.276,2.483],"chargestate":[5.0,7.0,7.0],"loadpower":[13.581400000000002,14.497000000000002,0.0],"batterytemp":[12.0,19.0,19.0],"triggerrate":[0.0,0.0,null],"triggersremaining":[22377.0,22380.0,null],"crcerrors":[0.0,0.0,0.0]}