{"datalatency":[18.096216000000002],"sensoruptime":[199.04055555555556,198.04055555555556,199.04055555555556],"battvoltage":[12.994000000000002,12.975999999999999,11.800999999999998],"arrayvoltage":[15.378,15.378,18.445],"chargecurrent":[8.011000000000001,8.748,9.446],"ledstate":[8.0,8.0,8.0],"loadpower":[22.588514,22.738593,21.692814],"batterytemp":[50.0,48.0,53.0],"triggerrate":[0.0,0.0,1.2000000000000002],"triggersremaining":[12688.0,12688.0,12698.0],"crcerrors":[0.0,0.0,2.0]}