{"datalatency":[7.532204],"sensoruptime":[172.57083333333333,171.57083333333333,172.57083333333333],"battvoltage":[14.331,14.290999999999999,12.183],"arrayvoltage":[42.801,42.92,43.121],"chargecurrent":[3.259,2.991,10.794],"chargestate":[6.0,6.0,6.0],"loadpower":[10.720372,13.350014999999999,8.596613999999999],"batterytemp":[24.0,25.0,30.0],"triggerrate":[0.0,0.0,0.8],"triggersremaining":[20368.0,20369.0,20454.0],"crcerrors":[0.0,0.0,0.0]}