{"datalatency":[8.135572],"sensoruptime":[4.251388888888889,3.2683333333333335,11.270277777777778],"battvoltage":[14.27,14.267000000000001,11.154000000000002],"arrayvoltage":[39.681999999999995,40.738,42.471000000000004],"chargecurrent":[1.945,1.9369999999999998,2.805],"chargestate":[6.0,6.0,6.0],"loadpower":[14.069507999999999,13.902672,0.0],"batterytemp":[26.0,26.0,27.0],"triggerrate":[0.0,0.0,0.4],"triggersremaining":[18390.0,18392.0,18400.0],"crcerrors":[0.0,0.0,0.0]}