{"datalatency":[14.595372000000001],"sensoruptime":[98.55583333333334,97.55611111111111,98.55583333333334],"battvoltage":[12.787,12.597999999999999,12.057],"arrayvoltage":[15.725999999999999,16.409000000000002,17.825],"chargecurrent":[6.706,4.776,9.687000000000001],"ledstate":[8.0,8.0,8.0],"loadpower":[22.155776,22.324943,21.192338],"batterytemp":[43.0,35.0,58.0],"triggerrate":[0.0,0.0,2.4000000000000004],"triggersremaining":[13085.0,13085.0,13096.0],"crcerrors":[0.0,0.0,2.0]}