{"datalatency":[10.012515],"sensoruptime":[7.840277777777778,6.8405555555555555,14.684444444444445],"battvoltage":[13.562000000000001,13.585999999999999,11.425999999999998],"arrayvoltage":[18.796,19.092,19.305],"chargecurrent":[2.6689999999999996,2.713,7.371],"ledstate":[5.0,5.0,11.0],"loadpower":[25.468211999999998,25.640972,0.0],"batterytemp":[49.0,48.0,51.0],"triggerrate":[0.0,0.0,1.2000000000000002],"triggersremaining":[14563.0,14563.0,14566.0],"crcerrors":[0.0,0.0,0.0]}