{"datalatency":[11.615121],"sensoruptime":[13.735555555555555,12.735833333333334,null],"battvoltage":[12.177,12.216,11.264000000000001],"arrayvoltage":[0.107,0.128,19.733],"chargecurrent":[0.002,0.002,9.152999999999999],"ledstate":[6.0,6.0,11.0],"loadpower":[26.505356000000006,26.653536000000003,0.0],"batterytemp":[31.0,32.0,53.0],"triggerrate":[0.0,0.0,null],"triggersremaining":[13516.0,13517.0,null],"crcerrors":[0.0,0.0,2.0]}