{"datalatency":[77.851298],"sensoruptime":[201.99416666666667,200.99416666666667,201.99416666666667],"battvoltage":[12.14,12.155,12.1],"arrayvoltage":[0.021,0.012,17.969],"chargecurrent":[0.005,0.002,8.96],"ledstate":[6.0,6.0,6.0],"loadpower":[23.632050000000003,23.3464,21.987524],"batterytemp":[32.0,32.0,57.0],"triggerrate":[0.0,0.0,2.4],"triggersremaining":[5633.0,5633.0,5814.0],"crcerrors":[0.0,0.0,0.0]}