{"datalatency":[7.927752000000001],"sensoruptime":[43.429722222222225,42.44638888888889,43.429722222222225],"battvoltage":[11.786,11.823,11.49],"arrayvoltage":[0.65,0.647,42.148],"chargecurrent":[0.0,0.0,12.352],"chargestate":[3.0,3.0,6.0],"loadpower":[13.701444,13.878008999999999,8.277874],"batterytemp":[7.0,7.0,29.0],"triggerrate":[0.0,0.0,0.4],"triggersremaining":[18414.0,18415.0,18425.0],"crcerrors":[0.0,0.0,0.0]}