{"datalatency":[8.242558],"sensoruptime":[0.2633333333333333,null,null],"battvoltage":[13.265999999999998,12.207,11.478],"arrayvoltage":[36.472,18.097,37.939],"chargecurrent":[10.332,1.4369999999999998,10.332],"chargestate":[5.0,5.0,5.0],"loadpower":[10.517600000000002,0.0,0.0],"batterytemp":[22.0,13.0,27.0],"triggerrate":[0.0,null,null],"triggersremaining":[21746.0,null,null],"crcerrors":[0.0,0.0,0.0]}