{"datalatency":[8.492396000000001],"sensoruptime":[26.425833333333333,25.426111111111112,26.425833333333333],"battvoltage":[14.084000000000001,14.105,12.112],"arrayvoltage":[40.738,38.577,41.489],"chargecurrent":[4.46,5.624,12.763],"chargestate":[6.0,6.0,6.0],"loadpower":[9.13725,9.506079,9.067364],"batterytemp":[32.0,31.0,41.0],"triggerrate":[0.0,0.0,1.0],"triggersremaining":[21655.0,21656.0,21740.0],"crcerrors":[0.0,0.0,0.0]}