{"datalatency":[7.520037],"sensoruptime":[15.561666666666667,14.561666666666667,227.69416666666666],"battvoltage":[11.838,11.798,11.755],"arrayvoltage":[31.787,32.617,34.763000000000005],"chargecurrent":[1.157,0.932,1.4709999999999999],"chargestate":[5.0,5.0,5.0],"loadpower":[13.878372000000002,13.812694,13.04223],"batterytemp":[20.0,19.0,20.0],"triggerrate":[0.0,0.0,24.0],"triggersremaining":[18587.0,18592.0,20262.0],"crcerrors":[2.0,0.0,3.0]}