{"datalatency":[19.192289000000002],"sensoruptime":[173.18194444444444,172.1988888888889,173.18194444444444],"battvoltage":[12.341,12.445,12.200999999999999],"arrayvoltage":[13.405999999999999,16.217,17.969],"chargecurrent":[0.152,0.983,9.81],"ledstate":[6.0,6.0,6.0],"loadpower":[24.042784,23.199695999999996,21.942296000000002],"batterytemp":[38.0,42.0,52.0],"triggerrate":[0.0,0.0,6.4],"triggersremaining":[5816.0,5816.0,6178.0],"crcerrors":[0.0,0.0,0.0]}