{"datalatency":[8.231236],"sensoruptime":[2.702777777777778,1.7030555555555555,11.33388888888889],"battvoltage":[11.569,13.065,10.427999999999999],"arrayvoltage":[12.21,31.934,43.015],"chargecurrent":[0.0,1.375,3.5439999999999996],"chargestate":[5.0,5.0,6.0],"loadpower":[14.242828,14.330230000000002,0.0],"batterytemp":[20.0,24.0,27.0],"triggerrate":[0.4,0.2,1.0],"triggersremaining":[22461.0,22476.0,22496.0],"crcerrors":[0.0,0.0,0.0]}