{"datalatency":[8.061541],"sensoruptime":[4.504722222222222,3.5213888888888887,62.22694444444444],"battvoltage":[14.297,14.235999999999999,11.319],"arrayvoltage":[42.053000000000004,41.931000000000004,42.471000000000004],"chargecurrent":[2.674,2.7030000000000003,5.872999999999999],"chargestate":[6.0,6.0,6.0],"loadpower":[12.18534,12.41148,0.0],"batterytemp":[25.0,27.0,32.0],"triggerrate":[0.0,0.0,0.5],"triggersremaining":[18400.0,18401.0,18411.0],"crcerrors":[0.0,0.0,0.0]}