{"datalatency":[11.958927000000001],"sensoruptime":[367.0186111111111,366.0188888888889,367.0186111111111],"battvoltage":[12.704,12.674000000000001,12.064],"arrayvoltage":[16.452,16.217,17.633],"chargecurrent":[3.2560000000000002,3.418,10.61],"ledstate":[6.0,6.0,8.0],"loadpower":[22.959418,23.320005000000005,20.806074],"batterytemp":[42.0,41.0,44.0],"triggerrate":[0.0,0.0,4.800000000000001],"triggersremaining":[12611.0,12611.0,12621.0],"crcerrors":[0.0,0.0,2.0]}