{"datalatency":[19.687312000000002],"sensoruptime":[526.8266666666667,525.8266666666667,526.8266666666667],"battvoltage":[11.645999999999999,11.620999999999999,11.606],"arrayvoltage":[15.527000000000001,12.439,17.145],"chargecurrent":[0.365,0.048,3.602],"ledstate":[10.0,10.0,10.0],"loadpower":[22.631488,23.698136,22.003115999999995],"batterytemp":[29.0,28.0,37.0],"triggerrate":[0.0,0.0,3.6],"triggersremaining":[11311.0,11311.0,11427.0],"crcerrors":[0.0,0.0,2.0]}