{"datalatency":[8.680161],"sensoruptime":[83.41805555555555,82.43472222222222,83.41805555555555],"battvoltage":[12.308,12.375,12.183],"arrayvoltage":[0.687,0.7290000000000001,38.708],"chargecurrent":[0.0,0.0,8.752],"chargestate":[3.0,3.0,6.0],"loadpower":[14.255415999999999,13.985752000000002,9.957479999999999],"batterytemp":[19.0,19.0,34.0],"triggerrate":[0.0,0.0,0.6],"triggersremaining":[21600.0,21601.0,21645.0],"crcerrors":[0.0,0.0,0.0]}