{"datalatency":[76.155422],"sensoruptime":[63.31361111111111,62.330555555555556,63.31361111111111],"battvoltage":[12.433,12.445,12.274000000000001],"arrayvoltage":[0.021,0.021,18.410999999999998],"chargecurrent":[0.002,0.005,7.945],"ledstate":[6.0,6.0,6.0],"loadpower":[23.497127999999996,23.99569,21.948113000000003],"batterytemp":[29.0,30.0,55.0],"triggerrate":[0.0,0.0,0.4],"triggersremaining":[7040.0,7040.0,7049.0],"crcerrors":[0.0,0.0,0.0]}