{"datalatency":[19.570669000000002],"sensoruptime":[238.36805555555554,237.36833333333334,238.36805555555554],"battvoltage":[12.106,12.1,11.950999999999999],"arrayvoltage":[14.453,12.677,18.372],"chargecurrent":[0.254,0.005,8.75],"ledstate":[6.0,6.0,8.0],"loadpower":[23.451591999999998,23.535335999999997,21.252608000000002],"batterytemp":[23.0,22.0,52.0],"triggerrate":[0.0,0.0,1.2000000000000002],"triggersremaining":[12677.0,12677.0,12684.0],"crcerrors":[0.0,0.0,2.0]}