{"datalatency":[14.243289],"sensoruptime":[34.28111111111111,33.28138888888889,34.28111111111111],"battvoltage":[12.674000000000001,12.823,11.652000000000001],"arrayvoltage":[15.628,16.409000000000002,17.526],"chargecurrent":[4.129,6.745,11.398],"chargestate":[5.0,5.0,6.0],"loadpower":[23.129927999999996,22.78017,21.713829000000004],"batterytemp":[51.0,48.0,51.0],"triggerrate":[0.0,0.0,8.4],"triggersremaining":[21051.0,21053.0,21424.0],"crcerrors":[0.0,0.0,0.0]}