{"datalatency":[11.341419],"sensoruptime":[8.070277777777777,7.070555555555556,10.618611111111111],"battvoltage":[12.369000000000002,12.445,11.264000000000001],"arrayvoltage":[15.68,17.191,19.733],"chargecurrent":[1.5319999999999998,2.375,9.152999999999999],"ledstate":[6.0,6.0,11.0],"loadpower":[27.282155,26.320099000000003,0.0],"batterytemp":[36.0,35.0,53.0],"triggerrate":[6.0,2.4000000000000004,20.400000000000002],"triggersremaining":[13721.0,13817.0,14551.0],"crcerrors":[11.58953722334004,0.0,2.0]}