{"datalatency":[12.59093],"sensoruptime":[41.065,40.065,41.065],"battvoltage":[12.14,12.177,12.033],"arrayvoltage":[0.107,0.107,17.526],"chargecurrent":[0.002,0.005,10.985],"ledstate":[6.0,6.0,8.0],"loadpower":[23.140224000000003,23.02157,21.514706],"batterytemp":[29.0,29.0,50.0],"triggerrate":[0.0,1.2000000000000002,2.4000000000000004],"triggersremaining":[13480.0,13489.0,13515.0],"crcerrors":[0.0,0.0,2.0]}