{"datalatency":[18.178039000000002],"sensoruptime":[206.0102777777778,205.0102777777778,206.0102777777778],"battvoltage":[12.064,12.07,12.064],"arrayvoltage":[0.0,0.0,17.969],"chargecurrent":[0.005,0.005,8.96],"ledstate":[8.0,8.0,8.0],"loadpower":[23.861439,23.547653999999998,21.987524],"batterytemp":[30.0,30.0,57.0],"triggerrate":[0.0,0.0,2.4],"triggersremaining":[5632.0,5632.0,5813.0],"crcerrors":[0.0,0.0,0.0]}