{"datalatency":[9.619925],"sensoruptime":[0.0038888888888888888,0.008611111111111111,null],"battvoltage":[14.035,14.035,10.352],"arrayvoltage":[42.474,42.221000000000004,44.562],"chargecurrent":[1.4909999999999999,1.51,2.6889999999999996],"chargestate":[7.0,7.0,7.0],"loadpower":[14.385465000000002,14.391567000000002,0.0],"batterytemp":[14.0,14.0,14.0],"triggerrate":[null,null,0.0],"triggersremaining":[0.0,0.0,null],"crcerrors":[1.0,0.0,1.0]}