{"datalatency":[7.712448],"sensoruptime":[185.0688888888889,184.06916666666666,185.0688888888889],"battvoltage":[12.299000000000001,12.335,12.183],"arrayvoltage":[0.644,0.6409999999999999,43.121],"chargecurrent":[0.0,0.0,10.794],"chargestate":[3.0,3.0,6.0],"loadpower":[14.194075999999999,14.178816000000001,8.98432],"batterytemp":[6.0,7.0,29.0],"triggerrate":[0.2,0.0,0.4],"triggersremaining":[20359.0,20362.0,20376.0],"crcerrors":[0.0,0.0,0.0]}