{"datalatency":[37.920589],"sensoruptime":[0.014444444444444444,0.003611111111111111,1.8325],"battvoltage":[14.85,14.023,10.526],"arrayvoltage":[40.738,35.989000000000004,42.858999999999995],"chargecurrent":[1.744,2.266,2.6189999999999998],"chargestate":[6.0,5.0,7.0],"loadpower":[14.154209999999999,14.395413000000003,0.0],"batterytemp":[7.0,4.0,19.0],"triggerrate":[null,0.0,0.0],"triggersremaining":[0.0,0.0,0.0],"crcerrors":[5.0,2.0,1.0]}