{"datalatency":[38.090964],"sensoruptime":[0.445,0.16972222222222222,0.8833333333333333],"battvoltage":[14.545,14.63,10.26],"arrayvoltage":[42.581,43.32899999999999,43.533],"chargecurrent":[2.36,2.556,3.411],"chargestate":[6.0,6.0,6.0],"loadpower":[13.762034999999997,13.802669999999999,0.0],"batterytemp":[17.0,14.0,19.0],"triggerrate":[0.0,0.0,0.0],"triggersremaining":[0.0,0.0,0.0],"crcerrors":[0.0,0.0,0.0]}