{"datalatency":[8.833173],"sensoruptime":[129.57805555555555,128.59472222222223,129.57805555555555],"battvoltage":[12.145999999999999,12.167,12.073],"arrayvoltage":[0.735,1.993,34.378],"chargecurrent":[0.0,0.0,12.84],"chargestate":[3.0,3.0,5.0],"loadpower":[14.51377,14.124109999999998,10.0584],"batterytemp":[22.0,22.0,33.0],"triggerrate":[1.0,1.2,4.8],"triggersremaining":[20977.0,21060.0,21502.0],"crcerrors":[0.0,0.0,0.0]}