{"datalatency":[8.66564],"sensoruptime":[95.41638888888889,94.43305555555555,95.41638888888889],"battvoltage":[12.375,12.097000000000001,12.03],"arrayvoltage":[37.161,23.926,38.708],"chargecurrent":[2.766,0.036000000000000004,8.752],"chargestate":[5.0,5.0,6.0],"loadpower":[13.923215999999998,14.035798,9.957479999999999],"batterytemp":[21.0,18.0,34.0],"triggerrate":[0.0,0.0,0.6],"triggersremaining":[21539.0,21541.0,21641.0],"crcerrors":[0.0,0.0,0.0]}