{"datalatency":[22.723597],"sensoruptime":[347.68555555555554,346.68555555555554,347.68555555555554],"battvoltage":[12.329,12.445,12.109000000000002],"arrayvoltage":[13.08,17.575,17.633],"chargecurrent":[0.034,1.058,12.229000000000001],"ledstate":[6.0,6.0,6.0],"loadpower":[23.919614,23.05098,21.612250999999997],"batterytemp":[34.0,37.0,44.0],"triggerrate":[0.0,0.0,1.2000000000000002],"triggersremaining":[12620.0,12620.0,12626.0],"crcerrors":[0.0,0.0,2.0]}