{"datalatency":[8.25482],"sensoruptime":[0.8697222222222222,null,11.33388888888889],"battvoltage":[14.267000000000001,14.355,10.427999999999999],"arrayvoltage":[39.760999999999996,39.893,43.015],"chargecurrent":[2.247,1.244,3.5439999999999996],"chargestate":[6.0,6.0,6.0],"loadpower":[12.363216,0.0,0.0],"batterytemp":[26.0,23.0,32.0],"triggerrate":[0.0,null,0.4],"triggersremaining":[22493.0,null,22496.0],"crcerrors":[0.0,0.0,0.0]}