{"datalatency":[7.523725000000001],"sensoruptime":[204.73305555555555,203.74972222222223,204.73305555555555],"battvoltage":[12.463,12.491,12.106],"arrayvoltage":[0.653,0.662,41.711000000000006],"chargecurrent":[0.0,0.0,9.777000000000001],"chargestate":[3.0,3.0,6.0],"loadpower":[13.606320000000002,13.631240000000002,9.02565],"batterytemp":[12.0,12.0,34.0],"triggerrate":[0.0,0.0,0.4],"triggersremaining":[20344.0,20348.0,20363.0],"crcerrors":[0.0,0.0,0.0]}