{"datalatency":[12.681984],"sensoruptime":[42.23138888888889,41.23166666666667,42.23138888888889],"battvoltage":[12.125,12.14,12.033],"arrayvoltage":[0.021,0.107,17.526],"chargecurrent":[0.005,0.005,10.985],"ledstate":[6.0,6.0,8.0],"loadpower":[22.955112,22.970432000000002,21.514706],"batterytemp":[29.0,29.0,50.0],"triggerrate":[0.0,0.0,2.4000000000000004],"triggersremaining":[13473.0,13480.0,13515.0],"crcerrors":[0.0,0.0,2.0]}