{"datalatency":[19.469325],"sensoruptime":[238.33555555555554,237.35222222222222,238.33555555555554],"battvoltage":[13.015999999999998,12.445,11.993],"arrayvoltage":[16.022000000000002,15.142999999999999,16.500999999999998],"chargecurrent":[9.017999999999999,2.068,9.827],"ledstate":[6.0,8.0,8.0],"loadpower":[23.561039,25.083432,21.95131],"batterytemp":[46.0,50.0,55.0],"triggerrate":[2.4,0.8,17.6],"triggersremaining":[4059.0,4149.0,5585.0],"crcerrors":[0.0,0.0,0.0]}