{"datalatency":[19.354813],"sensoruptime":[560.155,559.1552777777778,560.155],"battvoltage":[11.569,11.645999999999999,11.53],"arrayvoltage":[16.016,16.217,17.575],"chargecurrent":[0.778,1.249,6.726],"ledstate":[10.0,10.0,10.0],"loadpower":[22.930347,23.188000000000002,21.929781999999996],"batterytemp":[30.0,30.0,49.0],"triggerrate":[0.0,0.0,2.4000000000000004],"triggersremaining":[11252.0,11253.0,11281.0],"crcerrors":[0.0,0.0,2.0]}