{"datalatency":[77.46756],"sensoruptime":[23.82,22.82,null],"battvoltage":[12.808,12.363,12.308],"arrayvoltage":[16.284000000000002,16.55,19.229],"chargecurrent":[4.039,0.638,8.175],"ledstate":[6.0,6.0,6.0],"loadpower":[25.031112,22.967834,7.701440000000001],"batterytemp":[36.0,33.0,54.0],"triggerrate":[0.0,0.0,null],"triggersremaining":[7053.0,7053.0,null],"crcerrors":[0.0,0.0,0.0]}