{"datalatency":[17.51415],"sensoruptime":[182.54305555555555,181.54305555555555,182.54305555555555],"battvoltage":[12.027000000000001,12.061,11.795],"arrayvoltage":[0.021,0.021,17.38],"chargecurrent":[0.005,0.002,11.315],"ledstate":[8.0,8.0,8.0],"loadpower":[24.288263999999998,23.63229,21.720450999999997],"batterytemp":[28.0,29.0,53.0],"triggerrate":[0.0,0.0,1.2000000000000002],"triggersremaining":[12692.0,12692.0,12705.0],"crcerrors":[0.0,0.0,2.0]}