{"datalatency":[7.68801],"sensoruptime":[17.39472222222222,16.41138888888889,227.69416666666666],"battvoltage":[11.838,11.770999999999999,11.755],"arrayvoltage":[31.445,32.077,34.238],"chargecurrent":[0.445,0.9420000000000001,1.4709999999999999],"chargestate":[5.0,5.0,5.0],"loadpower":[13.805890000000002,13.77732,13.408536],"batterytemp":[20.0,20.0,20.0],"triggerrate":[0.0,0.0,24.0],"triggersremaining":[18582.0,18585.0,20171.0],"crcerrors":[2.0,0.0,3.0]}