{"datalatency":[47.402746],"sensoruptime":[null,null,null],"battvoltage":[14.355,14.355,12.28],"arrayvoltage":[42.618,41.01,44.098],"chargecurrent":[1.911,1.9280000000000002,4.486000000000001],"chargestate":[6.0,6.0,8.0],"loadpower":[0.0,0.0,0.0],"batterytemp":[23.0,23.0,24.0],"triggerrate":[null,null,null],"triggersremaining":[null,null,null],"crcerrors":[null,null,null]}