{"datalatency":[8.093224000000001],"sensoruptime":[85.41277777777778,84.42972222222222,85.41277777777778],"battvoltage":[11.978,11.99,11.975],"arrayvoltage":[0.8240000000000001,0.7929999999999999,35.016],"chargecurrent":[0.0,0.0,2.8360000000000003],"chargestate":[3.0,3.0,5.0],"loadpower":[13.901005999999999,13.924932,13.31694],"batterytemp":[11.0,11.0,20.0],"triggerrate":[0.0,0.0,4.4],"triggersremaining":[21978.0,21985.0,22181.0],"crcerrors":[0.0,0.0,0.0]}