{"datalatency":[21.090961],"sensoruptime":[277.8622222222222,276.8652777777778,277.8622222222222],"battvoltage":[12.375,12.405,12.103],"arrayvoltage":[0.085,0.107,18.506],"chargecurrent":[0.005,0.005,9.074],"ledstate":[6.0,6.0,6.0],"loadpower":[23.614227000000003,23.955668999999997,21.141912],"batterytemp":[26.0,29.0,53.0],"triggerrate":[0.0,0.0,2.4000000000000004],"triggersremaining":[12642.0,12642.0,12672.0],"crcerrors":[0.0,0.0,2.0]}