{"datalatency":[7.590943],"sensoruptime":[188.56861111111112,187.58527777777778,188.56861111111112],"battvoltage":[12.207,12.222000000000001,12.183],"arrayvoltage":[0.684,0.6679999999999999,43.121],"chargecurrent":[0.0,0.0,10.794],"chargestate":[3.0,3.0,6.0],"loadpower":[14.102673000000001,14.142719999999999,8.98432],"batterytemp":[4.0,4.0,29.0],"triggerrate":[0.0,0.0,0.4],"triggersremaining":[20356.0,20357.0,20371.0],"crcerrors":[0.0,0.0,0.0]}