{"datalatency":[21.271922],"sensoruptime":[40.532222222222224,39.549166666666665,40.532222222222224],"battvoltage":[11.687999999999999,11.722000000000001,11.687999999999999],"arrayvoltage":[0.107,0.10400000000000001,17.337],"chargecurrent":[0.005,0.005,10.720999999999998],"ledstate":[8.0,8.0,8.0],"loadpower":[24.156899999999997,24.321924,21.698432000000004],"batterytemp":[30.0,30.0,49.0],"triggerrate":[0.0,0.0,16.8],"triggersremaining":[41.0,42.0,1309.0],"crcerrors":[1.9999768521197672,0.0,2.0]}