{"datalatency":[10.106903],"sensoruptime":[null,null,null],"battvoltage":[12.549000000000001,12.567,10.352],"arrayvoltage":[11.917,11.917,44.562],"chargecurrent":[0.0,0.0,2.6889999999999996],"chargestate":[5.0,5.0,7.0],"loadpower":[0.0,0.0,0.0],"batterytemp":[3.0,3.0,16.0],"triggerrate":[null,null,null],"triggersremaining":[null,null,null],"crcerrors":[0.0,null,1.0]}