{"datalatency":[8.041847],"sensoruptime":[null,null,62.22694444444444],"battvoltage":[12.530999999999999,12.54,11.319],"arrayvoltage":[0.919,0.912,42.471000000000004],"chargecurrent":[0.0,0.002,5.733],"chargestate":[3.0,3.0,6.0],"loadpower":[0.0,0.0,0.0],"batterytemp":[7.0,8.0,28.0],"triggerrate":[null,null,0.5],"triggersremaining":[null,null,18408.0],"crcerrors":[0.0,null,0.0]}