{"datalatency":[10.299044],"sensoruptime":[null,0.006944444444444444,0.018333333333333333],"battvoltage":[13.998,13.907,10.595999999999998],"arrayvoltage":[41.821000000000005,41.202,43.347],"chargecurrent":[0.488,1.5819999999999999,2.597],"chargestate":[7.0,7.0,7.0],"loadpower":[0.0,14.264442,0.0],"batterytemp":[15.0,18.0,20.0],"triggerrate":[null,0.0,null],"triggersremaining":[null,0.0,0.0],"crcerrors":[0.0,null,1.0]}