{"datalatency":[14.869943000000001],"sensoruptime":[390.5152777777778,389.5155555555556,390.5152777777778],"battvoltage":[13.205,13.184000000000001,12.027000000000001],"arrayvoltage":[14.499,14.499,18.365],"chargecurrent":[9.301,10.185,10.873],"ledstate":[6.0,6.0,8.0],"loadpower":[22.723512,23.396508,21.833703],"batterytemp":[51.0,44.0,52.0],"triggerrate":[0.0,0.0,1.2000000000000002],"triggersremaining":[12603.0,12604.0,12611.0],"crcerrors":[0.0,0.0,2.0]}