{"datalatency":[38.155425],"sensoruptime":[0.007222222222222222,0.01861111111111111,null],"battvoltage":[14.215,14.151,10.526],"arrayvoltage":[39.871,41.995,45.523],"chargecurrent":[1.619,1.6280000000000001,2.6189999999999998],"chargestate":[7.0,7.0,7.0],"loadpower":[13.645968000000002,13.499485000000002,0.0],"batterytemp":[8.0,10.0,19.0],"triggerrate":[null,0.0,null],"triggersremaining":[0.0,0.0,null],"crcerrors":[6.0,0.0,1.0]}