{"datalatency":[30.875189000000002],"sensoruptime":[1.0,0.0008333333333333334,152.8761111111111],"battvoltage":[12.292,12.491,11.453],"arrayvoltage":[16.852,17.48,18.973],"chargecurrent":[3.865,7.064,10.545],"chargestate":[5,5,6],"loadpower":[26.677944,27.153062999999996,0.0],"batterytemp":[29,20,39],"triggerrate":[null,null,null],"triggersremaining":[14673.0,14674.0,15186.0],"crcerrors":[0.0,null,0.0]}