{"datalatency":[12.660981000000001],"sensoruptime":[46.77611111111111,45.77611111111111,46.77611111111111],"battvoltage":[11.603,11.633,11.578],"arrayvoltage":[12.549000000000001,0.22899999999999998,17.334],"chargecurrent":[0.07,0.002,11.398],"chargestate":[5.0,3.0,6.0],"loadpower":[23.246648,23.361910000000005,21.713829000000004],"batterytemp":[25.0,25.0,52.0],"triggerrate":[0.0,0.0,6.0],"triggersremaining":[20760.0,20760.0,21171.0],"crcerrors":[0.0,0.0,1.0]}