{"datalatency":[25.968500000000002],"sensoruptime":[null,null,null],"battvoltage":[14.215,13.629000000000001,12.642999999999999],"arrayvoltage":[38.571,30.176,42.908],"chargecurrent":[1.4080000000000001,1.1159999999999999,2.781],"chargestate":[6.0,5.0,7.0],"loadpower":[0.0,0.0,0.0],"batterytemp":[28.0,23.0,28.0],"triggerrate":[null,null,null],"triggersremaining":[null,null,null],"crcerrors":[0.0,null,0.0]}