{"datalatency":[20.828838],"sensoruptime":[2.835277777777778,1.8355555555555556,null],"battvoltage":[12.247,12.369000000000002,12.1],"arrayvoltage":[15.234000000000002,14.847000000000001,17.288],"chargecurrent":[1.126,1.157,9.615],"ledstate":[6.0,6.0,8.0],"loadpower":[22.8825,24.129003,6.44844],"batterytemp":[40.0,41.0,57.0],"triggerrate":[0.0,0.0,null],"triggersremaining":[1866.0,1866.0,null],"crcerrors":[0.0,0.0,0.0]}