{"datalatency":[11.837081000000001],"sensoruptime":[17.06833333333333,16.07138888888889,null],"battvoltage":[12.122,12.14,11.264000000000001],"arrayvoltage":[0.107,0.125,19.733],"chargecurrent":[0.002,0.002,9.152999999999999],"ledstate":[6.0,6.0,11.0],"loadpower":[23.765007999999998,23.40704,0.0],"batterytemp":[29.0,29.0,53.0],"triggerrate":[0.0,0.0,null],"triggersremaining":[13515.0,13515.0,null],"crcerrors":[0.0,0.0,2.0]}