{"datalatency":[74.25686],"sensoruptime":[58.51611111111111,57.53277777777778,58.51611111111111],"battvoltage":[12.369000000000002,12.375,12.216],"arrayvoltage":[0.021,0.021,17.917],"chargecurrent":[0.005,0.012,9.262],"ledstate":[6.0,6.0,6.0],"loadpower":[23.69136,23.638941000000003,21.796613999999998],"batterytemp":[29.0,30.0,58.0],"triggerrate":[0.0,0.0,0.2],"triggersremaining":[6318.0,6318.0,6324.0],"crcerrors":[0.0,0.0,0.0]}