{"datalatency":[21.060919000000002],"sensoruptime":[53.01277777777778,52.01583333333333,53.01277777777778],"battvoltage":[11.722000000000001,11.758,11.722000000000001],"arrayvoltage":[0.0,0.0,17.78],"chargecurrent":[0.005,0.002,7.774],"ledstate":[8.0,8.0,8.0],"loadpower":[24.011057000000005,25.516237999999998,22.552155],"batterytemp":[25.0,26.0,40.0],"triggerrate":[0.0,0.0,7.200004464002768],"triggersremaining":[22183.0,22184.0,22427.0],"crcerrors":[null,null,0.0]}