{"datalatency":[7.534523],"sensoruptime":[12.395555555555555,11.4125,227.69416666666666],"battvoltage":[11.870999999999999,11.838,11.755],"arrayvoltage":[33.548,26.328000000000003,36.472],"chargecurrent":[0.498,0.179,3.503],"chargestate":[5.0,5.0,5.0],"loadpower":[13.772448000000002,13.805890000000002,9.995777999999998],"batterytemp":[18.0,17.0,18.0],"triggerrate":[0.2,0.0,24.0],"triggersremaining":[18612.0,18617.0,20289.0],"crcerrors":[2.0,0.0,3.0]}