{"datalatency":[8.179369000000001],"sensoruptime":[72.58111111111111,71.5813888888889,72.58111111111111],"battvoltage":[12.384,12.642999999999999,12.145999999999999],"arrayvoltage":[31.644000000000002,34.28,42.861999999999995],"chargecurrent":[0.44,1.901,3.095],"chargestate":[5.0,5.0,6.0],"loadpower":[13.548096000000001,13.89423,11.2528],"batterytemp":[17.0,19.0,29.0],"triggerrate":[0.4,0.0,4.4],"triggersremaining":[22082.0,22113.0,22213.0],"crcerrors":[0.0,0.0,0.0]}