{"datalatency":[9.478946],"sensoruptime":[10.837777777777777,9.838055555555556,10.837777777777777],"battvoltage":[11.652000000000001,11.874,11.285],"arrayvoltage":[8.472000000000001,13.379000000000001,19.965],"chargecurrent":[0.002,0.222,7.916],"ledstate":[10.0,10.0,11.0],"loadpower":[27.702659999999998,27.619611000000006,0.0],"batterytemp":[34.0,42.0,51.0],"triggerrate":[0.0,0.0,1.2000000000000002],"triggersremaining":[14565.0,14565.0,14568.0],"crcerrors":[0.0,0.0,0.0]}