{"datalatency":[10.079199000000001],"sensoruptime":[7.173611111111111,6.1738888888888885,14.684444444444445],"battvoltage":[13.585999999999999,13.663,11.425999999999998],"arrayvoltage":[18.896,19.092,19.305],"chargecurrent":[2.725,2.742,7.371],"ledstate":[5.0,5.0,11.0],"loadpower":[25.63529,25.757688,0.0],"batterytemp":[48.0,46.0,51.0],"triggerrate":[0.0,0.0,1.2000000000000002],"triggersremaining":[14563.0,14563.0,14566.0],"crcerrors":[0.0,0.0,0.0]}