{"datalatency":[7.473988],"sensoruptime":[162.73888888888888,161.73916666666668,162.73888888888888],"battvoltage":[12.283,12.299000000000001,11.868],"arrayvoltage":[0.626,0.623,42.465],"chargecurrent":[0.0,0.0,15.0],"chargestate":[3.0,3.0,6.0],"loadpower":[13.568407999999998,13.421192,8.596613999999999],"batterytemp":[8.0,8.0,33.0],"triggerrate":[0.0,0.0,0.8],"triggersremaining":[20372.0,20376.0,20469.0],"crcerrors":[0.0,0.0,0.0]}