{"datalatency":[18.055469000000002],"sensoruptime":[23.205,22.221944444444443,76.74361111111111],"battvoltage":[13.434000000000001,13.327,12.14],"arrayvoltage":[15.088,15.14,17.526],"chargecurrent":[8.622,8.677,9.245],"ledstate":[6.0,6.0,6.0],"loadpower":[22.929900000000004,23.410531000000002,21.808872],"batterytemp":[51.0,50.0,51.0],"triggerrate":[0.0,0.0,3.0],"triggersremaining":[6327.0,6327.0,6371.0],"crcerrors":[0.0,0.0,0.0]}