{"datalatency":[18.490763],"sensoruptime":[0.16694444444444445,0.0008333333333333334,152.8761111111111],"battvoltage":[12.292,12.491,11.453],"arrayvoltage":[16.394000000000002,17.48,18.973],"chargecurrent":[4.689,7.064,8.39],"chargestate":[5,5,6],"loadpower":[26.653536000000003,27.153062999999996,0.0],"batterytemp":[21,20,39],"triggerrate":[null,null,null],"triggersremaining":[14674.0,14674.0,15186.0],"crcerrors":[0.0,null,0.0]}