{"datalatency":[49.737365000000004],"sensoruptime":[19.320555555555554,18.320833333333333,null],"battvoltage":[12.329,12.344000000000001,12.329],"arrayvoltage":[2.142,0.0,19.229],"chargecurrent":[0.005,0.005,8.175],"ledstate":[6.0,6.0,6.0],"loadpower":[23.660957,23.353032,6.0236],"batterytemp":[30.0,30.0,54.0],"triggerrate":[0.0,0.0,null],"triggersremaining":[7054.0,7055.0,null],"crcerrors":[0.0,0.0,0.0]}