{"datalatency":[7.5152470000000005],"sensoruptime":[20.560833333333335,19.57777777777778,227.69416666666666],"battvoltage":[11.745999999999999,11.777000000000001,11.685],"arrayvoltage":[6.247000000000001,26.169,34.238],"chargecurrent":[0.0,0.17600000000000002,1.4709999999999999],"chargestate":[3.0,5.0,5.0],"loadpower":[13.975194,14.110548999999999,13.408536],"batterytemp":[18.0,19.0,20.0],"triggerrate":[0.0,0.0,24.0],"triggersremaining":[18579.0,18582.0,19856.0],"crcerrors":[2.0,0.0,3.0]}