{"datalatency":[38.145387],"sensoruptime":[null,0.0002777777777777778,null],"battvoltage":[14.151,14.758,10.526],"arrayvoltage":[42.641999999999996,41.971000000000004,45.523],"chargecurrent":[1.696,1.921,2.6189999999999998],"chargestate":[7.0,6.0,7.0],"loadpower":[14.565544000000001,18.06462,0.0],"batterytemp":[10.0,10.0,19.0],"triggerrate":[null,null,null],"triggersremaining":[null,0.0,null],"crcerrors":[6.0,0.0,1.0]}