{"datalatency":[9.355557000000001],"sensoruptime":[20.54611111111111,19.549166666666668,null],"battvoltage":[12.064,12.064,12.064],"arrayvoltage":[14.45,7.352,18.439],"chargecurrent":[0.271,0.002,9.9],"ledstate":[8.0,8.0,8.0],"loadpower":[24.053922000000007,24.535835999999996,5.933112000000001],"batterytemp":[28.0,28.0,52.0],"triggerrate":[0.0,0.0,null],"triggersremaining":[14661.0,14662.0,null],"crcerrors":[0.0,0.0,0.0]}