{"datalatency":[20.380921],"sensoruptime":[null,null,null],"battvoltage":[11.722000000000001,11.645999999999999,null],"arrayvoltage":[16.656,13.235,null],"chargecurrent":[0.768,0.08,null],"chargestate":[5.0,5.0,null],"loadpower":[7.793895000000001,8.173770000000001,null],"batterytemp":[19.0,18.0,null],"triggerrate":[null,null,0.0],"triggersremaining":[null,null,null],"crcerrors":[null,null,null]}