{"datalatency":[15.220415000000001],"sensoruptime":[148.64333333333335,147.64555555555555,148.64333333333335],"battvoltage":[11.645999999999999,11.53,11.53],"arrayvoltage":[16.36,13.280999999999999,17.429000000000002],"chargecurrent":[1.36,0.196,7.525],"chargestate":[5,5,6],"loadpower":[22.608300000000003,24.340596,21.429213],"batterytemp":[30,30,46],"triggerrate":[null,null,null],"triggersremaining":[15108.0,15185.0,15591.0],"crcerrors":[null,null,0.0]}