{"datalatency":[8.25187],"sensoruptime":[4.035833333333334,3.036111111111111,11.33388888888889],"battvoltage":[12.415,11.565999999999999,10.427999999999999],"arrayvoltage":[0.748,6.763,43.015],"chargecurrent":[0.0,0.0,3.5439999999999996],"chargestate":[3.0,3.0,6.0],"loadpower":[14.600736000000001,14.239126000000002,0.0],"batterytemp":[18.0,19.0,27.0],"triggerrate":[3.0,2.0,4.2],"triggersremaining":[22319.0,22438.0,22496.0],"crcerrors":[0.0,0.0,0.0]}