{"datalatency":[7.039269],"sensoruptime":[152.0738888888889,151.07416666666666,152.0738888888889],"battvoltage":[12.72,14.23,11.868],"arrayvoltage":[35.065,28.857,42.465],"chargecurrent":[0.594,3.322,15.0],"chargestate":[5.0,5.0,6.0],"loadpower":[13.84082,14.488142000000002,8.596613999999999],"batterytemp":[19.0,25.0,33.0],"triggerrate":[0.0,0.2,6.4],"triggersremaining":[20409.0,20430.0,21123.0],"crcerrors":[0.0,0.0,0.0]}