{"datalatency":[17.609048],"sensoruptime":[180.8763888888889,179.87666666666667,180.8763888888889],"battvoltage":[12.064,12.1,11.795],"arrayvoltage":[0.021,12.655999999999999,17.38],"chargecurrent":[0.002,0.002,11.315],"ledstate":[8.0,8.0,8.0],"loadpower":[23.993540999999997,23.861711999999997,21.720450999999997],"batterytemp":[31.0,35.0,53.0],"triggerrate":[0.0,0.0,1.2000000000000002],"triggersremaining":[12692.0,12693.0,12705.0],"crcerrors":[0.0,0.0,2.0]}