{"datalatency":[8.443337],"sensoruptime":[22.593055555555555,21.593333333333334,null],"battvoltage":[12.155,12.183,11.807],"arrayvoltage":[28.131,1.062,38.565],"chargecurrent":[0.22899999999999998,0.0,15.0],"chargestate":[5.0,3.0,6.0],"loadpower":[14.124109999999998,14.415829999999998,0.0],"batterytemp":[12.0,11.0,41.0],"triggerrate":[0.0,0.0,null],"triggersremaining":[21659.0,21659.0,null],"crcerrors":[0.0,0.0,0.0]}