{"datalatency":[7.723654000000001],"sensoruptime":[26.06,25.060277777777777,26.06],"battvoltage":[11.615,11.645999999999999,11.615],"arrayvoltage":[1.083,1.138,34.238],"chargecurrent":[0.0,0.0,1.4709999999999999],"chargestate":[3.0,3.0,5.0],"loadpower":[13.850876,14.255286000000002,13.408536],"batterytemp":[17.0,17.0,20.0],"triggerrate":[0.2,0.0,0.8],"triggersremaining":[18575.0,18578.0,18681.0],"crcerrors":[0.0,0.0,3.0]}