{"datalatency":[12.013108],"sensoruptime":[2.4497222222222224,1.45,null],"battvoltage":[11.829,11.835,11.798],"arrayvoltage":[13.864,12.595,17.730999999999998],"chargecurrent":[0.24600000000000002,0.034,11.344000000000001],"chargestate":[5.0,5.0,6.0],"loadpower":[23.059330999999997,23.196726,0.0],"batterytemp":[24.0,24.0,47.0],"triggerrate":[1.2000000000000002,4.800000000000001,null],"triggersremaining":[21450.0,21551.0,null],"crcerrors":[0.0,0.0,0.0]}