{"datalatency":[51.766283],"sensoruptime":[71.8125,70.81277777777778,71.8125],"battvoltage":[12.253,12.259,12.238],"arrayvoltage":[13.284,13.3,18.230999999999998],"chargecurrent":[0.109,0.145,7.945],"ledstate":[6.0,6.0,6.0],"loadpower":[23.980119000000002,23.747539999999997,21.964412],"batterytemp":[29.0,30.0,55.0],"triggerrate":[3.2,1.8,3.2],"triggersremaining":[6715.0,6846.0,7047.0],"crcerrors":[0.0,0.0,0.0]}