{"datalatency":[32.911619],"sensoruptime":[0.3813888888888889,null,57.48722222222222],"battvoltage":[12.329,12.408,11.639000000000001],"arrayvoltage":[16.217,16.113,17.78],"chargecurrent":[3.208,3.049,12.089],"ledstate":[8.0,8.0,10.0],"loadpower":[23.747539999999997,8.501616,6.942914999999999],"batterytemp":[43.0,40.0,44.0],"triggerrate":[0.0,null,7.200004464002768],"triggersremaining":[22178.0,null,22402.0],"crcerrors":[null,null,0.0]}