{"datalatency":[8.080007],"sensoruptime":[5.837777777777778,4.837777777777778,62.22694444444444],"battvoltage":[14.290999999999999,14.300999999999998,11.319],"arrayvoltage":[41.931000000000004,42.166000000000004,42.471000000000004],"chargecurrent":[2.783,2.657,5.733],"chargestate":[6.0,6.0,6.0],"loadpower":[12.575885999999999,12.281921999999998,0.0],"batterytemp":[25.0,25.0,32.0],"triggerrate":[0.0,0.0,0.5],"triggersremaining":[18400.0,18400.0,18410.0],"crcerrors":[0.0,0.0,0.0]}