{"datalatency":[18.976559],"sensoruptime":[146.8527777777778,145.8697222222222,146.8527777777778],"battvoltage":[13.095,13.205,12.253],"arrayvoltage":[15.28,15.378,18.066],"chargecurrent":[3.9589999999999996,5.3,9.651],"ledstate":[6.0,6.0,6.0],"loadpower":[23.386099,22.786191999999996,22.10415],"batterytemp":[54.0,47.0,57.0],"triggerrate":[0.0,0.0,1.6],"triggersremaining":[6186.0,6190.0,6282.0],"crcerrors":[0.0,0.0,0.0]}