{"datalatency":[19.836328],"sensoruptime":[273.6611111111111,272.67805555555555,273.6611111111111],"battvoltage":[12.1,12.112,11.874],"arrayvoltage":[0.015,0.018000000000000002,17.432000000000002],"chargecurrent":[0.005,0.002,9.39],"ledstate":[8.0,8.0,8.0],"loadpower":[23.723722,23.861711999999997,22.057204000000002],"batterytemp":[32.0,32.0,58.0],"triggerrate":[0.0,0.0,0.8],"triggersremaining":[3278.0,3278.0,3319.0],"crcerrors":[0.0,0.0,0.0]}