{"datalatency":[17.398891000000003],"sensoruptime":[182.2097222222222,181.2125,182.2097222222222],"battvoltage":[12.036,12.064,11.795],"arrayvoltage":[0.021,0.012,17.38],"chargecurrent":[0.002,0.005,11.315],"ledstate":[8.0,8.0,8.0],"loadpower":[23.711688000000002,23.897132999999997,21.720450999999997],"batterytemp":[28.0,30.0,53.0],"triggerrate":[0.0,0.0,1.2000000000000002],"triggersremaining":[12692.0,12692.0,12705.0],"crcerrors":[0.0,0.0,2.0]}