{"datalatency":[17.644163000000002],"sensoruptime":[187.20888888888888,186.20916666666668,187.20888888888888],"battvoltage":[11.911,11.950999999999999,11.795],"arrayvoltage":[0.0,0.0,17.38],"chargecurrent":[0.005,0.005,11.315],"ledstate":[8.0,8.0,8.0],"loadpower":[23.548121000000002,23.374788000000002,21.720450999999997],"batterytemp":[25.0,25.0,53.0],"triggerrate":[0.0,0.0,1.2000000000000002],"triggersremaining":[12691.0,12691.0,12704.0],"crcerrors":[0.0,0.0,2.0]}