{"datalatency":[7.924239000000001],"sensoruptime":[42.429722222222225,41.43,42.429722222222225],"battvoltage":[11.823,11.838,11.49],"arrayvoltage":[0.647,0.647,42.148],"chargecurrent":[0.0,0.0,12.352],"chargestate":[3.0,3.0,6.0],"loadpower":[13.701444,13.746840000000002,8.277874],"batterytemp":[7.0,7.0,29.0],"triggerrate":[0.0,0.0,0.4],"triggersremaining":[18415.0,18415.0,18425.0],"crcerrors":[0.0,0.0,0.0]}