{"datalatency":[10.562736000000001],"sensoruptime":[null,null,0.018333333333333333],"battvoltage":[14.713,14.716,12.567],"arrayvoltage":[39.667,41.06100000000001,43.176],"chargecurrent":[0.599,0.599,2.227],"chargestate":[6.0,6.0,7.0],"loadpower":[0.0,0.0,0.0],"batterytemp":[11.0,11.0,20.0],"triggerrate":[null,null,0.0],"triggersremaining":[null,null,0.0],"crcerrors":[0.0,null,1.0]}