{"datalatency":[19.590993],"sensoruptime":[227.17055555555555,226.17083333333332,227.17055555555555],"battvoltage":[12.085,12.1,12.03],"arrayvoltage":[0.0,0.021,16.995],"chargecurrent":[0.002,0.002,8.74],"ledstate":[8.0,6.0,8.0],"loadpower":[23.439194999999998,23.970504,22.120514],"batterytemp":[30.0,30.0,55.0],"triggerrate":[0.0,0.0,17.6],"triggersremaining":[4165.0,4165.0,5633.0],"crcerrors":[0.0,0.0,0.0]}