{"datalatency":[16.550875],"sensoruptime":[null,null,null],"battvoltage":[14.456,12.259,12.18],"arrayvoltage":[17.191,16.989,19.4],"chargecurrent":[5.196000000000001,0.457,9.955],"chargestate":[5.0,5.0,6.0],"loadpower":[4.1693299999999995,5.320485,4.102919999999999],"batterytemp":[20.0,13.0,38.0],"triggerrate":[null,null,null],"triggersremaining":[null,null,null],"crcerrors":[null,null,null]}