{"datalatency":[16.668039],"sensoruptime":[null,null,null],"battvoltage":[13.925,13.989,12.18],"arrayvoltage":[19.406,19.412,19.625999999999998],"chargecurrent":[3.7689999999999997,3.8680000000000003,9.9],"chargestate":[6.0,6.0,6.0],"loadpower":[5.052695,6.03867,4.102919999999999],"batterytemp":[37.0,35.0,38.0],"triggerrate":[null,null,null],"triggersremaining":[null,null,null],"crcerrors":[null,null,null]}