{"datalatency":[11.074446],"sensoruptime":[12.617777777777778,11.618055555555555,null],"battvoltage":[12.14,12.216,11.798],"arrayvoltage":[10.937999999999999,15.094000000000001,17.526],"chargecurrent":[0.002,0.594,10.419],"chargestate":[3.0,5.0,5.0],"loadpower":[23.52832,23.245404000000004,6.167125],"batterytemp":[34.0,44.0,49.0],"triggerrate":[0.0,0.0,null],"triggersremaining":[21400.0,21418.0,null],"crcerrors":[0.0,0.0,0.0]}