{"datalatency":[6.778020000000001],"sensoruptime":[25.378888888888888,24.381666666666668,25.378888888888888],"battvoltage":[12.177,12.177,12.054],"arrayvoltage":[16.702,16.55,18.340999999999998],"chargecurrent":[1.6840000000000002,1.585,9.9],"ledstate":[8.0,8.0,8.0],"loadpower":[23.52832,24.31664,21.60339],"batterytemp":[34.0,34.0,52.0],"triggerrate":[0.0,0.0,1.2000000000000002],"triggersremaining":[14660.0,14660.0,14672.0],"crcerrors":[0.0,0.0,0.0]}