{"datalatency":[37.628879000000005],"sensoruptime":[0.215,null,5.173333333333333],"battvoltage":[12.106,12.335,10.287],"arrayvoltage":[33.260999999999996,1.611,38.15],"chargecurrent":[0.652,0.0,3.1860000000000004],"chargestate":[5.0,3.0,6.0],"loadpower":[13.358444,0.0,0.0],"batterytemp":[15.0,14.0,27.0],"triggerrate":[0.0,null,0.8],"triggersremaining":[11674.0,null,11687.0],"crcerrors":[0.0,0.0,0.0]}