{"datalatency":[22.746408000000002],"sensoruptime":[49.513333333333335,48.51361111111111,49.513333333333335],"battvoltage":[11.838,11.874,11.835],"arrayvoltage":[0.0,0.0,17.78],"chargecurrent":[0.002,0.005,7.774],"ledstate":[8.0,8.0,8.0],"loadpower":[23.646,25.170288000000003,22.552155],"batterytemp":[26.0,27.0,40.0],"triggerrate":[0.0,2.399999904000004,7.200004464002768],"triggersremaining":[22195.0,22290.0,22428.0],"crcerrors":[null,null,0.0]}