{"datalatency":[19.284222],"sensoruptime":[231.36916666666667,230.37194444444444,231.36916666666667],"battvoltage":[12.241,12.255999999999998,11.950999999999999],"arrayvoltage":[0.107,0.107,18.372],"chargecurrent":[0.005,0.005,8.75],"ledstate":[6.0,6.0,8.0],"loadpower":[23.285232000000004,23.306864,21.252608000000002],"batterytemp":[26.0,27.0,52.0],"triggerrate":[0.0,0.0,1.2000000000000002],"triggersremaining":[12680.0,12680.0,12686.0],"crcerrors":[0.0,0.0,2.0]}