{"datalatency":[25.118608000000002],"sensoruptime":[34.18527777777778,33.18805555555556,34.18527777777778],"battvoltage":[12.253,12.177,12.064],"arrayvoltage":[16.797,16.748,18.872],"chargecurrent":[2.2030000000000003,1.556,10.158],"ledstate":[8.0,8.0,8.0],"loadpower":[24.53004,25.28688,22.67364],"batterytemp":[33.0,30.0,50.0],"triggerrate":[0.0,0.0,1.2000506661391244],"triggersremaining":[22426.0,22426.0,22432.0],"crcerrors":[null,null,0.0]}