{"datalatency":[8.863787],"sensoruptime":[129.2447222222222,128.2613888888889,129.2447222222222],"battvoltage":[12.145999999999999,12.183,12.073],"arrayvoltage":[0.867,6.766,34.378],"chargecurrent":[0.0,0.0,12.84],"chargestate":[3.0,3.0,5.0],"loadpower":[14.07763,14.124109999999998,10.0584],"batterytemp":[22.0,23.0,33.0],"triggerrate":[1.2,2.8,4.8],"triggersremaining":[21007.0,21101.0,21502.0],"crcerrors":[0.0,0.0,0.0]}