{"datalatency":[22.682149000000003],"sensoruptime":[51.51305555555555,50.513333333333335,51.51305555555555],"battvoltage":[11.78,11.81,11.770999999999999],"arrayvoltage":[0.0,0.0,17.78],"chargecurrent":[0.005,0.002,7.774],"ledstate":[8.0,8.0,8.0],"loadpower":[23.973585999999997,24.367244,22.552155],"batterytemp":[26.0,26.0,40.0],"triggerrate":[0.0,0.0,7.200004464002768],"triggersremaining":[22184.0,22186.0,22428.0],"crcerrors":[null,null,0.0]}