{"datalatency":[20.007533000000002],"sensoruptime":[294.82472222222225,293.84166666666664,294.82472222222225],"battvoltage":[12.216,12.222000000000001,11.945],"arrayvoltage":[0.107,0.214,17.093],"chargecurrent":[0.002,0.005,10.847000000000001],"ledstate":[6.0,6.0,8.0],"loadpower":[23.822208,23.590332,21.841950000000004],"batterytemp":[34.0,36.0,54.0],"triggerrate":[0.0,0.2,1.4],"triggersremaining":[3214.0,3236.0,3279.0],"crcerrors":[0.0,0.0,0.0]}