{"datalatency":[16.455101000000003],"sensoruptime":[null,null,null],"battvoltage":[12.225,12.216,11.798],"arrayvoltage":[16.553,14.745999999999999,19.680999999999997],"chargecurrent":[0.358,0.23399999999999999,9.955],"chargestate":[5.0,5.0,6.0],"loadpower":[5.30874,6.1264080000000005,0.0],"batterytemp":[12.0,11.0,38.0],"triggerrate":[null,null,null],"triggersremaining":[null,null,null],"crcerrors":[null,null,null]}