{"datalatency":[58.75574400000001],"sensoruptime":[null,null,null],"battvoltage":[12.674000000000001,12.75,12.520999999999999],"arrayvoltage":[8.795,15.091,20.914],"chargecurrent":[0.005,0.309,4.172],"ledstate":[6.0,4.0,6.0],"loadpower":[7.4072700000000005,6.760692000000001,5.666772999999999],"batterytemp":[35.0,42.0,46.0],"triggerrate":[null,null,null],"triggersremaining":[null,null,null],"crcerrors":[null,null,null]}