{"datalatency":[9.864416],"sensoruptime":[null,null,null],"battvoltage":[12.780999999999999,12.759,11.493],"arrayvoltage":[25.293000000000003,0.9309999999999999,45.004],"chargecurrent":[0.048,0.0,2.194],"chargestate":[5.0,3.0,6.0],"loadpower":[0.0,0.0,0.0],"batterytemp":[8.0,7.0,22.0],"triggerrate":[null,null,null],"triggersremaining":[null,null,null],"crcerrors":[5.0,null,5.0]}