{"datalatency":[15.671366],"sensoruptime":[412.51194444444445,411.515,412.51194444444445],"battvoltage":[12.823,12.946,12.020999999999999],"arrayvoltage":[14.297,15.964,18.317],"chargecurrent":[5.143,8.467,10.873],"ledstate":[8.0,8.0,8.0],"loadpower":[22.4329,22.544688,20.983984000000003],"batterytemp":[51.0,45.0,52.0],"triggerrate":[0.0,0.0,1.2000000000000002],"triggersremaining":[12597.0,12598.0,12605.0],"crcerrors":[0.0,0.0,2.0]}