{"datalatency":[7.689415],"sensoruptime":[217.06444444444443,216.06472222222223,217.06444444444443],"battvoltage":[12.145999999999999,12.216,12.103],"arrayvoltage":[26.561999999999998,30.463,41.711000000000006],"chargecurrent":[0.191,0.519,5.522],"chargestate":[5.0,5.0,6.0],"loadpower":[13.29757,13.338048,9.02565],"batterytemp":[13.0,12.0,34.0],"triggerrate":[0.0,0.0,0.8],"triggersremaining":[20288.0,20289.0,20354.0],"crcerrors":[0.0,0.0,0.0]}