{"datalatency":[11.310146000000001],"sensoruptime":[18.298333333333332,17.29861111111111,null],"battvoltage":[11.487,11.53,11.475],"arrayvoltage":[12.225,0.0,19.736],"chargecurrent":[0.031,0.005,12.392999999999999],"chargestate":[5.0,3.0,6.0],"loadpower":[23.465491,23.573745000000002,6.808707000000001],"batterytemp":[21.0,21.0,44.0],"triggerrate":[0.0,0.0,null],"triggersremaining":[22150.0,22150.0,null],"crcerrors":[0.0,0.0,0.0]}