{"datalatency":[31.531537000000004],"sensoruptime":[6.4991666666666665,5.499444444444444,152.8761111111111],"battvoltage":[12.045,12.183,11.453],"arrayvoltage":[17.239,16.989,20.047],"chargecurrent":[2.404,3.3360000000000003,14.731],"chargestate":[5,5,6],"loadpower":[27.135108,26.400192,0.0],"batterytemp":[26,24,39],"triggerrate":[null,null,null],"triggersremaining":[14672.0,14672.0,14815.0],"crcerrors":[null,null,0.0]}