{"datalatency":[20.456888000000003],"sensoruptime":[41.681111111111115,40.68138888888889,41.681111111111115],"battvoltage":[12.079,12.183,12.064],"arrayvoltage":[14.892999999999999,16.217,18.546],"chargecurrent":[0.519,1.1640000000000001,7.774],"ledstate":[8.0,8.0,8.0],"loadpower":[23.933285999999995,23.417488,22.625028],"batterytemp":[32.0,34.0,49.0],"triggerrate":[0.0,0.0,2.4000255842727283],"triggersremaining":[22322.0,22334.0,22430.0],"crcerrors":[null,null,0.0]}