{"datalatency":[38.098554],"sensoruptime":[0.6677777777777778,0.295,0.7258333333333333],"battvoltage":[14.478,14.545,10.26],"arrayvoltage":[42.581,42.801,43.533],"chargecurrent":[2.184,2.2640000000000002,3.411],"chargestate":[6.0,6.0,6.0],"loadpower":[12.684,12.72425,0.0],"batterytemp":[19.0,17.0,19.0],"triggerrate":[0.0,0.0,0.0],"triggersremaining":[0.0,0.0,0.0],"crcerrors":[0.0,0.0,0.0]}