{"datalatency":[8.08986],"sensoruptime":[24.587777777777777,23.604444444444443,24.587777777777777],"battvoltage":[14.290999999999999,14.328,12.07],"arrayvoltage":[40.845,40.738,42.725],"chargecurrent":[2.6189999999999998,2.923,7.474],"chargestate":[6.0,6.0,7.0],"loadpower":[12.812652,11.331746,8.72505],"batterytemp":[25.0,24.0,28.0],"triggerrate":[0.0,0.0,1.4],"triggersremaining":[22256.0,22257.0,22381.0],"crcerrors":[0.0,0.0,0.0]}