{"datalatency":[12.004955],"sensoruptime":[19.90138888888889,18.90138888888889,null],"battvoltage":[12.064,12.1,11.264000000000001],"arrayvoltage":[0.0,0.012,19.733],"chargecurrent":[0.002,0.005,9.152999999999999],"ledstate":[8.0,8.0,11.0],"loadpower":[23.583806999999997,23.583806999999997,0.0],"batterytemp":[28.0,28.0,53.0],"triggerrate":[0.0,0.0,null],"triggersremaining":[13514.0,13514.0,null],"crcerrors":[0.0,0.0,2.0]}