{"datalatency":[19.503641000000002],"sensoruptime":[241.33388888888888,240.3513888888889,241.33388888888888],"battvoltage":[12.292,12.299000000000001,11.993],"arrayvoltage":[15.767999999999999,16.217,16.653],"chargecurrent":[1.764,1.935,9.992],"ledstate":[6.0,6.0,8.0],"loadpower":[23.755995000000002,23.909159999999996,21.95131],"batterytemp":[40.0,38.0,55.0],"triggerrate":[0.8,2.6,17.6],"triggersremaining":[3624.0,3723.0,5268.0],"crcerrors":[0.0,0.0,0.0]}