{"datalatency":[10.211564000000001],"sensoruptime":[null,null,null],"battvoltage":[12.888,12.949000000000002,12.72],"arrayvoltage":[0.757,13.540999999999999,44.205],"chargecurrent":[0.0,0.0,0.563],"chargestate":[3.0,5.0,7.0],"loadpower":[0.0,0.0,0.0],"batterytemp":[12.0,13.0,18.0],"triggerrate":[null,null,null],"triggersremaining":[null,null,null],"crcerrors":[null,null,null]}