{"datalatency":[7.6061440000000005],"sensoruptime":[181.73611111111111,180.73638888888888,181.73611111111111],"battvoltage":[12.415,12.450999999999999,12.183],"arrayvoltage":[0.626,0.629,43.121],"chargecurrent":[0.0,0.0,10.794],"chargestate":[3.0,3.0,6.0],"loadpower":[13.758624000000001,13.563732,8.98432],"batterytemp":[8.0,8.0,29.0],"triggerrate":[0.0,0.0,0.4],"triggersremaining":[20363.0,20363.0,20390.0],"crcerrors":[0.0,0.0,0.0]}