{"datalatency":[37.750432],"sensoruptime":[0.04861111111111111,0.2111111111111111,null],"battvoltage":[11.38,11.722000000000001,10.477],"arrayvoltage":[6.381,30.465999999999998,43.57899999999999],"chargecurrent":[0.0,0.408,2.897],"chargestate":[3.0,7.0,7.0],"loadpower":[14.009602,13.646898000000002,0.0],"batterytemp":[16.0,20.0,24.0],"triggerrate":[0.0,0.0,null],"triggersremaining":[0.0,0.0,null],"crcerrors":[28.0,0.0,20.0]}