{"datalatency":[70.15247500000001],"sensoruptime":[null,null,null],"battvoltage":[12.68,12.79,12.520999999999999],"arrayvoltage":[13.3,15.575999999999999,20.914],"chargecurrent":[0.005,0.488,4.172],"ledstate":[6.0,4.0,6.0],"loadpower":[7.432594000000002,7.58835,5.666772999999999],"batterytemp":[37.0,44.0,46.0],"triggerrate":[null,null,null],"triggersremaining":[null,null,null],"crcerrors":[null,null,null]}