{"datalatency":[8.150516],"sensoruptime":[2.118611111111111,1.118611111111111,114.10888888888888],"battvoltage":[12.497,12.192,11.469000000000001],"arrayvoltage":[34.857,34.57,35.4],"chargecurrent":[3.3480000000000003,2.428,6.643],"chargestate":[5.0,5.0,5.0],"loadpower":[10.159875,12.68275,0.0],"batterytemp":[27.0,26.0,27.0],"triggerrate":[0.0,0.0,0.6],"triggersremaining":[21927.0,21930.0,21954.0],"crcerrors":[0.0,0.0,0.0]}