{"datalatency":[8.181047000000001],"sensoruptime":[5.035277777777778,4.0525,null],"battvoltage":[11.85,12.415,10.427999999999999],"arrayvoltage":[0.784,0.745,43.015],"chargecurrent":[0.0,0.0,3.5439999999999996],"chargestate":[3.0,3.0,6.0],"loadpower":[13.768956000000003,14.414976000000003,0.0],"batterytemp":[17.0,18.0,27.0],"triggerrate":[6.2,3.6,null],"triggersremaining":[22119.0,22314.0,null],"crcerrors":[0.0,0.0,0.0]}