{"datalatency":[8.019549000000001],"sensoruptime":[78.24722222222222,77.26388888888889,78.24722222222222],"battvoltage":[12.106,12.128,12.106],"arrayvoltage":[0.873,0.7809999999999999,35.016],"chargecurrent":[0.0,0.0,2.8360000000000003],"chargestate":[3.0,3.0,5.0],"loadpower":[14.035798,14.07763,13.31694],"batterytemp":[11.0,11.0,20.0],"triggerrate":[0.6,0.2,4.4],"triggersremaining":[22044.0,22061.0,22204.0],"crcerrors":[0.0,0.0,0.0]}