{"datalatency":[8.600864000000001],"sensoruptime":[60.08777777777778,59.088055555555556,60.08777777777778],"battvoltage":[12.491,12.527000000000001,12.18],"arrayvoltage":[0.574,0.565,40.146],"chargecurrent":[0.0,0.0,10.228],"chargestate":[3.0,3.0,6.0],"loadpower":[13.843060000000001,13.671718,8.80245],"batterytemp":[18.0,19.0,34.0],"triggerrate":[0.0,0.0,0.2],"triggersremaining":[21644.0,21645.0,21652.0],"crcerrors":[0.0,0.0,0.0]}