{"datalatency":[19.426643000000002],"sensoruptime":[192.01277777777779,191.01277777777779,192.01277777777779],"battvoltage":[12.445,13.22,12.1],"arrayvoltage":[15.378,14.056,17.969],"chargecurrent":[1.334,8.315,8.96],"ledstate":[6.0,6.0,6.0],"loadpower":[23.621057999999998,24.677680000000002,21.987524],"batterytemp":[47.0,55.0,57.0],"triggerrate":[1.2,0.6,6.4],"triggersremaining":[5747.0,5803.0,6100.0],"crcerrors":[0.0,0.0,0.0]}