{"datalatency":[11.354411],"sensoruptime":[18.465,17.46527777777778,null],"battvoltage":[11.472000000000001,11.53,11.459000000000001],"arrayvoltage":[12.975999999999999,0.107,19.736],"chargecurrent":[0.068,0.005,12.392999999999999],"chargestate":[5.0,3.0,6.0],"loadpower":[24.289243,23.151125999999998,6.808707000000001],"batterytemp":[21.0,21.0,44.0],"triggerrate":[0.0,0.0,null],"triggersremaining":[22150.0,22150.0,null],"crcerrors":[0.0,0.0,0.0]}