{"datalatency":[75.609425],"sensoruptime":[79.5125,78.51277777777777,79.5125],"battvoltage":[12.445,12.479000000000001,12.216],"arrayvoltage":[0.018000000000000002,0.107,17.965999999999998],"chargecurrent":[0.002,0.005,8.001],"ledstate":[6.0,6.0,6.0],"loadpower":[23.697298,23.652242,21.730287],"batterytemp":[31.0,34.0,58.0],"triggerrate":[0.0,0.0,0.6],"triggersremaining":[6300.0,6300.0,6319.0],"crcerrors":[0.0,0.0,0.0]}