{"datalatency":[8.005155],"sensoruptime":[38.43055555555556,37.44722222222222,38.43055555555556],"battvoltage":[11.948,11.975,11.49],"arrayvoltage":[0.732,0.754,42.148],"chargecurrent":[0.0,0.0,12.352],"chargestate":[3.0,3.0,6.0],"loadpower":[13.854526,14.041040000000002,8.277874],"batterytemp":[8.0,10.0,29.0],"triggerrate":[0.0,0.0,0.4],"triggersremaining":[18417.0,18417.0,18426.0],"crcerrors":[0.0,0.0,0.0]}