{"datalatency":[8.215709],"sensoruptime":[9.428333333333333,8.445,11.467222222222222],"battvoltage":[12.530999999999999,12.575999999999999,11.478],"arrayvoltage":[0.5920000000000001,13.544,38.565],"chargecurrent":[0.0,0.0,15.0],"chargestate":[3.0,5.0,6.0],"loadpower":[13.778163000000001,13.729716000000002,0.0],"batterytemp":[20.0,24.0,41.0],"triggerrate":[0.2,0.0,1.6],"triggersremaining":[21701.0,21716.0,21906.0],"crcerrors":[0.0,0.0,0.0]}