{"datalatency":[5.759553],"sensoruptime":[null,null,null],"battvoltage":[12.024000000000001,12.03,11.31],"arrayvoltage":[0.0,0.0,19.949],"chargecurrent":[0.005,0.005,12.057],"ledstate":[10.0,10.0,11.0],"loadpower":[8.442327,8.816808000000002,0.0],"batterytemp":[25.0,25.0,50.0],"triggerrate":[null,null,null],"triggersremaining":[null,null,null],"crcerrors":[null,null,0.0]}