{"datalatency":[7.7447870000000005],"sensoruptime":[41.43,40.446666666666665,41.43],"battvoltage":[11.838,11.877,11.49],"arrayvoltage":[0.647,0.662,42.148],"chargecurrent":[0.0,0.0,12.352],"chargestate":[3.0,3.0,6.0],"loadpower":[13.746840000000002,14.086083000000002,8.277874],"batterytemp":[7.0,7.0,29.0],"triggerrate":[0.0,0.0,0.4],"triggersremaining":[18415.0,18415.0,18425.0],"crcerrors":[0.0,0.0,0.0]}