{"datalatency":[7.554346000000001],"sensoruptime":[175.9036111111111,174.92027777777778,175.9036111111111],"battvoltage":[12.72,14.304,12.183],"arrayvoltage":[36.376999999999995,41.507,43.121],"chargecurrent":[0.7609999999999999,2.793,10.794],"chargestate":[5.0,6.0,6.0],"loadpower":[13.851109999999998,13.25643,8.98432],"batterytemp":[18.0,25.0,29.0],"triggerrate":[0.0,0.0,0.6],"triggersremaining":[20368.0,20368.0,20410.0],"crcerrors":[0.0,0.0,0.0]}