{"datalatency":[8.035599000000001],"sensoruptime":[28.587222222222223,27.60388888888889,28.587222222222223],"battvoltage":[12.604000000000001,12.759,12.07],"arrayvoltage":[0.8640000000000001,35.498000000000005,41.821000000000005],"chargecurrent":[0.002,0.585,7.474],"chargestate":[3.0,5.0,6.0],"loadpower":[13.729716000000002,13.87134,8.72505],"batterytemp":[12.0,17.0,28.0],"triggerrate":[0.0,0.0,1.4],"triggersremaining":[22254.0,22255.0,22376.0],"crcerrors":[0.0,0.0,0.0]}