{"datalatency":[8.647864],"sensoruptime":[76.41888888888889,75.41916666666667,76.41888888888889],"battvoltage":[13.677999999999999,12.64,12.183],"arrayvoltage":[33.405,32.812,37.921],"chargecurrent":[8.04,1.7730000000000001,8.04],"chargestate":[5.0,5.0,6.0],"loadpower":[10.913616,13.896792,9.071276000000001],"batterytemp":[31.0,28.0,34.0],"triggerrate":[0.0,0.0,0.6],"triggersremaining":[21615.0,21627.0,21646.0],"crcerrors":[0.0,0.0,0.0]}