{"datalatency":[57.557938],"sensoruptime":[66.18111111111111,65.18138888888889,66.18111111111111],"battvoltage":[12.225,12.253,12.216],"arrayvoltage":[14.940999999999999,14.99,17.917],"chargecurrent":[0.447,0.316,9.262],"ledstate":[6.0,6.0,6.0],"loadpower":[22.73808,22.571849999999998,21.796613999999998],"batterytemp":[31.0,29.0,58.0],"triggerrate":[0.0,0.0,0.2],"triggersremaining":[6316.0,6316.0,6322.0],"crcerrors":[0.0,0.0,0.0]}