{"datalatency":[13.606607],"sensoruptime":[65.2275,64.23055555555555,65.2275],"battvoltage":[12.088,12.106,12.015],"arrayvoltage":[0.13699999999999998,0.11599999999999999,17.000999999999998],"chargecurrent":[0.002,0.002,10.545],"ledstate":[8.0,8.0,8.0],"loadpower":[23.848929,23.366104,21.262392999999996],"batterytemp":[28.0,29.0,52.0],"triggerrate":[0.0,0.0,6.0],"triggersremaining":[13104.0,13104.0,13480.0],"crcerrors":[0.0,0.0,2.0]}