{"datalatency":[14.244822000000001],"sensoruptime":[374.5177777777778,373.5177777777778,374.5177777777778],"battvoltage":[12.216,12.253,12.064],"arrayvoltage":[0.067,0.076,17.78],"chargecurrent":[0.005,0.002,10.61],"ledstate":[6.0,6.0,8.0],"loadpower":[23.639148,23.833226999999997,20.806074],"batterytemp":[27.0,28.0,52.0],"triggerrate":[0.0,0.0,4.800000000000001],"triggersremaining":[12609.0,12609.0,12619.0],"crcerrors":[0.0,0.0,2.0]}