{"datalatency":[8.457241],"sensoruptime":[60.254444444444445,59.25472222222222,60.254444444444445],"battvoltage":[12.491,12.527000000000001,12.18],"arrayvoltage":[0.5710000000000001,0.562,40.146],"chargecurrent":[0.0,0.0,10.228],"chargestate":[3.0,3.0,6.0],"loadpower":[13.606320000000002,13.646724,8.80245],"batterytemp":[18.0,19.0,34.0],"triggerrate":[0.0,0.0,0.2],"triggersremaining":[21644.0,21645.0,21652.0],"crcerrors":[0.0,0.0,0.0]}