{"datalatency":[11.107248],"sensoruptime":[4.3005555555555555,3.3008333333333333,null],"battvoltage":[12.445,12.482000000000001,11.569],"arrayvoltage":[17.09,16.168,19.736],"chargecurrent":[2.88,3.138,12.392999999999999],"chargestate":[5.0,5.0,6.0],"loadpower":[22.205529000000002,22.034754,6.808707000000001],"batterytemp":[40.0,43.0,44.0],"triggerrate":[0.0,0.0,null],"triggersremaining":[22162.0,22163.0,null],"crcerrors":[0.0,0.0,0.0]}