{"datalatency":[8.116738],"sensoruptime":[6.671111111111111,5.687777777777778,62.22694444444444],"battvoltage":[14.27,14.290999999999999,11.319],"arrayvoltage":[41.931000000000004,41.794,42.471000000000004],"chargecurrent":[2.713,2.7439999999999998,5.733],"chargestate":[6.0,6.0,6.0],"loadpower":[12.331824000000001,12.747347999999999,0.0],"batterytemp":[26.0,25.0,32.0],"triggerrate":[0.0,0.0,0.5],"triggersremaining":[18400.0,18400.0,18410.0],"crcerrors":[0.0,0.0,0.0]}