{"datalatency":[8.386685],"sensoruptime":[null,null,null],"battvoltage":[12.36,12.378,11.307],"arrayvoltage":[26.44,27.438000000000002,39.163000000000004],"chargecurrent":[0.18600000000000003,0.321,3.0660000000000003],"chargestate":[5.0,5.0,6.0],"loadpower":[13.689496000000002,14.488334000000002,0.0],"batterytemp":[21.0,21.0,27.0],"triggerrate":[null,null,null],"triggersremaining":[null,null,null],"crcerrors":[4.0,null,4.0]}