{"datalatency":[20.99868],"sensoruptime":[59.82694444444444,58.827222222222225,59.82694444444444],"battvoltage":[12.027000000000001,12.042,11.874],"arrayvoltage":[0.214,12.888,16.500999999999998],"chargecurrent":[0.002,0.055999999999999994,10.463],"ledstate":[8.0,8.0,8.0],"loadpower":[24.027987999999997,24.432408000000002,21.727188],"batterytemp":[35.0,38.0,50.0],"triggerrate":[0.0,0.0,1.0],"triggersremaining":[1462.0,1473.0,1518.0],"crcerrors":[0.0,0.0,0.0]}