{"datalatency":[8.394475],"sensoruptime":[null,null,null],"battvoltage":[12.375,12.363,11.307],"arrayvoltage":[24.948,13.367,39.163000000000004],"chargecurrent":[0.087,0.0,3.0660000000000003],"chargestate":[5.0,5.0,6.0],"loadpower":[13.504336000000002,14.604640000000003,0.0],"batterytemp":[20.0,21.0,27.0],"triggerrate":[null,null,null],"triggersremaining":[null,null,null],"crcerrors":[4.0,null,4.0]}