{"datalatency":[8.74435],"sensoruptime":[0.5816666666666667,null,7.133055555555556],"battvoltage":[13.815,13.782,11.328],"arrayvoltage":[18.340999999999998,15.725999999999999,19.949],"chargecurrent":[5.747000000000001,6.38,12.057],"ledstate":[5.0,6.0,10.0],"loadpower":[22.32498,6.4809600000000005,5.908896],"batterytemp":[41.0,36.0,50.0],"triggerrate":[0.0,null,1.2000000000000002],"triggersremaining":[14570.0,null,14571.0],"crcerrors":[0.0,0.0,0.0]}