{"datalatency":[25.918077],"sensoruptime":[null,null,null],"battvoltage":[12.72,12.700999999999999,12.299000000000001],"arrayvoltage":[13.434000000000001,0.763,44.974],"chargecurrent":[0.0,0.0,2.773],"chargestate":[5.0,3.0,6.0],"loadpower":[0.0,0.0,0.0],"batterytemp":[0.0,1.0,11.0],"triggerrate":[null,null,null],"triggersremaining":[null,null,null],"crcerrors":[null,null,null]}