{"datalatency":[7.721583000000001],"sensoruptime":[null,31.059444444444445,31.859444444444446],"battvoltage":[11.652000000000001,11.493,11.465],"arrayvoltage":[1.129,0.9279999999999999,34.238],"chargecurrent":[0.0,0.0,1.4709999999999999],"chargestate":[3.0,3.0,5.0],"loadpower":[0.0,14.14781,0.0],"batterytemp":[15.0,16.0,20.0],"triggerrate":[null,0.2,2.0],"triggersremaining":[null,18444.0,18639.0],"crcerrors":[1.0,0.0,4.0]}