{"datalatency":[8.294947],"sensoruptime":[23.926111111111112,22.926388888888887,null],"battvoltage":[12.72,12.228,12.112],"arrayvoltage":[18.512,36.621,38.565],"chargecurrent":[2.6310000000000002,0.674,15.0],"chargestate":[5.0,5.0,6.0],"loadpower":[12.841268,13.459968000000002,0.0],"batterytemp":[18.0,13.0,41.0],"triggerrate":[0.0,0.0,null],"triggersremaining":[21659.0,21659.0,null],"crcerrors":[0.0,0.0,0.0]}