{"datalatency":[16.933231000000003],"sensoruptime":[161.04611111111112,160.04611111111112,161.04611111111112],"battvoltage":[11.877,11.911,11.870999999999999],"arrayvoltage":[0.021,0.021,17.245],"chargecurrent":[0.002,0.005,12.144],"ledstate":[8.0,8.0,8.0],"loadpower":[24.322809000000007,23.798000000000002,21.472317999999998],"batterytemp":[30.0,30.0,51.0],"triggerrate":[0.0,0.0,8.4],"triggersremaining":[12704.0,12704.0,12946.0],"crcerrors":[0.0,0.0,2.0]}