{"datalatency":[15.70157],"sensoruptime":[25.54277777777778,24.54277777777778,25.54277777777778],"battvoltage":[12.17,12.14,12.054],"arrayvoltage":[16.702,16.55,18.340999999999998],"chargecurrent":[1.652,1.42,9.9],"ledstate":[8.0,8.0,8.0],"loadpower":[23.176608,23.219308,21.60339],"batterytemp":[34.0,34.0,52.0],"triggerrate":[0.0,0.0,1.2000000000000002],"triggersremaining":[14660.0,14660.0,14672.0],"crcerrors":[0.0,0.0,0.0]}