{"datalatency":[73.735719],"sensoruptime":[22.653333333333332,21.65361111111111,null],"battvoltage":[12.329,12.332,12.308],"arrayvoltage":[15.729000000000001,15.142999999999999,19.229],"chargecurrent":[0.524,0.319,8.175],"ledstate":[6.0,6.0,6.0],"loadpower":[22.89846,22.63204,6.0236],"batterytemp":[33.0,31.0,54.0],"triggerrate":[0.0,0.0,null],"triggersremaining":[7053.0,7053.0,null],"crcerrors":[0.0,0.0,0.0]}