{"datalatency":[16.805964],"sensoruptime":[447.1722222222222,446.1725,447.1722222222222],"battvoltage":[12.14,12.177,12.027000000000001],"arrayvoltage":[0.021,0.021,17.487000000000002],"chargecurrent":[0.002,0.002,10.864],"ledstate":[6.0,6.0,8.0],"loadpower":[23.673856,23.823399,21.481326],"batterytemp":[29.0,30.0,49.0],"triggerrate":[0.0,0.0,16.8],"triggersremaining":[11711.0,11711.0,12595.0],"crcerrors":[0.0,0.0,2.0]}