{"datalatency":[8.005844],"sensoruptime":[10.589722222222223,9.606388888888889,null],"battvoltage":[12.292,12.299000000000001,12.292],"arrayvoltage":[0.653,0.595,44.162],"chargecurrent":[0.0,0.0,2.483],"chargestate":[3.0,3.0,7.0],"loadpower":[13.421192,14.046859999999999,0.0],"batterytemp":[2.0,3.0,19.0],"triggerrate":[0.0,0.0,null],"triggersremaining":[22354.0,22356.0,null],"crcerrors":[0.0,0.0,0.0]}