{"datalatency":[8.387001],"sensoruptime":[5.428888888888889,4.429166666666666,11.467222222222222],"battvoltage":[13.898,13.898,11.478],"arrayvoltage":[37.921,38.028,38.028],"chargecurrent":[6.507999999999999,8.003,15.0],"chargestate":[6.0,6.0,6.0],"loadpower":[10.00352,10.00352,0.0],"batterytemp":[38.0,38.0,41.0],"triggerrate":[0.2,0.2,1.6],"triggersremaining":[21733.0,21735.0,21927.0],"crcerrors":[0.0,0.0,0.0]}