{"datalatency":[19.706761],"sensoruptime":[5.154166666666667,4.156944444444444,null],"battvoltage":[13.092,13.092,12.530999999999999],"arrayvoltage":[19.199,19.205,20.032],"chargecurrent":[2.667,2.708,7.09],"chargestate":[7.0,7.0,7.0],"loadpower":[24.703442,24.416496,11.041264],"batterytemp":[45.0,45.0,46.0],"triggerrate":[null,null,null],"triggersremaining":[22492.0,22492.0,null],"crcerrors":[null,null,0.0]}