{"datalatency":[26.023946000000002],"sensoruptime":[null,null,6.267777777777778],"battvoltage":[13.318,14.789000000000001,11.99],"arrayvoltage":[29.166,40.729,44.974],"chargecurrent":[0.304,0.585,2.773],"chargestate":[5.0,6.0,6.0],"loadpower":[0.0,0.0,0.0],"batterytemp":[8.0,9.0,27.0],"triggerrate":[null,null,56.0],"triggersremaining":[null,null,16289.0],"crcerrors":[1.0,null,3.0]}