{"datalatency":[13.801064],"sensoruptime":[76.72583333333333,75.72888888888889,76.72583333333333],"battvoltage":[12.9,12.710999999999999,11.984000000000002],"arrayvoltage":[14.398,15.472000000000001,17.337],"chargecurrent":[8.908999999999999,6.626,8.908999999999999],"ledstate":[8.0,8.0,8.0],"loadpower":[22.89614,22.449726000000002,21.542433000000003],"batterytemp":[51.0,46.0,52.0],"triggerrate":[0.0,0.0,4.800000000000001],"triggersremaining":[13095.0,13096.0,13127.0],"crcerrors":[0.0,0.0,2.0]}