{"datalatency":[8.160783],"sensoruptime":[55.41694444444445,54.43361111111111,55.41694444444445],"battvoltage":[12.527000000000001,12.552,12.115],"arrayvoltage":[0.6409999999999999,0.6409999999999999,42.861999999999995],"chargecurrent":[0.0,0.0,7.356],"chargestate":[3.0,3.0,6.0],"loadpower":[13.646724,13.715478000000003,8.875646],"batterytemp":[12.0,12.0,30.0],"triggerrate":[0.0,0.0,0.6],"triggersremaining":[22204.0,22204.0,22249.0],"crcerrors":[0.0,0.0,0.0]}