{"datalatency":[11.781448000000001],"sensoruptime":[19.068055555555556,18.06833333333333,null],"battvoltage":[12.085,12.1,11.264000000000001],"arrayvoltage":[0.073,0.0,19.733],"chargecurrent":[0.005,0.005,9.152999999999999],"ledstate":[8.0,6.0,11.0],"loadpower":[23.692265999999996,23.571599999999997,0.0],"batterytemp":[28.0,28.0,53.0],"triggerrate":[0.0,0.0,null],"triggersremaining":[13514.0,13515.0,null],"crcerrors":[0.0,0.0,2.0]}