{"datalatency":[7.670496000000001],"sensoruptime":[220.56416666666667,219.56416666666667,220.56416666666667],"battvoltage":[12.183,12.305,12.097000000000001],"arrayvoltage":[29.749000000000002,31.1,41.711000000000006],"chargecurrent":[0.45399999999999996,0.401,3.503],"chargestate":[5.0,5.0,6.0],"loadpower":[13.27326,14.283444000000001,9.49424],"batterytemp":[15.0,17.0,29.0],"triggerrate":[1.0,0.6,1.6],"triggersremaining":[20221.0,20262.0,20351.0],"crcerrors":[0.0,0.0,0.0]}