{"datalatency":[18.884690000000003],"sensoruptime":[112.02444444444444,111.02472222222222,112.02444444444444],"battvoltage":[12.253,12.253,12.222000000000001],"arrayvoltage":[13.376,12.842,18.340999999999998],"chargecurrent":[0.16899999999999998,0.002,7.815],"ledstate":[6.0,6.0,6.0],"loadpower":[23.888575999999997,23.62513,21.964412],"batterytemp":[29.0,29.0,55.0],"triggerrate":[0.2,0.0,0.4],"triggersremaining":[6289.0,6290.0,6297.0],"crcerrors":[0.0,0.0,0.0]}