{"datalatency":[7.922748],"sensoruptime":[40.763333333333335,39.780277777777776,40.763333333333335],"battvoltage":[11.877,11.902000000000001,11.49],"arrayvoltage":[0.653,0.684,42.148],"chargecurrent":[0.0,0.0,12.352],"chargestate":[3.0,3.0,6.0],"loadpower":[13.766214,13.812694,8.277874],"batterytemp":[7.0,8.0,29.0],"triggerrate":[0.0,0.0,0.4],"triggersremaining":[18415.0,18417.0,18425.0],"crcerrors":[0.0,0.0,0.0]}