{"datalatency":[7.717584],"sensoruptime":[7.563055555555556,6.5633333333333335,227.69416666666666],"battvoltage":[11.887,11.914000000000001,11.884],"arrayvoltage":[1.3030000000000002,1.196,36.472],"chargecurrent":[0.0,0.0,3.503],"chargestate":[3.0,3.0,5.0],"loadpower":[13.789908000000004,13.812694,9.995777999999998],"batterytemp":[16.0,16.0,18.0],"triggerrate":[0.2,0.4,24.0],"triggersremaining":[18643.0,18650.0,20317.0],"crcerrors":[2.0,0.0,3.0]}