{"datalatency":[7.541063],"sensoruptime":[163.40555555555557,162.40583333333333,163.40555555555557],"battvoltage":[12.259,12.299000000000001,11.868],"arrayvoltage":[0.635,0.626,42.465],"chargecurrent":[0.002,0.0,15.0],"chargestate":[3.0,3.0,6.0],"loadpower":[14.187959999999999,13.813767999999998,8.596613999999999],"batterytemp":[8.0,8.0,33.0],"triggerrate":[0.0,0.2,0.8],"triggersremaining":[20372.0,20372.0,20468.0],"crcerrors":[0.0,0.0,0.0]}