{"datalatency":[77.703924],"sensoruptime":[27.48611111111111,26.48611111111111,27.48611111111111],"battvoltage":[13.51,13.544,12.308],"arrayvoltage":[16.837,16.895,19.15],"chargecurrent":[6.59,7.849,9.011000000000001],"ledstate":[5.0,5.0,6.0],"loadpower":[22.545612,22.627941,21.981199999999998],"batterytemp":[51.0,50.0,54.0],"triggerrate":[0.0,0.0,0.6],"triggersremaining":[7052.0,7052.0,7076.0],"crcerrors":[0.0,0.0,0.0]}