{"datalatency":[15.012144000000001],"sensoruptime":[110.22083333333333,109.22111111111111,110.22083333333333],"battvoltage":[12.25,12.259,12.057],"arrayvoltage":[1.178,0.021,17.825],"chargecurrent":[0.005,0.002,10.327],"ledstate":[6.0,6.0,8.0],"loadpower":[23.736780000000003,23.62513,21.192338],"batterytemp":[31.0,32.0,54.0],"triggerrate":[0.0,0.0,1.2000000000000002],"triggersremaining":[13080.0,13080.0,13088.0],"crcerrors":[0.0,0.0,2.0]}