{"datalatency":[14.824286],"sensoruptime":[0.7158333333333333,null,61.55722222222222],"battvoltage":[13.022,12.823,12.1],"arrayvoltage":[15.915,16.748,18.439],"chargecurrent":[6.745,4.699,12.030999999999999],"ledstate":[8.0,8.0,10.0],"loadpower":[22.549613,6.7548010000000005,5.933112000000001],"batterytemp":[41.0,32.0,56.0],"triggerrate":[0.0,null,1.2000000000000002],"triggersremaining":[14672.0,null,20759.0],"crcerrors":[0.0,0.0,1.0]}