{"datalatency":[18.716101000000002],"sensoruptime":[121.18972222222222,120.19,121.18972222222222],"battvoltage":[13.321,13.382,12.216],"arrayvoltage":[17.180999999999997,17.084,18.340999999999998],"chargecurrent":[4.409,5.2620000000000005,7.931],"ledstate":[5.0,5.0,6.0],"loadpower":[22.600256000000005,23.410531000000002,21.885253],"batterytemp":[57.0,55.0,57.0],"triggerrate":[0.0,0.0,0.4],"triggersremaining":[6282.0,6282.0,6295.0],"crcerrors":[0.0,0.0,0.0]}