{"datalatency":[20.549977000000002],"sensoruptime":[13.483055555555556,12.483055555555556,null],"battvoltage":[12.292,12.329,12.292],"arrayvoltage":[0.024,0.021,20.032],"chargecurrent":[0.005,0.002,7.09],"chargestate":[3.0,3.0,7.0],"loadpower":[24.621399999999998,24.812710000000003,11.041264],"batterytemp":[26.0,27.0,47.0],"triggerrate":[null,null,null],"triggersremaining":[22490.0,22490.0,null],"crcerrors":[null,null,0.0]}