{"datalatency":[78.199608],"sensoruptime":[73.18027777777777,72.18027777777777,73.18027777777777],"battvoltage":[13.357999999999999,13.382,12.216],"arrayvoltage":[17.053,17.188,17.965999999999998],"chargecurrent":[4.846,5.462000000000001,8.001],"ledstate":[5.0,5.0,6.0],"loadpower":[22.283688,23.091115000000002,21.730287],"batterytemp":[56.0,55.0,58.0],"triggerrate":[0.0,0.0,0.6],"triggersremaining":[6309.0,6312.0,6320.0],"crcerrors":[0.0,0.0,0.0]}