{"datalatency":[7.710672000000001],"sensoruptime":[46.92916666666667,45.94583333333333,46.92916666666667],"battvoltage":[11.812999999999999,11.694,11.609000000000002],"arrayvoltage":[36.429,10.940999999999999,42.148],"chargecurrent":[0.638,0.0,12.352],"chargestate":[5.0,3.0,6.0],"loadpower":[13.743348000000003,14.086488,8.277874],"batterytemp":[7.0,6.0,29.0],"triggerrate":[0.0,0.0,0.4],"triggersremaining":[18412.0,18412.0,18421.0],"crcerrors":[0.0,0.0,0.0]}