{"datalatency":[14.169288000000002],"sensoruptime":[83.39138888888888,82.39166666666667,83.39138888888888],"battvoltage":[12.302,12.405,11.984000000000002],"arrayvoltage":[13.321,16.989,17.337],"chargecurrent":[0.159,0.708,9.687000000000001],"ledstate":[8.0,8.0,8.0],"loadpower":[23.78636,23.428872000000002,21.70458],"batterytemp":[45.0,55.0,58.0],"triggerrate":[0.0,0.0,4.800000000000001],"triggersremaining":[13089.0,13093.0,13107.0],"crcerrors":[0.0,0.0,2.0]}