{"datalatency":[9.945754],"sensoruptime":[0.008611111111111111,0.011111111111111112,1.2466666666666666],"battvoltage":[14.035,14.062000000000001,10.352],"arrayvoltage":[41.931000000000004,42.255,45.398],"chargecurrent":[1.464,1.5919999999999999,2.6889999999999996],"chargestate":[7.0,7.0,7.0],"loadpower":[14.388516000000001,14.423094000000003,0.0],"batterytemp":[14.0,13.0,14.0],"triggerrate":[null,0.0,0.0],"triggersremaining":[0.0,0.0,0.0],"crcerrors":[1.0,0.0,1.0]}