{"datalatency":[15.018261],"sensoruptime":[108.22111111111111,107.2213888888889,108.22111111111111],"battvoltage":[12.292,12.329,12.057],"arrayvoltage":[4.074,13.405999999999999,17.825],"chargecurrent":[0.005,0.188,10.327],"ledstate":[6.0,6.0,8.0],"loadpower":[23.344279999999998,23.96355,21.192338],"batterytemp":[34.0,38.0,54.0],"triggerrate":[0.0,0.0,1.2000000000000002],"triggersremaining":[13080.0,13081.0,13088.0],"crcerrors":[0.0,0.0,2.0]}