{"datalatency":[17.90437],"sensoruptime":[25.204722222222223,24.205,25.204722222222223],"battvoltage":[13.382,13.464,12.14],"arrayvoltage":[16.805999999999997,14.499,17.526],"chargecurrent":[5.984,7.867999999999999,9.245],"ledstate":[5.0,6.0,6.0],"loadpower":[22.252648,23.408679,22.116975999999998],"batterytemp":[55.0,52.0,55.0],"triggerrate":[0.0,0.0,1.6],"triggersremaining":[6326.0,6326.0,6342.0],"crcerrors":[0.0,0.0,0.0]}