{"datalatency":[7.760731000000001],"sensoruptime":[12.72888888888889,11.729166666666666,227.69416666666666],"battvoltage":[11.838,11.838,11.755],"arrayvoltage":[33.694,26.651,36.472],"chargecurrent":[0.626,0.20800000000000002,3.503],"chargestate":[5.0,5.0,5.0],"loadpower":[13.789908000000004,13.746840000000002,9.995777999999998],"batterytemp":[18.0,17.0,18.0],"triggerrate":[0.0,0.0,24.0],"triggersremaining":[18611.0,18616.0,20288.0],"crcerrors":[2.0,0.0,3.0]}