{"datalatency":[7.630389],"sensoruptime":[194.73416666666665,193.73444444444445,194.73416666666665],"battvoltage":[14.084000000000001,14.023,12.106],"arrayvoltage":[39.871,39.42,43.097],"chargecurrent":[3.554,4.191,9.777000000000001],"chargestate":[6.0,6.0,6.0],"loadpower":[9.0954,9.183926,9.02565],"batterytemp":[32.0,34.0,34.0],"triggerrate":[0.0,0.0,0.4],"triggersremaining":[20353.0,20353.0,20369.0],"crcerrors":[0.0,0.0,0.0]}