{"datalatency":[8.040505000000001],"sensoruptime":[82.91305555555556,81.91333333333333,82.91305555555556],"battvoltage":[12.03,12.03,12.03],"arrayvoltage":[0.818,0.726,35.016],"chargecurrent":[0.0,0.0,2.8360000000000003],"chargestate":[3.0,3.0,5.0],"loadpower":[13.943999999999999,13.943999999999999,13.31694],"batterytemp":[12.0,12.0,20.0],"triggerrate":[0.4,0.2,4.4],"triggersremaining":[21990.0,22002.0,22198.0],"crcerrors":[0.0,0.0,0.0]}