{"datalatency":[8.612383000000001],"sensoruptime":[null,null,12.61],"battvoltage":[12.088,12.149000000000001,11.31],"arrayvoltage":[1.285,1.285,19.949],"chargecurrent":[0.002,0.005,12.057],"ledstate":[10.0,10.0,11.0],"loadpower":[7.704488,8.512242999999998,0.0],"batterytemp":[26.0,31.0,50.0],"triggerrate":[null,null,2.4000000000000004],"triggersremaining":[null,null,14586.0],"crcerrors":[null,null,0.0]}