{"datalatency":[30.901383000000003],"sensoruptime":[null,null,57.48722222222222],"battvoltage":[12.717,12.427,11.639000000000001],"arrayvoltage":[16.183,16.986,17.78],"chargecurrent":[7.081,4.1739999999999995,11.642000000000001],"ledstate":[8.0,8.0,10.0],"loadpower":[7.930167999999999,8.538687,6.942914999999999],"batterytemp":[42.0,36.0,42.0],"triggerrate":[null,null,7.200004464002768],"triggersremaining":[null,null,22423.0],"crcerrors":[null,null,0.0]}