{"datalatency":[8.756525],"sensoruptime":[108.91444444444444,107.93138888888889,108.91444444444444],"battvoltage":[12.405,12.43,12.03],"arrayvoltage":[1.083,1.2329999999999999,41.65],"chargecurrent":[0.0,0.0,11.832],"chargestate":[3.0,3.0,6.0],"loadpower":[13.857696,13.833652,8.207364000000002],"batterytemp":[20.0,20.0,32.0],"triggerrate":[0.0,0.0,0.6],"triggersremaining":[21497.0,21501.0,21595.0],"crcerrors":[0.0,0.0,0.0]}