{"datalatency":[8.093233],"sensoruptime":[41.41888888888889,40.41888888888889,41.41888888888889],"battvoltage":[12.145999999999999,12.167,12.07],"arrayvoltage":[4.785,0.644,41.821000000000005],"chargecurrent":[0.0,0.0,7.474],"chargestate":[3.0,3.0,6.0],"loadpower":[14.07763,14.124109999999998,8.72505],"batterytemp":[3.0,3.0,28.0],"triggerrate":[0.0,0.0,0.6],"triggersremaining":[22217.0,22221.0,22272.0],"crcerrors":[0.0,0.0,0.0]}