{"datalatency":[23.143334000000003],"sensoruptime":[56.17916666666667,55.17916666666667,56.17916666666667],"battvoltage":[11.682,11.645999999999999,11.639000000000001],"arrayvoltage":[16.171,12.655999999999999,17.78],"chargecurrent":[0.58,0.077,7.774],"ledstate":[10.0,10.0,10.0],"loadpower":[23.5712,24.411370000000005,22.552155],"batterytemp":[27.0,26.0,40.0],"triggerrate":[0.0,0.0,7.200004464002768],"triggersremaining":[22179.0,22183.0,22427.0],"crcerrors":[null,null,0.0]}