{"datalatency":[8.678763],"sensoruptime":[84.41777777777777,83.41805555555555,84.41777777777777],"battvoltage":[12.259,12.308,12.183],"arrayvoltage":[0.653,0.687,38.708],"chargecurrent":[0.0,0.0,8.752],"chargestate":[3.0,3.0,6.0],"loadpower":[14.151267,14.255415999999999,9.957479999999999],"batterytemp":[18.0,19.0,34.0],"triggerrate":[0.2,0.0,0.6],"triggersremaining":[21595.0,21600.0,21644.0],"crcerrors":[0.0,0.0,0.0]}