{"datalatency":[61.967403000000004],"sensoruptime":[null,null,20.630555555555556],"battvoltage":[12.405,12.329,11.517000000000001],"arrayvoltage":[15.479000000000001,14.212,17.087],"chargecurrent":[3.0660000000000003,2.15,10.335],"ledstate":[8.0,8.0,10.0],"loadpower":[6.88293,9.19772,6.079374],"batterytemp":[48.0,51.0,53.0],"triggerrate":[null,null,1.6],"triggersremaining":[null,null,30.0],"crcerrors":[1.0000115742080349,null,1.0]}