{"datalatency":[9.507359000000001],"sensoruptime":[10.504722222222222,9.504722222222222,10.504722222222222],"battvoltage":[11.835,11.868,11.285],"arrayvoltage":[12.46,16.55,19.965],"chargecurrent":[0.019,0.41100000000000003,7.916],"ledstate":[10.0,10.0,11.0],"loadpower":[27.456581000000007,26.273637000000004,0.0],"batterytemp":[36.0,46.0,51.0],"triggerrate":[0.0,0.0,1.2000000000000002],"triggersremaining":[14565.0,14565.0,14568.0],"crcerrors":[0.0,0.0,0.0]}