{"datalatency":[20.216771],"sensoruptime":[307.9894444444444,307.00638888888886,307.9894444444444],"battvoltage":[12.875,12.677,11.987],"arrayvoltage":[15.091,16.116,18.167],"chargecurrent":[6.757000000000001,4.916,10.847000000000001],"ledstate":[8.0,8.0,8.0],"loadpower":[22.939034999999997,22.441916,22.125905999999997],"batterytemp":[44.0,35.0,54.0],"triggerrate":[0.2,0.0,1.4],"triggersremaining":[3203.0,3210.0,3275.0],"crcerrors":[0.0,0.0,0.0]}