{"datalatency":[76.01376900000001],"sensoruptime":[104.00888888888889,103.00916666666667,104.00888888888889],"battvoltage":[12.445,12.445,12.222000000000001],"arrayvoltage":[0.012,0.003,18.340999999999998],"chargecurrent":[0.005,0.005,7.815],"ledstate":[6.0,6.0,6.0],"loadpower":[23.391251999999994,24.057855,21.964412],"batterytemp":[32.0,34.0,55.0],"triggerrate":[0.2,0.0,0.4],"triggersremaining":[6291.0,6292.0,6299.0],"crcerrors":[0.0,0.0,0.0]}