{"datalatency":[8.176628000000001],"sensoruptime":[76.41388888888889,75.41416666666667,76.41388888888889],"battvoltage":[12.145999999999999,12.173,12.106],"arrayvoltage":[1.065,24.166999999999998,35.016],"chargecurrent":[0.0,0.024,2.8360000000000003],"chargestate":[3.0,5.0,5.0],"loadpower":[14.07763,14.124109999999998,13.31694],"batterytemp":[11.0,12.0,20.0],"triggerrate":[0.8,0.0,4.4],"triggersremaining":[22066.0,22075.0,22207.0],"crcerrors":[0.0,0.0,0.0]}