{"datalatency":[33.120017000000004],"sensoruptime":[15.188055555555556,14.188333333333333,31.89388888888889],"battvoltage":[13.585999999999999,13.585999999999999,12.07],"arrayvoltage":[17.386,15.189,18.692],"chargecurrent":[6.585,8.844,10.950999999999999],"ledstate":[5.0,6.0,8.0],"loadpower":[24.150516,24.490242000000002,7.371546],"batterytemp":[48.0,48.0,49.0],"triggerrate":[0.0,0.0,16.800115584795222],"triggersremaining":[22431.0,22431.0,22486.0],"crcerrors":[null,null,0.0]}