{"datalatency":[14.218292000000002],"sensoruptime":[32.78138888888889,31.784166666666668,32.78138888888889],"battvoltage":[12.354000000000001,12.9,11.652000000000001],"arrayvoltage":[15.372,15.332,17.526],"chargecurrent":[1.976,9.958,11.398],"chargestate":[5.0,5.0,6.0],"loadpower":[24.067418,22.450696999999998,21.713829000000004],"batterytemp":[50.0,49.0,51.0],"triggerrate":[0.0,0.0,8.4],"triggersremaining":[21055.0,21056.0,21426.0],"crcerrors":[0.0,0.0,0.0]}