{"datalatency":[9.948565],"sensoruptime":[0.008888888888888889,null,null],"battvoltage":[14.035,14.065999999999999,10.352],"arrayvoltage":[42.398,42.896,45.398],"chargecurrent":[1.507,1.5819999999999999,2.6889999999999996],"chargestate":[7.0,7.0,7.0],"loadpower":[14.459256,14.593278000000002,0.0],"batterytemp":[14.0,13.0,14.0],"triggerrate":[null,null,0.0],"triggersremaining":[0.0,null,null],"crcerrors":[1.0,0.0,1.0]}