{"datalatency":[8.037484000000001],"sensoruptime":[83.57972222222222,82.5963888888889,83.57972222222222],"battvoltage":[12.003,12.03,12.003],"arrayvoltage":[0.778,0.76,35.016],"chargecurrent":[0.0,0.0,2.8360000000000003],"chargestate":[3.0,3.0,5.0],"loadpower":[13.918435999999998,13.968000000000002,13.31694],"batterytemp":[12.0,12.0,20.0],"triggerrate":[0.0,0.2,4.4],"triggersremaining":[21988.0,21994.0,22194.0],"crcerrors":[0.0,0.0,0.0]}