{"datalatency":[17.624994],"sensoruptime":[180.54333333333332,179.54611111111112,180.54333333333332],"battvoltage":[12.073,12.103,11.795],"arrayvoltage":[1.385,13.065,17.38],"chargecurrent":[0.002,0.08,11.315],"ledstate":[8.0,8.0,8.0],"loadpower":[23.668163999999997,23.680391999999998,21.720450999999997],"batterytemp":[32.0,38.0,53.0],"triggerrate":[0.0,0.0,1.2000000000000002],"triggersremaining":[12692.0,12693.0,12705.0],"crcerrors":[0.0,0.0,2.0]}