{"datalatency":[10.300188],"sensoruptime":[null,0.005555555555555556,null],"battvoltage":[14.664000000000001,14.786,10.595999999999998],"arrayvoltage":[43.011,42.606,44.086000000000006],"chargecurrent":[1.7830000000000001,2.399,2.597],"chargestate":[6.0,6.0,7.0],"loadpower":[16.346679999999996,14.073642000000001,0.0],"batterytemp":[13.0,9.0,16.0],"triggerrate":[0.0,null,0.0],"triggersremaining":[null,0.0,null],"crcerrors":[0.0,0.0,1.0]}