{"datalatency":[29.929862000000004],"sensoruptime":[37.84861111111111,36.85138888888889,37.84861111111111],"battvoltage":[12.216,12.558,12.064],"arrayvoltage":[14.895999999999999,16.262999999999998,18.872],"chargecurrent":[0.408,2.225,9.405],"ledstate":[8.0,8.0,8.0],"loadpower":[24.096884000000003,23.952949000000004,22.68586],"batterytemp":[34.0,40.0,50.0],"triggerrate":[0.0,0.0,2.400006864019631],"triggersremaining":[22398.0,22423.0,22431.0],"crcerrors":[null,null,0.0]}