{"datalatency":[7.931471],"sensoruptime":[38.58583333333333,37.6025,38.58583333333333],"battvoltage":[12.222000000000001,12.259,12.07],"arrayvoltage":[0.635,0.623,41.821000000000005],"chargecurrent":[0.0,0.0,7.474],"chargestate":[3.0,3.0,6.0],"loadpower":[14.106144,13.417406999999999,8.72505],"batterytemp":[3.0,3.0,28.0],"triggerrate":[0.0,0.0,1.4],"triggersremaining":[22234.0,22235.0,22319.0],"crcerrors":[0.0,0.0,0.0]}