{"datalatency":[35.275613],"sensoruptime":[null,null,null],"battvoltage":[13.663,13.623,11.481],"arrayvoltage":[17.776,16.119,19.680999999999997],"chargecurrent":[7.704,9.675,9.955],"chargestate":[5.0,5.0,5.0],"loadpower":[10.779912,10.861600000000001,0.0],"batterytemp":[37.0,35.0,37.0],"triggerrate":[null,null,null],"triggersremaining":[null,null,null],"crcerrors":[null,null,null]}