{"datalatency":[26.016528],"sensoruptime":[null,null,6.267777777777778],"battvoltage":[14.755,14.749,11.99],"arrayvoltage":[38.504,37.595,44.974],"chargecurrent":[0.505,0.604,2.773],"chargestate":[6.0,6.0,7.0],"loadpower":[0.0,0.0,0.0],"batterytemp":[10.0,10.0,28.0],"triggerrate":[null,null,56.0],"triggersremaining":[null,null,17080.0],"crcerrors":[1.0,null,3.0]}