{"datalatency":[8.1149],"sensoruptime":[97.07777777777778,96.09472222222222,97.07777777777778],"battvoltage":[11.812999999999999,11.85,11.812999999999999],"arrayvoltage":[26.761,32.718,35.016],"chargecurrent":[0.162,0.585,1.423],"chargestate":[5.0,5.0,5.0],"loadpower":[13.746840000000002,13.789908000000004,12.913230000000002],"batterytemp":[13.0,14.0,16.0],"triggerrate":[0.0,0.0,0.8],"triggersremaining":[21954.0,21954.0,22077.0],"crcerrors":[0.0,0.0,0.0]}