{"datalatency":[8.681237000000001],"sensoruptime":[89.0838888888889,88.0838888888889,89.0838888888889],"battvoltage":[12.183,12.189,12.183],"arrayvoltage":[0.7509999999999999,0.629,38.708],"chargecurrent":[0.0,0.0,8.752],"chargestate":[3.0,3.0,6.0],"loadpower":[14.124109999999998,14.124109999999998,9.957479999999999],"batterytemp":[19.0,19.0,34.0],"triggerrate":[0.0,0.0,0.6],"triggersremaining":[21572.0,21575.0,21643.0],"crcerrors":[0.0,0.0,0.0]}