{"datalatency":[11.283643000000001],"sensoruptime":[12.965833333333334,11.966111111111111,null],"battvoltage":[11.758,11.798,11.569],"arrayvoltage":[0.0,0.0,19.736],"chargecurrent":[0.002,0.002,12.392999999999999],"chargestate":[3.0,3.0,6.0],"loadpower":[23.391841000000003,24.108017999999998,6.808707000000001],"batterytemp":[24.0,24.0,44.0],"triggerrate":[0.0,0.0,null],"triggersremaining":[22151.0,22152.0,null],"crcerrors":[0.0,0.0,0.0]}