{"datalatency":[8.745478],"sensoruptime":[98.24916666666667,97.24944444444445,98.24916666666667],"battvoltage":[14.107999999999999,13.754000000000001,12.03],"arrayvoltage":[38.278,34.808,39.760999999999996],"chargecurrent":[8.516,10.139,11.832],"chargestate":[6.0,5.0,6.0],"loadpower":[10.142025,10.906148000000002,9.192744000000001],"batterytemp":[31.0,30.0,34.0],"triggerrate":[0.0,0.2,0.6],"triggersremaining":[21530.0,21533.0,21632.0],"crcerrors":[0.0,0.0,0.0]}