{"datalatency":[7.656662000000001],"sensoruptime":[219.3975,218.39777777777778,219.3975],"battvoltage":[12.375,12.335,12.097000000000001],"arrayvoltage":[34.085,33.74,41.711000000000006],"chargecurrent":[0.94,1.899,3.503],"chargestate":[5.0,5.0,6.0],"loadpower":[13.606320000000002,14.072992999999999,9.208645],"batterytemp":[18.0,15.0,30.0],"triggerrate":[0.4,0.2,1.0],"triggersremaining":[20266.0,20286.0,20352.0],"crcerrors":[0.0,0.0,0.0]}