{"datalatency":[37.757782],"sensoruptime":[0.39055555555555554,0.0661111111111111,7.746944444444445],"battvoltage":[11.835,11.026,10.802999999999999],"arrayvoltage":[31.744,25.879,33.400999999999996],"chargecurrent":[0.993,0.205,2.329],"chargestate":[5.0,5.0,6.0],"loadpower":[13.844068,13.620607,0.0],"batterytemp":[22.0,20.0,28.0],"triggerrate":[0.0,0.0,null],"triggersremaining":[11687.0,11687.0,12014.0],"crcerrors":[0.0,0.0,0.0]}