{"datalatency":[18.048681000000002],"sensoruptime":[29.20388888888889,28.204166666666666,29.20388888888889],"battvoltage":[12.482000000000001,12.549000000000001,12.14],"arrayvoltage":[13.193,16.8,17.337],"chargecurrent":[0.028999999999999998,0.449,9.245],"ledstate":[6.0,6.0,6.0],"loadpower":[24.111776,23.355071999999996,22.116975999999998],"batterytemp":[39.0,50.0,55.0],"triggerrate":[0.0,0.0,0.2],"triggersremaining":[6325.0,6325.0,6332.0],"crcerrors":[0.0,0.0,0.0]}