{"datalatency":[22.985845],"sensoruptime":[336.0205555555556,335.0233333333333,336.0205555555556],"battvoltage":[12.14,12.152000000000001,12.14],"arrayvoltage":[16.214000000000002,16.409000000000002,18.753],"chargecurrent":[0.379,0.41600000000000004,11.622],"ledstate":[6.0,6.0,6.0],"loadpower":[23.063904,22.964750000000002,20.870528999999998],"batterytemp":[26.0,25.0,44.0],"triggerrate":[0.0,0.0,1.2000000000000002],"triggersremaining":[12622.0,12623.0,12628.0],"crcerrors":[0.0,0.0,2.0]}