{"datalatency":[8.172780000000001],"sensoruptime":[2.127222222222222,1.1275,11.33388888888889],"battvoltage":[14.328,14.575,10.427999999999999],"arrayvoltage":[40.82,41.605,43.015],"chargecurrent":[2.667,3.23,3.23],"chargestate":[6.0,6.0,6.0],"loadpower":[13.444559000000002,11.586494000000002,0.0],"batterytemp":[24.0,16.0,32.0],"triggerrate":[0.0,0.0,0.8],"triggersremaining":[18366.0,18366.0,18392.0],"crcerrors":[0.0,0.0,0.0]}