{"datalatency":[47.353909],"sensoruptime":[null,null,2.133611111111111],"battvoltage":[14.737,13.04,11.752],"arrayvoltage":[39.951,29.892,39.951],"chargecurrent":[3.645,1.1909999999999998,4.486000000000001],"chargestate":[8.0,5.0,8.0],"loadpower":[0.0,0.0,0.0],"batterytemp":[17.0,13.0,17.0],"triggerrate":[null,null,1.0],"triggersremaining":[null,null,19731.0],"crcerrors":[0.0,null,0.0]}