{"datalatency":[8.810634],"sensoruptime":[132.91,131.91027777777776,132.91],"battvoltage":[12.07,12.106,12.07],"arrayvoltage":[0.885,1.19,34.378],"chargecurrent":[0.0,0.0,12.84],"chargestate":[3.0,3.0,5.0],"loadpower":[13.989318,14.035798,10.0584],"batterytemp":[19.0,22.0,33.0],"triggerrate":[0.6,0.6,6.4],"triggersremaining":[20500.0,20571.0,21497.0],"crcerrors":[0.0,0.0,0.0]}