{"datalatency":[9.36984],"sensoruptime":[16.83888888888889,15.839166666666667,null],"battvoltage":[11.618,11.645999999999999,11.45],"arrayvoltage":[0.0,0.107,19.305],"chargecurrent":[0.002,0.002,7.371],"ledstate":[10.0,10.0,11.0],"loadpower":[23.315056,23.416314999999997,0.0],"batterytemp":[22.0,23.0,49.0],"triggerrate":[0.0,0.0,null],"triggersremaining":[14560.0,14561.0,null],"crcerrors":[0.0,0.0,0.0]}