{"datalatency":[23.424907],"sensoruptime":[8.713611111111112,7.713611111111111,57.48722222222222],"battvoltage":[11.911,11.954,11.639000000000001],"arrayvoltage":[0.128,12.619000000000002,17.242],"chargecurrent":[0.002,0.013999999999999999,12.284],"ledstate":[8.0,8.0,10.0],"loadpower":[24.136983999999998,24.01322,6.942914999999999],"batterytemp":[26.0,26.0,48.0],"triggerrate":[0.0,0.0,7.200004464002768],"triggersremaining":[22166.0,22168.0,22315.0],"crcerrors":[null,null,0.0]}