{"datalatency":[8.058621],"sensoruptime":[22.921388888888888,21.921388888888888,null],"battvoltage":[14.297,14.235999999999999,null],"arrayvoltage":[40.955,41.821000000000005,null],"chargecurrent":[3.3339999999999996,3.742,null],"chargestate":[6.0,6.0,null],"loadpower":[12.292326,10.15344,null],"batterytemp":[25.0,27.0,null],"triggerrate":[0.0,0.2,null],"triggersremaining":[22257.0,22258.0,null],"crcerrors":[0.0,0.0,0.0]}