{"datalatency":[74.105017],"sensoruptime":[37.15083333333333,36.15111111111111,37.15083333333333],"battvoltage":[12.482000000000001,12.509,12.308],"arrayvoltage":[0.021,0.021,18.448],"chargecurrent":[0.005,0.005,9.011000000000001],"ledstate":[6.0,6.0,6.0],"loadpower":[23.224158000000003,23.192340000000005,21.981199999999998],"batterytemp":[32.0,34.0,53.0],"triggerrate":[0.0,0.0,0.2],"triggersremaining":[7049.0,7049.0,7056.0],"crcerrors":[0.0,0.0,0.0]}