{"datalatency":[13.895067000000001],"sensoruptime":[76.05944444444444,75.05944444444444,76.05944444444444],"battvoltage":[12.759,12.769,11.984000000000002],"arrayvoltage":[14.749,15.036,17.337],"chargecurrent":[7.484,7.813,10.545],"ledstate":[8.0,8.0,8.0],"loadpower":[22.737329999999996,22.062216,21.542433000000003],"batterytemp":[48.0,44.0,52.0],"triggerrate":[0.0,0.0,4.800000000000001],"triggersremaining":[13095.0,13096.0,13135.0],"crcerrors":[0.0,0.0,2.0]}