{"datalatency":[13.991935000000002],"sensoruptime":[36.61416666666667,35.61694444444444,36.61416666666667],"battvoltage":[12.033,12.1,11.652000000000001],"arrayvoltage":[10.402999999999999,14.401,17.334],"chargecurrent":[0.005,0.28,11.398],"chargestate":[3.0,5.0,6.0],"loadpower":[24.08406,25.039767,21.713829000000004],"batterytemp":[35.0,43.0,52.0],"triggerrate":[1.2000000000000002,2.4000000000000004,8.4],"triggersremaining":[20948.0,21019.0,21400.0],"crcerrors":[0.0,0.0,0.0]}