{"datalatency":[47.267499],"sensoruptime":[null,null,null],"battvoltage":[14.478,14.597000000000001,12.491],"arrayvoltage":[43.49100000000001,38.055,44.098],"chargecurrent":[1.189,1.058,3.5989999999999998],"chargestate":[6.0,6.0,8.0],"loadpower":[0.0,0.0,0.0],"batterytemp":[19.0,15.0,24.0],"triggerrate":[null,null,null],"triggersremaining":[null,null,null],"crcerrors":[null,null,null]}