{"datalatency":[7.571859000000001],"sensoruptime":[182.40277777777777,181.40277777777777,182.40277777777777],"battvoltage":[12.399000000000001,12.43,12.183],"arrayvoltage":[0.635,0.626,43.121],"chargecurrent":[0.0,0.0,10.794],"chargestate":[3.0,3.0,6.0],"loadpower":[13.523328000000001,13.53235,8.98432],"batterytemp":[8.0,8.0,29.0],"triggerrate":[0.0,0.0,0.4],"triggersremaining":[20363.0,20363.0,20388.0],"crcerrors":[0.0,0.0,0.0]}