{"datalatency":[20.755299],"sensoruptime":[273.86305555555555,272.86583333333334,273.86305555555555],"battvoltage":[13.022,13.280999999999999,12.103],"arrayvoltage":[16.357,15.912,18.506],"chargecurrent":[3.302,5.216,9.074],"ledstate":[6.0,6.0,6.0],"loadpower":[22.808953000000002,22.983984,21.141912],"batterytemp":[48.0,47.0,53.0],"triggerrate":[0.0,0.0,2.4000000000000004],"triggersremaining":[12644.0,12645.0,12674.0],"crcerrors":[0.0,0.0,2.0]}