{"datalatency":[21.005978000000002],"sensoruptime":[58.827222222222225,57.827222222222225,58.827222222222225],"battvoltage":[12.042,12.106,11.874],"arrayvoltage":[12.888,14.499,16.500999999999998],"chargecurrent":[0.055999999999999994,0.49,10.463],"ledstate":[8.0,6.0,8.0],"loadpower":[24.432408000000002,24.948352,21.727188],"batterytemp":[38.0,43.0,50.0],"triggerrate":[0.0,0.0,1.0],"triggersremaining":[1473.0,1491.0,1520.0],"crcerrors":[0.0,0.0,0.0]}