{"datalatency":[8.188529],"sensoruptime":[63.0825,62.08277777777778,63.0825],"battvoltage":[12.283,12.308,12.115],"arrayvoltage":[0.65,0.626,42.861999999999995],"chargecurrent":[0.0,0.0,7.356],"chargestate":[3.0,3.0,6.0],"loadpower":[13.813767999999998,14.089225,8.875646],"batterytemp":[13.0,13.0,30.0],"triggerrate":[0.4,0.0,0.8],"triggersremaining":[22166.0,22177.0,22231.0],"crcerrors":[0.0,0.0,0.0]}