{"datalatency":[7.928626],"sensoruptime":[49.9175,48.934444444444445,49.9175],"battvoltage":[14.24,14.209000000000001,12.115],"arrayvoltage":[41.931000000000004,41.547,42.861999999999995],"chargecurrent":[2.648,2.81,7.356],"chargestate":[6.0,6.0,6.0],"loadpower":[12.331824000000001,13.26024,8.875646],"batterytemp":[27.0,28.0,30.0],"triggerrate":[0.0,0.0,0.6],"triggersremaining":[22211.0,22213.0,22256.0],"crcerrors":[0.0,0.0,0.0]}