{"datalatency":[18.168359000000002],"sensoruptime":[16.712222222222223,15.712222222222222,20.196666666666665],"battvoltage":[11.53,11.511,11.224],"arrayvoltage":[0.107,0.107,19.736],"chargecurrent":[0.002,0.005,8.165],"ledstate":[10.0,10.0,11.0],"loadpower":[23.050524,23.426598,0.0],"batterytemp":[26.0,26.0,50.0],"triggerrate":[0.0,0.0,1.2000000000000002],"triggersremaining":[14555.0,14556.0,14561.0],"crcerrors":[0.0,0.0,0.0]}