{"datalatency":[53.677055],"sensoruptime":[null,null,null],"battvoltage":[12.378,12.402000000000001,12.177],"arrayvoltage":[0.107,0.021,18.215999999999998],"chargecurrent":[0.005,0.006999999999999999,8.373],"ledstate":[6.0,6.0,6.0],"loadpower":[7.700279999999999,7.5721229999999995,5.838796],"batterytemp":[28.0,28.0,53.0],"triggerrate":[null,null,null],"triggersremaining":[null,null,null],"crcerrors":[null,null,null]}