{"datalatency":[76.416419],"sensoruptime":[87.17805555555556,86.195,87.17805555555556],"battvoltage":[12.259,12.292,12.216],"arrayvoltage":[12.975999999999999,0.0,17.965999999999998],"chargecurrent":[0.027000000000000003,0.002,8.001],"ledstate":[6.0,6.0,6.0],"loadpower":[23.208935999999998,24.236813,21.730287],"batterytemp":[28.0,29.0,58.0],"triggerrate":[0.0,0.0,0.6],"triggersremaining":[6298.0,6298.0,6317.0],"crcerrors":[0.0,0.0,0.0]}