{"datalatency":[35.076226000000005],"sensoruptime":[null,null,null],"battvoltage":[13.245,12.997,11.481],"arrayvoltage":[16.357,16.797,19.680999999999997],"chargecurrent":[9.517999999999999,8.035,9.769],"chargestate":[5.0,5.0,5.0],"loadpower":[10.5568,10.3416,0.0],"batterytemp":[32.0,28.0,32.0],"triggerrate":[null,null,null],"triggersremaining":[null,null,null],"crcerrors":[null,null,null]}