{"datalatency":[22.81622],"sensoruptime":[329.68805555555554,328.68805555555554,329.68805555555554],"battvoltage":[12.213,12.216,12.213],"arrayvoltage":[0.0,0.076,18.753],"chargecurrent":[0.002,0.005,11.622],"ledstate":[6.0,6.0,6.0],"loadpower":[24.394834999999997,23.736780000000003,20.870528999999998],"batterytemp":[26.0,26.0,44.0],"triggerrate":[0.0,0.0,1.2000000000000002],"triggersremaining":[12624.0,12624.0,12630.0],"crcerrors":[0.0,0.0,2.0]}