{"datalatency":[20.221181],"sensoruptime":[321.48333333333335,320.5,321.48333333333335],"battvoltage":[12.033,12.064,11.987],"arrayvoltage":[0.015,0.021,18.167],"chargecurrent":[0.002,0.005,9.62],"ledstate":[8.0,8.0,8.0],"loadpower":[24.024,23.499449999999996,22.125905999999997],"batterytemp":[29.0,29.0,55.0],"triggerrate":[0.0,0.0,14.8],"triggersremaining":[1909.0,1913.0,3213.0],"crcerrors":[0.0,0.0,0.0]}