{"datalatency":[10.355732000000001],"sensoruptime":[null,null,null],"battvoltage":[13.845999999999998,14.572000000000001,12.759],"arrayvoltage":[40.976000000000006,41.693000000000005,44.855],"chargecurrent":[0.196,0.18100000000000002,0.609],"chargestate":[7.0,6.0,7.0],"loadpower":[0.0,0.0,0.0],"batterytemp":[20.0,16.0,25.0],"triggerrate":[null,null,null],"triggersremaining":[null,null,null],"crcerrors":[null,null,null]}