{"datalatency":[15.618208000000001],"sensoruptime":[10.874166666666667,9.874166666666667,49.00611111111111],"battvoltage":[11.569,11.569,11.444],"arrayvoltage":[0.006,0.006,19.531],"chargecurrent":[0.002,0.005,12.99],"ledstate":[10.0,10.0,10.0],"loadpower":[24.15214,24.271744,5.941168],"batterytemp":[23.0,24.0,41.0],"triggerrate":[0.0,0.0,2.4000000000000004],"triggersremaining":[14585.0,14585.0,14654.0],"crcerrors":[0.0,0.0,0.0]}