{"datalatency":[12.649042000000001],"sensoruptime":[43.23138888888889,42.23138888888889,43.23138888888889],"battvoltage":[12.1,12.125,12.033],"arrayvoltage":[0.0,0.021,17.526],"chargecurrent":[0.005,0.005,10.985],"ledstate":[6.0,6.0,8.0],"loadpower":[23.221048,22.955112,21.514706],"batterytemp":[29.0,29.0,50.0],"triggerrate":[0.0,0.0,2.4000000000000004],"triggersremaining":[13471.0,13473.0,13514.0],"crcerrors":[0.0,0.0,2.0]}