{"datalatency":[20.268349],"sensoruptime":[304.99,303.99,304.99],"battvoltage":[12.027000000000001,12.027000000000001,11.948],"arrayvoltage":[13.626,13.425,17.093],"chargecurrent":[0.242,0.191,10.847000000000001],"ledstate":[8.0,8.0,8.0],"loadpower":[23.63865,23.879856000000004,21.841950000000004],"batterytemp":[31.0,29.0,54.0],"triggerrate":[0.0,0.2,1.4],"triggersremaining":[3210.0,3211.0,3276.0],"crcerrors":[0.0,0.0,0.0]}