{"datalatency":[7.689669],"sensoruptime":[29.93166666666667,28.93166666666667,29.93166666666667],"battvoltage":[14.235999999999999,14.203,11.49],"arrayvoltage":[42.038000000000004,41.388000000000005,42.059],"chargecurrent":[3.447,3.7060000000000004,12.352],"chargestate":[6.0,6.0,6.0],"loadpower":[13.250172,9.30732,8.277874],"batterytemp":[27.0,28.0,29.0],"triggerrate":[0.0,0.0,0.4],"triggersremaining":[18419.0,18419.0,18432.0],"crcerrors":[0.0,0.0,0.0]}