{"datalatency":[25.967132000000003],"sensoruptime":[null,null,0.325],"battvoltage":[14.212,14.304,12.642999999999999],"arrayvoltage":[37.811,32.132,42.908],"chargecurrent":[1.466,1.3359999999999999,2.5869999999999997],"chargestate":[6.0,5.0,7.0],"loadpower":[0.0,0.0,0.0],"batterytemp":[28.0,24.0,28.0],"triggerrate":[null,null,0.0],"triggersremaining":[null,null,19695.0],"crcerrors":[0.0,null,0.0]}