{"datalatency":[77.654762],"sensoruptime":[49.4825,48.49916666666667,49.4825],"battvoltage":[13.357999999999999,13.168,12.274000000000001],"arrayvoltage":[14.892999999999999,15.231,18.448],"chargecurrent":[6.996,5.795,9.011000000000001],"ledstate":[6.0,6.0,6.0],"loadpower":[22.478901000000004,23.038719999999998,21.948113000000003],"batterytemp":[45.0,40.0,53.0],"triggerrate":[0.0,0.0,0.2],"triggersremaining":[7046.0,7046.0,7052.0],"crcerrors":[0.0,0.0,0.0]}