{"datalatency":[7.474761000000001],"sensoruptime":[223.39694444444444,222.3972222222222,223.39694444444444],"battvoltage":[12.042,12.145999999999999,12.036],"arrayvoltage":[21.840999999999998,26.514,36.472],"chargecurrent":[0.0,0.162,3.503],"chargestate":[5.0,5.0,5.0],"loadpower":[14.059956000000003,14.07763,9.995777999999998],"batterytemp":[15.0,15.0,24.0],"triggerrate":[2.2,0.4,3.0],"triggersremaining":[19992.0,20107.0,20351.0],"crcerrors":[0.0,0.0,0.0]}