{"datalatency":[65.569739],"sensoruptime":[16.654166666666665,15.654444444444444,null],"battvoltage":[12.369000000000002,12.392999999999999,12.369000000000002],"arrayvoltage":[0.0,0.021,19.229],"chargecurrent":[0.002,0.002,8.175],"ledstate":[6.0,6.0,6.0],"loadpower":[23.218803,23.465943000000003,6.0236],"batterytemp":[30.0,30.0,54.0],"triggerrate":[0.0,0.0,null],"triggersremaining":[7055.0,7056.0,null],"crcerrors":[0.0,0.0,0.0]}