{"datalatency":[9.821340000000001],"sensoruptime":[9.05,8.053055555555556,20.196666666666665],"battvoltage":[13.565,12.027000000000001,11.224],"arrayvoltage":[18.660999999999998,15.14,19.736],"chargecurrent":[2.86,0.932,8.165],"ledstate":[5.0,8.0,11.0],"loadpower":[25.495134,27.035904000000002,0.0],"batterytemp":[49.0,47.0,50.0],"triggerrate":[0.0,0.0,1.2000000000000002],"triggersremaining":[14557.0,14557.0,14562.0],"crcerrors":[0.0,0.0,0.0]}