{"datalatency":[7.9627930000000005],"sensoruptime":[40.263333333333335,39.280277777777776,40.263333333333335],"battvoltage":[11.877,11.914000000000001,11.49],"arrayvoltage":[0.6679999999999999,0.711,42.148],"chargecurrent":[0.0,0.0,12.352],"chargestate":[3.0,3.0,6.0],"loadpower":[13.766214,13.812694,8.277874],"batterytemp":[7.0,8.0,29.0],"triggerrate":[0.0,0.0,0.4],"triggersremaining":[18415.0,18417.0,18425.0],"crcerrors":[0.0,0.0,0.0]}