{"datalatency":[15.210762],"sensoruptime":[135.55055555555555,134.5536111111111,135.55055555555555],"battvoltage":[11.972000000000001,11.987,11.969000000000001],"arrayvoltage":[0.003,0.006,16.898],"chargecurrent":[0.002,0.005,10.972000000000001],"ledstate":[8.0,8.0,8.0],"loadpower":[24.108700000000002,23.746425000000002,21.720998],"batterytemp":[30.0,30.0,42.0],"triggerrate":[0.0,0.0,3.6],"triggersremaining":[12947.0,12947.0,13080.0],"crcerrors":[0.0,0.0,2.0]}