{"datalatency":[22.321216],"sensoruptime":[41.84777777777778,40.848055555555554,41.84777777777778],"battvoltage":[12.07,12.177,12.064],"arrayvoltage":[15.575999999999999,16.217,18.546],"chargecurrent":[0.358,1.155,7.774],"ledstate":[8.0,8.0,8.0],"loadpower":[23.458499999999997,24.31664,22.625028],"batterytemp":[32.0,34.0,49.0],"triggerrate":[0.0,0.0,2.4000255842727283],"triggersremaining":[22321.0,22330.0,22430.0],"crcerrors":[null,null,0.0]}