{"datalatency":[15.325752000000001],"sensoruptime":[61.11833333333333,60.118611111111115,61.11833333333333],"battvoltage":[12.186,12.253,11.499],"arrayvoltage":[0.534,13.214,18.410999999999998],"chargecurrent":[0.002,0.121,12.030999999999999],"ledstate":[8.0,8.0,10.0],"loadpower":[23.513012000000003,23.992223999999997,21.764498],"batterytemp":[34.0,42.0,56.0],"triggerrate":[0.0,0.0,4.800000000000001],"triggersremaining":[20754.0,20754.0,20912.0],"crcerrors":[0.0,0.0,1.0]}