{"datalatency":[37.969183],"sensoruptime":[0.0075,null,null],"battvoltage":[14.789000000000001,14.85,10.352],"arrayvoltage":[43.988,44.098,45.523],"chargecurrent":[1.5819999999999999,2.201,2.6889999999999996],"chargestate":[6.0,6.0,7.0],"loadpower":[13.963174000000002,18.486553999999998,0.0],"batterytemp":[9.0,7.0,10.0],"triggerrate":[null,null,0.0],"triggersremaining":[0.0,null,null],"crcerrors":[7.0,0.0,1.0]}