{"datalatency":[8.062563],"sensoruptime":[44.585,43.585277777777776,44.585],"battvoltage":[14.235999999999999,13.515999999999998,12.115],"arrayvoltage":[40.414,28.805999999999997,41.821000000000005],"chargecurrent":[5.899,4.575,7.356],"chargestate":[6.0,5.0,6.0],"loadpower":[9.171032,14.706280000000001,8.72505],"batterytemp":[27.0,16.0,28.0],"triggerrate":[0.0,0.0,0.6],"triggersremaining":[22215.0,22216.0,22262.0],"crcerrors":[0.0,0.0,0.0]}