{"datalatency":[61.896012000000006],"sensoruptime":[84.84527777777778,83.84527777777778,84.84527777777778],"battvoltage":[12.329,12.341,12.216],"arrayvoltage":[0.0,0.0,17.965999999999998],"chargecurrent":[0.005,0.005,8.001],"ledstate":[6.0,6.0,6.0],"loadpower":[23.73724,23.032790000000002,21.730287],"batterytemp":[29.0,29.0,58.0],"triggerrate":[0.0,0.0,0.6],"triggersremaining":[6298.0,6299.0,6317.0],"crcerrors":[0.0,0.0,0.0]}