{"datalatency":[21.918535000000002],"sensoruptime":[302.69194444444446,301.69194444444446,302.69194444444446],"battvoltage":[12.445,12.482000000000001,12.183],"arrayvoltage":[0.061,0.061,18.463],"chargecurrent":[0.005,0.005,9.376],"ledstate":[6.0,6.0,6.0],"loadpower":[24.12002,23.977887000000003,21.533700000000003],"batterytemp":[26.0,28.0,50.0],"triggerrate":[0.0,0.0,1.2000000000000002],"triggersremaining":[12631.0,12631.0,12642.0],"crcerrors":[0.0,0.0,2.0]}