{"datalatency":[59.147854],"sensoruptime":[13.2125,12.212777777777777,null],"battvoltage":[12.253,12.267999999999999,12.25],"arrayvoltage":[0.107,0.107,19.632],"chargecurrent":[0.002,0.002,7.9],"ledstate":[6.0,6.0,6.0],"loadpower":[24.127010999999996,23.86995,5.802676],"batterytemp":[30.0,30.0,49.0],"triggerrate":[0.0,0.0,null],"triggersremaining":[22328.0,22328.0,null],"crcerrors":[0.0,0.0,0.0]}