{"datalatency":[7.497279000000001],"sensoruptime":[1.2308333333333332,0.24833333333333332,227.69416666666666],"battvoltage":[11.99,12.03,11.96],"arrayvoltage":[0.851,1.028,36.472],"chargecurrent":[0.0,0.0,3.503],"chargestate":[3.0,3.0,5.0],"loadpower":[14.247932999999998,13.968000000000002,9.995777999999998],"batterytemp":[14.0,14.0,18.0],"triggerrate":[0.0,2.6,24.0],"triggersremaining":[18691.0,19079.0,20344.0],"crcerrors":[2.0,2.0,3.0]}