{"datalatency":[8.596070000000001],"sensoruptime":[37.757777777777775,36.757777777777775,37.757777777777775],"battvoltage":[12.450999999999999,12.491,12.112],"arrayvoltage":[0.583,0.5920000000000001,41.489],"chargecurrent":[0.0,0.0,11.902999999999999],"chargestate":[3.0,3.0,6.0],"loadpower":[13.563732,13.96766,9.02565],"batterytemp":[17.0,17.0,35.0],"triggerrate":[0.0,0.0,0.4],"triggersremaining":[21651.0,21652.0,21671.0],"crcerrors":[0.0,0.0,0.0]}