{"datalatency":[25.960436],"sensoruptime":[4.203333333333333,3.2041666666666666,null],"battvoltage":[12.267999999999999,12.5,12.155],"arrayvoltage":[25.662,27.872,42.218],"chargecurrent":[0.16699999999999998,0.6859999999999999,2.839],"chargestate":[5.0,5.0,7.0],"loadpower":[14.676115999999999,15.005294,0.0],"batterytemp":[26.0,27.0,32.0],"triggerrate":[20.0,15.0,null],"triggersremaining":[15600.0,16636.0,null],"crcerrors":[0.0,0.0,2.0]}