{"datalatency":[14.602440000000001],"sensoruptime":[98.22277777777778,97.22555555555556,98.22277777777778],"battvoltage":[12.735,12.14,12.057],"arrayvoltage":[15.573,16.544,17.825],"chargecurrent":[6.162999999999999,1.565,9.687000000000001],"ledstate":[8.0,8.0,8.0],"loadpower":[22.53836,23.115420000000004,21.192338],"batterytemp":[41.0,33.0,58.0],"triggerrate":[0.0,0.0,2.4000000000000004],"triggersremaining":[13085.0,13085.0,13096.0],"crcerrors":[0.0,0.0,2.0]}