{"datalatency":[9.530149],"sensoruptime":[11.337777777777777,10.338055555555556,11.337777777777777],"battvoltage":[11.722000000000001,11.761,11.285],"arrayvoltage":[0.214,12.655999999999999,19.965],"chargecurrent":[0.002,0.055999999999999994,7.916],"ledstate":[10.0,10.0,11.0],"loadpower":[27.546571000000004,27.638338,0.0],"batterytemp":[30.0,38.0,51.0],"triggerrate":[0.0,0.0,1.2000000000000002],"triggersremaining":[14565.0,14565.0,14568.0],"crcerrors":[0.0,0.0,0.0]}