{"datalatency":[10.017366],"sensoruptime":[null,null,4.153611111111111],"battvoltage":[14.12,14.09,12.704],"arrayvoltage":[39.996,40.845,44.955],"chargecurrent":[0.502,0.34299999999999997,2.194],"chargestate":[7.0,7.0,7.0],"loadpower":[0.0,0.0,0.0],"batterytemp":[11.0,12.0,21.0],"triggerrate":[null,null,59.0],"triggersremaining":[null,null,15397.0],"crcerrors":[2.0,null,5.0]}