{"datalatency":[63.30505],"sensoruptime":[null,null,20.630555555555556],"battvoltage":[12.905999999999999,12.975999999999999,11.517000000000001],"arrayvoltage":[14.844000000000001,14.749,17.087],"chargecurrent":[7.095,8.407,10.335],"ledstate":[8.0,8.0,10.0],"loadpower":[6.574409999999999,6.833609000000001,6.079374],"batterytemp":[53.0,51.0,53.0],"triggerrate":[null,null,1.6],"triggersremaining":[null,null,30.0],"crcerrors":[1.0000115742080349,null,1.0]}