{"datalatency":[7.91879],"sensoruptime":[32.59777777777778,31.598055555555554,32.59777777777778],"battvoltage":[12.145999999999999,12.524000000000001,11.49],"arrayvoltage":[12.784,28.418000000000003,42.148],"chargecurrent":[0.0,1.433,12.352],"chargestate":[5.0,5.0,6.0],"loadpower":[14.07763,14.609826,8.277874],"batterytemp":[16.0,22.0,29.0],"triggerrate":[0.0,0.0,0.4],"triggersremaining":[18418.0,18419.0,18429.0],"crcerrors":[0.0,0.0,0.0]}