{"datalatency":[37.592613],"sensoruptime":[null,null,null],"battvoltage":[12.347000000000001,12.36,10.287],"arrayvoltage":[0.8240000000000001,0.861,38.15],"chargecurrent":[0.0,0.0,3.1860000000000004],"chargestate":[3.0,3.0,6.0],"loadpower":[0.0,0.0,0.0],"batterytemp":[17.0,18.0,27.0],"triggerrate":[null,null,null],"triggersremaining":[null,null,null],"crcerrors":[0.0,null,0.0]}