{"datalatency":[19.930345000000003],"sensoruptime":[533.8255555555555,532.8286111111111,533.8255555555555],"battvoltage":[12.375,12.18,11.606],"arrayvoltage":[14.940999999999999,16.409000000000002,17.038],"chargecurrent":[5.129,3.377,11.424000000000001],"ledstate":[8.0,8.0,10.0],"loadpower":[22.589378,23.100168,22.057775999999997],"batterytemp":[45.0,43.0,45.0],"triggerrate":[0.0,0.0,3.6],"triggersremaining":[11299.0,11308.0,11344.0],"crcerrors":[0.0,0.0,2.0]}