{"datalatency":[8.418472000000001],"sensoruptime":[1.1544444444444444,0.15694444444444444,null],"battvoltage":[12.524000000000001,13.152999999999999,11.307],"arrayvoltage":[30.416999999999998,31.058000000000003,40.985],"chargecurrent":[0.9420000000000001,1.486,3.0660000000000003],"chargestate":[5.0,5.0,6.0],"loadpower":[15.348017999999998,15.595105,0.0],"batterytemp":[27.0,26.0,27.0],"triggerrate":[9.2,8.0,null],"triggersremaining":[20953.0,21450.0,null],"crcerrors":[3.0,2.0,3.0]}