{"datalatency":[77.11558500000001],"sensoruptime":[5.322777777777778,4.322777777777778,null],"battvoltage":[13.47,13.51,12.488],"arrayvoltage":[18.018,18.018,19.625999999999998],"chargecurrent":[3.15,3.295,8.175],"ledstate":[5.0,5.0,6.0],"loadpower":[23.04897,23.091,6.0236],"batterytemp":[52.0,51.0,52.0],"triggerrate":[0.4,0.0,null],"triggersremaining":[7064.0,7072.0,null],"crcerrors":[0.0,0.0,0.0]}