{"datalatency":[37.5803],"sensoruptime":[null,2.5255555555555556,7.746944444444445],"battvoltage":[12.335,11.565999999999999,10.287],"arrayvoltage":[13.324000000000002,26.116999999999997,38.15],"chargecurrent":[0.0,0.309,3.1860000000000004],"chargestate":[5.0,5.0,6.0],"loadpower":[0.0,13.466013000000002,0.0],"batterytemp":[24.0,25.0,27.0],"triggerrate":[null,0.0,1.5],"triggersremaining":[null,11684.0,11690.0],"crcerrors":[0.0,0.0,0.0]}