{"datalatency":[8.204912],"sensoruptime":[68.24833333333333,67.24861111111112,68.24833333333333],"battvoltage":[12.183,12.222000000000001,12.145999999999999],"arrayvoltage":[32.669000000000004,34.329,42.861999999999995],"chargecurrent":[0.903,0.688,6.704],"chargestate":[5.0,5.0,6.0],"loadpower":[13.37212,13.331790000000002,8.875646],"batterytemp":[16.0,14.0,30.0],"triggerrate":[0.0,0.0,0.8],"triggersremaining":[22134.0,22148.0,22215.0],"crcerrors":[0.0,0.0,0.0]}