{"datalatency":[8.105395],"sensoruptime":[6.171111111111111,5.187777777777778,62.22694444444444],"battvoltage":[14.267000000000001,14.297,11.319],"arrayvoltage":[41.931000000000004,41.931000000000004,42.471000000000004],"chargecurrent":[2.747,2.616,5.733],"chargestate":[6.0,6.0,6.0],"loadpower":[12.331824000000001,12.284523,0.0],"batterytemp":[26.0,25.0,32.0],"triggerrate":[0.0,0.0,0.5],"triggersremaining":[18400.0,18400.0,18410.0],"crcerrors":[0.0,0.0,0.0]}