{"datalatency":[77.52228500000001],"sensoruptime":[1.6566666666666667,0.6566666666666666,null],"battvoltage":[13.712,12.933,12.488],"arrayvoltage":[17.785999999999998,16.116,20.914],"chargecurrent":[4.331,2.4090000000000003,6.5729999999999995],"ledstate":[5.0,6.0,6.0],"loadpower":[22.629119999999997,22.817808,6.0236],"batterytemp":[44.0,39.0,46.0],"triggerrate":[0.0,0.2,null],"triggersremaining":[7078.0,7078.0,null],"crcerrors":[0.0,0.0,0.0]}