{"datalatency":[21.1325],"sensoruptime":[2.539722222222222,1.5563888888888888,64.02638888888889],"battvoltage":[12.380999999999998,11.88,11.835],"arrayvoltage":[16.262999999999998,14.800999999999998,16.91],"chargecurrent":[3.1889999999999996,0.575,10.463],"ledstate":[8.0,8.0,8.0],"loadpower":[22.851542000000002,22.662549000000002,6.678672000000001],"batterytemp":[37.0,33.0,50.0],"triggerrate":[0.2,0.0,3.0],"triggersremaining":[1332.0,1333.0,1511.0],"crcerrors":[0.0,0.0,0.0]}