{"datalatency":[49.794340000000005],"sensoruptime":[69.64611111111111,68.6463888888889,69.64611111111111],"battvoltage":[12.314,12.308,12.274000000000001],"arrayvoltage":[15.286,13.385,18.410999999999998],"chargecurrent":[0.39899999999999997,0.145,7.945],"ledstate":[6.0,6.0,6.0],"loadpower":[22.57064,23.639,21.948113000000003],"batterytemp":[29.0,28.0,55.0],"triggerrate":[1.2,1.0,2.6],"triggersremaining":[6938.0,7003.0,7047.0],"crcerrors":[0.0,0.0,0.0]}