{"datalatency":[8.223790000000001],"sensoruptime":[3.7625,2.762777777777778,11.467222222222222],"battvoltage":[13.907,13.802999999999999,11.478],"arrayvoltage":[37.091,37.045,37.939],"chargecurrent":[9.658,11.748,15.0],"chargestate":[6.0,6.0,6.0],"loadpower":[10.030419,10.034256,0.0],"batterytemp":[38.0,41.0,41.0],"triggerrate":[0.0,0.0,1.6],"triggersremaining":[21737.0,21739.0,21930.0],"crcerrors":[0.0,0.0,0.0]}