{"datalatency":[7.806195000000001],"sensoruptime":[31.726111111111113,30.74277777777778,31.726111111111113],"battvoltage":[11.493,11.505,11.493],"arrayvoltage":[0.9520000000000001,0.955,34.238],"chargecurrent":[0.0,0.0,1.4709999999999999],"chargestate":[3.0,3.0,5.0],"loadpower":[14.182205000000002,14.14781,13.408536],"batterytemp":[15.0,16.0,20.0],"triggerrate":[0.0,0.2,2.0],"triggersremaining":[18440.0,18445.0,18641.0],"crcerrors":[1.0,0.0,4.0]}