{"datalatency":[21.865071],"sensoruptime":[0.9852777777777778,null,null],"battvoltage":[13.968,12.710999999999999,12.530999999999999],"arrayvoltage":[18.744,15.088,19.037],"chargecurrent":[5.146,2.551,6.841],"chargestate":[6.0,5.0,6.0],"loadpower":[23.210704,11.041264,11.041264],"batterytemp":[36.0,21.0,36.0],"triggerrate":[null,null,null],"triggersremaining":[22493.0,null,null],"crcerrors":[0.0,null,0.0]}