{"datalatency":[7.0236670000000005],"sensoruptime":[149.40777777777777,148.42444444444445,149.40777777777777],"battvoltage":[14.175,14.175,11.868],"arrayvoltage":[42.151,41.843,42.465],"chargecurrent":[4.075,4.588,15.0],"chargestate":[6.0,6.0,6.0],"loadpower":[11.293788000000001,9.120828000000001,8.596613999999999],"batterytemp":[29.0,29.0,33.0],"triggerrate":[0.4,0.2,6.4],"triggersremaining":[20444.0,20454.0,21396.0],"crcerrors":[0.0,0.0,0.0]}