{"datalatency":[31.214497],"sensoruptime":[3.3330555555555557,2.3361111111111112,152.8761111111111],"battvoltage":[12.216,12.292,11.453],"arrayvoltage":[17.477,17.09,18.973],"chargecurrent":[3.628,4.457,14.731],"chargestate":[5,5,6],"loadpower":[26.590504000000003,26.653536000000003,0.0],"batterytemp":[29,30,39],"triggerrate":[null,null,null],"triggersremaining":[14673.0,14673.0,15185.0],"crcerrors":[0.0,null,0.0]}