{"datalatency":[21.051105],"sensoruptime":[45.031666666666666,44.031666666666666,45.031666666666666],"battvoltage":[11.606,11.645999999999999,11.606],"arrayvoltage":[0.0,0.0,17.337],"chargecurrent":[0.005,0.005,10.720999999999998],"ledstate":[10.0,10.0,10.0],"loadpower":[24.17349,24.115520000000004,21.698432000000004],"batterytemp":[29.0,29.0,49.0],"triggerrate":[0.0,0.2,16.8],"triggersremaining":[40.0,40.0,1287.0],"crcerrors":[1.9999768521197672,0.0,2.0]}