{"datalatency":[8.147174],"sensoruptime":[6.451388888888889,5.468055555555556,114.10888888888888],"battvoltage":[11.761,11.800999999999998,11.469000000000001],"arrayvoltage":[0.735,1.733,35.4],"chargecurrent":[0.0,0.0,6.643],"chargestate":[3.0,3.0,5.0],"loadpower":[13.658376000000004,13.701444,0.0],"batterytemp":[18.0,19.0,27.0],"triggerrate":[0.0,0.2,0.8],"triggersremaining":[21905.0,21915.0,21951.0],"crcerrors":[0.0,0.0,0.0]}