{"datalatency":[19.044822],"sensoruptime":[203.51055555555556,202.51055555555556,203.51055555555556],"battvoltage":[12.1,12.119000000000002,12.1],"arrayvoltage":[0.0,0.018000000000000002,17.969],"chargecurrent":[0.005,0.002,8.96],"ledstate":[6.0,6.0,6.0],"loadpower":[23.595775999999997,24.067207999999997,21.987524],"batterytemp":[31.0,31.0,57.0],"triggerrate":[0.0,0.0,2.4],"triggersremaining":[5633.0,5633.0,5814.0],"crcerrors":[0.0,0.0,0.0]}