{"datalatency":[5.069351],"sensoruptime":[null,null,7.133055555555556],"battvoltage":[11.624,11.995999999999999,11.31],"arrayvoltage":[14.798,12.835999999999999,19.949],"chargecurrent":[0.244,0.046,12.057],"ledstate":[10.0,10.0,10.0],"loadpower":[7.722526,8.244992,5.92988],"batterytemp":[26.0,25.0,50.0],"triggerrate":[null,null,2.4000000000000004],"triggersremaining":[null,null,14583.0],"crcerrors":[null,null,0.0]}