{"datalatency":[12.319957],"sensoruptime":[20.946944444444444,19.947222222222223,null],"battvoltage":[11.798,11.835,11.798],"arrayvoltage":[0.0,0.0,17.526],"chargecurrent":[0.002,0.002,10.419],"chargestate":[3.0,3.0,5.0],"loadpower":[23.401038,23.102142,6.167125],"batterytemp":[25.0,25.0,49.0],"triggerrate":[0.0,0.0,null],"triggersremaining":[21171.0,21172.0,null],"crcerrors":[0.0,0.0,0.0]}