{"datalatency":[26.043104000000003],"sensoruptime":[null,null,null],"battvoltage":[12.759,12.65,12.082],"arrayvoltage":[0.9740000000000001,0.8909999999999999,44.974],"chargecurrent":[0.0,0.0,2.773],"chargestate":[3.0,3.0,6.0],"loadpower":[0.0,0.0,0.0],"batterytemp":[5.0,6.0,20.0],"triggerrate":[null,null,null],"triggersremaining":[null,null,null],"crcerrors":[null,null,null]}