{"datalatency":[8.264439000000001],"sensoruptime":[8.928333333333333,7.945277777777778,11.467222222222222],"battvoltage":[12.567,12.642999999999999,11.478],"arrayvoltage":[1.556,26.851999999999997,38.565],"chargecurrent":[0.0,0.258,15.0],"chargestate":[3.0,5.0,6.0],"loadpower":[13.753089000000001,13.74817,0.0],"batterytemp":[22.0,26.0,41.0],"triggerrate":[0.2,0.0,1.6],"triggersremaining":[21712.0,21720.0,21914.0],"crcerrors":[0.0,0.0,0.0]}