{"datalatency":[7.542692000000001],"sensoruptime":[25.226944444444445,24.24361111111111,25.226944444444445],"battvoltage":[11.645999999999999,11.67,11.645999999999999],"arrayvoltage":[1.294,1.166,34.238],"chargecurrent":[0.0,0.0,1.4709999999999999],"chargestate":[3.0,3.0,5.0],"loadpower":[14.034544,14.340313999999998,13.408536],"batterytemp":[17.0,17.0,20.0],"triggerrate":[0.0,0.0,0.8],"triggersremaining":[18578.0,18578.0,18691.0],"crcerrors":[0.0,0.0,3.0]}