{"datalatency":[8.668354],"sensoruptime":[74.08583333333333,73.08611111111111,74.08583333333333],"battvoltage":[12.595,12.491,12.183],"arrayvoltage":[32.669000000000004,33.353,40.146],"chargecurrent":[1.9569999999999999,2.276,5.071000000000001],"chargestate":[5.0,5.0,6.0],"loadpower":[14.008656000000002,13.855446000000002,8.80245],"batterytemp":[26.0,22.0,34.0],"triggerrate":[0.0,0.0,0.6],"triggersremaining":[21633.0,21638.0,21647.0],"crcerrors":[0.0,0.0,0.0]}