{"datalatency":[7.729987],"sensoruptime":[6.8966666666666665,5.8966666666666665,227.69416666666666],"battvoltage":[11.905,11.914000000000001,11.902000000000001],"arrayvoltage":[1.382,0.888,36.472],"chargecurrent":[0.0,0.0,3.503],"chargestate":[3.0,3.0,5.0],"loadpower":[13.836468000000002,13.836468000000002,9.995777999999998],"batterytemp":[16.0,16.0,18.0],"triggerrate":[0.2,0.2,24.0],"triggersremaining":[18648.0,18657.0,20324.0],"crcerrors":[2.0,0.0,3.0]}