{"datalatency":[17.490540000000003],"sensoruptime":[0.5425,null,49.00611111111111],"battvoltage":[12.671,12.329,11.569],"arrayvoltage":[16.012999999999998,17.038,19.531],"chargecurrent":[3.136,3.136,12.99],"ledstate":[6.0,6.0,10.0],"loadpower":[22.653000000000002,7.038574999999999,5.941168],"batterytemp":[41.0,38.0,41.0],"triggerrate":[0.0,null,2.4000000000000004],"triggersremaining":[14649.0,null,14657.0],"crcerrors":[0.0,0.0,0.0]}