{"datalatency":[7.787645],"sensoruptime":[10.934722222222222,9.95138888888889,31.859444444444446],"battvoltage":[11.884,11.914000000000001,11.465],"arrayvoltage":[1.065,1.077,42.996],"chargecurrent":[0.0,0.0,15.002],"chargestate":[3.0,3.0,6.0],"loadpower":[13.789908000000004,13.812694,0.0],"batterytemp":[7.0,8.0,28.0],"triggerrate":[0.0,0.0,2.0],"triggersremaining":[18429.0,18429.0,18579.0],"crcerrors":[1.0,0.0,4.0]}