{"datalatency":[14.927485],"sensoruptime":[null,6.3525,null],"battvoltage":[13.657,13.585999999999999,11.31],"arrayvoltage":[19.104,15.335,19.531],"chargecurrent":[5.537000000000001,8.706,12.057],"ledstate":[5.0,6.0,11.0],"loadpower":[6.815654,26.588632,0.0],"batterytemp":[46.0,39.0,46.0],"triggerrate":[null,0.0,null],"triggersremaining":[null,14570.0,null],"crcerrors":[0.0,null,0.0]}