{"datalatency":[34.676339],"sensoruptime":[null,null,null],"battvoltage":[12.796,11.972000000000001,11.481],"arrayvoltage":[17.285,18.408,19.680999999999997],"chargecurrent":[6.849,0.7490000000000001,6.851],"chargestate":[5.0,5.0,5.0],"loadpower":[10.865514,0.0,0.0],"batterytemp":[21.0,13.0,26.0],"triggerrate":[null,null,null],"triggersremaining":[null,null,null],"crcerrors":[null,null,null]}