{"datalatency":[12.313934000000001],"sensoruptime":[26.94611111111111,25.94611111111111,26.94611111111111],"battvoltage":[11.835,11.725,11.682],"arrayvoltage":[15.677,16.116,17.526],"chargecurrent":[0.5579999999999999,0.875,10.419],"chargestate":[5.0,5.0,6.0],"loadpower":[22.7933,23.09493,21.71104],"batterytemp":[34.0,30.0,49.0],"triggerrate":[0.0,0.0,8.4],"triggersremaining":[21155.0,21155.0,21435.0],"crcerrors":[0.0,0.0,0.0]}