{"datalatency":[30.007273],"sensoruptime":[29.996944444444445,29.0,29.996944444444445],"battvoltage":[12.674000000000001,13.214,12.064],"arrayvoltage":[15.520999999999999,16.409000000000002,19.625999999999998],"chargecurrent":[1.3090000000000002,4.7780000000000005,11.344000000000001],"chargestate":[5.0,5.0,7.0],"loadpower":[25.817818000000003,24.022855999999997,22.619726999999994],"batterytemp":[46.0,44.0,47.0],"triggerrate":[null,null,null],"triggersremaining":[22486.0,22486.0,22492.0],"crcerrors":[null,null,0.0]}