{"datalatency":[21.289955000000003],"sensoruptime":[null,null,57.48722222222222],"battvoltage":[12.448,12.14,11.639000000000001],"arrayvoltage":[16.986,16.989,17.78],"chargecurrent":[4.416,2.355,9.692],"ledstate":[8.0,10.0,10.0],"loadpower":[7.412624999999999,8.148,6.949343999999999],"batterytemp":[36.0,33.0,40.0],"triggerrate":[null,null,7.200004464002768],"triggersremaining":[null,null,22426.0],"crcerrors":[null,null,0.0]}