{"datalatency":[8.010491],"sensoruptime":[71.74805555555555,70.76472222222222,71.74805555555555],"battvoltage":[12.604000000000001,12.677,12.145999999999999],"arrayvoltage":[32.617,33.005,42.861999999999995],"chargecurrent":[1.619,1.86,3.312],"chargestate":[5.0,5.0,6.0],"loadpower":[13.831010000000001,13.940472,10.471800000000002],"batterytemp":[20.0,20.0,29.0],"triggerrate":[0.2,0.2,0.8],"triggersremaining":[22111.0,22113.0,22214.0],"crcerrors":[0.0,0.0,0.0]}