{"datalatency":[69.295378],"sensoruptime":[61.31388888888889,60.314166666666665,61.31388888888889],"battvoltage":[12.482000000000001,12.515,12.274000000000001],"arrayvoltage":[0.021,0.021,18.410999999999998],"chargecurrent":[0.005,0.002,7.945],"ledstate":[6.0,6.0,6.0],"loadpower":[23.740976000000003,23.317030000000003,21.948113000000003],"batterytemp":[30.0,32.0,55.0],"triggerrate":[0.0,0.0,0.4],"triggersremaining":[7040.0,7040.0,7049.0],"crcerrors":[0.0,0.0,0.0]}