{"datalatency":[19.331799],"sensoruptime":[9.019444444444444,8.019722222222223,31.89388888888889],"battvoltage":[12.1,12.1,12.082],"arrayvoltage":[16.016,14.011,18.692],"chargecurrent":[0.391,0.23399999999999999,11.344000000000001],"ledstate":[8.0,6.0,8.0],"loadpower":[23.174072999999996,24.877104000000003,7.371546],"batterytemp":[25.0,24.0,48.0],"triggerrate":[0.0,0.0,16.800115584795222],"triggersremaining":[22432.0,22433.0,22488.0],"crcerrors":[null,null,0.0]}