{"datalatency":[11.330899],"sensoruptime":[4.952222222222222,3.955277777777778,7.988333333333333],"battvoltage":[12.366,12.027000000000001,11.798],"arrayvoltage":[16.843,16.945999999999998,17.730999999999998],"chargecurrent":[3.278,1.788,11.344000000000001],"chargestate":[5.0,5.0,6.0],"loadpower":[22.460998,23.722475,6.167125],"batterytemp":[33.0,29.0,47.0],"triggerrate":[0.0,0.0,15.600000000000001],"triggersremaining":[21429.0,21430.0,22150.0],"crcerrors":[0.0,0.0,0.0]}