{"datalatency":[7.835032000000001],"sensoruptime":[21.2275,20.24416666666667,227.69416666666666],"battvoltage":[11.725,11.761,11.685],"arrayvoltage":[1.1320000000000001,12.347000000000001,34.238],"chargecurrent":[0.0,0.0,1.4709999999999999],"chargestate":[3.0,5.0,5.0],"loadpower":[14.325150000000002,14.456288000000002,13.408536],"batterytemp":[18.0,18.0,20.0],"triggerrate":[0.0,0.0,24.0],"triggersremaining":[18579.0,18581.0,19797.0],"crcerrors":[2.0,0.0,3.0]}