{"datalatency":[54.768312],"sensoruptime":[17.320833333333333,16.32111111111111,null],"battvoltage":[12.369000000000002,12.375,12.363],"arrayvoltage":[0.0,0.0,19.229],"chargecurrent":[0.005,0.002,8.175],"ledstate":[6.0,6.0,6.0],"loadpower":[23.317659,23.194088999999998,6.0236],"batterytemp":[30.0,30.0,54.0],"triggerrate":[0.0,0.0,null],"triggersremaining":[7055.0,7055.0,null],"crcerrors":[0.0,0.0,0.0]}