{"datalatency":[10.089764],"sensoruptime":[null,null,0.018055555555555554],"battvoltage":[14.12,14.716,12.567],"arrayvoltage":[38.464,40.216,43.176],"chargecurrent":[0.5529999999999999,0.611,2.22],"chargestate":[7.0,6.0,7.0],"loadpower":[0.0,0.0,0.0],"batterytemp":[11.0,11.0,20.0],"triggerrate":[null,null,null],"triggersremaining":[null,null,0.0],"crcerrors":[0.0,null,1.0]}