{"datalatency":[9.580507],"sensoruptime":[null,null,null],"battvoltage":[14.062000000000001,14.719000000000001,10.352],"arrayvoltage":[42.816,43.381,45.523],"chargecurrent":[1.609,1.959,2.6889999999999996],"chargestate":[7.0,6.0,7.0],"loadpower":[14.503202,19.393265999999997,0.0],"batterytemp":[13.0,11.0,14.0],"triggerrate":[null,null,null],"triggersremaining":[null,null,null],"crcerrors":[2.0,0.0,1.0]}