{"datalatency":[9.302086000000001],"sensoruptime":[4.338888888888889,3.338888888888889,6.051944444444445],"battvoltage":[13.715,13.739,11.285],"arrayvoltage":[19.003,18.03,19.519000000000002],"chargecurrent":[3.237,5.936,9.1],"ledstate":[5.0,5.0,11.0],"loadpower":[25.784916000000003,25.833368000000004,0.0],"batterytemp":[44.0,43.0,51.0],"triggerrate":[0.0,0.0,1.2000000000000002],"triggersremaining":[14566.0,14567.0,14570.0],"crcerrors":[0.0,0.0,0.0]}