{"datalatency":[37.774148000000004],"sensoruptime":[0.01,0.07861111111111112,2.6594444444444445],"battvoltage":[12.142999999999999,11.565999999999999,10.26],"arrayvoltage":[32.861,32.617,42.032],"chargecurrent":[0.995,0.894,2.546],"chargestate":[5.0,5.0,7.0],"loadpower":[13.352976,13.472228000000001,0.0],"batterytemp":[17.0,15.0,23.0],"triggerrate":[0.0,0.0,58.4],"triggersremaining":[0.0,0.0,3011.0],"crcerrors":[27.0,0.0,20.0]}