{"datalatency":[7.700128],"sensoruptime":[222.8972222222222,221.8972222222222,222.8972222222222],"battvoltage":[12.112,12.145999999999999,12.07],"arrayvoltage":[25.778000000000002,26.656999999999996,41.06100000000001],"chargecurrent":[0.09699999999999999,0.174,3.503],"chargestate":[5.0,5.0,6.0],"loadpower":[14.410247000000002,14.07763,9.995777999999998],"batterytemp":[15.0,14.0,24.0],"triggerrate":[3.0,2.2,3.0],"triggersremaining":[20048.0,20134.0,20351.0],"crcerrors":[0.0,0.0,0.0]}