{"datalatency":[19.797229],"sensoruptime":[272.6613888888889,271.6613888888889,272.6613888888889],"battvoltage":[12.112,12.14,11.874],"arrayvoltage":[0.018000000000000002,0.018000000000000002,17.432000000000002],"chargecurrent":[0.002,0.002,9.39],"ledstate":[8.0,8.0,8.0],"loadpower":[23.716655999999997,24.146848,22.057204000000002],"batterytemp":[32.0,33.0,58.0],"triggerrate":[0.0,0.0,0.8],"triggersremaining":[3278.0,3279.0,3319.0],"crcerrors":[0.0,0.0,0.0]}