{"datalatency":[26.085842000000003],"sensoruptime":[null,null,null],"battvoltage":[14.828,14.995999999999999,12.299000000000001],"arrayvoltage":[42.798,43.881,44.974],"chargecurrent":[0.28300000000000003,0.028999999999999998,2.773],"chargestate":[6.0,6.0,6.0],"loadpower":[0.0,0.0,0.0],"batterytemp":[8.0,4.0,11.0],"triggerrate":[null,null,null],"triggersremaining":[null,null,null],"crcerrors":[null,null,null]}