{"datalatency":[37.673902000000005],"sensoruptime":[null,null,null],"battvoltage":[12.530999999999999,12.564,10.665999999999999],"arrayvoltage":[0.6990000000000001,0.626,43.448],"chargecurrent":[0.0,0.0,5.0760000000000005],"chargestate":[3.0,3.0,8.0],"loadpower":[0.0,0.0,0.0],"batterytemp":[12.0,12.0,26.0],"triggerrate":[null,null,null],"triggersremaining":[null,null,null],"crcerrors":[0.0,null,0.0]}