{"datalatency":[7.6294],"sensoruptime":[183.06916666666666,182.0861111111111,183.06916666666666],"battvoltage":[12.375,12.415,12.183],"arrayvoltage":[0.632,0.623,43.121],"chargecurrent":[0.0,0.002,10.794],"chargestate":[3.0,3.0,6.0],"loadpower":[13.837624000000002,13.523328000000001,8.98432],"batterytemp":[8.0,8.0,29.0],"triggerrate":[0.0,0.0,0.4],"triggersremaining":[20363.0,20363.0,20382.0],"crcerrors":[0.0,0.0,0.0]}