{"datalatency":[8.042153],"sensoruptime":[18.08861111111111,17.08888888888889,null],"battvoltage":[12.145999999999999,12.145999999999999,12.07],"arrayvoltage":[28.226,0.763,44.162],"chargecurrent":[0.14,0.0,2.483],"chargestate":[5.0,3.0,7.0],"loadpower":[14.07763,13.992825,0.0],"batterytemp":[0.0,0.0,19.0],"triggerrate":[0.0,0.0,null],"triggersremaining":[22270.0,22272.0,null],"crcerrors":[0.0,0.0,0.0]}