{"datalatency":[8.111568],"sensoruptime":[49.41777777777778,48.434444444444445,49.41777777777778],"battvoltage":[14.235999999999999,14.215,12.115],"arrayvoltage":[41.605,40.747,42.148],"chargecurrent":[2.715,3.054,7.356],"chargestate":[6.0,6.0,6.0],"loadpower":[12.33925,11.208705,8.875646],"batterytemp":[27.0,28.0,30.0],"triggerrate":[0.0,0.0,0.6],"triggersremaining":[22211.0,22213.0,22256.0],"crcerrors":[0.0,0.0,0.0]}