{"datalatency":[18.470307000000002],"sensoruptime":[210.0388888888889,209.04194444444445,210.0388888888889],"battvoltage":[12.064,12.1,11.800999999999998],"arrayvoltage":[0.0,0.055,18.445],"chargecurrent":[0.002,0.002,8.948],"ledstate":[8.0,8.0,8.0],"loadpower":[23.463296999999994,23.463296999999994,21.692814],"batterytemp":[24.0,24.0,51.0],"triggerrate":[0.0,0.0,1.2000000000000002],"triggersremaining":[12685.0,12685.0,12691.0],"crcerrors":[0.0,0.0,2.0]}