{"datalatency":[19.748226000000003],"sensoruptime":[261.9963888888889,261.0130555555556,261.9963888888889],"battvoltage":[12.905999999999999,12.823,11.874],"arrayvoltage":[14.163,14.499,17.432000000000002],"chargecurrent":[8.023,7.332000000000001,9.992],"ledstate":[8.0,8.0,8.0],"loadpower":[23.010434999999998,22.618928,22.057204000000002],"batterytemp":[53.0,49.0,53.0],"triggerrate":[0.0,0.0,8.0],"triggersremaining":[3312.0,3314.0,4108.0],"crcerrors":[0.0,0.0,0.0]}