{"datalatency":[8.002597],"sensoruptime":[15.422222222222222,14.439166666666667,null],"battvoltage":[12.183,12.207,12.183],"arrayvoltage":[0.674,0.65,44.162],"chargecurrent":[0.0,0.0,2.483],"chargestate":[3.0,3.0,7.0],"loadpower":[14.124109999999998,14.045184000000003,0.0],"batterytemp":[1.0,1.0,19.0],"triggerrate":[0.4,0.2,null],"triggersremaining":[22303.0,22320.0,null],"crcerrors":[0.0,0.0,0.0]}