{"datalatency":[22.525146000000003],"sensoruptime":[23.484166666666667,22.486944444444443,null],"battvoltage":[12.302,12.14,12.064],"arrayvoltage":[16.843,16.895,20.032],"chargecurrent":[2.4619999999999997,1.452,7.09],"chargestate":[5.0,5.0,7.0],"loadpower":[25.173974000000005,24.919551,11.041264],"batterytemp":[31.0,29.0,47.0],"triggerrate":[null,null,null],"triggersremaining":[22488.0,22488.0,null],"crcerrors":[null,null,0.0]}