{"datalatency":[13.359144],"sensoruptime":[342.02222222222224,341.0225,342.02222222222224],"battvoltage":[12.710999999999999,12.946,12.109000000000002],"arrayvoltage":[16.653,15.332,18.03],"chargecurrent":[2.822,5.015,12.229000000000001],"ledstate":[6.0,6.0,6.0],"loadpower":[22.744843999999997,22.327211999999996,21.638656000000005],"batterytemp":[39.0,43.0,44.0],"triggerrate":[0.0,0.0,1.2000000000000002],"triggersremaining":[12621.0,12621.0,12627.0],"crcerrors":[0.0,0.0,2.0]}