{"datalatency":[13.220988],"sensoruptime":[null,null,61.55722222222222],"battvoltage":[12.177,12.14,11.645999999999999],"arrayvoltage":[16.449,16.553,18.410999999999998],"chargecurrent":[0.713,0.406,12.030999999999999],"ledstate":[8.0,8.0,10.0],"loadpower":[6.8280639999999995,7.216536,6.16488],"batterytemp":[29.0,28.0,56.0],"triggerrate":[null,null,1.2000000000000002],"triggersremaining":[null,null,20759.0],"crcerrors":[null,null,1.0]}