{"datalatency":[8.344902000000001],"sensoruptime":[null,null,null],"battvoltage":[12.759,12.759,12.530999999999999],"arrayvoltage":[0.946,0.8390000000000001,40.985],"chargecurrent":[0.0,0.002,1.911],"chargestate":[3.0,3.0,6.0],"loadpower":[0.0,0.0,0.0],"batterytemp":[20.0,21.0,26.0],"triggerrate":[null,null,null],"triggersremaining":[null,null,null],"crcerrors":[null,null,null]}