{"datalatency":[10.521525],"sensoruptime":[null,null,null],"battvoltage":[14.749,13.501,12.567],"arrayvoltage":[37.595,30.069000000000003,43.176],"chargecurrent":[0.5579999999999999,0.355,2.227],"chargestate":[6.0,5.0,7.0],"loadpower":[0.0,0.0,0.0],"batterytemp":[10.0,11.0,20.0],"triggerrate":[null,null,null],"triggersremaining":[null,null,null],"crcerrors":[0.0,null,1.0]}