{"datalatency":[16.819572],"sensoruptime":[419.8441666666667,418.84722222222223,419.8441666666667],"battvoltage":[12.289000000000001,12.329,12.020999999999999],"arrayvoltage":[12.869000000000002,16.455,18.317],"chargecurrent":[0.006999999999999999,0.473,9.984],"ledstate":[6.0,6.0,8.0],"loadpower":[23.918913999999997,23.11096,20.983984000000003],"batterytemp":[38.0,46.0,57.0],"triggerrate":[0.0,0.0,1.2000000000000002],"triggersremaining":[12596.0,12596.0,12602.0],"crcerrors":[0.0,0.0,2.0]}