{"datalatency":[28.297467],"sensoruptime":[7.484166666666667,6.487222222222222,null],"battvoltage":[13.015999999999998,12.744000000000002,12.530999999999999],"arrayvoltage":[18.768,14.937999999999999,20.032],"chargecurrent":[2.505,1.234,7.09],"chargestate":[7.0,7.0,7.0],"loadpower":[24.038969,27.021344000000003,11.041264],"batterytemp":[47.0,45.0,47.0],"triggerrate":[null,null,null],"triggersremaining":[22492.0,22492.0,null],"crcerrors":[null,null,0.0]}