{"datalatency":[25.956594000000003],"sensoruptime":[null,null,null],"battvoltage":[12.86,12.686,12.642999999999999],"arrayvoltage":[28.613000000000003,12.134,43.881],"chargecurrent":[0.33299999999999996,0.0,2.781],"chargestate":[5.0,3.0,7.0],"loadpower":[0.0,0.0,0.0],"batterytemp":[22.0,21.0,26.0],"triggerrate":[null,null,null],"triggersremaining":[null,null,null],"crcerrors":[0.0,null,0.0]}