{"datalatency":[21.561491],"sensoruptime":[297.3594444444444,296.3622222222222,297.3594444444444],"battvoltage":[13.357999999999999,13.565,12.183],"arrayvoltage":[16.214000000000002,17.09,18.463],"chargecurrent":[4.353,5.641,9.376],"ledstate":[6.0,5.0,6.0],"loadpower":[22.257143999999997,22.276649999999997,21.533700000000003],"batterytemp":[50.0,49.0,50.0],"triggerrate":[0.0,0.0,1.2000000000000002],"triggersremaining":[12632.0,12632.0,12644.0],"crcerrors":[0.0,0.0,2.0]}