{"datalatency":[25.928989],"sensoruptime":[null,null,6.267777777777778],"battvoltage":[14.786,14.749,11.99],"arrayvoltage":[37.582,37.054,44.974],"chargecurrent":[0.57,0.674,2.773],"chargestate":[6.0,6.0,7.0],"loadpower":[0.0,0.0,0.0],"batterytemp":[9.0,10.0,28.0],"triggerrate":[null,null,56.0],"triggersremaining":[null,null,17504.0],"crcerrors":[1.0,null,3.0]}