{"datalatency":[12.136517000000001],"sensoruptime":[28.4,27.400277777777777,28.4],"battvoltage":[12.897,12.75,12.033],"arrayvoltage":[15.14,16.214000000000002,17.38],"chargecurrent":[8.533,7.837000000000001,10.26],"ledstate":[8.0,8.0,8.0],"loadpower":[22.412143999999998,22.081822000000003,21.514706],"batterytemp":[44.0,42.0,53.0],"triggerrate":[0.0,0.0,20.400000000000002],"triggersremaining":[13509.0,13511.0,14543.0],"crcerrors":[0.0,0.0,2.0]}