{"datalatency":[35.394884000000005],"sensoruptime":[null,null,null],"battvoltage":[12.589,13.015999999999998,11.481],"arrayvoltage":[18.506,18.604,19.680999999999997],"chargecurrent":[1.085,3.005,9.955],"chargestate":[5.0,5.0,5.0],"loadpower":[10.940112,10.806324,0.0],"batterytemp":[37.0,38.0,38.0],"triggerrate":[null,null,null],"triggersremaining":[null,null,null],"crcerrors":[null,null,null]}