{"datalatency":[17.166051],"sensoruptime":[174.54416666666665,173.54416666666665,174.54416666666665],"battvoltage":[12.369000000000002,12.780999999999999,11.795],"arrayvoltage":[14.895999999999999,15.142999999999999,17.245],"chargecurrent":[2.085,9.661,11.315],"ledstate":[8.0,8.0,8.0],"loadpower":[24.609366,23.002920000000003,21.472317999999998],"batterytemp":[50.0,50.0,51.0],"triggerrate":[0.0,0.0,8.4],"triggersremaining":[12699.0,12699.0,12917.0],"crcerrors":[0.0,0.0,2.0]}