{"datalatency":[18.31689],"sensoruptime":[53.20027777777778,52.21722222222222,53.20027777777778],"battvoltage":[12.482000000000001,12.558,12.216],"arrayvoltage":[13.083,16.653,17.917],"chargecurrent":[0.012,0.445,9.262],"ledstate":[6.0,6.0,6.0],"loadpower":[24.825779,23.692046,21.796613999999998],"batterytemp":[40.0,51.0,58.0],"triggerrate":[0.0,0.0,0.2],"triggersremaining":[6319.0,6319.0,6325.0],"crcerrors":[0.0,0.0,0.0]}