{"datalatency":[37.637548],"sensoruptime":[null,0.12555555555555556,null],"battvoltage":[12.575999999999999,11.456,10.665999999999999],"arrayvoltage":[0.784,31.79,43.448],"chargecurrent":[0.0,0.24600000000000002,5.0760000000000005],"chargestate":[3.0,5.0,8.0],"loadpower":[0.0,14.107088000000001,0.0],"batterytemp":[14.0,18.0,26.0],"triggerrate":[null,0.0,null],"triggersremaining":[null,11441.0,null],"crcerrors":[0.0,0.0,0.0]}