{"datalatency":[7.597425],"sensoruptime":[191.73472222222222,190.73472222222222,191.73472222222222],"battvoltage":[12.520999999999999,12.222000000000001,12.106],"arrayvoltage":[37.939,35.638000000000005,43.121],"chargecurrent":[1.72,0.6759999999999999,10.794],"chargestate":[5.0,5.0,6.0],"loadpower":[13.74817,13.399008,8.98432],"batterytemp":[11.0,5.0,29.0],"triggerrate":[0.0,0.0,0.4],"triggersremaining":[20355.0,20355.0,20371.0],"crcerrors":[0.0,0.0,0.0]}