{"datalatency":[37.81401],"sensoruptime":[7.713888888888889,6.713888888888889,7.713888888888889],"battvoltage":[14.328,14.297,10.709000000000001],"arrayvoltage":[35.971,42.282,43.448],"chargecurrent":[2.324,2.508,5.0760000000000005],"chargestate":[6.0,6.0,8.0],"loadpower":[12.147349999999998,13.481494,0.0],"batterytemp":[24.0,25.0,26.0],"triggerrate":[0.0,0.0,2.8],"triggersremaining":[11611.0,11615.0,11684.0],"crcerrors":[0.0,0.0,0.0]}