{"datalatency":[16.848487000000002],"sensoruptime":[null,null,null],"battvoltage":[12.597999999999999,12.64,12.18],"arrayvoltage":[0.534,13.712,19.625999999999998],"chargecurrent":[0.005,0.126,5.361000000000001],"chargestate":[3.0,5.0,6.0],"loadpower":[6.3805950000000005,7.383869999999999,4.102919999999999],"batterytemp":[24.0,30.0,45.0],"triggerrate":[null,null,null],"triggersremaining":[null,null,null],"crcerrors":[null,null,null]}