{"datalatency":[14.271270000000001],"sensoruptime":[33.11472222222222,32.11472222222222,33.11472222222222],"battvoltage":[12.292,12.9,11.652000000000001],"arrayvoltage":[15.524000000000001,14.749,17.526],"chargecurrent":[1.834,7.984,11.398],"chargestate":[5.0,5.0,6.0],"loadpower":[23.78636,22.759120999999997,21.713829000000004],"batterytemp":[49.0,50.0,51.0],"triggerrate":[0.0,0.0,8.4],"triggersremaining":[21055.0,21055.0,21426.0],"crcerrors":[0.0,0.0,0.0]}