{"datalatency":[38.160984],"sensoruptime":[null,0.5133333333333333,null],"battvoltage":[12.527000000000001,12.067,10.443],"arrayvoltage":[13.177,31.296,45.523],"chargecurrent":[0.0,0.425,2.6189999999999998],"chargestate":[5.0,7.0,7.0],"loadpower":[0.0,13.985831999999998,0.0],"batterytemp":[0.0,3.0,11.0],"triggerrate":[null,0.0,null],"triggersremaining":[null,0.0,null],"crcerrors":[7.0,0.0,1.0]}