{"datalatency":[8.352382],"sensoruptime":[0.09055555555555556,null,null],"battvoltage":[12.454,12.72,12.454],"arrayvoltage":[27.533,13.342,40.985],"chargecurrent":[0.297,0.002,1.911],"chargestate":[5.0,5.0,6.0],"loadpower":[13.665330000000003,0.0,0.0],"batterytemp":[24.0,23.0,26.0],"triggerrate":[9.0,null,null],"triggersremaining":[21985.0,null,null],"crcerrors":[0.0,0.0,0.0]}