{"datalatency":[14.497272],"sensoruptime":[380.18361111111113,379.18361111111113,380.18361111111113],"battvoltage":[12.064,12.1,12.064],"arrayvoltage":[0.0,0.0,17.78],"chargecurrent":[0.005,0.005,10.61],"ledstate":[8.0,8.0,8.0],"loadpower":[23.957387999999998,23.752520999999994,20.806074],"batterytemp":[24.0,25.0,52.0],"triggerrate":[0.0,0.0,4.800000000000001],"triggersremaining":[12607.0,12608.0,12617.0],"crcerrors":[0.0,0.0,2.0]}