{"datalatency":[8.194103],"sensoruptime":[114.07555555555555,113.09222222222222,114.07555555555555],"battvoltage":[11.478,11.493,11.472000000000001],"arrayvoltage":[22.951999999999998,0.858,34.863],"chargecurrent":[0.017,0.0,1.423],"chargestate":[5.0,3.0,5.0],"loadpower":[14.14781,14.14781,12.790060000000002],"batterytemp":[15.0,14.0,16.0],"triggerrate":[0.0,0.0,0.6],"triggersremaining":[21930.0,21932.0,21966.0],"crcerrors":[0.0,0.0,0.0]}