{"datalatency":[7.994809],"sensoruptime":[43.76277777777778,42.77972222222222,43.76277777777778],"battvoltage":[11.761,11.800999999999998,11.49],"arrayvoltage":[0.647,0.653,42.148],"chargecurrent":[0.0,0.0,12.352],"chargestate":[3.0,3.0,6.0],"loadpower":[13.658376000000004,13.701444,8.277874],"batterytemp":[6.0,7.0,29.0],"triggerrate":[0.0,0.0,0.4],"triggersremaining":[18414.0,18415.0,18425.0],"crcerrors":[0.0,0.0,0.0]}