{"datalatency":[8.561588],"sensoruptime":[54.75527777777778,53.75555555555555,54.75527777777778],"battvoltage":[13.181,13.193,12.18],"arrayvoltage":[32.031,31.79,40.146],"chargecurrent":[2.148,2.032,10.228],"chargestate":[5.0,5.0,6.0],"loadpower":[14.45667,14.45667,8.80245],"batterytemp":[28.0,30.0,34.0],"triggerrate":[0.0,0.0,0.2],"triggersremaining":[21646.0,21646.0,21654.0],"crcerrors":[0.0,0.0,0.0]}