{"datalatency":[13.806987000000001],"sensoruptime":[null,14.531666666666666,14.684444444444445],"battvoltage":[12.253,11.456,11.285],"arrayvoltage":[0.08199999999999999,0.107,19.965],"chargecurrent":[0.005,0.002,7.916],"ledstate":[11.0,10.0,11.0],"loadpower":[0.0,27.504163999999996,0.0],"batterytemp":[25.0,26.0,51.0],"triggerrate":[null,0.0,1.2000000000000002],"triggersremaining":[null,14564.0,14567.0],"crcerrors":[0.0,null,0.0]}