{"datalatency":[13.565938000000001],"sensoruptime":[351.3544444444444,350.3572222222222,351.3544444444444],"battvoltage":[12.216,12.253,12.109000000000002],"arrayvoltage":[0.067,0.08199999999999999,17.633],"chargecurrent":[0.005,0.005,12.229000000000001],"ledstate":[6.0,6.0,6.0],"loadpower":[24.029676000000002,24.199212,21.612250999999997],"batterytemp":[25.0,25.0,44.0],"triggerrate":[0.0,0.0,1.2000000000000002],"triggersremaining":[12619.0,12619.0,12625.0],"crcerrors":[0.0,0.0,2.0]}