{"datalatency":[10.038321],"sensoruptime":[0.010555555555555556,null,0.018333333333333333],"battvoltage":[13.907,14.508,10.595999999999998],"arrayvoltage":[41.931000000000004,42.255,43.369],"chargecurrent":[1.59,2.012,2.597],"chargestate":[7.0,6.0,7.0],"loadpower":[13.997948,20.998355,0.0],"batterytemp":[18.0,18.0,18.0],"triggerrate":[null,0.0,0.0],"triggersremaining":[0.0,null,0.0],"crcerrors":[0.0,0.0,1.0]}