{"datalatency":[17.58943],"sensoruptime":[131.68833333333333,130.6886111111111,131.68833333333333],"battvoltage":[12.344000000000001,12.369000000000002,12.216],"arrayvoltage":[0.0,0.018000000000000002,18.167],"chargecurrent":[0.002,0.005,7.931],"ledstate":[6.0,6.0,6.0],"loadpower":[24.104369,24.145578,21.885253],"batterytemp":[31.0,32.0,57.0],"triggerrate":[0.0,0.0,0.6],"triggersremaining":[6259.0,6259.0,6291.0],"crcerrors":[0.0,0.0,0.0]}