{"datalatency":[26.977541000000002],"sensoruptime":[29.147222222222222,28.147222222222222,29.147222222222222],"battvoltage":[13.376,12.949000000000002,12.064],"arrayvoltage":[16.016,14.606,19.824],"chargecurrent":[5.182,2.15,11.344000000000001],"chargestate":[5.0,5.0,7.0],"loadpower":[23.367095,24.10617,22.619726999999994],"batterytemp":[44.0,46.0,47.0],"triggerrate":[null,null,null],"triggersremaining":[22486.0,22486.0,22492.0],"crcerrors":[null,null,0.0]}