{"datalatency":[10.489486000000001],"sensoruptime":[21.712777777777777,20.712777777777777,null],"battvoltage":[12.130999999999998,12.073,12.054],"arrayvoltage":[16.266,16.214000000000002,18.439],"chargecurrent":[1.147,0.40299999999999997,9.9],"ledstate":[8.0,8.0,8.0],"loadpower":[23.662761000000003,23.234327999999998,5.933112000000001],"batterytemp":[30.0,29.0,52.0],"triggerrate":[0.0,0.0,null],"triggersremaining":[14661.0,14661.0,null],"crcerrors":[0.0,0.0,0.0]}