{"datalatency":[19.021039000000002],"sensoruptime":[190.01305555555555,189.02972222222223,190.01305555555555],"battvoltage":[12.630999999999998,12.405,12.1],"arrayvoltage":[14.056,15.677,17.969],"chargecurrent":[2.44,1.764,9.81],"ledstate":[6.0,6.0,6.0],"loadpower":[23.98701,24.379299,21.987524],"batterytemp":[52.0,44.0,52.0],"triggerrate":[0.0,0.0,6.4],"triggersremaining":[5811.0,5811.0,6159.0],"crcerrors":[0.0,0.0,0.0]}