{"datalatency":[10.270754],"sensoruptime":[0.013055555555555556,0.0038888888888888888,null],"battvoltage":[14.542,14.690999999999999,10.595999999999998],"arrayvoltage":[41.17100000000001,42.365,43.845],"chargecurrent":[1.587,1.7180000000000002,2.597],"chargestate":[6.0,6.0,7.0],"loadpower":[14.499887999999999,14.97325,0.0],"batterytemp":[17.0,12.0,17.0],"triggerrate":[0.0,0.0,0.0],"triggersremaining":[0.0,0.0,null],"crcerrors":[0.0,0.0,1.0]}