{"datalatency":[8.574876],"sensoruptime":[45.09,44.10666666666667,45.09],"battvoltage":[12.259,12.283,12.112],"arrayvoltage":[0.574,0.61,41.489],"chargecurrent":[0.0,0.0,11.902999999999999],"chargestate":[3.0,3.0,6.0],"loadpower":[14.126805000000001,14.046859999999999,9.02565],"batterytemp":[15.0,16.0,35.0],"triggerrate":[0.0,0.0,0.4],"triggersremaining":[21648.0,21648.0,21659.0],"crcerrors":[0.0,0.0,0.0]}