{"datalatency":[19.095923000000003],"sensoruptime":[190.51277777777779,189.51305555555555,190.51277777777779],"battvoltage":[13.177,13.089,12.1],"arrayvoltage":[14.212,14.163,17.969],"chargecurrent":[8.25,7.728,9.81],"ledstate":[6.0,6.0,6.0],"loadpower":[23.681434999999997,23.884079999999997,21.987524],"batterytemp":[53.0,48.0,53.0],"triggerrate":[0.0,0.0,6.4],"triggersremaining":[5811.0,5811.0,6159.0],"crcerrors":[0.0,0.0,0.0]}