{"datalatency":[7.956578],"sensoruptime":[6.756944444444445,5.7572222222222225,null],"battvoltage":[12.375,12.439,12.375],"arrayvoltage":[0.568,0.568,44.162],"chargecurrent":[0.0,0.0,2.483],"chargestate":[3.0,3.0,7.0],"loadpower":[13.541368,13.625836999999999,0.0],"batterytemp":[7.0,7.0,19.0],"triggerrate":[0.0,0.0,null],"triggersremaining":[22375.0,22376.0,null],"crcerrors":[0.0,0.0,0.0]}