{"datalatency":[25.702492000000003],"sensoruptime":[11.8525,10.8525,31.89388888888889],"battvoltage":[12.863,12.787,12.07],"arrayvoltage":[15.915,16.553,18.692],"chargecurrent":[8.279,5.196000000000001,11.344000000000001],"ledstate":[8.0,8.0,8.0],"loadpower":[23.308666,23.338924000000002,7.371546],"batterytemp":[38.0,32.0,48.0],"triggerrate":[0.0,0.0,16.800115584795222],"triggersremaining":[22432.0,22432.0,22487.0],"crcerrors":[null,null,0.0]}