{"datalatency":[15.301277],"sensoruptime":[121.21944444444445,120.21944444444445,121.21944444444445],"battvoltage":[12.109000000000002,12.149000000000001,12.079],"arrayvoltage":[15.767999999999999,16.113,17.825],"chargecurrent":[1.01,1.321,10.327],"ledstate":[8.0,8.0,8.0],"loadpower":[23.063904,23.115968,21.192338],"batterytemp":[34.0,34.0,54.0],"triggerrate":[0.0,0.0,1.2000000000000002],"triggersremaining":[13077.0,13077.0,13085.0],"crcerrors":[0.0,0.0,2.0]}