{"datalatency":[12.359318],"sensoruptime":[28.1125,27.11277777777778,28.1125],"battvoltage":[11.737,11.78,11.682],"arrayvoltage":[16.262999999999998,15.823,17.526],"chargecurrent":[0.9640000000000001,0.49,10.419],"chargestate":[5.0,5.0,6.0],"loadpower":[22.94322,23.192312,21.71104],"batterytemp":[31.0,33.0,49.0],"triggerrate":[2.4000000000000004,1.2000000000000002,8.4],"triggersremaining":[21091.0,21150.0,21429.0],"crcerrors":[0.0,0.0,0.0]}