{"datalatency":[8.317198000000001],"sensoruptime":[2.9516666666666667,1.9519444444444445,114.10888888888888],"battvoltage":[12.106,12.552,11.469000000000001],"arrayvoltage":[33.051,34.668,35.4],"chargecurrent":[2.09,4.114,6.643],"chargestate":[5.0,5.0,5.0],"loadpower":[14.167103999999998,10.197640999999999,0.0],"batterytemp":[24.0,27.0,27.0],"triggerrate":[0.0,0.0,0.6],"triggersremaining":[21927.0,21928.0,21953.0],"crcerrors":[0.0,0.0,0.0]}