{"datalatency":[18.045873],"sensoruptime":[200.3736111111111,199.37666666666667,200.3736111111111],"battvoltage":[12.972999999999999,13.015999999999998,11.800999999999998],"arrayvoltage":[15.915,15.475,18.445],"chargecurrent":[6.53,7.75,8.948],"ledstate":[8.0,8.0,8.0],"loadpower":[22.480053,22.497745000000002,21.692814],"batterytemp":[51.0,50.0,53.0],"triggerrate":[0.0,0.0,1.2000000000000002],"triggersremaining":[12687.0,12688.0,12694.0],"crcerrors":[0.0,0.0,2.0]}