{"datalatency":[8.100591],"sensoruptime":[5.671111111111111,4.671388888888889,62.22694444444444],"battvoltage":[14.290999999999999,14.300999999999998,11.319],"arrayvoltage":[41.776,42.255,42.471000000000004],"chargecurrent":[2.7230000000000003,2.6719999999999997,5.733],"chargestate":[6.0,6.0,6.0],"loadpower":[12.352751999999999,12.350136000000001,0.0],"batterytemp":[25.0,25.0,32.0],"triggerrate":[0.0,0.0,0.5],"triggersremaining":[18400.0,18400.0,18410.0],"crcerrors":[0.0,0.0,0.0]}