{"datalatency":[21.926046000000003],"sensoruptime":[30.183055555555555,29.183055555555555,30.183055555555555],"battvoltage":[12.1,12.14,12.07],"arrayvoltage":[0.47600000000000003,0.0,18.872],"chargecurrent":[0.002,0.002,10.158],"ledstate":[6.0,6.0,8.0],"loadpower":[23.740831999999997,24.19536,22.619726999999994],"batterytemp":[24.0,24.0,50.0],"triggerrate":[0.0,0.0,1.2000506661391244],"triggersremaining":[22427.0,22427.0,22433.0],"crcerrors":[null,null,0.0]}