{"datalatency":[38.100316],"sensoruptime":[0.05472222222222222,0.0022222222222222222,null],"battvoltage":[12.885,13.87,10.535],"arrayvoltage":[28.467,42.255,43.533],"chargecurrent":[1.237,1.751,3.411],"chargestate":[7.0,7.0,7.0],"loadpower":[14.001050000000001,14.251734,0.0],"batterytemp":[14.0,19.0,19.0],"triggerrate":[0.0,null,null],"triggersremaining":[0.0,0.0,null],"crcerrors":[0.0,0.0,0.0]}