{"datalatency":[47.252906],"sensoruptime":[null,null,18.476666666666667],"battvoltage":[12.305,12.32,11.437999999999999],"arrayvoltage":[1.4340000000000002,1.865,35.223],"chargecurrent":[0.0,0.0,2.0780000000000003],"chargestate":[3.0,3.0,6.0],"loadpower":[0.0,0.0,0.0],"batterytemp":[12.0,12.0,16.0],"triggerrate":[null,null,4.2],"triggersremaining":[null,null,19910.0],"crcerrors":[0.0,null,0.0]}