{"datalatency":[16.324022],"sensoruptime":[null,null,null],"battvoltage":[12.253,12.274000000000001,11.481],"arrayvoltage":[0.107,0.214,19.680999999999997],"chargecurrent":[0.002,0.002,9.955],"chargestate":[3.0,3.0,6.0],"loadpower":[5.887921,6.059295,0.0],"batterytemp":[11.0,11.0,38.0],"triggerrate":[null,null,null],"triggersremaining":[null,null,null],"crcerrors":[null,null,null]}