{"datalatency":[15.303],"sensoruptime":[115.55361111111111,114.55361111111111,115.55361111111111],"battvoltage":[12.14,12.14,12.057],"arrayvoltage":[0.0,0.0,17.825],"chargecurrent":[0.002,0.005,10.327],"ledstate":[6.0,6.0,8.0],"loadpower":[23.420266999999996,23.795136,21.192338],"batterytemp":[30.0,30.0,54.0],"triggerrate":[0.0,0.0,1.2000000000000002],"triggersremaining":[13079.0,13079.0,13087.0],"crcerrors":[0.0,0.0,2.0]}