{"datalatency":[8.389779],"sensoruptime":[null,null,null],"battvoltage":[12.415,12.375,11.307],"arrayvoltage":[31.888,24.307,39.163000000000004],"chargecurrent":[1.295,0.06,3.0660000000000003],"chargestate":[5.0,5.0,6.0],"loadpower":[13.621730000000001,13.862312000000001,0.0],"batterytemp":[21.0,20.0,27.0],"triggerrate":[null,null,null],"triggersremaining":[null,null,null],"crcerrors":[4.0,null,4.0]}