{"datalatency":[8.569359],"sensoruptime":[54.42194444444444,53.422222222222224,54.42194444444444],"battvoltage":[12.988,13.614,12.18],"arrayvoltage":[31.79,32.858000000000004,40.146],"chargecurrent":[1.619,2.5780000000000003,10.228],"chargestate":[5.0,5.0,6.0],"loadpower":[14.247390000000001,10.849456,8.80245],"batterytemp":[28.0,31.0,34.0],"triggerrate":[0.0,0.0,0.2],"triggersremaining":[21646.0,21646.0,21654.0],"crcerrors":[0.0,0.0,0.0]}