{"datalatency":[18.957817000000002],"sensoruptime":[149.8525,148.8525,149.8525],"battvoltage":[12.43,12.479000000000001,12.253],"arrayvoltage":[0.555,13.513,18.066],"chargecurrent":[0.005,0.159,9.651],"ledstate":[6.0,6.0,6.0],"loadpower":[24.253100999999997,24.542742,22.10415],"batterytemp":[38.0,44.0,55.0],"triggerrate":[0.0,0.0,1.6],"triggersremaining":[6177.0,6181.0,6268.0],"crcerrors":[0.0,0.0,0.0]}