{"datalatency":[8.46101],"sensoruptime":[62.25416666666667,61.254444444444445,62.25416666666667],"battvoltage":[12.424000000000001,12.450999999999999,12.18],"arrayvoltage":[0.583,0.583,40.146],"chargecurrent":[0.0,0.0,10.228],"chargestate":[3.0,3.0,6.0],"loadpower":[13.823891999999999,14.135097999999997,8.80245],"batterytemp":[16.0,17.0,34.0],"triggerrate":[0.0,0.0,0.2],"triggersremaining":[21644.0,21644.0,21651.0],"crcerrors":[0.0,0.0,0.0]}