{"datalatency":[7.908978],"sensoruptime":[45.085,44.10166666666667,45.085],"battvoltage":[14.139000000000001,14.383,12.115],"arrayvoltage":[40.845,40.088,41.821000000000005],"chargecurrent":[4.861000000000001,7.189,7.356],"chargestate":[6.0,6.0,6.0],"loadpower":[9.0954,9.294260000000001,8.72505],"batterytemp":[30.0,22.0,30.0],"triggerrate":[0.0,0.0,0.6],"triggersremaining":[22215.0,22215.0,22259.0],"crcerrors":[0.0,0.0,0.0]}