{"datalatency":[7.558078],"sensoruptime":[173.07055555555556,172.07083333333333,173.07055555555556],"battvoltage":[14.328,14.282,12.183],"arrayvoltage":[42.136,42.386,43.121],"chargecurrent":[3.0869999999999997,3.056,10.794],"chargestate":[6.0,6.0,6.0],"loadpower":[11.322182,12.358500000000001,8.98432],"batterytemp":[24.0,25.0,30.0],"triggerrate":[0.0,0.0,0.8],"triggersremaining":[20368.0,20368.0,20447.0],"crcerrors":[0.0,0.0,0.0]}