{"datalatency":[7.640218000000001],"sensoruptime":[184.73583333333335,183.73583333333335,184.73583333333335],"battvoltage":[12.314,12.341,12.183],"arrayvoltage":[0.6409999999999999,0.6409999999999999,43.121],"chargecurrent":[0.0,0.0,10.794],"chargestate":[3.0,3.0,6.0],"loadpower":[13.461670000000002,14.031119999999998,8.98432],"batterytemp":[7.0,7.0,29.0],"triggerrate":[0.2,0.0,0.4],"triggersremaining":[20361.0,20363.0,20377.0],"crcerrors":[0.0,0.0,0.0]}