{"datalatency":[17.630553000000003],"sensoruptime":[174.8775,173.8775,174.8775],"battvoltage":[12.704,12.823,11.795],"arrayvoltage":[15.145999999999999,15.915,17.245],"chargecurrent":[8.965,10.146,11.315],"ledstate":[8.0,8.0,8.0],"loadpower":[22.513036000000003,24.04255,21.472317999999998],"batterytemp":[51.0,50.0,51.0],"triggerrate":[0.0,0.0,8.4],"triggersremaining":[12699.0,12699.0,12913.0],"crcerrors":[0.0,0.0,2.0]}