{"datalatency":[7.709608],"sensoruptime":[223.7302777777778,222.73055555555555,223.7302777777778],"battvoltage":[12.106,12.145999999999999,12.036],"arrayvoltage":[12.674000000000001,26.514,36.472],"chargecurrent":[0.0,0.17600000000000002,3.503],"chargestate":[5.0,5.0,5.0],"loadpower":[14.760538,14.101860000000002,9.995777999999998],"batterytemp":[15.0,15.0,22.0],"triggerrate":[2.0,1.2,3.0],"triggersremaining":[19952.0,20072.0,20351.0],"crcerrors":[0.0,0.0,0.0]}