{"datalatency":[29.253095000000002],"sensoruptime":[31.016111111111112,30.01638888888889,31.016111111111112],"battvoltage":[12.073,12.106,12.064],"arrayvoltage":[12.869000000000002,0.0,18.872],"chargecurrent":[0.046,0.002,10.158],"ledstate":[8.0,6.0,8.0],"loadpower":[24.800958,23.885887999999998,22.619726999999994],"batterytemp":[25.0,24.0,50.0],"triggerrate":[0.0,0.0,1.2000506661391244],"triggersremaining":[22427.0,22427.0,22433.0],"crcerrors":[null,null,0.0]}