{"datalatency":[12.030078000000001],"sensoruptime":[26.23361111111111,25.233888888888888,26.23361111111111],"battvoltage":[12.634,12.25,11.892999999999999],"arrayvoltage":[16.229,16.605,19.733],"chargecurrent":[3.74,2.807,9.152999999999999],"ledstate":[8.0,8.0,8.0],"loadpower":[22.181328,22.967928,21.57225],"batterytemp":[37.0,33.0,53.0],"triggerrate":[0.0,0.0,20.400000000000002],"triggersremaining":[13511.0,13511.0,14551.0],"crcerrors":[0.0,0.0,2.0]}