{"datalatency":[11.602971],"sensoruptime":[11.715555555555556,10.715833333333334,20.196666666666665],"battvoltage":[11.725,11.895999999999999,11.224],"arrayvoltage":[2.802,16.016,19.736],"chargecurrent":[0.005,0.365,8.165],"ledstate":[8.0,8.0,11.0],"loadpower":[24.174955,23.0127,0.0],"batterytemp":[33.0,40.0,50.0],"triggerrate":[0.0,0.0,1.2000000000000002],"triggersremaining":[14557.0,14557.0,14562.0],"crcerrors":[0.0,0.0,0.0]}