{"datalatency":[38.349392],"sensoruptime":[null,56.848333333333336,57.48722222222222],"battvoltage":[12.064,11.722000000000001,11.639000000000001],"arrayvoltage":[16.989,16.702,17.78],"chargecurrent":[2.752,1.278,7.774],"ledstate":[10.0,10.0,10.0],"loadpower":[12.216204000000001,24.495330000000003,8.051463],"batterytemp":[30.0,28.0,40.0],"triggerrate":[null,0.0,7.200004464002768],"triggersremaining":[null,22178.0,22426.0],"crcerrors":[null,null,0.0]}