{"datalatency":[11.038440000000001],"sensoruptime":[37.44694444444445,36.45027777777778,37.44694444444445],"battvoltage":[12.0,12.054,11.652000000000001],"arrayvoltage":[0.107,12.57,17.334],"chargecurrent":[0.005,0.002,11.398],"chargestate":[3.0,5.0,6.0],"loadpower":[23.25545,23.4234,21.713829000000004],"batterytemp":[32.0,35.0,52.0],"triggerrate":[0.0,1.2000000000000002,8.4],"triggersremaining":[20880.0,20960.0,21335.0],"crcerrors":[6.0,6.0,1.0]}