{"datalatency":[20.173473],"sensoruptime":[4.936111111111111,3.9530555555555558,329.74861111111113],"battvoltage":[12.939,13.100999999999999,11.911],"arrayvoltage":[15.283,14.800999999999998,17.825],"chargecurrent":[4.527,6.457000000000001,9.615],"ledstate":[6.0,6.0,8.0],"loadpower":[22.760208,23.6094,5.735975000000001],"batterytemp":[55.0,56.0,57.0],"triggerrate":[0.0,0.2,14.8],"triggersremaining":[1896.0,1902.0,3025.0],"crcerrors":[0.0,0.0,0.0]}