{"datalatency":[20.070997000000002],"sensoruptime":[15.37111111111111,14.387777777777778,64.02638888888889],"battvoltage":[11.987,12.015,11.835],"arrayvoltage":[0.107,0.018000000000000002,17.48],"chargecurrent":[0.002,0.005,11.001],"ledstate":[8.0,8.0,8.0],"loadpower":[23.578775,23.315324999999998,6.678672000000001],"batterytemp":[33.0,34.0,51.0],"triggerrate":[0.0,0.0,0.6],"triggersremaining":[1312.0,1312.0,1340.0],"crcerrors":[0.0,0.0,0.0]}