{"datalatency":[16.253028],"sensoruptime":[null,null,null],"battvoltage":[12.253,12.277000000000001,11.481],"arrayvoltage":[0.113,0.214,19.680999999999997],"chargecurrent":[0.005,0.01,9.955],"chargestate":[3.0,3.0,6.0],"loadpower":[6.206187,6.206187,0.0],"batterytemp":[11.0,11.0,38.0],"triggerrate":[null,null,null],"triggersremaining":[null,null,null],"crcerrors":[null,null,null]}