{"datalatency":[26.378636],"sensoruptime":[26.814166666666665,25.814166666666665,26.814166666666665],"battvoltage":[13.280999999999999,12.9,12.064],"arrayvoltage":[16.064,15.575999999999999,20.032],"chargecurrent":[7.141,4.865,11.282],"chargestate":[5.0,5.0,7.0],"loadpower":[23.235392,26.371212000000003,22.619726999999994],"batterytemp":[43.0,42.0,47.0],"triggerrate":[null,null,null],"triggersremaining":[22487.0,22487.0,22493.0],"crcerrors":[null,null,0.0]}