{"datalatency":[20.186704000000002],"sensoruptime":[260.0316666666667,259.03444444444443,260.0316666666667],"battvoltage":[12.177,12.192,12.073],"arrayvoltage":[0.0,0.0,18.073],"chargecurrent":[0.002,0.005,9.937999999999999],"ledstate":[6.0,6.0,8.0],"loadpower":[23.46494,23.683308,21.323016],"batterytemp":[23.0,24.0,55.0],"triggerrate":[0.0,0.0,1.2000000000000002],"triggersremaining":[12670.0,12671.0,12677.0],"crcerrors":[0.0,0.0,2.0]}