{"datalatency":[20.541697000000003],"sensoruptime":[null,null,64.02638888888889],"battvoltage":[11.987,11.99,11.874],"arrayvoltage":[0.0,0.021,16.500999999999998],"chargecurrent":[0.005,0.005,10.463],"ledstate":[8.0,8.0,8.0],"loadpower":[7.604125,8.274724999999998,7.292775],"batterytemp":[31.0,31.0,50.0],"triggerrate":[null,null,3.0],"triggersremaining":[null,null,1516.0],"crcerrors":[0.0,null,0.0]}