{"datalatency":[22.820025],"sensoruptime":[2.0505555555555555,1.053611111111111,57.48722222222222],"battvoltage":[12.491,12.9,11.639000000000001],"arrayvoltage":[15.228,15.378,17.78],"chargecurrent":[2.9739999999999998,10.484000000000002,12.284],"ledstate":[8.0,8.0,10.0],"loadpower":[23.883793,23.992817,6.942914999999999],"batterytemp":[47.0,46.0,48.0],"triggerrate":[0.0,0.0,7.200004464002768],"triggersremaining":[22178.0,22178.0,22362.0],"crcerrors":[null,null,0.0]}