{"datalatency":[19.758754],"sensoruptime":[22.350833333333334,21.351111111111113,null],"battvoltage":[12.439,12.482000000000001,12.07],"arrayvoltage":[0.107,0.6409999999999999,18.872],"chargecurrent":[0.005,0.005,10.158],"ledstate":[6.0,6.0,8.0],"loadpower":[24.692382000000002,24.825779,8.305452],"batterytemp":[29.0,32.0,50.0],"triggerrate":[0.0,0.0,null],"triggersremaining":[22429.0,22429.0,null],"crcerrors":[null,null,0.0]}