{"datalatency":[12.877112],"sensoruptime":[49.06361111111111,48.06388888888889,49.06361111111111],"battvoltage":[12.216,12.064,12.015],"arrayvoltage":[16.500999999999998,16.070999999999998,17.526],"chargecurrent":[2.3,0.568,10.985],"ledstate":[8.0,8.0,8.0],"loadpower":[22.856156000000002,22.258236000000004,21.514706],"batterytemp":[32.0,30.0,50.0],"triggerrate":[0.0,0.0,6.0],"triggersremaining":[13159.0,13159.0,13511.0],"crcerrors":[0.0,0.0,2.0]}