{"datalatency":[19.322648],"sensoruptime":[10.186111111111112,9.188888888888888,31.89388888888889],"battvoltage":[12.1,12.1,12.07],"arrayvoltage":[16.65,16.555999999999997,18.692],"chargecurrent":[0.696,0.41600000000000004,11.344000000000001],"ledstate":[8.0,8.0,8.0],"loadpower":[23.644061999999998,24.246611999999995,7.371546],"batterytemp":[28.0,26.0,48.0],"triggerrate":[0.0,0.0,16.800115584795222],"triggersremaining":[22432.0,22432.0,22488.0],"crcerrors":[null,null,0.0]}