{"datalatency":[75.56561400000001],"sensoruptime":[17.0225,16.022777777777776,76.74361111111111],"battvoltage":[12.216,12.183,12.14],"arrayvoltage":[15.68,14.940999999999999,17.526],"chargecurrent":[0.899,0.565,8.977],"ledstate":[6.0,6.0,6.0],"loadpower":[22.539892000000005,22.49785,21.808872],"batterytemp":[31.0,30.0,51.0],"triggerrate":[0.0,0.2,3.8],"triggersremaining":[6328.0,6328.0,6927.0],"crcerrors":[0.0,0.0,0.0]}