{"datalatency":[9.396869],"sensoruptime":[5.505277777777778,4.508333333333334,6.051944444444445],"battvoltage":[13.663,13.715,11.285],"arrayvoltage":[18.866,18.246,19.519000000000002],"chargecurrent":[3.051,4.16,7.916],"ledstate":[5.0,5.0,11.0],"loadpower":[25.613896,25.757688,0.0],"batterytemp":[46.0,44.0,51.0],"triggerrate":[0.0,0.0,1.2000000000000002],"triggersremaining":[14566.0,14566.0,14570.0],"crcerrors":[0.0,0.0,0.0]}