{"datalatency":[8.199807],"sensoruptime":[null,null,114.10888888888888],"battvoltage":[12.225,12.112,11.469000000000001],"arrayvoltage":[34.329,33.789,34.766],"chargecurrent":[2.7760000000000002,1.8869999999999998,2.8310000000000004],"chargestate":[5.0,5.0,5.0],"loadpower":[0.0,0.0,0.0],"batterytemp":[20.0,18.0,20.0],"triggerrate":[null,null,0.6],"triggersremaining":[null,null,21956.0],"crcerrors":[0.0,null,0.0]}