{"datalatency":[19.67527],"sensoruptime":[525.1602777777778,524.1602777777778,525.1602777777778],"battvoltage":[11.636,11.645999999999999,11.627],"arrayvoltage":[8.6,0.0,17.145],"chargecurrent":[0.005,0.002,3.602],"ledstate":[10.0,10.0,10.0],"loadpower":[24.034362,23.992690000000003,21.980286000000003],"batterytemp":[28.0,28.0,37.0],"triggerrate":[0.0,0.0,3.6],"triggersremaining":[11311.0,11311.0,11429.0],"crcerrors":[0.0,0.0,2.0]}