{"datalatency":[37.683802],"sensoruptime":[6.8805555555555555,5.897222222222222,6.8805555555555555],"battvoltage":[14.297,14.297,10.709000000000001],"arrayvoltage":[42.153999999999996,42.313,43.448],"chargecurrent":[2.505,2.4930000000000003,5.0760000000000005],"chargestate":[6.0,6.0,8.0],"loadpower":[13.418043,13.499485000000002,0.0],"batterytemp":[25.0,25.0,26.0],"triggerrate":[0.2,0.0,2.8],"triggersremaining":[11614.0,11629.0,11685.0],"crcerrors":[0.0,0.0,0.0]}