{"datalatency":[8.777791],"sensoruptime":[121.2461111111111,120.26277777777777,121.2461111111111],"battvoltage":[12.305,12.207,12.073],"arrayvoltage":[27.588,31.546,41.65],"chargecurrent":[0.78,1.3459999999999999,11.832],"chargestate":[5.0,5.0,6.0],"loadpower":[14.301896,14.269359999999999,8.207364000000002],"batterytemp":[26.0,24.0,32.0],"triggerrate":[0.0,0.2,0.8],"triggersremaining":[21445.0,21452.0,21533.0],"crcerrors":[0.0,0.0,0.0]}