{"datalatency":[7.635892],"sensoruptime":[190.40166666666667,189.40166666666667,190.40166666666667],"battvoltage":[12.155,12.183,12.106],"arrayvoltage":[26.474,0.708,43.121],"chargecurrent":[0.065,0.0,10.794],"chargestate":[5.0,3.0,6.0],"loadpower":[14.059864000000001,14.124109999999998,8.98432],"batterytemp":[4.0,3.0,29.0],"triggerrate":[0.0,0.0,0.4],"triggersremaining":[20356.0,20356.0,20371.0],"crcerrors":[0.0,0.0,0.0]}