{"datalatency":[19.87328],"sensoruptime":[25.516944444444444,24.517222222222223,25.516944444444444],"battvoltage":[12.292,12.329,12.07],"arrayvoltage":[0.079,0.10400000000000001,18.872],"chargecurrent":[0.005,0.005,10.158],"ledstate":[6.0,6.0,8.0],"loadpower":[24.203879999999998,24.276806999999998,22.619726999999994],"batterytemp":[26.0,27.0,50.0],"triggerrate":[0.0,0.0,1.2000035280103725],"triggersremaining":[22428.0,22428.0,22434.0],"crcerrors":[null,null,0.0]}