{"datalatency":[7.241702],"sensoruptime":[155.74027777777778,154.75694444444446,155.74027777777778],"battvoltage":[12.475999999999999,12.509,11.868],"arrayvoltage":[0.604,0.613,42.465],"chargecurrent":[0.0,0.0,15.0],"chargestate":[3.0,3.0,6.0],"loadpower":[13.66862,13.59557,8.596613999999999],"batterytemp":[12.0,12.0,33.0],"triggerrate":[0.2,0.0,3.0],"triggersremaining":[20398.0,20400.0,20578.0],"crcerrors":[0.0,0.0,0.0]}