{"datalatency":[8.220322000000001],"sensoruptime":[74.08111111111111,73.08111111111111,74.08111111111111],"battvoltage":[12.259,12.299000000000001,12.145999999999999],"arrayvoltage":[34.427,34.476,41.754],"chargecurrent":[0.626,0.664,2.8360000000000003],"chargestate":[5.0,5.0,6.0],"loadpower":[14.22392,13.440336,11.71681],"batterytemp":[14.0,16.0,27.0],"triggerrate":[0.0,0.2,4.4],"triggersremaining":[22076.0,22077.0,22211.0],"crcerrors":[0.0,0.0,0.0]}