{"datalatency":[37.754566000000004],"sensoruptime":[null,null,7.746944444444445],"battvoltage":[12.872,12.415,10.802999999999999],"arrayvoltage":[31.204,12.479000000000001,33.400999999999996],"chargecurrent":[0.275,0.0,2.329],"chargestate":[5.0,3.0,6.0],"loadpower":[0.0,0.0,0.0],"batterytemp":[21.0,20.0,28.0],"triggerrate":[0.0,null,null],"triggersremaining":[null,null,12014.0],"crcerrors":[0.0,0.0,0.0]}