{"datalatency":[59.725191],"sensoruptime":[null,null,null],"battvoltage":[13.527999999999999,13.052,12.177],"arrayvoltage":[14.7,15.155,18.215999999999998],"chargecurrent":[7.564,4.015,9.308],"ledstate":[6.0,6.0,6.0],"loadpower":[6.63215,7.165204000000001,5.838796],"batterytemp":[46.0,47.0,51.0],"triggerrate":[null,null,null],"triggersremaining":[null,null,null],"crcerrors":[null,null,null]}