{"datalatency":[19.404259],"sensoruptime":[235.70166666666665,234.70472222222222,235.70166666666665],"battvoltage":[12.14,12.17,11.950999999999999],"arrayvoltage":[0.0,0.0,18.372],"chargecurrent":[0.005,0.002,8.75],"ledstate":[6.0,6.0,8.0],"loadpower":[23.552576,23.673856,21.252608000000002],"batterytemp":[23.0,23.0,52.0],"triggerrate":[0.0,0.0,1.2000000000000002],"triggersremaining":[12678.0,12678.0,12685.0],"crcerrors":[0.0,0.0,2.0]}