{"datalatency":[8.679396],"sensoruptime":[105.24833333333333,104.265,105.24833333333333],"battvoltage":[12.5,12.527000000000001,12.03],"arrayvoltage":[0.946,13.107000000000001,41.65],"chargecurrent":[0.0,0.002,11.832],"chargestate":[3.0,5.0,6.0],"loadpower":[14.17948,14.284071,8.207364000000002],"batterytemp":[21.0,22.0,32.0],"triggerrate":[0.0,0.2,0.6],"triggersremaining":[21502.0,21504.0,21603.0],"crcerrors":[0.0,0.0,0.0]}