{"datalatency":[7.4758320000000005],"sensoruptime":[176.90333333333334,175.9036111111111,176.90333333333334],"battvoltage":[12.604000000000001,12.72,12.183],"arrayvoltage":[2.0140000000000002,36.376999999999995,43.121],"chargecurrent":[0.0,0.7609999999999999,10.794],"chargestate":[3.0,5.0,6.0],"loadpower":[13.704570000000002,13.851109999999998,8.98432],"batterytemp":[13.0,18.0,29.0],"triggerrate":[0.0,0.0,0.6],"triggersremaining":[20364.0,20368.0,20403.0],"crcerrors":[0.0,0.0,0.0]}