{"datalatency":[8.114069],"sensoruptime":[2.005,1.0216666666666667,62.22694444444444],"battvoltage":[14.290999999999999,12.872,11.319],"arrayvoltage":[42.313,18.848,42.313],"chargecurrent":[3.389,1.406,9.243],"chargestate":[6.0,5.0,6.0],"loadpower":[11.3424,13.301204,0.0],"batterytemp":[25.0,13.0,34.0],"triggerrate":[0.0,0.0,0.5],"triggersremaining":[18401.0,18401.0,18411.0],"crcerrors":[0.0,0.0,0.0]}