{"datalatency":[12.313372000000001],"sensoruptime":[0.006388888888888889,0.003611111111111111,null],"battvoltage":[11.606,11.645999999999999,11.285],"arrayvoltage":[17.502,17.517,19.949],"chargecurrent":[0.872,0.841,9.745],"ledstate":[8.0,8.0,11.0],"loadpower":[26.930227,27.009413000000006,0.0],"batterytemp":[25.0,25.0,51.0],"triggerrate":[null,null,null],"triggersremaining":[14567.0,14567.0,null],"crcerrors":[null,null,0.0]}