{"datalatency":[38.141038],"sensoruptime":[0.006944444444444444,1.0327777777777778,1.8325],"battvoltage":[13.712,11.755,10.526],"arrayvoltage":[36.67,36.569,43.375],"chargecurrent":[2.23,0.7559999999999999,2.6189999999999998],"chargestate":[5.0,5.0,7.0],"loadpower":[14.997339,13.67093,0.0],"batterytemp":[3.0,1.0,19.0],"triggerrate":[0.0,0.0,0.0],"triggersremaining":[0.0,0.0,0.0],"crcerrors":[1.0,1.0,1.0]}