{"datalatency":[7.997063000000001],"sensoruptime":[7.256944444444445,6.273888888888889,null],"battvoltage":[12.36,12.415,12.357000000000001],"arrayvoltage":[0.574,0.5770000000000001,44.162],"chargecurrent":[0.0,0.0,2.483],"chargestate":[3.0,3.0,7.0],"loadpower":[13.845467000000001,13.585248,0.0],"batterytemp":[6.0,7.0,19.0],"triggerrate":[0.0,0.0,null],"triggersremaining":[22362.0,22376.0,null],"crcerrors":[0.0,0.0,0.0]}