{"datalatency":[10.271898],"sensoruptime":[null,null,null],"battvoltage":[12.943,13.812000000000001,12.735],"arrayvoltage":[0.674,37.811,44.855],"chargecurrent":[0.0,0.43200000000000005,0.609],"chargestate":[3.0,7.0,7.0],"loadpower":[0.0,0.0,0.0],"batterytemp":[16.0,21.0,25.0],"triggerrate":[null,null,null],"triggersremaining":[null,null,null],"crcerrors":[null,null,null]}