{"datalatency":[37.741084],"sensoruptime":[null,null,7.746944444444445],"battvoltage":[12.421,12.421,11.110999999999999],"arrayvoltage":[0.912,1.135,33.400999999999996],"chargecurrent":[0.0,0.0,2.329],"chargestate":[3.0,3.0,6.0],"loadpower":[0.0,0.0,0.0],"batterytemp":[20.0,20.0,28.0],"triggerrate":[null,null,null],"triggersremaining":[null,null,12014.0],"crcerrors":[0.5,null,0.0]}