{"datalatency":[15.466566],"sensoruptime":[119.21972222222222,118.2225,119.21972222222222],"battvoltage":[12.1,12.1,12.07],"arrayvoltage":[15.237,14.404000000000002,17.825],"chargecurrent":[0.701,0.278,10.327],"ledstate":[8.0,8.0,8.0],"loadpower":[23.046732000000002,23.993540999999997,21.192338],"batterytemp":[32.0,30.0,54.0],"triggerrate":[0.0,0.0,1.2000000000000002],"triggersremaining":[13078.0,13078.0,13086.0],"crcerrors":[0.0,0.0,2.0]}