{"datalatency":[25.540748],"sensoruptime":[24.850555555555555,23.850555555555555,24.850555555555555],"battvoltage":[12.329,12.369000000000002,12.07],"arrayvoltage":[0.07,0.107,18.872],"chargecurrent":[0.002,0.002,10.158],"ledstate":[6.0,6.0,8.0],"loadpower":[24.001792,24.207363000000004,22.619726999999994],"batterytemp":[26.0,27.0,50.0],"triggerrate":[0.0,0.0,1.2000035280103725],"triggersremaining":[22428.0,22429.0,22434.0],"crcerrors":[null,null,0.0]}