{"datalatency":[8.622069],"sensoruptime":[70.25305555555556,69.25333333333333,70.25305555555556],"battvoltage":[12.222000000000001,12.244000000000002,12.18],"arrayvoltage":[12.890999999999998,0.76,40.146],"chargecurrent":[0.0,0.0,10.228],"chargestate":[5.0,3.0,6.0],"loadpower":[14.167103999999998,14.028957,8.80245],"batterytemp":[16.0,15.0,34.0],"triggerrate":[0.0,0.0,0.2],"triggersremaining":[21641.0,21641.0,21648.0],"crcerrors":[0.0,0.0,0.0]}