{"datalatency":[16.474938],"sensoruptime":[150.04833333333335,149.04861111111111,150.04833333333335],"battvoltage":[12.204,12.027000000000001,11.870999999999999],"arrayvoltage":[15.823,16.116,17.215],"chargecurrent":[1.8019999999999998,0.773,12.144],"ledstate":[8.0,8.0,8.0],"loadpower":[23.062944,23.195574999999998,21.571521000000004],"batterytemp":[45.0,38.0,45.0],"triggerrate":[0.0,0.0,3.6],"triggersremaining":[12921.0,12926.0,13076.0],"crcerrors":[0.0,0.0,2.0]}