{"datalatency":[16.756448000000002],"sensoruptime":[16.169444444444444,15.1725,null],"battvoltage":[11.612,11.624,11.45],"arrayvoltage":[0.107,0.107,19.305],"chargecurrent":[0.002,0.005,7.371],"ledstate":[10.0,10.0,11.0],"loadpower":[23.182,23.519280999999996,0.0],"batterytemp":[23.0,24.0,49.0],"triggerrate":[0.0,0.0,null],"triggersremaining":[14560.0,14561.0,null],"crcerrors":[0.0,0.0,0.0]}