{"datalatency":[8.030975],"sensoruptime":[null,null,62.22694444444444],"battvoltage":[12.573,12.415,11.456],"arrayvoltage":[27.829,0.8,40.738],"chargecurrent":[0.21,0.0,11.615],"chargestate":[5.0,3.0,6.0],"loadpower":[0.0,0.0,0.0],"batterytemp":[10.0,11.0,34.0],"triggerrate":[null,null,0.2],"triggersremaining":[null,null,18412.0],"crcerrors":[0.0,null,0.0]}