{"datalatency":[7.925327],"sensoruptime":[37.93055555555556,36.94722222222222,37.93055555555556],"battvoltage":[11.954,11.99,11.49],"arrayvoltage":[0.745,0.76,42.148],"chargecurrent":[0.0,0.0,12.352],"chargestate":[3.0,3.0,6.0],"loadpower":[13.854526,14.020635999999998,8.277874],"batterytemp":[9.0,10.0,29.0],"triggerrate":[0.0,0.0,0.4],"triggersremaining":[18417.0,18417.0,18426.0],"crcerrors":[0.0,0.0,0.0]}