{"datalatency":[67.21587000000001],"sensoruptime":[42.81666666666667,41.816944444444445,42.81666666666667],"battvoltage":[12.329,12.354000000000001,12.308],"arrayvoltage":[0.021,0.0,18.448],"chargecurrent":[0.005,0.005,9.011000000000001],"ledstate":[6.0,6.0,6.0],"loadpower":[23.378589,23.242178999999997,21.981199999999998],"batterytemp":[28.0,28.0,53.0],"triggerrate":[0.0,0.0,0.2],"triggersremaining":[7048.0,7048.0,7055.0],"crcerrors":[0.0,0.0,0.0]}