{"datalatency":[8.043576],"sensoruptime":[36.25277777777778,35.253055555555555,36.25277777777778],"battvoltage":[12.32,12.357000000000001,12.07],"arrayvoltage":[0.607,0.601,41.821000000000005],"chargecurrent":[0.0,0.002,7.474],"chargestate":[3.0,3.0,6.0],"loadpower":[13.440336,13.541368,8.72505],"batterytemp":[3.0,3.0,28.0],"triggerrate":[0.0,0.0,1.4],"triggersremaining":[22240.0,22246.0,22337.0],"crcerrors":[0.0,0.0,0.0]}