{"datalatency":[38.124692],"sensoruptime":[1.5327777777777778,0.5327777777777778,1.5327777777777778],"battvoltage":[12.402000000000001,11.581,10.526],"arrayvoltage":[36.080999999999996,33.792,43.378],"chargecurrent":[1.3,0.618,3.411],"chargestate":[5.0,5.0,7.0],"loadpower":[13.555990000000001,13.457121999999998,0.0],"batterytemp":[2.0,0.0,19.0],"triggerrate":[0.0,0.0,0.0],"triggersremaining":[0.0,0.0,0.0],"crcerrors":[0.0,0.0,0.0]}