{"datalatency":[28.039714],"sensoruptime":[6.151111111111111,5.151111111111111,null],"battvoltage":[12.975999999999999,13.092,12.530999999999999],"arrayvoltage":[15.475,19.305,20.032],"chargecurrent":[1.7830000000000001,2.667,7.09],"chargestate":[7.0,7.0,7.0],"loadpower":[26.009124,24.340095,11.041264],"batterytemp":[46.0,45.0,46.0],"triggerrate":[null,null,null],"triggersremaining":[22492.0,22492.0,null],"crcerrors":[null,null,0.0]}