{"datalatency":[7.681938000000001],"sensoruptime":[196.5675,195.58416666666668,196.5675],"battvoltage":[14.165999999999999,14.142000000000001,12.106],"arrayvoltage":[40.341,39.438,43.03],"chargecurrent":[2.665,3.1910000000000003,9.777000000000001],"chargestate":[6.0,6.0,6.0],"loadpower":[12.06752,10.168849999999999,9.02565],"batterytemp":[29.0,30.0,34.0],"triggerrate":[0.0,0.0,0.4],"triggersremaining":[20351.0,20352.0,20368.0],"crcerrors":[0.0,0.0,0.0]}