{"datalatency":[75.237829],"sensoruptime":[16.689444444444444,15.689444444444444,76.74361111111111],"battvoltage":[12.21,12.142999999999999,12.14],"arrayvoltage":[15.823,13.284,17.526],"chargecurrent":[0.812,0.179,8.977],"ledstate":[6.0,6.0,6.0],"loadpower":[22.661532000000005,23.322144,21.808872],"batterytemp":[30.0,29.0,51.0],"triggerrate":[0.0,0.0,3.8],"triggersremaining":[6328.0,6329.0,6953.0],"crcerrors":[0.0,0.0,0.0]}