{"datalatency":[20.631408],"sensoruptime":[19.33277777777778,18.333055555555557,null],"battvoltage":[12.027000000000001,12.064,12.027000000000001],"arrayvoltage":[0.0,0.0,17.383],"chargecurrent":[0.002,0.002,10.453],"ledstate":[8.0,8.0,8.0],"loadpower":[23.615592,23.669349,6.478731],"batterytemp":[30.0,30.0,52.0],"triggerrate":[0.0,0.0,null],"triggersremaining":[1675.0,1675.0,null],"crcerrors":[0.0,0.0,0.0]}