{"datalatency":[78.183633],"sensoruptime":[47.35138888888889,46.35138888888889,47.35138888888889],"battvoltage":[13.44,13.412,12.216],"arrayvoltage":[16.302,15.936,17.917],"chargecurrent":[6.957000000000001,7.656000000000001,9.262],"ledstate":[5.0,5.0,6.0],"loadpower":[22.660805,24.347315,21.796613999999998],"batterytemp":[53.0,54.0,55.0],"triggerrate":[0.0,0.0,0.2],"triggersremaining":[6321.0,6321.0,6327.0],"crcerrors":[0.0,0.0,0.0]}