{"datalatency":[7.4217960000000005],"sensoruptime":[160.23944444444444,159.2397222222222,160.23944444444444],"battvoltage":[12.335,12.375,11.868],"arrayvoltage":[0.62,0.626,42.465],"chargecurrent":[0.002,0.0,15.0],"chargestate":[3.0,3.0,6.0],"loadpower":[13.526492,13.541368,8.596613999999999],"batterytemp":[9.0,10.0,33.0],"triggerrate":[0.0,0.2,0.8],"triggersremaining":[20378.0,20381.0,20471.0],"crcerrors":[0.0,0.0,0.0]}