{"datalatency":[25.863296000000002],"sensoruptime":[null,null,null],"battvoltage":[13.629000000000001,12.732000000000001,12.642999999999999],"arrayvoltage":[30.176,26.12,43.881],"chargecurrent":[1.1159999999999999,0.15,2.781],"chargestate":[5.0,5.0,7.0],"loadpower":[0.0,0.0,0.0],"batterytemp":[23.0,21.0,26.0],"triggerrate":[null,null,null],"triggersremaining":[null,null,null],"crcerrors":[0.0,null,0.0]}