{"datalatency":[8.454128],"sensoruptime":[21.926388888888887,20.926666666666666,null],"battvoltage":[12.18,12.198,11.645999999999999],"arrayvoltage":[11.569,0.61,38.565],"chargecurrent":[0.0,0.0,15.0],"chargestate":[3.0,3.0,6.0],"loadpower":[14.26997,14.209195,0.0],"batterytemp":[11.0,11.0,41.0],"triggerrate":[0.0,0.0,null],"triggersremaining":[21659.0,21659.0,null],"crcerrors":[0.0,0.0,0.0]}