{"datalatency":[7.990557000000001],"sensoruptime":[27.431944444444444,26.432222222222222,27.431944444444444],"battvoltage":[14.267000000000001,14.212,11.49],"arrayvoltage":[41.17100000000001,40.955,42.996],"chargecurrent":[3.8339999999999996,3.952,15.0],"chargestate":[6.0,6.0,6.0],"loadpower":[11.242890000000001,13.282919999999999,9.117872],"batterytemp":[26.0,28.0,29.0],"triggerrate":[0.0,0.0,0.4],"triggersremaining":[18420.0,18420.0,18434.0],"crcerrors":[0.0,0.0,0.0]}