{"datalatency":[10.158557],"sensoruptime":[null,null,null],"battvoltage":[13.970999999999998,14.084000000000001,12.72],"arrayvoltage":[43.07899999999999,41.0,44.205],"chargecurrent":[0.353,0.16699999999999998,0.56],"chargestate":[7.0,7.0,7.0],"loadpower":[0.0,0.0,0.0],"batterytemp":[16.0,13.0,16.0],"triggerrate":[null,null,null],"triggersremaining":[null,null,null],"crcerrors":[null,null,null]}