{"datalatency":[20.287212],"sensoruptime":[328.4822222222222,327.49916666666667,328.4822222222222],"battvoltage":[11.950999999999999,11.92,11.911],"arrayvoltage":[14.752,12.975999999999999,18.167],"chargecurrent":[0.442,0.133,9.62],"ledstate":[8.0,8.0,8.0],"loadpower":[22.566192,24.059777999999998,22.125905999999997],"batterytemp":[30.0,29.0,55.0],"triggerrate":[0.0,0.0,14.8],"triggersremaining":[1907.0,1908.0,3211.0],"crcerrors":[0.0,0.0,0.0]}