{"datalatency":[8.915958],"sensoruptime":[18.5025,17.505555555555556,null],"battvoltage":[11.56,11.395,11.343],"arrayvoltage":[0.0,0.0,19.305],"chargecurrent":[0.002,0.005,7.371],"ledstate":[10.0,10.0,11.0],"loadpower":[24.042239999999996,23.077846,0.0],"batterytemp":[20.0,21.0,49.0],"triggerrate":[0.0,0.0,null],"triggersremaining":[14560.0,14560.0,null],"crcerrors":[0.0,0.0,0.0]}