{"datalatency":[12.34867],"sensoruptime":[31.233055555555556,30.233055555555556,31.233055555555556],"battvoltage":[12.75,13.022,12.033],"arrayvoltage":[15.872,15.036,17.38],"chargecurrent":[3.72,9.1,10.985],"ledstate":[6.0,8.0,8.0],"loadpower":[23.186548,24.603568000000003,21.514706],"batterytemp":[49.0,50.0,50.0],"triggerrate":[0.0,0.0,9.600000000000001],"triggersremaining":[13509.0,13509.0,13812.0],"crcerrors":[0.0,0.0,2.0]}