{"datalatency":[20.364191],"sensoruptime":[6.935833333333333,5.936111111111111,329.74861111111113],"battvoltage":[12.262,12.567,11.911],"arrayvoltage":[13.3,15.475,17.825],"chargecurrent":[0.14300000000000002,2.29,9.615],"ledstate":[6.0,6.0,8.0],"loadpower":[23.894432,24.615251999999998,5.735975000000001],"batterytemp":[43.0,50.0,57.0],"triggerrate":[0.4,0.0,14.8],"triggersremaining":[1878.0,1893.0,2471.0],"crcerrors":[0.0,0.0,0.0]}