{"datalatency":[7.6449810000000005],"sensoruptime":[null,null,7.133055555555556],"battvoltage":[13.046,11.825999999999999,11.31],"arrayvoltage":[16.986,16.309,19.949],"chargecurrent":[1.445,0.43200000000000005,12.057],"ledstate":[8.0,10.0,10.0],"loadpower":[8.019704,7.625542,5.92988],"batterytemp":[28.0,26.0,50.0],"triggerrate":[null,null,1.2000000000000002],"triggersremaining":[null,null,14579.0],"crcerrors":[null,null,0.0]}