{"datalatency":[10.044264],"sensoruptime":[null,null,12.61],"battvoltage":[11.722000000000001,12.145999999999999,11.31],"arrayvoltage":[1.285,1.248,19.949],"chargecurrent":[0.005,0.002,12.057],"ledstate":[10.0,10.0,11.0],"loadpower":[7.691499000000001,8.158080000000002,0.0],"batterytemp":[25.0,28.0,50.0],"triggerrate":[null,null,2.4000000000000004],"triggersremaining":[null,null,14586.0],"crcerrors":[null,null,0.0]}