{"datalatency":[25.903936],"sensoruptime":[null,null,null],"battvoltage":[13.495,13.812000000000001,12.491],"arrayvoltage":[30.761999999999997,35.431,43.881],"chargecurrent":[1.176,1.454,2.781],"chargestate":[5.0,7.0,7.0],"loadpower":[0.0,0.0,0.0],"batterytemp":[19.0,21.0,26.0],"triggerrate":[null,null,null],"triggersremaining":[null,null,null],"crcerrors":[0.0,null,0.0]}