{"datalatency":[15.312408000000001],"sensoruptime":[405.3463888888889,404.3466666666667,405.3463888888889],"battvoltage":[12.027000000000001,12.045,12.024000000000001],"arrayvoltage":[12.57,0.0,18.365],"chargecurrent":[0.002,0.005,10.873],"ledstate":[8.0,8.0,8.0],"loadpower":[23.675652,23.735712,21.895564000000004],"batterytemp":[25.0,25.0,52.0],"triggerrate":[0.0,0.0,1.2000000000000002],"triggersremaining":[12599.0,12599.0,12607.0],"crcerrors":[0.0,0.0,2.0]}