{"datalatency":[8.056018],"sensoruptime":[98.07777777777778,97.07777777777778,98.07777777777778],"battvoltage":[11.800999999999998,11.812999999999999,11.800999999999998],"arrayvoltage":[26.608,26.761,34.863],"chargecurrent":[0.159,0.162,1.423],"chargestate":[5.0,5.0,5.0],"loadpower":[13.736756999999999,13.746840000000002,12.913230000000002],"batterytemp":[13.0,13.0,16.0],"triggerrate":[0.0,0.0,0.8],"triggersremaining":[21953.0,21954.0,22076.0],"crcerrors":[0.0,0.0,0.0]}