{"datalatency":[24.088334000000003],"sensoruptime":[null,null,null],"battvoltage":[11.493,11.511,11.493],"arrayvoltage":[0.214,0.214,19.342],"chargecurrent":[0.005,0.005,5.67],"chargestate":[3.0,3.0,6.0],"loadpower":[8.677367999999998,8.530031999999999,6.509968999999999],"batterytemp":[11.0,12.0,26.0],"triggerrate":[null,null,null],"triggersremaining":[null,null,null],"crcerrors":[null,null,null]}