{"datalatency":[7.970384],"sensoruptime":[51.58416666666667,50.600833333333334,51.58416666666667],"battvoltage":[12.755999999999998,13.556,12.115],"arrayvoltage":[31.296,36.084,42.861999999999995],"chargecurrent":[0.33799999999999997,2.039,7.356],"chargestate":[5.0,5.0,6.0],"loadpower":[13.896792,13.903236000000001,8.875646],"batterytemp":[19.0,25.0,30.0],"triggerrate":[0.0,0.0,0.6],"triggersremaining":[22210.0,22211.0,22255.0],"crcerrors":[0.0,0.0,0.0]}