{"datalatency":[11.920553],"sensoruptime":[20.90111111111111,19.904166666666665,null],"battvoltage":[12.064,12.064,11.264000000000001],"arrayvoltage":[0.589,0.0,19.733],"chargecurrent":[0.005,0.002,9.152999999999999],"ledstate":[8.0,8.0,11.0],"loadpower":[23.3091,23.752520999999994,0.0],"batterytemp":[27.0,28.0,53.0],"triggerrate":[0.0,0.0,null],"triggersremaining":[13513.0,13514.0,null],"crcerrors":[0.0,0.0,2.0]}