{"datalatency":[8.082013],"sensoruptime":[50.761944444444445,49.76222222222222,50.761944444444445],"battvoltage":[14.084000000000001,14.023,11.645999999999999],"arrayvoltage":[39.56,40.106,42.148],"chargecurrent":[5.841,4.604,11.615],"chargestate":[6.0,6.0,6.0],"loadpower":[9.0954,9.086815,8.277874],"batterytemp":[32.0,34.0,34.0],"triggerrate":[0.0,0.0,0.4],"triggersremaining":[18411.0,18411.0,18420.0],"crcerrors":[0.0,0.0,0.0]}