{"datalatency":[7.675976],"sensoruptime":[187.23527777777778,186.23555555555555,187.23527777777778],"battvoltage":[12.222000000000001,12.259,12.183],"arrayvoltage":[0.6709999999999999,0.6559999999999999,43.121],"chargecurrent":[0.0,0.0,10.794],"chargestate":[3.0,3.0,6.0],"loadpower":[13.520928,13.417406999999999,8.98432],"batterytemp":[4.0,5.0,29.0],"triggerrate":[0.0,0.0,0.4],"triggersremaining":[20357.0,20357.0,20372.0],"crcerrors":[0.0,0.0,0.0]}