{"datalatency":[13.352372],"sensoruptime":[31.115,30.11777777777778,31.115],"battvoltage":[12.9,12.482000000000001,11.652000000000001],"arrayvoltage":[14.892999999999999,15.784,17.526],"chargecurrent":[9.912,6.02,11.398],"chargestate":[5.0,5.0,6.0],"loadpower":[23.314392,23.027231,21.713829000000004],"batterytemp":[48.0,43.0,49.0],"triggerrate":[0.0,0.0,8.4],"triggersremaining":[21056.0,21056.0,21429.0],"crcerrors":[0.0,0.0,0.0]}