{"datalatency":[7.967971],"sensoruptime":[42.41861111111111,41.43555555555555,42.41861111111111],"battvoltage":[12.299000000000001,12.145999999999999,12.115],"arrayvoltage":[37.302,5.472,41.821000000000005],"chargecurrent":[1.08,0.0,7.474],"chargestate":[5.0,3.0,6.0],"loadpower":[13.359528000000003,14.07763,8.72505],"batterytemp":[5.0,3.0,28.0],"triggerrate":[0.0,0.2,0.6],"triggersremaining":[22216.0,22216.0,22270.0],"crcerrors":[0.0,0.0,0.0]}