{"datalatency":[21.130957000000002],"sensoruptime":[null,null,57.48722222222222],"battvoltage":[12.755999999999998,12.25,11.639000000000001],"arrayvoltage":[15.872,16.107,17.78],"chargecurrent":[8.513,2.819,9.692],"ledstate":[8.0,10.0,10.0],"loadpower":[7.604585999999999,8.989196000000002,6.942914999999999],"batterytemp":[38.0,34.0,40.0],"triggerrate":[null,null,7.200004464002768],"triggersremaining":[null,null,22426.0],"crcerrors":[null,null,0.0]}