{"datalatency":[16.978458],"sensoruptime":[167.21194444444444,166.21194444444444,167.21194444444444],"battvoltage":[11.835,11.798,11.795],"arrayvoltage":[14.847000000000001,12.738,17.245],"chargecurrent":[0.5870000000000001,0.07200000000000001,12.144],"ledstate":[8.0,8.0,8.0],"loadpower":[23.118246,23.683829999999997,21.472317999999998],"batterytemp":[32.0,31.0,51.0],"triggerrate":[0.0,0.0,8.4],"triggersremaining":[12702.0,12703.0,12945.0],"crcerrors":[0.0,0.0,2.0]}