{"datalatency":[7.905286],"sensoruptime":[11.601111111111111,10.60138888888889,31.859444444444446],"battvoltage":[11.877,11.902000000000001,11.465],"arrayvoltage":[0.76,1.089,42.996],"chargecurrent":[0.0,0.0,15.002],"chargestate":[3.0,3.0,6.0],"loadpower":[13.766214,13.812694,0.0],"batterytemp":[7.0,7.0,28.0],"triggerrate":[0.0,0.0,2.0],"triggersremaining":[18429.0,18429.0,18579.0],"crcerrors":[1.0,0.0,4.0]}