{"datalatency":[14.541834000000001],"sensoruptime":[96.88944444444445,95.88972222222222,96.88944444444445],"battvoltage":[12.14,12.1,12.057],"arrayvoltage":[16.262999999999998,16.217,17.337],"chargecurrent":[1.389,0.737,9.687000000000001],"ledstate":[8.0,8.0,8.0],"loadpower":[22.689175999999996,22.475114999999995,21.70458],"batterytemp":[32.0,30.0,58.0],"triggerrate":[0.0,0.0,2.4000000000000004],"triggersremaining":[13085.0,13086.0,13096.0],"crcerrors":[0.0,0.0,2.0]}