{"datalatency":[10.219722],"sensoruptime":[null,null,null],"battvoltage":[12.912,12.994000000000002,12.72],"arrayvoltage":[0.763,19.748,44.205],"chargecurrent":[0.0,0.006999999999999999,0.563],"chargestate":[3.0,7.0,7.0],"loadpower":[0.0,0.0,0.0],"batterytemp":[12.0,14.0,18.0],"triggerrate":[null,null,null],"triggersremaining":[null,null,null],"crcerrors":[null,null,null]}