{"datalatency":[77.91992900000001],"sensoruptime":[33.52,32.52,33.52],"battvoltage":[12.369000000000002,12.369000000000002,12.14],"arrayvoltage":[0.021,0.021,17.337],"chargecurrent":[0.002,0.005,9.245],"ledstate":[6.0,6.0,6.0],"loadpower":[23.645355999999996,27.104676,22.116975999999998],"batterytemp":[29.0,30.0,55.0],"triggerrate":[0.0,0.0,0.2],"triggersremaining":[6324.0,6324.0,6330.0],"crcerrors":[0.0,0.0,0.0]}