{"datalatency":[8.095847000000001],"sensoruptime":[53.75055555555556,52.76722222222222,53.75055555555556],"battvoltage":[12.567,12.613,12.115],"arrayvoltage":[0.5770000000000001,0.604,42.861999999999995],"chargecurrent":[0.0,0.0,7.356],"chargestate":[3.0,3.0,6.0],"loadpower":[13.715478000000003,13.74817,8.875646],"batterytemp":[13.0,14.0,30.0],"triggerrate":[0.0,0.0,0.6],"triggersremaining":[22207.0,22207.0,22253.0],"crcerrors":[0.0,0.0,0.0]}