{"datalatency":[15.047612],"sensoruptime":[393.6816666666667,392.68444444444447,393.6816666666667],"battvoltage":[12.375,12.9,12.027000000000001],"arrayvoltage":[15.283,15.915,18.365],"chargecurrent":[0.7879999999999999,5.481,10.873],"ledstate":[6.0,6.0,8.0],"loadpower":[23.107590000000002,22.669164,21.97305],"batterytemp":[46.0,47.0,52.0],"triggerrate":[0.0,0.0,1.2000000000000002],"triggersremaining":[12602.0,12602.0,12610.0],"crcerrors":[0.0,0.0,2.0]}