{"datalatency":[10.202462],"sensoruptime":[11.173055555555555,10.176111111111112,14.684444444444445],"battvoltage":[11.758,11.911,11.45],"arrayvoltage":[0.42700000000000005,12.869000000000002,19.305],"chargecurrent":[0.002,0.085,7.371],"ledstate":[10.0,8.0,11.0],"loadpower":[27.379925999999998,27.712771000000004,0.0],"batterytemp":[30.0,38.0,49.0],"triggerrate":[0.0,0.0,1.2000000000000002],"triggersremaining":[14562.0,14562.0,14565.0],"crcerrors":[0.0,0.0,0.0]}