{"datalatency":[9.24428],"sensoruptime":[16.381666666666668,15.381666666666666,20.196666666666665],"battvoltage":[11.53,11.562999999999999,11.224],"arrayvoltage":[0.107,0.107,19.736],"chargecurrent":[0.002,0.002,8.165],"ledstate":[10.0,10.0,11.0],"loadpower":[23.827769999999997,23.769513,0.0],"batterytemp":[26.0,26.0,50.0],"triggerrate":[0.0,0.0,1.2000000000000002],"triggersremaining":[14555.0,14556.0,14561.0],"crcerrors":[0.0,0.0,0.0]}