{"datalatency":[8.166967],"sensoruptime":[1.9436111111111112,0.9605555555555556,114.10888888888888],"battvoltage":[11.49,11.533,11.469000000000001],"arrayvoltage":[0.589,0.574,35.4],"chargecurrent":[0.0,0.0,6.643],"chargestate":[3.0,3.0,5.0],"loadpower":[15.118378,14.197170000000002,0.0],"batterytemp":[14.0,15.0,27.0],"triggerrate":[0.8,0.6,1.6],"triggersremaining":[21758.0,21780.0,21935.0],"crcerrors":[0.0,0.0,0.0]}