{"datalatency":[20.761173000000003],"sensoruptime":[45.34722222222222,44.3475,45.34722222222222],"battvoltage":[11.984000000000002,12.03,11.981],"arrayvoltage":[0.6409999999999999,14.847000000000001,17.78],"chargecurrent":[0.005,0.268,7.774],"ledstate":[8.0,8.0,8.0],"loadpower":[24.454815,23.171625,22.552155],"batterytemp":[29.0,33.0,40.0],"triggerrate":[0.0,0.0,2.4000255842727283],"triggersremaining":[22316.0,22316.0,22429.0],"crcerrors":[null,null,0.0]}