{"datalatency":[15.665425],"sensoruptime":[2.0813888888888887,1.0841666666666667,7.133055555555556],"battvoltage":[13.718,13.742,11.328],"arrayvoltage":[18.649,18.021,19.949],"chargecurrent":[4.609,5.3389999999999995,10.963],"ledstate":[5.0,5.0,10.0],"loadpower":[22.4631,22.412239999999997,5.908896],"batterytemp":[44.0,43.0,50.0],"triggerrate":[0.0,0.0,0.0],"triggersremaining":[14570.0,14570.0,14570.0],"crcerrors":[0.0,0.0,0.0]}