{"datalatency":[77.210746],"sensoruptime":[42.01861111111111,41.01888888888889,42.01861111111111],"battvoltage":[12.238,12.253,12.216],"arrayvoltage":[16.22,16.452,17.337],"chargecurrent":[0.466,0.631,9.245],"ledstate":[6.0,6.0,6.0],"loadpower":[22.247956000000002,24.200532000000003,21.967200000000002],"batterytemp":[30.0,29.0,55.0],"triggerrate":[0.0,0.0,0.2],"triggersremaining":[6322.0,6322.0,6328.0],"crcerrors":[0.0,0.0,0.0]}