{"datalatency":[76.809768],"sensoruptime":[7.3575,6.3575,76.74361111111111],"battvoltage":[12.329,12.369000000000002,12.216],"arrayvoltage":[0.021,1.187,17.526],"chargecurrent":[0.005,0.005,8.977],"ledstate":[6.0,6.0,6.0],"loadpower":[23.032790000000002,24.120864,21.808872],"batterytemp":[30.0,32.0,51.0],"triggerrate":[0.0,0.0,3.8],"triggersremaining":[6331.0,6331.0,7040.0],"crcerrors":[0.0,0.0,0.0]}