{"datalatency":[25.963528],"sensoruptime":[1.7052777777777777,0.7236111111111111,null],"battvoltage":[13.48,13.51,12.642999999999999],"arrayvoltage":[30.368000000000002,39.655,42.218],"chargecurrent":[1.8430000000000002,1.94,2.839],"chargestate":[7.0,7.0,7.0],"loadpower":[15.2562,13.943808,0.0],"batterytemp":[31.0,31.0,32.0],"triggerrate":[11.4,10.0,null],"triggersremaining":[18006.0,18670.0,null],"crcerrors":[0.0,0.0,2.0]}