{"datalatency":[12.041122000000001],"sensoruptime":[3.4497222222222224,2.4497222222222224,7.988333333333333],"battvoltage":[12.369000000000002,11.829,11.798],"arrayvoltage":[17.084,13.864,17.730999999999998],"chargecurrent":[4.658,0.24600000000000002,11.344000000000001],"chargestate":[5.0,5.0,6.0],"loadpower":[23.025,23.059330999999997,6.167125],"batterytemp":[29.0,24.0,47.0],"triggerrate":[1.2000000000000002,1.2000000000000002,15.600000000000001],"triggersremaining":[21430.0,21450.0,22150.0],"crcerrors":[0.0,0.0,0.0]}