{"datalatency":[8.062407],"sensoruptime":[null,null,62.22694444444444],"battvoltage":[12.54,12.552,11.319],"arrayvoltage":[0.912,0.8909999999999999,42.471000000000004],"chargecurrent":[0.0,0.0,5.733],"chargestate":[3.0,3.0,6.0],"loadpower":[0.0,0.0,0.0],"batterytemp":[8.0,10.0,28.0],"triggerrate":[null,null,0.5],"triggersremaining":[null,null,18408.0],"crcerrors":[0.0,null,0.0]}