{"datalatency":[21.794938000000002],"sensoruptime":[299.0258333333333,298.0286111111111,299.0258333333333],"battvoltage":[12.597999999999999,13.092,12.183],"arrayvoltage":[15.915,16.452,18.463],"chargecurrent":[0.345,2.8480000000000003,9.376],"ledstate":[6.0,6.0,6.0],"loadpower":[22.908996,22.457908,21.533700000000003],"batterytemp":[43.0,48.0,50.0],"triggerrate":[0.0,0.0,1.2000000000000002],"triggersremaining":[12632.0,12632.0,12643.0],"crcerrors":[0.0,0.0,2.0]}