{"datalatency":[9.825559],"sensoruptime":[7.550277777777778,6.5505555555555555,20.196666666666665],"battvoltage":[13.663,12.369000000000002,11.224],"arrayvoltage":[17.526,14.798,19.736],"chargecurrent":[6.527,1.334,8.165],"ledstate":[5.0,8.0,11.0],"loadpower":[25.734984,27.824102999999997,0.0],"batterytemp":[46.0,46.0,49.0],"triggerrate":[0.0,0.0,1.2000000000000002],"triggersremaining":[14558.0,14558.0,14563.0],"crcerrors":[0.0,0.0,0.0]}