{"datalatency":[25.991906],"sensoruptime":[1.2058333333333333,0.22416666666666665,null],"battvoltage":[13.51,13.513,12.642999999999999],"arrayvoltage":[36.681999999999995,40.088,42.218],"chargecurrent":[1.901,1.966,2.839],"chargestate":[7.0,7.0,7.0],"loadpower":[13.839336000000001,13.857642000000002,0.0],"batterytemp":[31.0,31.0,32.0],"triggerrate":[11.2,13.4,null],"triggersremaining":[18349.0,18988.0,null],"crcerrors":[0.0,0.0,2.0]}