{"datalatency":[13.396146000000002],"sensoruptime":[null,null,null],"battvoltage":[12.216,12.200999999999999,11.285],"arrayvoltage":[12.975999999999999,0.0,19.949],"chargecurrent":[0.036000000000000004,0.005,9.745],"ledstate":[11.0,11.0,11.0],"loadpower":[0.0,0.0,0.0],"batterytemp":[23.0,24.0,51.0],"triggerrate":[null,null,null],"triggersremaining":[null,null,null],"crcerrors":[null,null,0.0]}