{"datalatency":[18.032312],"sensoruptime":[195.87444444444444,194.87722222222223,195.87444444444444],"battvoltage":[12.780999999999999,12.674000000000001,11.800999999999998],"arrayvoltage":[15.475,16.214000000000002,18.445],"chargecurrent":[8.437999999999999,7.593,11.315],"ledstate":[8.0,8.0,8.0],"loadpower":[22.304237999999998,22.46716,21.692814],"batterytemp":[42.0,38.0,53.0],"triggerrate":[0.0,0.0,1.2000000000000002],"triggersremaining":[12689.0,12689.0,12701.0],"crcerrors":[0.0,0.0,2.0]}