{"datalatency":[16.144871000000002],"sensoruptime":[143.3827777777778,142.38583333333332,143.3827777777778],"battvoltage":[11.902000000000001,11.874,11.874],"arrayvoltage":[15.039000000000001,12.869000000000002,16.898],"chargecurrent":[0.36200000000000004,0.12300000000000001,10.972000000000001],"ledstate":[8.0,8.0,8.0],"loadpower":[22.510992,23.006460000000004,21.713829000000004],"batterytemp":[30.0,29.0,42.0],"triggerrate":[0.0,0.0,3.6],"triggersremaining":[12945.0,12945.0,13078.0],"crcerrors":[0.0,0.0,2.0]}