{"datalatency":[18.39414],"sensoruptime":[92.69388888888889,91.69416666666666,92.69388888888889],"battvoltage":[13.254000000000001,13.097999999999999,12.222000000000001],"arrayvoltage":[14.697000000000001,15.378,18.109],"chargecurrent":[7.059,5.787999999999999,8.001],"ledstate":[6.0,6.0,6.0],"loadpower":[23.433872,22.407874,21.964412],"batterytemp":[47.0,41.0,58.0],"triggerrate":[0.0,0.0,0.6],"triggersremaining":[6296.0,6297.0,6315.0],"crcerrors":[0.0,0.0,0.0]}