{"datalatency":[7.8772720000000005],"sensoruptime":[10.268055555555556,9.284722222222221,31.859444444444446],"battvoltage":[11.914000000000001,11.937999999999999,11.465],"arrayvoltage":[1.1079999999999999,1.001,42.996],"chargecurrent":[0.0,0.0,15.002],"chargestate":[3.0,3.0,6.0],"loadpower":[13.812694,14.176447000000001,0.0],"batterytemp":[8.0,8.0,28.0],"triggerrate":[0.0,0.0,2.0],"triggersremaining":[18429.0,18429.0,18579.0],"crcerrors":[1.0,0.0,4.0]}