{"datalatency":[11.607124],"sensoruptime":[12.4025,11.4025,null],"battvoltage":[12.216,12.253,11.264000000000001],"arrayvoltage":[0.327,13.193,19.733],"chargecurrent":[0.005,0.08199999999999999,9.152999999999999],"ledstate":[6.0,6.0,11.0],"loadpower":[26.653536000000003,26.758826,0.0],"batterytemp":[33.0,36.0,53.0],"triggerrate":[0.0,0.0,null],"triggersremaining":[13517.0,13533.0,null],"crcerrors":[0.0,0.0,2.0]}