{"datalatency":[18.043770000000002],"sensoruptime":[6.0408333333333335,5.041111111111111,76.74361111111111],"battvoltage":[12.369000000000002,12.408,12.216],"arrayvoltage":[1.285,13.405999999999999,17.526],"chargecurrent":[0.005,0.109,8.977],"ledstate":[6.0,6.0,6.0],"loadpower":[24.355647,24.253100999999997,21.808872],"batterytemp":[33.0,39.0,51.0],"triggerrate":[0.0,0.0,3.8],"triggersremaining":[6331.0,6332.0,7041.0],"crcerrors":[0.0,0.0,0.0]}