{"datalatency":[37.929583],"sensoruptime":[0.005277777777777778,0.008611111111111111,1.8325],"battvoltage":[14.749,14.828,10.526],"arrayvoltage":[43.126999999999995,42.388999999999996,44.531000000000006],"chargecurrent":[1.6909999999999998,1.732,2.6189999999999998],"chargestate":[6.0,6.0,7.0],"loadpower":[14.362487999999999,15.123328,0.0],"batterytemp":[10.0,8.0,19.0],"triggerrate":[0.0,0.0,null],"triggersremaining":[0.0,0.0,0.0],"crcerrors":[6.0,1.0,1.0]}