{"datalatency":[51.580192000000004],"sensoruptime":[null,null,null],"battvoltage":[13.129000000000001,12.9,12.488],"arrayvoltage":[15.967,15.872,20.914],"chargecurrent":[1.7369999999999999,1.147,4.172],"ledstate":[6.0,6.0,6.0],"loadpower":[8.05728,7.980471,5.666772999999999],"batterytemp":[34.0,32.0,46.0],"triggerrate":[null,null,null],"triggersremaining":[null,null,null],"crcerrors":[null,null,null]}