{"datalatency":[25.9734],"sensoruptime":[3.870277777777778,2.887777777777778,null],"battvoltage":[12.335,12.960999999999999,12.204],"arrayvoltage":[27.588,29.531999999999996,42.218],"chargecurrent":[0.341,1.505,2.839],"chargestate":[5.0,5.0,7.0],"loadpower":[13.857696,17.187889,0.0],"batterytemp":[26.0,28.0,32.0],"triggerrate":[15.8,14.0,null],"triggersremaining":[15973.0,16930.0,null],"crcerrors":[0.0,0.0,2.0]}