{"datalatency":[8.647572],"sensoruptime":[73.08611111111111,72.10277777777777,73.08611111111111],"battvoltage":[12.491,12.192,12.183],"arrayvoltage":[33.353,31.393,40.146],"chargecurrent":[2.276,0.7659999999999999,7.322],"chargestate":[5.0,5.0,6.0],"loadpower":[13.855446000000002,13.37212,8.80245],"batterytemp":[22.0,20.0,34.0],"triggerrate":[0.0,0.0,0.4],"triggersremaining":[21638.0,21640.0,21647.0],"crcerrors":[0.0,0.0,0.0]}