{"datalatency":[38.173528000000005],"sensoruptime":[0.16333333333333333,0.0025,null],"battvoltage":[12.354000000000001,14.177999999999999,10.526],"arrayvoltage":[34.329,40.601,45.523],"chargecurrent":[0.884,1.739,2.6189999999999998],"chargestate":[7.0,7.0,7.0],"loadpower":[13.209703,15.534316999999998,0.0],"batterytemp":[5.0,9.0,19.0],"triggerrate":[0.0,null,0.0],"triggersremaining":[0.0,0.0,null],"crcerrors":[7.0,1.0,1.0]}