{"datalatency":[20.094829],"sensoruptime":[49.03111111111111,48.03111111111111,49.03111111111111],"battvoltage":[11.642000000000001,11.682,11.572000000000001],"arrayvoltage":[16.171,16.409000000000002,17.337],"chargecurrent":[1.024,0.976,10.720999999999998],"ledstate":[10.0,10.0,10.0],"loadpower":[24.179745000000004,23.294890000000002,21.698432000000004],"batterytemp":[32.0,30.0,49.0],"triggerrate":[0.0,0.2,16.8],"triggersremaining":[39.0,39.0,1284.0],"crcerrors":[1.9999768521197672,0.0,2.0]}