{"datalatency":[15.724594000000002],"sensoruptime":[415.17833333333334,414.18111111111114,415.17833333333334],"battvoltage":[12.520999999999999,13.052,12.020999999999999],"arrayvoltage":[15.68,15.283,18.317],"chargecurrent":[1.841,7.856,9.984],"ledstate":[6.0,6.0,8.0],"loadpower":[23.029069,22.561940000000003,20.983984000000003],"batterytemp":[48.0,50.0,52.0],"triggerrate":[0.0,0.0,1.2000000000000002],"triggersremaining":[12597.0,12597.0,12603.0],"crcerrors":[0.0,0.0,2.0]}