{"datalatency":[11.852629],"sensoruptime":[17.901666666666667,16.904444444444444,null],"battvoltage":[12.1,12.134,11.264000000000001],"arrayvoltage":[0.107,0.214,19.733],"chargecurrent":[0.002,0.005,9.152999999999999],"ledstate":[6.0,6.0,11.0],"loadpower":[23.680391999999998,23.656215999999997,0.0],"batterytemp":[28.0,29.0,53.0],"triggerrate":[0.0,0.0,null],"triggersremaining":[13515.0,13515.0,null],"crcerrors":[0.0,0.0,2.0]}