{"datalatency":[15.751152000000001],"sensoruptime":[128.885,127.885,128.885],"battvoltage":[12.109000000000002,12.433,12.079],"arrayvoltage":[12.762,16.409000000000002,16.898],"chargecurrent":[0.019,2.9619999999999997,10.972000000000001],"ledstate":[8.0,8.0,8.0],"loadpower":[23.885887999999998,22.845637000000004,21.720998],"batterytemp":[38.0,39.0,48.0],"triggerrate":[1.2000000000000002,0.0,3.6],"triggersremaining":[13004.0,13051.0,13081.0],"crcerrors":[0.0,0.0,2.0]}