{"datalatency":[8.363760000000001],"sensoruptime":[null,null,114.10888888888888],"battvoltage":[12.213,12.112,11.469000000000001],"arrayvoltage":[33.789,33.304,34.766],"chargecurrent":[2.4419999999999997,1.805,2.718],"chargestate":[5.0,5.0,5.0],"loadpower":[0.0,0.0,0.0],"batterytemp":[19.0,17.0,19.0],"triggerrate":[null,null,0.6],"triggersremaining":[null,null,21956.0],"crcerrors":[0.0,null,0.0]}