{"datalatency":[14.747847],"sensoruptime":[101.22222222222223,100.2225,101.22222222222223],"battvoltage":[12.975999999999999,12.520999999999999,12.057],"arrayvoltage":[14.895999999999999,15.475,17.825],"chargecurrent":[7.716,2.2969999999999997,10.327],"ledstate":[8.0,8.0,8.0],"loadpower":[22.764446999999997,22.596211999999998,21.192338],"batterytemp":[51.0,50.0,58.0],"triggerrate":[0.0,0.0,2.4000000000000004],"triggersremaining":[13084.0,13084.0,13095.0],"crcerrors":[0.0,0.0,2.0]}