{"datalatency":[7.432886000000001],"sensoruptime":[165.905,164.92166666666665,165.905],"battvoltage":[12.195,12.222000000000001,11.868],"arrayvoltage":[11.484000000000002,0.632,42.465],"chargecurrent":[0.0,0.0,15.0],"chargestate":[3.0,3.0,6.0],"loadpower":[13.895459999999998,14.106144,8.596613999999999],"batterytemp":[7.0,7.0,33.0],"triggerrate":[0.0,0.0,0.8],"triggersremaining":[20371.0,20371.0,20462.0],"crcerrors":[0.0,0.0,0.0]}