{"datalatency":[7.788455000000001],"sensoruptime":[5.063611111111111,4.063888888888889,227.69416666666666],"battvoltage":[11.929,11.954,11.929],"arrayvoltage":[1.025,0.961,36.472],"chargecurrent":[0.0,0.0,3.503],"chargestate":[3.0,3.0,5.0],"loadpower":[13.93448,13.878372000000002,9.995777999999998],"batterytemp":[16.0,16.0,18.0],"triggerrate":[0.0,0.4,24.0],"triggersremaining":[18660.0,18666.0,20332.0],"crcerrors":[2.0,0.0,3.0]}