{"datalatency":[7.279184000000001],"sensoruptime":[18.046666666666667,17.049444444444443,null],"battvoltage":[12.125,12.149000000000001,12.1],"arrayvoltage":[0.0,0.0,18.439],"chargecurrent":[0.005,0.002,9.9],"ledstate":[6.0,6.0,8.0],"loadpower":[24.502375999999995,24.583455999999998,5.933112000000001],"batterytemp":[28.0,28.0,52.0],"triggerrate":[0.0,0.0,null],"triggersremaining":[14662.0,14662.0,null],"crcerrors":[0.0,0.0,0.0]}