{"datalatency":[7.929717],"sensoruptime":[51.91722222222222,50.9175,51.91722222222222],"battvoltage":[12.68,14.355,12.115],"arrayvoltage":[16.843,29.175,42.861999999999995],"chargecurrent":[0.002,2.235,7.356],"chargestate":[5.0,6.0,6.0],"loadpower":[13.7885,14.649348000000002,8.875646],"batterytemp":[18.0,23.0,30.0],"triggerrate":[0.0,0.0,0.6],"triggersremaining":[22210.0,22210.0,22255.0],"crcerrors":[0.0,0.0,0.0]}