{"datalatency":[37.633021],"sensoruptime":[6.5472222222222225,5.564166666666667,6.5472222222222225],"battvoltage":[14.300999999999998,14.300999999999998,10.709000000000001],"arrayvoltage":[42.343,41.388000000000005,43.448],"chargecurrent":[2.498,2.469,5.0760000000000005],"chargestate":[6.0,6.0,8.0],"loadpower":[13.470975,12.357984,0.0],"batterytemp":[25.0,25.0,26.0],"triggerrate":[0.0,0.0,2.8],"triggersremaining":[11615.0,11629.0,11685.0],"crcerrors":[0.0,0.0,0.0]}