{"datalatency":[13.364771000000001],"sensoruptime":[343.35555555555555,342.35555555555555,343.35555555555555],"battvoltage":[12.704,12.82,12.109000000000002],"arrayvoltage":[16.843,16.895,17.252],"chargecurrent":[2.7489999999999997,3.5660000000000003,12.229000000000001],"ledstate":[6.0,6.0,6.0],"loadpower":[22.6656,22.986674999999998,21.638656000000005],"batterytemp":[39.0,39.0,44.0],"triggerrate":[0.0,0.0,1.2000000000000002],"triggersremaining":[12621.0,12621.0,12627.0],"crcerrors":[0.0,0.0,2.0]}