{"datalatency":[8.225648],"sensoruptime":[73.41444444444444,72.43111111111111,73.41444444444444],"battvoltage":[12.299000000000001,12.436,12.145999999999999],"arrayvoltage":[33.258,32.327,42.861999999999995],"chargecurrent":[0.56,0.48100000000000004,2.8360000000000003],"chargestate":[5.0,5.0,6.0],"loadpower":[13.37212,13.625836999999999,11.363538000000002],"batterytemp":[15.0,19.0,28.0],"triggerrate":[0.0,3.4,4.4],"triggersremaining":[22076.0,22091.0,22211.0],"crcerrors":[0.0,0.0,0.0]}