{"datalatency":[37.541611],"sensoruptime":[6.4302777777777775,5.447222222222222,6.4302777777777775],"battvoltage":[12.335,12.604000000000001,12.286],"arrayvoltage":[27.744,32.523,33.400999999999996],"chargecurrent":[0.763,1.445,2.329],"chargestate":[5.0,5.0,5.0],"loadpower":[14.321346,13.856388,13.498560000000001],"batterytemp":[26.0,27.0,28.0],"triggerrate":[1.4,0.2,null],"triggersremaining":[11768.0,11829.0,12014.0],"crcerrors":[1.0,0.0,0.0]}