{"datalatency":[20.614908],"sensoruptime":[550.3230555555556,549.3233333333334,550.3230555555556],"battvoltage":[11.569,11.539000000000001,11.53],"arrayvoltage":[14.752,12.119000000000002,17.575],"chargecurrent":[0.312,0.005,11.448],"ledstate":[10.0,10.0,10.0],"loadpower":[22.700007,23.344959,22.237292000000004],"batterytemp":[27.0,27.0,51.0],"triggerrate":[0.0,0.0,2.4000000000000004],"triggersremaining":[11255.0,11255.0,11311.0],"crcerrors":[0.0,0.0,2.0]}