{"datalatency":[10.180732],"sensoruptime":[null,null,null],"battvoltage":[12.567,11.725,10.352],"arrayvoltage":[11.917,26.320999999999998,44.562],"chargecurrent":[0.0,0.07,2.6889999999999996],"chargestate":[5.0,7.0,7.0],"loadpower":[0.0,14.617047000000001,0.0],"batterytemp":[5.0,10.0,16.0],"triggerrate":[null,null,null],"triggersremaining":[null,null,null],"crcerrors":[0.0,0.0,1.0]}