{"datalatency":[8.352634],"sensoruptime":[3.4855555555555555,2.503888888888889,null],"battvoltage":[12.378,12.491,11.307],"arrayvoltage":[22.54,27.975,40.985],"chargecurrent":[0.01,0.358,3.0660000000000003],"chargestate":[5.0,5.0,6.0],"loadpower":[15.403284000000001,13.646724,0.0],"batterytemp":[26.0,27.0,27.0],"triggerrate":[21.2,12.6,null],"triggersremaining":[18882.0,20005.0,null],"crcerrors":[3.0,0.0,3.0]}