{"datalatency":[25.097805],"sensoruptime":[11.3525,10.352777777777778,31.89388888888889],"battvoltage":[12.905999999999999,12.1,12.07],"arrayvoltage":[16.262999999999998,16.452,18.692],"chargecurrent":[6.291,0.73,11.344000000000001],"ledstate":[8.0,8.0,8.0],"loadpower":[23.1318,23.788673999999997,7.371546],"batterytemp":[37.0,28.0,48.0],"triggerrate":[0.0,0.0,16.800115584795222],"triggersremaining":[22432.0,22432.0,22487.0],"crcerrors":[null,null,0.0]}