{"datalatency":[12.388330000000002],"sensoruptime":[35.56583333333333,34.56583333333333,35.56583333333333],"battvoltage":[12.265,12.369000000000002,12.033],"arrayvoltage":[12.975999999999999,17.145,17.526],"chargecurrent":[0.028999999999999998,1.0190000000000001,10.985],"ledstate":[6.0,6.0,8.0],"loadpower":[23.918913999999997,22.675597,21.514706],"batterytemp":[36.0,41.0,50.0],"triggerrate":[0.0,0.0,2.4000000000000004],"triggersremaining":[13506.0,13507.0,13526.0],"crcerrors":[0.0,0.0,2.0]}