{"datalatency":[15.198956],"sensoruptime":[148.31027777777777,147.31055555555557,148.31027777777777],"battvoltage":[11.774000000000001,11.606,11.53],"arrayvoltage":[17.239,16.217,17.429000000000002],"chargecurrent":[3.136,0.684,7.525],"chargestate":[5,5,6],"loadpower":[22.646288,22.495638,21.429213],"batterytemp":[29,30,46],"triggerrate":[null,null,null],"triggersremaining":[15155.0,15185.0,15591.0],"crcerrors":[null,null,0.0]}