{"datalatency":[13.455755000000002],"sensoruptime":[10.618055555555555,9.618333333333334,10.618055555555555],"battvoltage":[12.597999999999999,12.946,11.798],"arrayvoltage":[16.409000000000002,15.677,17.730999999999998],"chargecurrent":[2.6039999999999996,5.455,10.419],"chargestate":[5.0,5.0,5.0],"loadpower":[22.778889,22.894415999999996,6.167125],"batterytemp":[48.0,48.0,49.0],"triggerrate":[0.0,0.0,15.600000000000001],"triggersremaining":[21423.0,21424.0,22145.0],"crcerrors":[0.0,0.0,0.0]}