{"datalatency":[7.437963000000001],"sensoruptime":[155.90666666666667,154.90694444444443,155.90666666666667],"battvoltage":[12.457,12.491,11.868],"arrayvoltage":[0.61,0.613,42.465],"chargecurrent":[0.0,0.0,15.0],"chargestate":[3.0,3.0,6.0],"loadpower":[13.567008000000003,13.818140000000001,8.596613999999999],"batterytemp":[11.0,12.0,33.0],"triggerrate":[0.0,0.0,3.0],"triggersremaining":[20398.0,20400.0,20571.0],"crcerrors":[0.0,0.0,0.0]}