{"datalatency":[19.593030000000002],"sensoruptime":[531.1594444444445,530.1594444444445,531.1594444444445],"battvoltage":[12.329,12.253,11.606],"arrayvoltage":[15.912,16.348,17.145],"chargecurrent":[4.196000000000001,4.612,9.849],"ledstate":[8.0,10.0,10.0],"loadpower":[23.306864,24.680756000000002,22.057775999999997],"batterytemp":[41.0,36.0,41.0],"triggerrate":[0.0,0.0,3.6],"triggersremaining":[11310.0,11310.0,11355.0],"crcerrors":[0.0,0.0,2.0]}