{"datalatency":[13.029338000000001],"sensoruptime":[338.0227777777778,337.0258333333333,338.0227777777778],"battvoltage":[12.5,12.177,12.109000000000002],"arrayvoltage":[15.142999999999999,16.945999999999998,18.03],"chargecurrent":[1.681,0.872,11.622],"ledstate":[6.0,6.0,6.0],"loadpower":[24.788372000000006,23.237248,20.870528999999998],"batterytemp":[34.0,27.0,44.0],"triggerrate":[0.0,0.0,1.2000000000000002],"triggersremaining":[12622.0,12622.0,12628.0],"crcerrors":[0.0,0.0,2.0]}