{"datalatency":[20.483134],"sensoruptime":[554.3225,553.3227777777778,554.3225],"battvoltage":[11.995999999999999,11.649000000000001,11.53],"arrayvoltage":[16.702,16.067999999999998,17.575],"chargecurrent":[3.662,1.4280000000000002,11.448],"ledstate":[10.0,10.0,10.0],"loadpower":[23.250646,23.605384000000004,22.191635],"batterytemp":[34.0,33.0,51.0],"triggerrate":[0.0,0.0,2.4000000000000004],"triggersremaining":[11254.0,11254.0,11310.0],"crcerrors":[0.0,0.0,2.0]}