{"datalatency":[15.032902000000002],"sensoruptime":[11.374166666666667,10.376944444444444,49.00611111111111],"battvoltage":[11.545,11.493,11.444],"arrayvoltage":[0.0,0.006,19.531],"chargecurrent":[0.002,0.002,12.99],"ledstate":[10.0,10.0,10.0],"loadpower":[24.21504,24.156754999999997,5.941168],"batterytemp":[23.0,24.0,41.0],"triggerrate":[0.0,0.0,2.4000000000000004],"triggersremaining":[14585.0,14585.0,14653.0],"crcerrors":[0.0,0.0,0.0]}