{"datalatency":[22.219499000000003],"sensoruptime":[313.3569444444444,312.3572222222222,313.3569444444444],"battvoltage":[12.75,12.253,12.253],"arrayvoltage":[18.704,16.608,18.753],"chargecurrent":[4.691,0.406,9.376],"ledstate":[6.0,6.0,6.0],"loadpower":[22.278762,22.528584,21.533700000000003],"batterytemp":[28.0,25.0,50.0],"triggerrate":[0.0,0.0,1.2000000000000002],"triggersremaining":[12628.0,12628.0,12639.0],"crcerrors":[0.0,0.0,2.0]}