{"datalatency":[8.046303],"sensoruptime":[1.505,0.5052777777777778,62.22694444444444],"battvoltage":[14.41,13.559000000000001,11.319],"arrayvoltage":[41.821000000000005,19.183,41.821000000000005],"chargecurrent":[4.853,2.201,11.615],"chargestate":[6.0,5.0,6.0],"loadpower":[8.296410000000002,13.772804,0.0],"batterytemp":[21.0,12.0,34.0],"triggerrate":[0.0,0.2,0.5],"triggersremaining":[18401.0,18402.0,18411.0],"crcerrors":[0.0,0.0,0.0]}