{"datalatency":[37.530247],"sensoruptime":[0.8591666666666666,5.073333333333333,7.746944444444445],"battvoltage":[12.03,11.954,10.287],"arrayvoltage":[31.244,32.077,38.15],"chargecurrent":[0.486,0.978,3.1860000000000004],"chargestate":[5.0,5.0,6.0],"loadpower":[13.947486,13.164102,0.0],"batterytemp":[25.0,26.0,28.0],"triggerrate":[0.0,0.0,3.0],"triggersremaining":[11685.0,11685.0,11888.0],"crcerrors":[0.0,0.0,0.0]}