{"datalatency":[18.014538],"sensoruptime":[21.371944444444445,20.372222222222224,76.74361111111111],"battvoltage":[13.205,12.827,12.14],"arrayvoltage":[14.892999999999999,14.984000000000002,17.526],"chargecurrent":[8.054,2.95,8.977],"ledstate":[6.0,6.0,6.0],"loadpower":[23.211764000000002,23.232268,21.808872],"batterytemp":[46.0,43.0,51.0],"triggerrate":[0.0,0.0,3.0],"triggersremaining":[6327.0,6327.0,6446.0],"crcerrors":[0.0,0.0,0.0]}