{"datalatency":[18.996266000000002],"sensoruptime":[508.16305555555556,507.16333333333336,508.16305555555556],"battvoltage":[11.969000000000001,11.978,11.85],"arrayvoltage":[16.843,16.611,17.038],"chargecurrent":[1.2919999999999998,1.244,10.192],"ledstate":[8.0,8.0,8.0],"loadpower":[23.232704000000002,23.601666,20.930414],"batterytemp":[32.0,31.0,51.0],"triggerrate":[0.0,0.0,2.4000000000000004],"triggersremaining":[11346.0,11355.0,11444.0],"crcerrors":[0.0,0.0,2.0]}