{"datalatency":[76.560444],"sensoruptime":[181.4975,180.49777777777777,181.4975],"battvoltage":[12.134,12.14,12.125],"arrayvoltage":[0.0,0.0,17.969],"chargecurrent":[0.005,0.013999999999999999,9.81],"ledstate":[6.0,6.0,6.0],"loadpower":[23.51116,24.001312000000002,21.942296000000002],"batterytemp":[30.0,30.0,52.0],"triggerrate":[0.0,0.0,6.4],"triggersremaining":[5813.0,5813.0,6175.0],"crcerrors":[0.0,0.0,0.0]}