{"datalatency":[20.603695000000002],"sensoruptime":[10.935277777777777,9.935277777777777,329.74861111111113],"battvoltage":[12.177,12.18,11.911],"arrayvoltage":[0.021,0.034,17.825],"chargecurrent":[0.005,0.005,9.615],"ledstate":[6.0,6.0,8.0],"loadpower":[23.764629,23.914424000000004,5.735975000000001],"batterytemp":[31.0,32.0,57.0],"triggerrate":[0.0,0.0,1.6],"triggersremaining":[1866.0,1866.0,1913.0],"crcerrors":[0.0,0.0,0.0]}