{"datalatency":[8.214502000000001],"sensoruptime":[99.41083333333333,98.42777777777778,99.41083333333333],"battvoltage":[11.761,11.800999999999998,11.725],"arrayvoltage":[12.450999999999999,25.784000000000002,34.863],"chargecurrent":[0.0,0.109,1.423],"chargestate":[5.0,5.0,5.0],"loadpower":[13.916524,13.736756999999999,12.790060000000002],"batterytemp":[13.0,13.0,16.0],"triggerrate":[0.0,0.0,0.8],"triggersremaining":[21953.0,21953.0,22075.0],"crcerrors":[0.0,0.0,0.0]}