{"datalatency":[14.091242000000001],"sensoruptime":[null,null,20.196666666666665],"battvoltage":[12.253,12.177,11.224],"arrayvoltage":[13.864,12.869000000000002,19.305],"chargecurrent":[0.16399999999999998,0.017,7.371],"ledstate":[11.0,11.0,11.0],"loadpower":[0.0,0.0,0.0],"batterytemp":[20.0,20.0,49.0],"triggerrate":[null,0.0,null],"triggersremaining":[null,null,14564.0],"crcerrors":[0.0,null,0.0]}