{"datalatency":[7.617375000000001],"sensoruptime":[3.2575,2.2577777777777777,null],"battvoltage":[12.835999999999999,14.456,12.299000000000001],"arrayvoltage":[29.01,42.638999999999996,44.162],"chargecurrent":[0.679,0.597,2.483],"chargestate":[7.0,6.0,7.0],"loadpower":[14.040289999999999,13.701662,0.0],"batterytemp":[18.0,18.0,19.0],"triggerrate":[0.0,0.0,null],"triggersremaining":[22380.0,22380.0,null],"crcerrors":[0.0,0.0,0.0]}