{"datalatency":[7.084384],"sensoruptime":[150.9075,149.92416666666668,150.9075],"battvoltage":[14.175,14.142000000000001,11.868],"arrayvoltage":[41.455,41.647,42.465],"chargecurrent":[3.1430000000000002,3.798,15.0],"chargestate":[6.0,6.0,6.0],"loadpower":[11.849207999999999,10.463396,8.596613999999999],"batterytemp":[29.0,30.0,33.0],"triggerrate":[0.0,0.0,6.4],"triggersremaining":[20431.0,20436.0,21256.0],"crcerrors":[0.0,0.0,0.0]}