{"datalatency":[18.607938],"sensoruptime":[126.5225,125.53916666666667,126.5225],"battvoltage":[12.482000000000001,12.488,12.216],"arrayvoltage":[0.0,4.843,18.167],"chargecurrent":[0.002,0.005,7.931],"ledstate":[6.0,6.0,6.0],"loadpower":[23.731605999999996,24.065170000000002,21.885253],"batterytemp":[35.0,39.0,57.0],"triggerrate":[0.0,0.0,0.6],"triggersremaining":[6264.0,6271.0,6292.0],"crcerrors":[0.0,0.0,0.0]}