{"datalatency":[13.203025],"sensoruptime":[null,null,7.133055555555556],"battvoltage":[11.767999999999999,11.548,11.31],"arrayvoltage":[15.479000000000001,13.460999999999999,19.949],"chargecurrent":[0.295,0.179,12.057],"ledstate":[10.0,10.0,10.0],"loadpower":[6.56768,8.25984,5.92988],"batterytemp":[26.0,25.0,50.0],"triggerrate":[null,null,2.4000000000000004],"triggersremaining":[null,null,14583.0],"crcerrors":[null,null,0.0]}