{"datalatency":[13.778987],"sensoruptime":[355.68694444444446,354.6872222222222,355.68694444444446],"battvoltage":[12.1,12.122,12.1],"arrayvoltage":[0.0,0.0,17.633],"chargecurrent":[0.005,0.002,12.229000000000001],"ledstate":[6.0,6.0,6.0],"loadpower":[23.765007999999998,23.801272,21.612250999999997],"batterytemp":[23.0,24.0,44.0],"triggerrate":[0.0,0.0,1.2000000000000002],"triggersremaining":[12618.0,12618.0,12624.0],"crcerrors":[0.0,0.0,2.0]}