{"datalatency":[11.320939000000001],"sensoruptime":[11.3825,10.3825,20.196666666666665],"battvoltage":[11.761,11.856,11.224],"arrayvoltage":[11.774000000000001,14.703,19.736],"chargecurrent":[0.0,0.324,8.165],"ledstate":[8.0,8.0,11.0],"loadpower":[23.767832000000002,23.236154000000003,0.0],"batterytemp":[35.0,43.0,50.0],"triggerrate":[0.0,0.0,1.2000000000000002],"triggersremaining":[14557.0,14557.0,14562.0],"crcerrors":[0.0,0.0,0.0]}