{"datalatency":[14.107700000000001],"sensoruptime":[79.05888888888889,78.05916666666667,79.05888888888889],"battvoltage":[12.975999999999999,12.445,11.984000000000002],"arrayvoltage":[14.697000000000001,14.937999999999999,17.337],"chargecurrent":[7.904,1.742,9.687000000000001],"ledstate":[8.0,8.0,8.0],"loadpower":[22.808953000000002,24.338616000000002,21.576829],"batterytemp":[53.0,52.0,54.0],"triggerrate":[0.0,0.0,4.800000000000001],"triggersremaining":[13095.0,13095.0,13120.0],"crcerrors":[0.0,0.0,2.0]}