{"datalatency":[8.048441],"sensoruptime":[66.58194444444445,65.58222222222223,66.58194444444445],"battvoltage":[12.222000000000001,12.222000000000001,12.145999999999999],"arrayvoltage":[26.898000000000003,2.408,42.861999999999995],"chargecurrent":[0.184,0.002,7.356],"chargestate":[5.0,3.0,6.0],"loadpower":[13.606271999999999,14.081760000000001,8.875646],"batterytemp":[13.0,13.0,30.0],"triggerrate":[0.0,0.0,0.8],"triggersremaining":[22148.0,22151.0,22216.0],"crcerrors":[0.0,0.0,0.0]}