{"datalatency":[8.348008],"sensoruptime":[10.450833333333334,9.450833333333334,114.10888888888888],"battvoltage":[11.609000000000002,11.645999999999999,11.469000000000001],"arrayvoltage":[0.5710000000000001,0.616,35.4],"chargecurrent":[0.0,0.0,6.643],"chargestate":[3.0,3.0,5.0],"loadpower":[14.290954,13.523352000000003,0.0],"batterytemp":[17.0,17.0,27.0],"triggerrate":[0.6,0.4,1.6],"triggersremaining":[21828.0,21860.0,21938.0],"crcerrors":[0.0,0.0,0.0]}