{"datalatency":[8.494307000000001],"sensoruptime":[34.091388888888886,33.09166666666667,34.091388888888886],"battvoltage":[12.567,12.604000000000001,12.112],"arrayvoltage":[0.574,0.626,41.489],"chargecurrent":[0.0,0.0,11.902999999999999],"chargestate":[3.0,3.0,6.0],"loadpower":[13.778163000000001,13.704570000000002,9.02565],"batterytemp":[19.0,21.0,35.0],"triggerrate":[0.0,0.0,0.8],"triggersremaining":[21653.0,21653.0,21689.0],"crcerrors":[0.0,0.0,0.0]}