{"datalatency":[38.117525],"sensoruptime":[null,0.006944444444444444,1.2],"battvoltage":[13.867,13.907,10.535],"arrayvoltage":[42.273,42.501999999999995,43.533],"chargecurrent":[1.814,1.8,3.411],"chargestate":[7.0,7.0,7.0],"loadpower":[16.531638,14.334572,0.0],"batterytemp":[19.0,18.0,19.0],"triggerrate":[null,null,0.0],"triggersremaining":[null,0.0,0.0],"crcerrors":[0.0,0.0,0.0]}