{"datalatency":[8.383705],"sensoruptime":[null,null,null],"battvoltage":[12.835999999999999,12.72,12.530999999999999],"arrayvoltage":[28.473000000000003,4.865,40.985],"chargecurrent":[0.40299999999999997,0.002,1.911],"chargestate":[5.0,3.0,6.0],"loadpower":[0.0,0.0,0.0],"batterytemp":[24.0,23.0,26.0],"triggerrate":[null,null,null],"triggersremaining":[null,null,null],"crcerrors":[null,null,null]}