{"datalatency":[8.495438],"sensoruptime":[31.92527777777778,30.941944444444445,31.92527777777778],"battvoltage":[12.72,13.638,12.112],"arrayvoltage":[26.611,36.23,41.489],"chargecurrent":[0.22899999999999998,2.739,11.902999999999999],"chargestate":[5.0,5.0,6.0],"loadpower":[13.831010000000001,10.257407999999998,9.02565],"batterytemp":[24.0,32.0,35.0],"triggerrate":[0.0,0.0,1.0],"triggersremaining":[21654.0,21654.0,21720.0],"crcerrors":[0.0,0.0,0.0]}