{"datalatency":[8.324527],"sensoruptime":[26.5925,25.609444444444446,26.5925],"battvoltage":[14.059000000000001,14.084000000000001,12.112],"arrayvoltage":[39.273,40.686,41.489],"chargecurrent":[4.353,5.307,12.214],"chargestate":[6.0,6.0,6.0],"loadpower":[9.499949999999998,9.13725,9.067364],"batterytemp":[33.0,32.0,41.0],"triggerrate":[0.0,0.0,1.0],"triggersremaining":[21655.0,21655.0,21740.0],"crcerrors":[0.0,0.0,0.0]}