{"datalatency":[19.914498000000002],"sensoruptime":[247.0336111111111,246.0363888888889,247.0336111111111],"battvoltage":[12.82,13.357999999999999,12.073],"arrayvoltage":[15.082,14.937999999999999,18.073],"chargecurrent":[5.805,8.988999999999999,9.937999999999999],"ledstate":[6.0,6.0,8.0],"loadpower":[22.71395,22.958025000000003,21.323016],"batterytemp":[50.0,49.0,52.0],"triggerrate":[0.0,0.0,1.2000000000000002],"triggersremaining":[12675.0,12675.0,12682.0],"crcerrors":[0.0,0.0,2.0]}