{"datalatency":[38.017872000000004],"sensoruptime":[null,0.004722222222222222,1.1758333333333333],"battvoltage":[12.415,11.914000000000001,10.26],"arrayvoltage":[19.864,25.635,34.711],"chargecurrent":[0.006999999999999999,0.121,1.672],"chargestate":[5.0,5.0,5.0],"loadpower":[0.0,14.668558,0.0],"batterytemp":[18.0,18.0,19.0],"triggerrate":[null,0.0,0.0],"triggersremaining":[null,0.0,0.0],"crcerrors":[0.0,0.0,0.0]}