{"datalatency":[22.142041000000003],"sensoruptime":[324.02222222222224,323.02222222222224,324.02222222222224],"battvoltage":[12.369000000000002,12.418,12.253],"arrayvoltage":[11.770999999999999,15.380999999999998,18.753],"chargecurrent":[0.012,0.271,11.622],"ledstate":[5.0,6.0,6.0],"loadpower":[24.120864,22.860450000000004,20.870528999999998],"batterytemp":[30.0,32.0,44.0],"triggerrate":[0.0,0.0,1.2000000000000002],"triggersremaining":[12625.0,12626.0,12631.0],"crcerrors":[0.0,0.0,2.0]}