{"datalatency":[10.080630000000001],"sensoruptime":[6.1738888888888885,5.1738888888888885,14.684444444444445],"battvoltage":[13.663,13.715,11.425999999999998],"arrayvoltage":[19.092,19.083,19.965],"chargecurrent":[2.742,2.846,7.486000000000001],"ledstate":[5.0,5.0,11.0],"loadpower":[25.757688,25.833368000000004,0.0],"batterytemp":[46.0,44.0,51.0],"triggerrate":[0.0,0.0,1.2000000000000002],"triggersremaining":[14563.0,14563.0,14566.0],"crcerrors":[0.0,0.0,0.0]}