{"datalatency":[16.407212],"sensoruptime":[146.71555555555557,145.71555555555557,146.71555555555557],"battvoltage":[11.950999999999999,11.954,11.870999999999999],"arrayvoltage":[15.378,16.262999999999998,17.055999999999997],"chargecurrent":[0.875,1.442,10.972000000000001],"ledstate":[8.0,8.0,8.0],"loadpower":[23.345053,22.96507,21.571521000000004],"batterytemp":[37.0,34.0,42.0],"triggerrate":[0.0,0.0,3.6],"triggersremaining":[12944.0,12944.0,13077.0],"crcerrors":[0.0,0.0,2.0]}