{"datalatency":[24.394053000000003],"sensoruptime":[45.513888888888886,44.51416666666667,45.513888888888886],"battvoltage":[11.972000000000001,12.020999999999999,11.969000000000001],"arrayvoltage":[0.057999999999999996,12.975999999999999,17.78],"chargecurrent":[0.005,0.10400000000000001,7.774],"ledstate":[8.0,8.0,8.0],"loadpower":[24.39514,24.536775,22.552155],"batterytemp":[29.0,32.0,40.0],"triggerrate":[0.0,0.0,2.4000255842727283],"triggersremaining":[22315.0,22316.0,22429.0],"crcerrors":[null,null,0.0]}