{"datalatency":[7.568907],"sensoruptime":[24.726944444444445,23.727222222222224,24.726944444444445],"battvoltage":[11.645999999999999,11.685,11.645999999999999],"arrayvoltage":[1.276,1.166,34.238],"chargecurrent":[0.0,0.0,1.4709999999999999],"chargestate":[3.0,3.0,5.0],"loadpower":[14.255286000000002,13.768098,13.408536],"batterytemp":[17.0,17.0,20.0],"triggerrate":[0.0,0.0,23.2],"triggersremaining":[18578.0,18579.0,19017.0],"crcerrors":[2.0,0.0,3.0]}