{"datalatency":[15.582701],"sensoruptime":[125.88527777777777,124.88555555555556,125.88527777777777],"battvoltage":[12.189,12.253,12.079],"arrayvoltage":[15.579,16.012999999999998,16.898],"chargecurrent":[0.875,1.401,10.972000000000001],"ledstate":[8.0,8.0,8.0],"loadpower":[23.47652,23.400107999999996,21.720998],"batterytemp":[38.0,38.0,54.0],"triggerrate":[0.0,0.0,1.2000000000000002],"triggersremaining":[13076.0,13076.0,13084.0],"crcerrors":[0.0,0.0,2.0]}