{"datalatency":[8.577511000000001],"sensoruptime":[37.924166666666665,36.92444444444445,37.924166666666665],"battvoltage":[12.450999999999999,12.491,12.112],"arrayvoltage":[0.586,0.586,41.489],"chargecurrent":[0.0,0.0,11.902999999999999],"chargestate":[3.0,3.0,6.0],"loadpower":[13.588574,13.606320000000002,9.02565],"batterytemp":[17.0,17.0,35.0],"triggerrate":[0.0,0.0,0.4],"triggersremaining":[21651.0,21652.0,21670.0],"crcerrors":[0.0,0.0,0.0]}