{"datalatency":[17.396275000000003],"sensoruptime":[185.01361111111112,184.01388888888889,185.01361111111112],"battvoltage":[12.21,12.14,12.1],"arrayvoltage":[16.455,14.45,17.969],"chargecurrent":[1.138,0.326,9.81],"ledstate":[6.0,6.0,6.0],"loadpower":[23.45336,24.671608,21.942296000000002],"batterytemp":[32.0,30.0,52.0],"triggerrate":[0.0,0.2,6.4],"triggersremaining":[5812.0,5812.0,6174.0],"crcerrors":[0.0,0.0,0.0]}