{"datalatency":[40.550547],"sensoruptime":[null,null,20.630555555555556],"battvoltage":[11.995999999999999,12.009,11.517000000000001],"arrayvoltage":[0.0,0.012,17.145],"chargecurrent":[0.005,0.006999999999999999,10.335],"ledstate":[8.0,8.0,10.0],"loadpower":[7.407966,8.210052000000001,6.079374],"batterytemp":[28.0,28.0,53.0],"triggerrate":[null,null,1.6],"triggersremaining":[null,null,26.0],"crcerrors":[1.0,null,1.0]}