{"datalatency":[11.307957],"sensoruptime":[15.965555555555556,14.965555555555556,null],"battvoltage":[11.606,11.645999999999999,11.569],"arrayvoltage":[0.0,0.0,19.736],"chargecurrent":[0.002,0.002,12.392999999999999],"chargestate":[3.0,3.0,6.0],"loadpower":[23.22354,23.82987,6.808707000000001],"batterytemp":[21.0,22.0,44.0],"triggerrate":[0.0,0.0,null],"triggersremaining":[22151.0,22151.0,null],"crcerrors":[0.0,0.0,0.0]}