{"datalatency":[16.498656],"sensoruptime":[null,null,null],"battvoltage":[12.253,12.228,11.765],"arrayvoltage":[15.094000000000001,14.6,19.680999999999997],"chargecurrent":[0.278,0.179,9.955],"chargestate":[5.0,5.0,6.0],"loadpower":[5.272128000000001,5.307434999999999,0.0],"batterytemp":[12.0,10.0,38.0],"triggerrate":[null,null,null],"triggersremaining":[null,null,null],"crcerrors":[null,null,null]}