{"datalatency":[12.264264],"sensoruptime":[17.280833333333334,16.280833333333334,null],"battvoltage":[11.950999999999999,11.987,11.798],"arrayvoltage":[0.0,0.0,17.526],"chargecurrent":[0.005,0.005,10.419],"chargestate":[3.0,3.0,5.0],"loadpower":[22.951005000000002,23.111749999999997,6.167125],"batterytemp":[26.0,27.0,49.0],"triggerrate":[0.0,0.0,null],"triggersremaining":[21172.0,21173.0,null],"crcerrors":[0.0,0.0,0.0]}