{"datalatency":[17.400856],"sensoruptime":[null,null,null],"battvoltage":[12.445,12.445,12.216],"arrayvoltage":[14.752,14.499,19.625999999999998],"chargecurrent":[0.28300000000000003,0.193,5.361000000000001],"chargestate":[5.0,5.0,6.0],"loadpower":[5.679139,6.258464999999999,4.102919999999999],"batterytemp":[14.0,13.0,45.0],"triggerrate":[null,null,null],"triggersremaining":[null,null,null],"crcerrors":[null,null,null]}