{"datalatency":[13.410566000000001],"sensoruptime":[6.951944444444444,5.955,7.988333333333333],"battvoltage":[12.600999999999999,12.524000000000001,11.798],"arrayvoltage":[15.872,16.702,17.730999999999998],"chargecurrent":[4.9430000000000005,4.832,11.344000000000001],"chargestate":[5.0,5.0,6.0],"loadpower":[22.971725999999997,23.162679,6.167125],"batterytemp":[40.0,35.0,47.0],"triggerrate":[0.0,0.0,15.600000000000001],"triggersremaining":[21429.0,21429.0,22149.0],"crcerrors":[0.0,0.0,0.0]}