{"datalatency":[8.118593],"sensoruptime":[3.671388888888889,2.6883333333333335,62.22694444444444],"battvoltage":[14.27,14.24,11.319],"arrayvoltage":[41.821000000000005,42.365,42.471000000000004],"chargecurrent":[2.715,2.9739999999999998,5.977],"chargestate":[6.0,6.0,6.0],"loadpower":[12.331824000000001,13.559624,0.0],"batterytemp":[26.0,27.0,33.0],"triggerrate":[0.0,0.0,0.5],"triggersremaining":[18401.0,18401.0,18411.0],"crcerrors":[0.0,0.0,0.0]}