{"datalatency":[8.599602],"sensoruptime":[64.42055555555555,63.4375,64.42055555555555],"battvoltage":[12.36,12.375,12.18],"arrayvoltage":[0.5920000000000001,0.638,40.146],"chargecurrent":[0.0,0.0,10.228],"chargestate":[3.0,3.0,6.0],"loadpower":[14.109192000000002,13.507618000000003,8.80245],"batterytemp":[15.0,16.0,34.0],"triggerrate":[0.0,0.0,0.2],"triggersremaining":[21643.0,21644.0,21650.0],"crcerrors":[0.0,0.0,0.0]}