{"datalatency":[23.280207],"sensoruptime":[345.3525,344.35527777777776,345.3525],"battvoltage":[13.022,13.025,12.109000000000002],"arrayvoltage":[15.915,16.119,17.252],"chargecurrent":[5.252000000000001,6.629,12.229000000000001],"ledstate":[6.0,6.0,6.0],"loadpower":[22.458844,23.586973,21.612250999999997],"batterytemp":[41.0,42.0,43.0],"triggerrate":[0.0,0.0,1.2000000000000002],"triggersremaining":[12620.0,12620.0,12626.0],"crcerrors":[0.0,0.0,2.0]}