{"datalatency":[8.425938],"sensoruptime":[12.927777777777777,11.928055555555556,12.927777777777777],"battvoltage":[12.415,12.450999999999999,11.478],"arrayvoltage":[0.607,0.601,38.565],"chargecurrent":[0.0,0.0,15.0],"chargestate":[3.0,3.0,6.0],"loadpower":[14.600736000000001,13.588574,0.0],"batterytemp":[15.0,16.0,41.0],"triggerrate":[0.2,0.0,1.4],"triggersremaining":[21677.0,21685.0,21848.0],"crcerrors":[0.0,0.0,0.0]}