{"datalatency":[15.449378000000001],"sensoruptime":[null,null,null],"battvoltage":[11.887,11.767999999999999,11.481],"arrayvoltage":[17.093,16.409000000000002,19.342],"chargecurrent":[0.43200000000000005,0.28,5.67],"chargestate":[5.0,5.0,5.0],"loadpower":[0.0,0.0,0.0],"batterytemp":[12.0,11.0,26.0],"triggerrate":[null,null,null],"triggersremaining":[null,null,null],"crcerrors":[null,null,null]}