{"datalatency":[8.016509000000001],"sensoruptime":[56.26111111111111,55.278055555555554,56.26111111111111],"battvoltage":[11.853,14.107999999999999,11.645999999999999],"arrayvoltage":[24.948,28.03,40.738],"chargecurrent":[0.075,3.242,11.615],"chargestate":[5.0,5.0,6.0],"loadpower":[14.344937999999999,14.412244000000001,9.041284000000001],"batterytemp":[21.0,28.0,34.0],"triggerrate":[0.0,0.0,0.4],"triggersremaining":[18409.0,18410.0,18418.0],"crcerrors":[0.0,0.0,0.0]}