{"datalatency":[21.47287],"sensoruptime":[26.53611111111111,25.552777777777777,26.53611111111111],"battvoltage":[12.527000000000001,11.835,11.798],"arrayvoltage":[16.214000000000002,15.575999999999999,17.48],"chargecurrent":[5.837000000000001,0.65,11.001],"ledstate":[8.0,8.0,8.0],"loadpower":[22.893084,23.124132,21.806852],"batterytemp":[37.0,34.0,51.0],"triggerrate":[0.0,0.0,0.8],"triggersremaining":[1284.0,1284.0,1332.0],"crcerrors":[0.0,0.0,0.0]}