{"datalatency":[8.112591],"sensoruptime":[91.74527777777777,90.74527777777777,91.74527777777777],"battvoltage":[11.895999999999999,11.877,11.815999999999999],"arrayvoltage":[33.453,24.072,35.016],"chargecurrent":[0.618,0.034,2.8360000000000003],"chargestate":[5.0,5.0,5.0],"loadpower":[13.839960000000003,13.766214,12.913230000000002],"batterytemp":[12.0,12.0,20.0],"triggerrate":[0.0,0.0,4.4],"triggersremaining":[21962.0,21963.0,22142.0],"crcerrors":[0.0,0.0,0.0]}