{"datalatency":[8.814793],"sensoruptime":[120.07972222222222,119.0963888888889,120.07972222222222],"battvoltage":[12.186,12.161,12.073],"arrayvoltage":[31.546,18.613,41.65],"chargecurrent":[1.073,0.01,11.832],"chargestate":[5.0,5.0,6.0],"loadpower":[13.519336,13.93225,8.207364000000002],"batterytemp":[24.0,22.0,32.0],"triggerrate":[0.2,0.0,0.6],"triggersremaining":[21453.0,21461.0,21536.0],"crcerrors":[0.0,0.0,0.0]}