{"datalatency":[12.693881000000001],"sensoruptime":[43.609722222222224,42.61,43.609722222222224],"battvoltage":[11.725,11.774000000000001,11.652000000000001],"arrayvoltage":[0.0,0.0,17.334],"chargecurrent":[0.002,0.005,11.398],"chargestate":[3.0,3.0,6.0],"loadpower":[23.168153000000004,23.409778,21.713829000000004],"batterytemp":[25.0,25.0,52.0],"triggerrate":[0.0,0.0,6.0],"triggersremaining":[20761.0,20761.0,21172.0],"crcerrors":[0.0,0.0,1.0]}