{"datalatency":[37.937749000000004],"sensoruptime":[0.001388888888888889,null,null],"battvoltage":[14.783,14.847000000000001,10.352],"arrayvoltage":[43.661,43.961000000000006,45.523],"chargecurrent":[1.679,1.8769999999999998,2.6889999999999996],"chargestate":[6.0,6.0,7.0],"loadpower":[15.077788000000002,14.897140000000002,0.0],"batterytemp":[9.0,7.0,10.0],"triggerrate":[null,0.0,0.0],"triggersremaining":[0.0,null,null],"crcerrors":[6.0,0.0,1.0]}