{"datalatency":[55.653439000000006],"sensoruptime":[76.14416666666666,75.14444444444445,76.14416666666666],"battvoltage":[12.308,12.216,12.216],"arrayvoltage":[16.500999999999998,13.474,18.230999999999998],"chargecurrent":[1.063,0.184,5.907],"ledstate":[6.0,6.0,6.0],"loadpower":[22.535064,23.462522999999997,22.179118000000003],"batterytemp":[28.0,27.0,55.0],"triggerrate":[0.0,0.8,3.8],"triggersremaining":[6370.0,6394.0,7045.0],"crcerrors":[0.0,0.0,0.0]}