{"datalatency":[7.7062800000000005],"sensoruptime":[31.43138888888889,30.43166666666667,31.43138888888889],"battvoltage":[12.72,14.215,11.49],"arrayvoltage":[29.01,41.675,42.148],"chargecurrent":[1.995,3.363,12.352],"chargestate":[5.0,6.0,6.0],"loadpower":[14.789775,12.265552,8.277874],"batterytemp":[23.0,28.0,29.0],"triggerrate":[0.0,0.0,0.4],"triggersremaining":[18419.0,18419.0,18431.0],"crcerrors":[0.0,0.0,0.0]}