{"datalatency":[31.588679000000003],"sensoruptime":[6.6658333333333335,5.666111111111111,152.8761111111111],"battvoltage":[11.987,12.186,11.453],"arrayvoltage":[16.989,17.09,20.047],"chargecurrent":[1.969,3.1719999999999997,14.731],"chargestate":[5,5,6],"loadpower":[26.985035000000003,26.626996000000005,0.0],"batterytemp":[26,25,39],"triggerrate":[null,null,null],"triggersremaining":[14672.0,14672.0,14765.0],"crcerrors":[null,null,0.0]}