{"datalatency":[19.453268],"sensoruptime":[234.70194444444445,233.70222222222222,234.70194444444445],"battvoltage":[12.17,12.177,11.950999999999999],"arrayvoltage":[0.0,0.0,18.372],"chargecurrent":[0.005,0.002,8.75],"ledstate":[6.0,6.0,8.0],"loadpower":[23.795136,23.537340000000004,21.252608000000002],"batterytemp":[23.0,24.0,52.0],"triggerrate":[0.0,0.0,1.2000000000000002],"triggersremaining":[12678.0,12678.0,12685.0],"crcerrors":[0.0,0.0,2.0]}