{"datalatency":[77.373683],"sensoruptime":[9.655277777777778,8.672222222222222,null],"battvoltage":[12.564,12.642999999999999,12.488],"arrayvoltage":[13.513,16.891,19.229],"chargecurrent":[0.085,0.759,8.175],"ledstate":[6.0,4.0,6.0],"loadpower":[23.737032,23.894704,6.0236],"batterytemp":[42.0,53.0,54.0],"triggerrate":[0.0,0.0,null],"triggersremaining":[7059.0,7060.0,null],"crcerrors":[0.0,0.0,0.0]}