{"datalatency":[8.130621],"sensoruptime":[95.24472222222222,94.245,95.24472222222222],"battvoltage":[11.905,11.923,11.815999999999999],"arrayvoltage":[28.86,32.08,35.016],"chargecurrent":[0.507,0.792,2.174],"chargestate":[5.0,5.0,5.0],"loadpower":[13.766214,13.854526,12.913230000000002],"batterytemp":[14.0,16.0,20.0],"triggerrate":[0.0,0.0,4.4],"triggersremaining":[21955.0,21956.0,22113.0],"crcerrors":[0.0,0.0,0.0]}