{"datalatency":[8.035214],"sensoruptime":[34.5975,33.59777777777778,34.5975],"battvoltage":[12.07,12.106,11.49],"arrayvoltage":[0.754,0.7390000000000001,42.148],"chargecurrent":[0.0,0.0,12.352],"chargestate":[3.0,3.0,6.0],"loadpower":[13.989318,14.035798,8.277874],"batterytemp":[12.0,13.0,29.0],"triggerrate":[0.0,0.0,0.4],"triggersremaining":[18418.0,18418.0,18429.0],"crcerrors":[0.0,0.0,0.0]}