{"datalatency":[14.652615],"sensoruptime":[99.55583333333334,98.5586111111111,99.55583333333334],"battvoltage":[12.9,12.787,12.057],"arrayvoltage":[15.036,15.725999999999999,17.825],"chargecurrent":[8.049,6.721,9.687000000000001],"ledstate":[8.0,8.0,8.0],"loadpower":[22.720568,22.084218,21.192338],"batterytemp":[48.0,43.0,58.0],"triggerrate":[0.0,0.0,2.4000000000000004],"triggersremaining":[13085.0,13085.0,13096.0],"crcerrors":[0.0,0.0,2.0]}