{"datalatency":[8.250994],"sensoruptime":[null,4.619722222222222,null],"battvoltage":[12.415,11.105,10.944],"arrayvoltage":[0.919,0.9670000000000001,41.791000000000004],"chargecurrent":[0.002,0.0,2.923],"chargestate":[3.0,3.0,6.0],"loadpower":[0.0,13.810525,0.0],"batterytemp":[8.0,9.0,32.0],"triggerrate":[null,0.0,null],"triggersremaining":[null,18367.0,null],"crcerrors":[0.0,null,0.0]}