{"datalatency":[46.839772],"sensoruptime":[null,null,null],"battvoltage":[12.372,12.380999999999998,12.177],"arrayvoltage":[0.42700000000000005,0.107,18.215999999999998],"chargecurrent":[0.002,0.005,8.373],"ledstate":[6.0,6.0,6.0],"loadpower":[7.488342,7.705887000000001,5.838796],"batterytemp":[28.0,28.0,53.0],"triggerrate":[null,null,null],"triggersremaining":[null,null,null],"crcerrors":[null,null,null]}