{"datalatency":[8.642487000000001],"sensoruptime":[72.41944444444445,71.43638888888889,72.41944444444445],"battvoltage":[12.186,12.259,12.183],"arrayvoltage":[31.25,34.082,40.146],"chargecurrent":[0.7440000000000001,1.092,10.228],"chargestate":[5.0,5.0,6.0],"loadpower":[13.396656,13.454960000000002,8.80245],"batterytemp":[20.0,19.0,34.0],"triggerrate":[0.0,0.0,0.2],"triggersremaining":[21640.0,21641.0,21647.0],"crcerrors":[0.0,0.0,0.0]}