{"datalatency":[8.551707],"sensoruptime":[55.08861111111111,54.08861111111111,55.08861111111111],"battvoltage":[12.905999999999999,13.025,12.18],"arrayvoltage":[31.445,31.25,40.146],"chargecurrent":[1.123,1.913,10.228],"chargestate":[5.0,5.0,6.0],"loadpower":[14.156920000000001,14.273532000000001,8.80245],"batterytemp":[28.0,29.0,34.0],"triggerrate":[0.0,0.0,0.2],"triggersremaining":[21646.0,21646.0,21654.0],"crcerrors":[0.0,0.0,0.0]}