{"datalatency":[20.786963],"sensoruptime":[3.835277777777778,2.835277777777778,11.918333333333333],"battvoltage":[12.482000000000001,12.247,12.1],"arrayvoltage":[15.43,15.234000000000002,17.288],"chargecurrent":[2.051,1.126,10.013],"ledstate":[6.0,6.0,6.0],"loadpower":[22.567652999999996,22.8825,6.478731],"batterytemp":[41.0,40.0,57.0],"triggerrate":[0.0,0.0,1.6],"triggersremaining":[1865.0,1866.0,1907.0],"crcerrors":[0.0,0.0,0.0]}