{"datalatency":[8.023943000000001],"sensoruptime":[80.08027777777778,79.09694444444445,80.08027777777778],"battvoltage":[12.07,12.094000000000001,12.07],"arrayvoltage":[0.763,0.787,35.016],"chargecurrent":[0.0,0.0,2.8360000000000003],"chargestate":[3.0,3.0,5.0],"loadpower":[14.013396000000004,14.035798,13.31694],"batterytemp":[12.0,12.0,20.0],"triggerrate":[0.2,0.0,4.4],"triggersremaining":[22020.0,22031.0,22203.0],"crcerrors":[0.0,0.0,0.0]}