{"datalatency":[38.119457000000004],"sensoruptime":[null,1.0833333333333333,1.2],"battvoltage":[13.907,14.517000000000001,10.422],"arrayvoltage":[42.032,42.321999999999996,43.533],"chargecurrent":[2.102,2.2030000000000003,3.411],"chargestate":[7.0,6.0,7.0],"loadpower":[19.416136000000005,12.739302,0.0],"batterytemp":[18.0,18.0,19.0],"triggerrate":[null,0.0,0.0],"triggersremaining":[null,0.0,0.0],"crcerrors":[0.0,0.0,0.0]}