{"datalatency":[15.926457000000001],"sensoruptime":[145.04916666666668,144.05194444444444,145.04916666666668],"battvoltage":[11.950999999999999,11.874,11.870999999999999],"arrayvoltage":[15.872,15.575999999999999,16.898],"chargecurrent":[1.138,0.33799999999999997,10.972000000000001],"ledstate":[8.0,8.0,8.0],"loadpower":[23.286343,22.711983,21.571521000000004],"batterytemp":[33.0,31.0,42.0],"triggerrate":[0.0,0.0,3.6],"triggersremaining":[12944.0,12944.0,13077.0],"crcerrors":[0.0,0.0,2.0]}