{"datalatency":[46.091106],"sensoruptime":[null,null,null],"battvoltage":[12.637,12.659,12.520999999999999],"arrayvoltage":[0.021,0.021,20.914],"chargecurrent":[0.005,0.005,4.172],"ledstate":[6.0,6.0,6.0],"loadpower":[7.472224000000001,7.622524,5.666772999999999],"batterytemp":[31.0,32.0,46.0],"triggerrate":[null,null,null],"triggersremaining":[null,null,null],"crcerrors":[null,null,null]}