{"datalatency":[57.410813000000005],"sensoruptime":[66.68111111111111,65.69805555555556,66.68111111111111],"battvoltage":[12.253,12.247,12.216],"arrayvoltage":[15.575999999999999,16.171,17.917],"chargecurrent":[0.628,0.391,9.262],"ledstate":[6.0,6.0,6.0],"loadpower":[23.028948,22.64178,21.796613999999998],"batterytemp":[32.0,30.0,58.0],"triggerrate":[0.0,0.0,0.2],"triggersremaining":[6316.0,6316.0,6322.0],"crcerrors":[0.0,0.0,0.0]}