{"datalatency":[8.541383],"sensoruptime":[29.592222222222222,28.608888888888888,29.592222222222222],"battvoltage":[14.05,14.056,12.112],"arrayvoltage":[39.655,40.384,41.489],"chargecurrent":[3.525,3.752,11.902999999999999],"chargestate":[6.0,6.0,6.0],"loadpower":[9.0954,11.434887999999999,9.02565],"batterytemp":[33.0,33.0,38.0],"triggerrate":[0.0,0.0,1.0],"triggersremaining":[21654.0,21654.0,21732.0],"crcerrors":[0.0,0.0,0.0]}