{"datalatency":[8.481673],"sensoruptime":[28.092222222222222,27.109166666666667,28.092222222222222],"battvoltage":[14.084000000000001,14.084000000000001,12.112],"arrayvoltage":[40.872,40.332,41.489],"chargecurrent":[3.943,4.126,11.902999999999999],"chargestate":[6.0,6.0,6.0],"loadpower":[12.682941999999999,9.13725,9.067364],"batterytemp":[32.0,32.0,38.0],"triggerrate":[0.0,0.0,1.0],"triggersremaining":[21654.0,21655.0,21736.0],"crcerrors":[0.0,0.0,0.0]}