{"datalatency":[13.775476000000001],"sensoruptime":[9.04111111111111,8.04111111111111,49.00611111111111],"battvoltage":[11.624,11.636,11.444],"arrayvoltage":[0.003,0.021,19.531],"chargecurrent":[0.002,0.002,12.99],"ledstate":[10.0,10.0,10.0],"loadpower":[23.455199999999998,23.913783,5.941168],"batterytemp":[24.0,24.0,41.0],"triggerrate":[0.0,0.0,2.4000000000000004],"triggersremaining":[14585.0,14585.0,14654.0],"crcerrors":[0.0,0.0,0.0]}