{"datalatency":[20.465525],"sensoruptime":[21.3325,20.33277777777778,null],"battvoltage":[11.99,12.027000000000001,11.987],"arrayvoltage":[12.655999999999999,0.0,17.383],"chargecurrent":[0.013999999999999999,0.005,10.453],"ledstate":[8.0,8.0,8.0],"loadpower":[23.662599999999998,23.405012,6.478731],"batterytemp":[29.0,30.0,52.0],"triggerrate":[0.0,0.0,null],"triggersremaining":[1673.0,1674.0,null],"crcerrors":[0.0,0.0,0.0]}