{"datalatency":[8.080181000000001],"sensoruptime":[79.91361111111111,78.91361111111111,79.91361111111111],"battvoltage":[12.07,12.097000000000001,12.07],"arrayvoltage":[0.772,0.7390000000000001,35.016],"chargecurrent":[0.0,0.0,2.8360000000000003],"chargestate":[3.0,3.0,5.0],"loadpower":[13.989318,14.035798,13.31694],"batterytemp":[12.0,11.0,20.0],"triggerrate":[0.2,0.0,4.4],"triggersremaining":[22022.0,22032.0,22204.0],"crcerrors":[0.0,0.0,0.0]}