{"datalatency":[38.159722],"sensoruptime":[0.6994444444444444,null,null],"battvoltage":[11.716,11.362,10.526],"arrayvoltage":[35.895,27.399,43.533],"chargecurrent":[0.71,0.106,3.411],"chargestate":[5.0,5.0,7.0],"loadpower":[13.610505999999997,14.424362999999998,0.0],"batterytemp":[1.0,-1.0,19.0],"triggerrate":[0.0,0.0,0.0],"triggersremaining":[0.0,null,null],"crcerrors":[0.0,0.0,0.0]}