{"datalatency":[8.616219000000001],"sensoruptime":[60.58777777777778,59.588055555555556,60.58777777777778],"battvoltage":[12.491,12.524000000000001,12.18],"arrayvoltage":[0.5770000000000001,0.568,40.146],"chargecurrent":[0.0,0.0,10.228],"chargestate":[3.0,3.0,6.0],"loadpower":[13.880440000000002,13.796688000000001,8.80245],"batterytemp":[17.0,18.0,34.0],"triggerrate":[0.0,0.0,0.2],"triggersremaining":[21644.0,21645.0,21652.0],"crcerrors":[0.0,0.0,0.0]}