{"datalatency":[13.366191],"sensoruptime":[null,152.39194444444445,152.8761111111111],"battvoltage":[11.645999999999999,11.53,11.453],"arrayvoltage":[2.9139999999999997,16.168,18.973],"chargecurrent":[0.005,0.531,7.525],"chargestate":[3,5,6],"loadpower":[0.0,22.852697999999997,0.0],"batterytemp":[26,29,39],"triggerrate":[null,null,null],"triggersremaining":[null,14674.0,15572.0],"crcerrors":[null,null,0.0]}