{"datalatency":[59.314218000000004],"sensoruptime":[7.046944444444445,6.046944444444445,null],"battvoltage":[12.415,12.520999999999999,12.369000000000002],"arrayvoltage":[13.513,15.378,19.632],"chargecurrent":[0.157,0.894,7.9],"ledstate":[6.0,6.0,6.0],"loadpower":[23.831739,23.591348,5.802676],"batterytemp":[37.0,41.0,49.0],"triggerrate":[0.0,0.0,null],"triggersremaining":[22330.0,22330.0,null],"crcerrors":[0.0,0.0,0.0]}