{"datalatency":[25.980705],"sensoruptime":[5.369166666666667,4.386388888888889,null],"battvoltage":[12.115,12.270999999999999,11.99],"arrayvoltage":[1.218,24.469,42.218],"chargecurrent":[0.0,0.07200000000000001,2.839],"chargestate":[3.0,5.0,7.0],"loadpower":[17.28155,14.248444,0.0],"batterytemp":[24.0,26.0,32.0],"triggerrate":[26.8,19.0,null],"triggersremaining":[13869.0,15396.0,null],"crcerrors":[0.0,0.0,2.0]}