{"datalatency":[30.700964000000003],"sensoruptime":[2.4877777777777776,1.4905555555555556,null],"battvoltage":[13.715,13.87,12.530999999999999],"arrayvoltage":[19.104,18.14,19.305],"chargecurrent":[4.273,4.629,6.841],"chargestate":[6.0,6.0,6.0],"loadpower":[24.178464,23.209475999999995,11.041264],"batterytemp":[44.0,39.0,44.0],"triggerrate":[null,null,null],"triggersremaining":[22493.0,22493.0,null],"crcerrors":[0.0,null,0.0]}