{"datalatency":[7.712104],"sensoruptime":[24.226944444444445,23.24388888888889,24.226944444444445],"battvoltage":[11.667,11.685,11.667],"arrayvoltage":[1.135,0.9520000000000001,34.238],"chargecurrent":[0.0,0.0,1.4709999999999999],"chargestate":[3.0,3.0,5.0],"loadpower":[14.344016,14.385971999999999,13.408536],"batterytemp":[17.0,17.0,20.0],"triggerrate":[0.0,0.0,23.2],"triggersremaining":[18578.0,18579.0,19079.0],"crcerrors":[2.0,0.0,3.0]}