{"datalatency":[10.380746],"sensoruptime":[null,null,null],"battvoltage":[13.665999999999999,13.696,12.759],"arrayvoltage":[40.146,40.891,43.158],"chargecurrent":[0.33299999999999996,0.309,0.599],"chargestate":[7.0,7.0,7.0],"loadpower":[0.0,0.0,0.0],"batterytemp":[26.0,25.0,26.0],"triggerrate":[null,null,null],"triggersremaining":[null,null,null],"crcerrors":[null,null,null]}