{"datalatency":[7.030207000000001],"sensoruptime":[151.24083333333334,150.2575,151.24083333333334],"battvoltage":[14.252,14.142000000000001,11.868],"arrayvoltage":[28.659000000000002,41.821000000000005,42.465],"chargecurrent":[3.1689999999999996,3.65,15.0],"chargestate":[5.0,6.0,6.0],"loadpower":[14.497335000000003,9.790147999999999,8.596613999999999],"batterytemp":[24.0,30.0,33.0],"triggerrate":[0.2,0.0,6.4],"triggersremaining":[20428.0,20434.0,21198.0],"crcerrors":[0.0,0.0,0.0]}