{"datalatency":[10.173139],"sensoruptime":[null,null,null],"battvoltage":[13.947000000000001,13.970999999999998,12.72],"arrayvoltage":[40.543,42.062,44.205],"chargecurrent":[0.258,0.268,0.563],"chargestate":[7.0,7.0,7.0],"loadpower":[0.0,0.0,0.0],"batterytemp":[17.0,16.0,18.0],"triggerrate":[null,null,null],"triggersremaining":[null,null,null],"crcerrors":[null,null,null]}