{"datalatency":[23.000351000000002],"sensoruptime":[null,57.181666666666665,57.48722222222222],"battvoltage":[12.253,11.682,11.639000000000001],"arrayvoltage":[17.038,16.452,17.78],"chargecurrent":[2.875,0.887,7.774],"ledstate":[10.0,10.0,10.0],"loadpower":[7.407876000000001,23.992690000000003,7.163748000000001],"batterytemp":[32.0,28.0,40.0],"triggerrate":[null,0.0,7.200004464002768],"triggersremaining":[null,22178.0,22426.0],"crcerrors":[null,null,0.0]}