{"datalatency":[11.384002],"sensoruptime":[13.450833333333334,12.45111111111111,null],"battvoltage":[12.1,12.14,11.798],"arrayvoltage":[0.10099999999999999,12.762,17.526],"chargecurrent":[0.002,0.01,10.419],"chargestate":[3.0,5.0,5.0],"loadpower":[23.970504,23.552576,6.167125],"batterytemp":[30.0,35.0,49.0],"triggerrate":[2.4000000000000004,1.2000000000000002,null],"triggersremaining":[21335.0,21405.0,null],"crcerrors":[0.0,0.0,0.0]}