{"datalatency":[17.063067],"sensoruptime":[5.183333333333334,4.183333333333334,null],"battvoltage":[12.61,13.321,11.31],"arrayvoltage":[16.553,16.116,19.531],"chargecurrent":[3.52,6.754,12.99],"ledstate":[6.0,6.0,11.0],"loadpower":[26.91906,26.424552,0.0],"batterytemp":[41.0,35.0,41.0],"triggerrate":[0.0,0.0,null],"triggersremaining":[14571.0,14572.0,null],"crcerrors":[0.0,0.0,0.0]}