{"datalatency":[9.645634000000001],"sensoruptime":[null,null,null],"battvoltage":[14.690999999999999,14.749,11.493],"arrayvoltage":[41.168,42.016999999999996,45.004],"chargecurrent":[0.486,0.531,2.194],"chargestate":[6.0,6.0,6.0],"loadpower":[0.0,0.0,0.0],"batterytemp":[12.0,10.0,22.0],"triggerrate":[null,null,null],"triggersremaining":[null,null,null],"crcerrors":[5.0,null,5.0]}