{"datalatency":[15.023279],"sensoruptime":[392.0152777777778,391.0152777777778,392.0152777777778],"battvoltage":[12.710999999999999,12.878,12.027000000000001],"arrayvoltage":[16.116,15.799000000000001,18.365],"chargecurrent":[3.302,4.249,10.873],"ledstate":[6.0,6.0,8.0],"loadpower":[22.896308,22.352848,21.833703],"batterytemp":[46.0,49.0,52.0],"triggerrate":[0.0,0.0,1.2000000000000002],"triggersremaining":[12602.0,12603.0,12610.0],"crcerrors":[0.0,0.0,2.0]}