{"datalatency":[21.850449],"sensoruptime":[27.516666666666666,26.516944444444444,27.516666666666666],"battvoltage":[12.216,12.253,12.07],"arrayvoltage":[0.031,0.024,18.872],"chargecurrent":[0.005,0.005,10.158],"ledstate":[6.0,6.0,8.0],"loadpower":[24.528595000000003,24.712884,22.619726999999994],"batterytemp":[25.0,25.0,50.0],"triggerrate":[0.0,0.0,1.2000035280103725],"triggersremaining":[22428.0,22428.0,22434.0],"crcerrors":[null,null,0.0]}