{"datalatency":[15.538527],"sensoruptime":[403.68,402.68305555555554,403.68],"battvoltage":[12.064,12.073,12.027000000000001],"arrayvoltage":[0.0,0.0,18.365],"chargecurrent":[0.002,0.002,10.873],"ledstate":[8.0,8.0,8.0],"loadpower":[23.711129999999997,23.812775999999996,21.895564000000004],"batterytemp":[26.0,26.0,52.0],"triggerrate":[0.0,0.0,1.2000000000000002],"triggersremaining":[12600.0,12600.0,12608.0],"crcerrors":[0.0,0.0,2.0]}