{"datalatency":[19.421748],"sensoruptime":[null,null,null],"battvoltage":[11.950999999999999,12.112,null],"arrayvoltage":[16.992,17.624000000000002,null],"chargecurrent":[1.102,2.249,null],"chargestate":[5.0,5.0,null],"loadpower":[8.138916000000002,8.231927999999998,null],"batterytemp":[22.0,21.0,null],"triggerrate":[null,null,null],"triggersremaining":[null,null,null],"crcerrors":[null,null,null]}