{"datalatency":[77.65161300000001],"sensoruptime":[17.689166666666665,16.689444444444444,76.74361111111111],"battvoltage":[12.219000000000001,12.21,12.14],"arrayvoltage":[16.217,15.823,17.526],"chargecurrent":[1.068,0.812,8.977],"ledstate":[6.0,6.0,6.0],"loadpower":[22.393924000000002,22.661532000000005,21.808872],"batterytemp":[31.0,30.0,51.0],"triggerrate":[0.0,0.0,3.8],"triggersremaining":[6328.0,6328.0,6881.0],"crcerrors":[0.0,0.0,0.0]}