{"datalatency":[14.458453],"sensoruptime":[373.5177777777778,372.5180555555556,373.5177777777778],"battvoltage":[12.253,12.292,12.064],"arrayvoltage":[0.076,0.32,17.78],"chargecurrent":[0.002,0.005,10.61],"ledstate":[6.0,6.0,8.0],"loadpower":[23.833226999999997,23.734060999999997,20.806074],"batterytemp":[28.0,31.0,52.0],"triggerrate":[0.0,0.0,4.800000000000001],"triggersremaining":[12609.0,12609.0,12619.0],"crcerrors":[0.0,0.0,2.0]}