{"datalatency":[38.073744000000005],"sensoruptime":[null,null,1.1758333333333333],"battvoltage":[12.415,12.411,10.26],"arrayvoltage":[0.851,2.588,34.711],"chargecurrent":[0.0,0.0,1.672],"chargestate":[3.0,3.0,5.0],"loadpower":[0.0,0.0,0.0],"batterytemp":[17.0,17.0,19.0],"triggerrate":[null,null,0.0],"triggersremaining":[null,null,0.0],"crcerrors":[0.0,null,0.0]}