{"datalatency":[47.978769],"sensoruptime":[0.025277777777777777,75.8275,76.74361111111111],"battvoltage":[12.872,12.289000000000001,12.216],"arrayvoltage":[17.239,16.266,18.230999999999998],"chargecurrent":[4.037,0.838,5.252000000000001],"ledstate":[6.0,6.0,6.0],"loadpower":[22.956675,22.70149,22.11682],"batterytemp":[30.0,28.0,55.0],"triggerrate":[0.3333333333333333,0.2,3.8],"triggersremaining":[6345.0,6375.0,7045.0],"crcerrors":[0.0,0.0,0.0]}