{"datalatency":[24.883147],"sensoruptime":[22.148055555555555,21.148333333333333,null],"battvoltage":[12.125,12.097000000000001,12.064],"arrayvoltage":[16.500999999999998,15.524000000000001,20.032],"chargecurrent":[1.08,0.631,7.09],"chargestate":[5.0,5.0,7.0],"loadpower":[24.04773,23.848929,11.041264],"batterytemp":[29.0,27.0,47.0],"triggerrate":[null,null,null],"triggersremaining":[22488.0,22488.0,null],"crcerrors":[null,null,0.0]}