{"datalatency":[21.172081000000002],"sensoruptime":[31.86722222222222,30.868333333333332,31.86722222222222],"battvoltage":[11.950999999999999,12.128,11.798],"arrayvoltage":[13.187000000000001,15.14,17.48],"chargecurrent":[0.17600000000000002,1.331,10.720999999999998],"ledstate":[8.0,8.0,8.0],"loadpower":[24.059777999999998,25.16097,21.698432000000004],"batterytemp":[35.0,48.0,51.0],"triggerrate":[2.0,9.2,16.8],"triggersremaining":[339.0,815.0,1316.0],"crcerrors":[1.9999768521197672,0.0,2.0]}