{"datalatency":[9.3613],"sensoruptime":[null,null,null],"battvoltage":[14.575,14.035,12.299000000000001],"arrayvoltage":[42.255,41.629,44.162],"chargecurrent":[0.33799999999999997,0.275,0.7490000000000001],"chargestate":[6.0,7.0,7.0],"loadpower":[0.0,0.0,0.0],"batterytemp":[16.0,14.0,16.0],"triggerrate":[null,null,null],"triggersremaining":[null,null,null],"crcerrors":[null,null,null]}