{"datalatency":[24.219865000000002],"sensoruptime":[8.213611111111112,7.213611111111111,57.48722222222222],"battvoltage":[11.942,11.987,11.639000000000001],"arrayvoltage":[4.398,12.762,17.242],"chargecurrent":[0.002,0.036000000000000004,12.284],"ledstate":[8.0,8.0,10.0],"loadpower":[23.774202000000006,24.417025000000002,6.942914999999999],"batterytemp":[26.0,27.0,48.0],"triggerrate":[0.0,0.0,7.200004464002768],"triggersremaining":[22166.0,22169.0,22316.0],"crcerrors":[null,null,0.0]}