{"datalatency":[7.880741],"sensoruptime":[20.088333333333335,19.08861111111111,null],"battvoltage":[14.575,12.72,12.07],"arrayvoltage":[41.06100000000001,20.12,43.396],"chargecurrent":[6.497999999999999,1.6159999999999999,7.474],"chargestate":[6.0,5.0,7.0],"loadpower":[9.469341,13.7885,0.0],"batterytemp":[16.0,5.0,19.0],"triggerrate":[0.2,0.0,null],"triggersremaining":[22266.0,22269.0,null],"crcerrors":[0.0,0.0,0.0]}