{"datalatency":[7.299703],"sensoruptime":[158.4063888888889,157.40666666666667,158.4063888888889],"battvoltage":[12.380999999999998,12.415,11.868],"arrayvoltage":[0.613,0.62,42.465],"chargecurrent":[0.0,0.0,15.0],"chargestate":[3.0,3.0,6.0],"loadpower":[14.201006999999999,14.414976000000003,8.596613999999999],"batterytemp":[10.0,11.0,33.0],"triggerrate":[0.0,0.4,0.8],"triggersremaining":[20388.0,20391.0,20480.0],"crcerrors":[0.0,0.0,0.0]}