{"datalatency":[50.072705000000006],"sensoruptime":[18.830833333333334,17.84777777777778,18.830833333333334],"battvoltage":[11.606,11.639000000000001,11.606],"arrayvoltage":[0.0,0.0,17.288],"chargecurrent":[0.002,0.027000000000000003,10.940999999999999],"ledstate":[10.0,10.0,10.0],"loadpower":[23.361910000000005,23.663354,22.909744000000003],"batterytemp":[27.0,27.0,53.0],"triggerrate":[0.0,0.0,0.2],"triggersremaining":[25.0,26.0,31.0],"crcerrors":[0.0,0.0,0.0]}