{"datalatency":[18.407254000000002],"sensoruptime":[73.69666666666667,72.7136111111111,73.69666666666667],"battvoltage":[13.321,13.382,12.216],"arrayvoltage":[17.48,17.151,17.965999999999998],"chargecurrent":[4.489,5.148,8.001],"ledstate":[5.0,5.0,6.0],"loadpower":[23.010448000000004,22.638609,21.730287],"batterytemp":[57.0,55.0,58.0],"triggerrate":[0.0,0.0,0.6],"triggersremaining":[6309.0,6312.0,6320.0],"crcerrors":[0.0,0.0,0.0]}