{"datalatency":[210.81359700000002],"sensoruptime":[4.193333333333333,3.195,null],"battvoltage":[13.62,13.657,11.328],"arrayvoltage":[18.982,18.082,19.949],"chargecurrent":[3.3169999999999997,5.204,9.745],"ledstate":[5.0,5.0,10.0],"loadpower":[23.898531,23.374428,5.908896],"batterytemp":[47.0,46.0,50.0],"triggerrate":[0.0644468313641246,0.0,null],"triggersremaining":[14569.0,14570.0,null],"crcerrors":[0.0,0.0,0.0]}