{"datalatency":[8.358814],"sensoruptime":[1.7769444444444444,0.7938888888888889,114.10888888888888],"battvoltage":[11.502,11.533,11.469000000000001],"arrayvoltage":[0.589,0.574,35.4],"chargecurrent":[0.0,0.0,6.643],"chargestate":[3.0,3.0,5.0],"loadpower":[14.14781,13.506870000000003,0.0],"batterytemp":[14.0,15.0,27.0],"triggerrate":[0.8,0.4,1.6],"triggersremaining":[21767.0,21788.0,21935.0],"crcerrors":[0.0,0.0,0.0]}