{"datalatency":[19.908637000000002],"sensoruptime":[290.1588888888889,289.1588888888889,290.1588888888889],"battvoltage":[12.597999999999999,13.168,11.945],"arrayvoltage":[14.182,14.937999999999999,17.151],"chargecurrent":[2.822,7.284,10.847000000000001],"ledstate":[6.0,6.0,8.0],"loadpower":[25.358775000000005,22.85504,21.841950000000004],"batterytemp":[51.0,53.0,58.0],"triggerrate":[0.0,0.0,0.2],"triggersremaining":[3271.0,3273.0,3286.0],"crcerrors":[0.0,0.0,0.0]}