{"datalatency":[8.190576],"sensoruptime":[3.9530555555555558,2.97,null],"battvoltage":[11.853,11.911,10.944],"arrayvoltage":[0.98,0.995,41.791000000000004],"chargecurrent":[0.0,0.0,2.923],"chargestate":[3.0,3.0,6.0],"loadpower":[13.946391000000002,13.836468000000002,0.0],"batterytemp":[10.0,10.0,32.0],"triggerrate":[0.0,0.0,null],"triggersremaining":[18369.0,18369.0,null],"crcerrors":[0.0,0.0,0.0]}