{"datalatency":[10.330752],"sensoruptime":[null,null,null],"battvoltage":[13.785,13.809000000000001,12.759],"arrayvoltage":[40.118,40.579,44.531000000000006],"chargecurrent":[0.174,0.092,0.609],"chargestate":[7.0,7.0,7.0],"loadpower":[0.0,0.0,0.0],"batterytemp":[22.0,21.0,25.0],"triggerrate":[null,null,null],"triggersremaining":[null,null,null],"crcerrors":[null,null,null]}