{"datalatency":[8.015759000000001],"sensoruptime":[67.08194444444445,66.08222222222223,67.08194444444445],"battvoltage":[12.219000000000001,12.216,12.145999999999999],"arrayvoltage":[32.428000000000004,12.888,42.861999999999995],"chargecurrent":[0.56,0.002,7.356],"chargestate":[5.0,5.0,6.0],"loadpower":[14.126805000000001,14.142719999999999,8.875646],"batterytemp":[14.0,13.0,30.0],"triggerrate":[0.0,0.0,0.8],"triggersremaining":[22148.0,22151.0,22216.0],"crcerrors":[0.0,0.0,0.0]}