{"datalatency":[8.756902],"sensoruptime":[95.74972222222222,94.76638888888888,95.74972222222222],"battvoltage":[12.448,12.106,12.03],"arrayvoltage":[36.722,29.201999999999998,38.708],"chargecurrent":[2.5,0.33299999999999996,8.752],"chargestate":[5.0,5.0,6.0],"loadpower":[13.815774000000003,13.915008000000002,9.957479999999999],"batterytemp":[23.0,19.0,34.0],"triggerrate":[0.0,0.0,0.6],"triggersremaining":[21539.0,21540.0,21641.0],"crcerrors":[0.0,0.0,0.0]}