{"datalatency":[11.831185000000001],"sensoruptime":[13.784166666666666,12.787222222222223,null],"battvoltage":[12.097000000000001,12.14,11.798],"arrayvoltage":[0.067,7.291,17.526],"chargecurrent":[0.005,0.005,10.419],"chargestate":[3.0,3.0,5.0],"loadpower":[23.873030999999994,24.042516,6.167125],"batterytemp":[30.0,33.0,49.0],"triggerrate":[3.6,0.0,null],"triggersremaining":[21308.0,21391.0,null],"crcerrors":[0.0,0.0,0.0]}