{"datalatency":[9.906695000000001],"sensoruptime":[3.1744444444444446,2.1772222222222224,14.684444444444445],"battvoltage":[13.776,13.852,11.425999999999998],"arrayvoltage":[18.253,16.62,19.965],"chargecurrent":[5.875,7.23,7.916],"ledstate":[5.0,5.0,11.0],"loadpower":[25.90148,26.120951999999996,0.0],"batterytemp":[42.0,40.0,51.0],"triggerrate":[0.0,0.0,1.2000000000000002],"triggersremaining":[14564.0,14564.0,14567.0],"crcerrors":[0.0,0.0,0.0]}