{"datalatency":[8.79552],"sensoruptime":[123.07916666666667,122.07944444444445,123.07916666666667],"battvoltage":[12.222000000000001,12.299000000000001,12.073],"arrayvoltage":[31.441999999999997,31.839000000000002,40.521],"chargecurrent":[0.932,1.561,6.131],"chargestate":[5.0,5.0,6.0],"loadpower":[13.41572,14.2416,8.207364000000002],"batterytemp":[27.0,26.0,30.0],"triggerrate":[0.2,0.2,0.8],"triggersremaining":[21434.0,21441.0,21528.0],"crcerrors":[0.0,0.0,0.0]}