{"datalatency":[12.628748000000002],"sensoruptime":[41.943333333333335,40.94361111111111,41.943333333333335],"battvoltage":[11.804,11.856,11.652000000000001],"arrayvoltage":[0.0,0.0,17.334],"chargecurrent":[0.005,0.002,11.398],"chargestate":[3.0,3.0,6.0],"loadpower":[23.224292999999996,23.054850000000002,21.713829000000004],"batterytemp":[26.0,26.0,52.0],"triggerrate":[0.0,0.0,6.0],"triggersremaining":[20761.0,20761.0,21172.0],"crcerrors":[0.0,0.0,1.0]}