{"datalatency":[8.463833000000001],"sensoruptime":[null,null,null],"battvoltage":[12.375,12.296,11.307],"arrayvoltage":[31.735,26.201999999999998,39.163000000000004],"chargecurrent":[1.046,0.196,3.0660000000000003],"chargestate":[5.0,5.0,6.0],"loadpower":[13.581400000000002,24.094351999999997,0.0],"batterytemp":[21.0,20.0,27.0],"triggerrate":[null,null,null],"triggersremaining":[null,null,null],"crcerrors":[4.0,null,4.0]}