{"datalatency":[8.106663000000001],"sensoruptime":[64.58222222222223,63.59916666666667,64.58222222222223],"battvoltage":[12.231,12.259,12.115],"arrayvoltage":[0.647,0.6559999999999999,42.861999999999995],"chargecurrent":[0.0,0.0,7.356],"chargestate":[3.0,3.0,6.0],"loadpower":[14.212421999999998,14.187959999999999,8.875646],"batterytemp":[13.0,13.0,30.0],"triggerrate":[0.0,0.0,0.8],"triggersremaining":[22160.0,22163.0,22220.0],"crcerrors":[0.0,0.0,0.0]}