{"datalatency":[19.838903000000002],"sensoruptime":[28.683333333333334,27.68611111111111,28.683333333333334],"battvoltage":[12.161,12.198,12.07],"arrayvoltage":[0.043,0.027000000000000003,18.872],"chargecurrent":[0.002,0.005,10.158],"ledstate":[6.0,6.0,8.0],"loadpower":[24.353024,25.301120000000004,22.619726999999994],"batterytemp":[25.0,25.0,50.0],"triggerrate":[0.0,0.0,1.2000506661391244],"triggersremaining":[22427.0,22428.0,22433.0],"crcerrors":[null,null,0.0]}