{"datalatency":[15.645791000000001],"sensoruptime":[null,null,12.61],"battvoltage":[13.458,13.62,11.31],"arrayvoltage":[16.116,18.768,19.949],"chargecurrent":[3.7230000000000003,2.988,12.057],"ledstate":[6.0,5.0,11.0],"loadpower":[6.996365999999999,6.5055250000000004,0.0],"batterytemp":[50.0,47.0,50.0],"triggerrate":[null,null,2.4000000000000004],"triggersremaining":[null,null,14625.0],"crcerrors":[null,null,0.0]}