{"datalatency":[10.30592],"sensoruptime":[null,0.013333333333333334,0.25555555555555554],"battvoltage":[12.515,11.42,10.595999999999998],"arrayvoltage":[34.665,25.875999999999998,44.562],"chargecurrent":[1.411,0.031,2.6889999999999996],"chargestate":[5.0,5.0,7.0],"loadpower":[14.793574000000001,14.293280000000001,0.0],"batterytemp":[4.0,0.0,16.0],"triggerrate":[0.0,null,0.0],"triggersremaining":[null,0.0,0.0],"crcerrors":[0.0,0.0,1.0]}