{"datalatency":[7.929175000000001],"sensoruptime":[14.934166666666666,13.950833333333334,31.859444444444446],"battvoltage":[11.761,11.800999999999998,11.465],"arrayvoltage":[0.6990000000000001,0.732,42.996],"chargecurrent":[0.0,0.0,15.002],"chargestate":[3.0,3.0,6.0],"loadpower":[13.658376000000004,13.701444,0.0],"batterytemp":[4.0,5.0,28.0],"triggerrate":[0.0,0.0,2.0],"triggersremaining":[18426.0,18426.0,18559.0],"crcerrors":[0.0,0.0,4.0]}