{"datalatency":[9.335612000000001],"sensoruptime":[7.005,6.005277777777778,null],"battvoltage":[13.663,12.558,11.285],"arrayvoltage":[17.697,15.527000000000001,19.965],"chargecurrent":[5.336,2.145,7.916],"ledstate":[5.0,6.0,11.0],"loadpower":[25.714838,26.297121,0.0],"batterytemp":[46.0,46.0,51.0],"triggerrate":[0.0,0.0,null],"triggersremaining":[14566.0,14566.0,null],"crcerrors":[0.0,0.0,0.0]}