{"datalatency":[9.670175],"sensoruptime":[5.0505555555555555,4.050833333333333,20.196666666666665],"battvoltage":[13.385,11.67,11.224],"arrayvoltage":[15.817,14.114,19.736],"chargecurrent":[3.805,1.524,8.165],"ledstate":[6.0,6.0,11.0],"loadpower":[26.069197,27.92363,0.0],"batterytemp":[44.0,45.0,49.0],"triggerrate":[0.0,0.0,1.2000000000000002],"triggersremaining":[14558.0,14558.0,14563.0],"crcerrors":[0.0,0.0,0.0]}