{"datalatency":[16.126877],"sensoruptime":[140.88305555555556,139.88611111111112,140.88305555555556],"battvoltage":[11.884,11.911,11.88],"arrayvoltage":[0.107,0.0,16.898],"chargecurrent":[0.005,0.002,10.972000000000001],"ledstate":[8.0,8.0,8.0],"loadpower":[23.409666000000005,23.575692000000007,21.720998],"batterytemp":[29.0,29.0,42.0],"triggerrate":[0.0,0.0,3.6],"triggersremaining":[12945.0,12946.0,13078.0],"crcerrors":[0.0,0.0,2.0]}