{"datalatency":[18.808088],"sensoruptime":[218.70444444444445,217.7072222222222,218.70444444444445],"battvoltage":[12.793,12.674000000000001,11.950999999999999],"arrayvoltage":[16.067999999999998,16.452,18.372],"chargecurrent":[7.18,5.571000000000001,8.948],"ledstate":[8.0,8.0,8.0],"loadpower":[21.934836,21.885315000000002,21.476267999999997],"batterytemp":[40.0,32.0,51.0],"triggerrate":[0.0,0.0,1.2000000000000002],"triggersremaining":[12683.0,12683.0,12689.0],"crcerrors":[0.0,0.0,2.0]}