{"datalatency":[11.183863],"sensoruptime":[11.299444444444445,10.3025,null],"battvoltage":[11.835,11.874,11.569],"arrayvoltage":[0.021,0.057999999999999996,19.736],"chargecurrent":[0.005,0.002,12.392999999999999],"chargestate":[3.0,3.0,6.0],"loadpower":[23.265704,24.601200000000002,6.808707000000001],"batterytemp":[24.0,25.0,44.0],"triggerrate":[0.0,0.0,null],"triggersremaining":[22152.0,22160.0,null],"crcerrors":[0.0,0.0,0.0]}