{"datalatency":[410.574809],"sensoruptime":[3.3047222222222223,2.306388888888889,null],"battvoltage":[13.452,13.718,11.328],"arrayvoltage":[14.835,19.949,19.949],"chargecurrent":[4.979,3.133,10.963],"ledstate":[6.0,5.0,10.0],"loadpower":[23.442992999999998,22.98551,5.908896],"batterytemp":[46.0,44.0,50.0],"triggerrate":[0.0,0.0,null],"triggersremaining":[14570.0,14570.0,null],"crcerrors":[0.0,0.0,0.0]}