{"datalatency":[16.014981000000002],"sensoruptime":[8.54111111111111,7.5441666666666665,49.00611111111111],"battvoltage":[11.63,11.664000000000001,11.444],"arrayvoltage":[0.015,0.021,19.531],"chargecurrent":[0.005,0.005,12.99],"ledstate":[10.0,10.0,10.0],"loadpower":[23.700091999999998,23.632160000000002,5.941168],"batterytemp":[24.0,24.0,41.0],"triggerrate":[0.0,0.0,2.4000000000000004],"triggersremaining":[14585.0,14586.0,14654.0],"crcerrors":[0.0,0.0,0.0]}