{"datalatency":[16.879186],"sensoruptime":[null,null,null],"battvoltage":[12.558,12.595,12.18],"arrayvoltage":[0.10400000000000001,0.107,19.625999999999998],"chargecurrent":[0.005,0.005,5.361000000000001],"chargestate":[3.0,3.0,6.0],"loadpower":[5.884073999999999,7.3622250000000005,4.102919999999999],"batterytemp":[19.0,22.0,45.0],"triggerrate":[null,null,null],"triggersremaining":[null,null,null],"crcerrors":[null,null,null]}