{"datalatency":[17.718738000000002],"sensoruptime":[162.01722222222222,161.03416666666666,162.01722222222222],"battvoltage":[12.241,12.219000000000001,12.200999999999999],"arrayvoltage":[15.380999999999998,15.142999999999999,18.066],"chargecurrent":[0.643,0.43700000000000006,9.651],"ledstate":[6.0,6.0,6.0],"loadpower":[23.52461,22.661532000000005,21.990315],"batterytemp":[34.0,32.0,55.0],"triggerrate":[0.0,0.0,1.6],"triggersremaining":[6174.0,6174.0,6257.0],"crcerrors":[0.0,0.0,0.0]}