{"datalatency":[7.516126000000001],"sensoruptime":[9.729444444444445,8.74638888888889,227.69416666666666],"battvoltage":[11.844000000000001,11.877,11.841],"arrayvoltage":[1.349,0.9640000000000001,36.472],"chargecurrent":[0.0,0.0,3.503],"chargestate":[3.0,3.0,5.0],"loadpower":[13.78227,13.825449000000003,9.995777999999998],"batterytemp":[16.0,16.0,18.0],"triggerrate":[0.2,0.2,24.0],"triggersremaining":[18623.0,18633.0,20292.0],"crcerrors":[2.0,0.0,3.0]}