{"datalatency":[15.457797000000001],"sensoruptime":[407.0127777777778,406.0155555555556,407.0127777777778],"battvoltage":[12.03,12.027000000000001,12.020999999999999],"arrayvoltage":[15.575999999999999,13.284,18.365],"chargecurrent":[0.36,0.133,10.873],"ledstate":[8.0,8.0,8.0],"loadpower":[22.764475,23.735712,21.895564000000004],"batterytemp":[27.0,25.0,52.0],"triggerrate":[0.0,0.0,1.2000000000000002],"triggersremaining":[12599.0,12599.0,12607.0],"crcerrors":[0.0,0.0,2.0]}