{"datalatency":[17.751656],"sensoruptime":[8.82,7.820277777777778,null],"battvoltage":[12.558,13.019,12.530999999999999],"arrayvoltage":[15.332,18.021,20.032],"chargecurrent":[0.435,2.256,7.09],"chargestate":[5.0,7.0,7.0],"loadpower":[24.355023,24.793986,11.041264],"batterytemp":[40.0,47.0,47.0],"triggerrate":[null,null,null],"triggersremaining":[22491.0,22492.0,null],"crcerrors":[null,null,0.0]}