{"datalatency":[37.71707],"sensoruptime":[0.7488888888888889,2.7758333333333334,9.396944444444445],"battvoltage":[14.355,14.514000000000001,10.477],"arrayvoltage":[38.354,39.624,43.57899999999999],"chargecurrent":[1.901,2.092,2.9130000000000003],"chargestate":[6.0,6.0,8.0],"loadpower":[14.692599000000003,17.153391999999997,0.0],"batterytemp":[23.0,18.0,26.0],"triggerrate":[35.8,45.6,58.6],"triggersremaining":[6274.0,9063.0,11629.0],"crcerrors":[1.0,0.0,1.0]}