{"datalatency":[7.064941],"sensoruptime":[151.74055555555555,150.7575,151.74055555555555],"battvoltage":[12.799000000000001,14.175,11.868],"arrayvoltage":[18.994,41.388000000000005,42.465],"chargecurrent":[0.6859999999999999,3.568,15.0],"chargestate":[5.0,6.0,6.0],"loadpower":[12.983022,9.719605999999999,8.596613999999999],"batterytemp":[20.0,29.0,33.0],"triggerrate":[0.4,0.0,6.4],"triggersremaining":[20413.0,20433.0,21150.0],"crcerrors":[0.0,0.0,0.0]}