{"datalatency":[8.338323],"sensoruptime":[41.757222222222225,40.757222222222225,41.757222222222225],"battvoltage":[12.335,12.375,12.112],"arrayvoltage":[0.647,0.665,41.489],"chargecurrent":[0.0,0.0,11.902999999999999],"chargestate":[3.0,3.0,6.0],"loadpower":[13.772651999999999,13.603088000000003,9.02565],"batterytemp":[16.0,16.0,35.0],"triggerrate":[0.0,0.0,0.4],"triggersremaining":[21650.0,21650.0,21665.0],"crcerrors":[0.0,0.0,0.0]}