{"datalatency":[14.125684000000001],"sensoruptime":[21.780277777777776,20.780277777777776,null],"battvoltage":[11.758,11.798,11.755],"arrayvoltage":[0.32,0.0,17.526],"chargecurrent":[0.005,0.005,10.419],"chargestate":[3.0,3.0,5.0],"loadpower":[22.986921999999996,23.059330999999997,6.167125],"batterytemp":[25.0,25.0,49.0],"triggerrate":[0.0,0.0,null],"triggersremaining":[21171.0,21171.0,null],"crcerrors":[0.0,0.0,0.0]}