{"datalatency":[7.3786320000000005],"sensoruptime":[25.878611111111113,24.878888888888888,25.878611111111113],"battvoltage":[12.152000000000001,12.253,12.054],"arrayvoltage":[16.605,16.797,18.340999999999998],"chargecurrent":[1.558,2.309,9.9],"ledstate":[8.0,8.0,8.0],"loadpower":[24.086208,24.090696,21.60339],"batterytemp":[34.0,34.0,52.0],"triggerrate":[0.0,0.0,1.2000000000000002],"triggersremaining":[14660.0,14660.0,14672.0],"crcerrors":[0.0,0.0,0.0]}