{"datalatency":[7.719215],"sensoruptime":[213.73166666666665,212.73194444444445,213.73166666666665],"battvoltage":[12.222000000000001,12.222000000000001,12.106],"arrayvoltage":[1.077,0.961,41.711000000000006],"chargecurrent":[0.0,0.0,9.777000000000001],"chargestate":[3.0,3.0,6.0],"loadpower":[14.081760000000001,14.0208,9.02565],"batterytemp":[12.0,13.0,34.0],"triggerrate":[0.0,0.2,0.8],"triggersremaining":[20292.0,20296.0,20356.0],"crcerrors":[0.0,0.0,0.0]}