{"datalatency":[8.201500000000001],"sensoruptime":[null,null,11.33388888888889],"battvoltage":[14.383,14.355,10.427999999999999],"arrayvoltage":[41.388000000000005,40.195,43.015],"chargecurrent":[1.5219999999999998,1.838,3.5439999999999996],"chargestate":[6.0,6.0,6.0],"loadpower":[0.0,0.0,0.0],"batterytemp":[22.0,23.0,32.0],"triggerrate":[null,null,0.8],"triggersremaining":[null,null,18391.0],"crcerrors":[0.0,null,0.0]}