{"datalatency":[12.289899],"sensoruptime":[317.0258333333333,316.0288888888889,317.0258333333333],"battvoltage":[12.683,12.823,12.253],"arrayvoltage":[16.608,15.770999999999999,18.753],"chargecurrent":[2.227,2.3480000000000003,10.665999999999999],"ledstate":[6.0,6.0,6.0],"loadpower":[23.614630000000002,22.253286,20.870528999999998],"batterytemp":[38.0,41.0,50.0],"triggerrate":[0.0,0.0,1.2000000000000002],"triggersremaining":[12627.0,12627.0,12637.0],"crcerrors":[0.0,0.0,2.0]}