{"datalatency":[7.896831000000001],"sensoruptime":[19.588333333333335,18.58861111111111,null],"battvoltage":[13.715,12.325999999999999,12.07],"arrayvoltage":[29.736,19.919,43.488],"chargecurrent":[4.5680000000000005,1.196,4.5680000000000005],"chargestate":[5.0,5.0,7.0],"loadpower":[14.915560000000003,13.396656,0.0],"batterytemp":[6.0,2.0,19.0],"triggerrate":[0.2,0.0,null],"triggersremaining":[22268.0,22270.0,null],"crcerrors":[0.0,0.0,0.0]}