{"datalatency":[21.202901],"sensoruptime":[32.367222222222225,31.38388888888889,32.367222222222225],"battvoltage":[11.917,11.950999999999999,11.798],"arrayvoltage":[14.359000000000002,13.034,17.48],"chargecurrent":[0.324,0.16399999999999998,10.720999999999998],"ledstate":[8.0,8.0,8.0],"loadpower":[23.976485000000004,24.478685000000002,21.698432000000004],"batterytemp":[33.0,41.0,51.0],"triggerrate":[3.4,7.8,16.8],"triggersremaining":[243.0,436.0,1315.0],"crcerrors":[1.9999768521197672,0.0,2.0]}