{"datalatency":[8.032272],"sensoruptime":[88.4125,87.42916666666666,88.4125],"battvoltage":[11.914000000000001,11.935,11.911],"arrayvoltage":[0.772,0.7290000000000001,35.016],"chargecurrent":[0.0,0.0,2.8360000000000003],"chargestate":[3.0,3.0,5.0],"loadpower":[13.812694,13.854526,13.31694],"batterytemp":[11.0,11.0,20.0],"triggerrate":[0.4,0.0,4.4],"triggersremaining":[21970.0,21973.0,22160.0],"crcerrors":[0.0,0.0,0.0]}