{"datalatency":[35.185069000000006],"sensoruptime":[null,null,null],"battvoltage":[13.776,13.51,11.481],"arrayvoltage":[16.942999999999998,16.168,19.680999999999997],"chargecurrent":[8.878,9.801,9.955],"chargestate":[5.0,5.0,5.0],"loadpower":[10.0229,10.768799999999999,0.0],"batterytemp":[37.0,35.0,37.0],"triggerrate":[null,null,null],"triggersremaining":[null,null,null],"crcerrors":[null,null,null]}