{"datalatency":[7.584522000000001],"sensoruptime":[190.06833333333333,189.085,190.06833333333333],"battvoltage":[12.167,12.183,12.167],"arrayvoltage":[12.847999999999999,0.665,43.121],"chargecurrent":[0.0,0.0,10.794],"chargestate":[3.0,3.0,6.0],"loadpower":[14.099799999999998,14.063335,8.98432],"batterytemp":[3.0,4.0,29.0],"triggerrate":[0.0,0.0,0.4],"triggersremaining":[20356.0,20356.0,20371.0],"crcerrors":[0.0,0.0,0.0]}