{"datalatency":[22.706394000000003],"sensoruptime":[50.013333333333335,49.013333333333335,50.013333333333335],"battvoltage":[11.835,11.870999999999999,11.832],"arrayvoltage":[0.0,0.0,17.78],"chargecurrent":[0.005,0.005,7.774],"ledstate":[8.0,8.0,8.0],"loadpower":[23.655430000000003,23.882460000000002,22.552155],"batterytemp":[26.0,26.0,40.0],"triggerrate":[0.0,1.200000216000039,7.200004464002768],"triggersremaining":[22188.0,22248.0,22428.0],"crcerrors":[null,null,0.0]}