{"datalatency":[8.304373],"sensoruptime":[null,null,null],"battvoltage":[14.279000000000002,13.715,11.362],"arrayvoltage":[38.614000000000004,30.322,42.365],"chargecurrent":[1.6059999999999999,1.442,2.3480000000000003],"chargestate":[6.0,5.0,6.0],"loadpower":[0.0,0.0,0.0],"batterytemp":[25.0,23.0,27.0],"triggerrate":[null,null,null],"triggersremaining":[null,null,null],"crcerrors":[1.0,null,1.0]}