{"datalatency":[20.745478000000002],"sensoruptime":[59.327222222222225,58.34388888888889,59.327222222222225],"battvoltage":[12.027000000000001,12.064,11.874],"arrayvoltage":[10.434000000000001,13.181,16.500999999999998],"chargecurrent":[0.005,0.222,10.463],"ledstate":[8.0,8.0,8.0],"loadpower":[24.060036000000004,25.090181999999995,21.727188],"batterytemp":[36.0,40.0,50.0],"triggerrate":[0.4,0.2,1.0],"triggersremaining":[1464.0,1480.0,1518.0],"crcerrors":[0.0,0.0,0.0]}