{"datalatency":[38.159244],"sensoruptime":[0.029444444444444443,1.366111111111111,1.8325],"battvoltage":[13.947000000000001,12.106,10.526],"arrayvoltage":[35.944,34.912,43.121],"chargecurrent":[2.225,1.077,2.515],"chargestate":[5.0,5.0,7.0],"loadpower":[14.301665000000002,13.313664000000001,0.0],"batterytemp":[4.0,2.0,19.0],"triggerrate":[0.0,0.0,0.0],"triggersremaining":[0.0,0.0,0.0],"crcerrors":[3.0,3.0,1.0]}