{"datalatency":[14.196084],"sensoruptime":[31.781388888888888,30.781666666666666,31.781388888888888],"battvoltage":[12.753,12.86,11.652000000000001],"arrayvoltage":[15.335,14.844000000000001,17.526],"chargecurrent":[9.545,9.646,11.398],"chargestate":[5.0,5.0,6.0],"loadpower":[22.86471,23.00113,21.713829000000004],"batterytemp":[49.0,47.0,50.0],"triggerrate":[0.0,0.0,8.4],"triggersremaining":[21056.0,21056.0,21428.0],"crcerrors":[0.0,0.0,0.0]}