{"datalatency":[15.885063],"sensoruptime":[417.17805555555555,416.18083333333334,417.17805555555555],"battvoltage":[12.823,12.985,12.020999999999999],"arrayvoltage":[15.677,14.749,18.317],"chargecurrent":[4.351,6.066,9.984],"ledstate":[6.0,6.0,8.0],"loadpower":[23.538796,23.544686,20.983984000000003],"batterytemp":[52.0,55.0,57.0],"triggerrate":[0.0,0.0,1.2000000000000002],"triggersremaining":[12596.0,12596.0,12602.0],"crcerrors":[0.0,0.0,2.0]}