{"datalatency":[11.984264000000001],"sensoruptime":[3.7830555555555554,2.7830555555555554,7.988333333333333],"battvoltage":[12.1,11.911,11.798],"arrayvoltage":[17.145,17.194000000000003,17.730999999999998],"chargecurrent":[2.128,1.517,11.344000000000001],"chargestate":[5.0,5.0,6.0],"loadpower":[23.053562999999997,22.603254000000003,6.167125],"batterytemp":[29.0,24.0,47.0],"triggerrate":[0.0,0.0,15.600000000000001],"triggersremaining":[21430.0,21436.0,22150.0],"crcerrors":[0.0,0.0,0.0]}