{"datalatency":[10.499162],"sensoruptime":[null,null,12.61],"battvoltage":[13.379000000000001,13.657,11.31],"arrayvoltage":[15.68,19.104,19.843],"chargecurrent":[2.404,5.537000000000001,12.057],"ledstate":[6.0,5.0,11.0],"loadpower":[7.029653000000001,6.815654,0.0],"batterytemp":[43.0,46.0,46.0],"triggerrate":[null,null,2.4000000000000004],"triggersremaining":[null,null,14649.0],"crcerrors":[0.0,null,0.0]}