{"datalatency":[12.595783],"sensoruptime":[41.443333333333335,40.44361111111111,41.443333333333335],"battvoltage":[11.835,11.874,11.652000000000001],"arrayvoltage":[0.0,0.0,17.334],"chargecurrent":[0.005,0.002,11.398],"chargestate":[3.0,3.0,6.0],"loadpower":[23.244018,22.864152000000004,21.713829000000004],"batterytemp":[26.0,27.0,52.0],"triggerrate":[0.0,0.0,6.0],"triggersremaining":[20761.0,20764.0,21172.0],"crcerrors":[0.0,0.0,1.0]}