{"datalatency":[16.053186],"sensoruptime":[null,null,null],"battvoltage":[12.354000000000001,12.369000000000002,11.481],"arrayvoltage":[0.107,0.122,19.680999999999997],"chargecurrent":[0.005,0.005,9.955],"chargestate":[3.0,3.0,6.0],"loadpower":[6.05346,7.191774000000001,0.0],"batterytemp":[15.0,18.0,38.0],"triggerrate":[null,null,null],"triggersremaining":[null,null,null],"crcerrors":[null,null,null]}