{"datalatency":[19.646645],"sensoruptime":[249.99805555555557,249.01472222222222,249.99805555555557],"battvoltage":[11.984000000000002,11.99,11.975],"arrayvoltage":[0.021,0.018000000000000002,16.653],"chargecurrent":[0.002,0.022000000000000002,9.992],"ledstate":[8.0,8.0,8.0],"loadpower":[23.905805,23.315324999999998,21.95131],"batterytemp":[29.0,29.0,50.0],"triggerrate":[0.0,0.0,8.0],"triggersremaining":[3319.0,3319.0,4165.0],"crcerrors":[0.0,0.0,0.0]}