{"datalatency":[77.487437],"sensoruptime":[31.81861111111111,30.81888888888889,31.81861111111111],"battvoltage":[13.434000000000001,13.47,12.308],"arrayvoltage":[15.573,17.59,18.448],"chargecurrent":[3.8310000000000004,4.406000000000001,9.011000000000001],"ledstate":[6.0,5.0,6.0],"loadpower":[22.955275,22.660805,21.981199999999998],"batterytemp":[52.0,52.0,54.0],"triggerrate":[0.0,0.0,0.2],"triggersremaining":[7051.0,7051.0,7061.0],"crcerrors":[0.0,0.0,0.0]}