{"datalatency":[19.150019],"sensoruptime":[6.1866666666666665,5.1866666666666665,31.89388888888889],"battvoltage":[12.14,12.183,12.064],"arrayvoltage":[0.214,0.0,18.692],"chargecurrent":[0.005,0.005,11.344000000000001],"ledstate":[6.0,6.0,8.0],"loadpower":[24.001312000000002,24.595608000000002,7.371546],"batterytemp":[24.0,24.0,48.0],"triggerrate":[0.0,0.0,16.800115584795222],"triggersremaining":[22433.0,22433.0,22489.0],"crcerrors":[null,null,0.0]}