{"datalatency":[9.59214],"sensoruptime":[0.01,0.014166666666666666,1.2466666666666666],"battvoltage":[14.062000000000001,14.09,10.352],"arrayvoltage":[42.12,43.231,45.523],"chargecurrent":[1.51,1.568,2.6889999999999996],"chargestate":[7.0,7.0,7.0],"loadpower":[13.458718000000001,13.944915,0.0],"batterytemp":[13.0,12.0,14.0],"triggerrate":[null,null,0.0],"triggersremaining":[0.0,0.0,0.0],"crcerrors":[1.0,0.0,1.0]}