{"datalatency":[22.682731],"sensoruptime":[355.3511111111111,354.3538888888889,355.3511111111111],"battvoltage":[12.1,12.134,12.1],"arrayvoltage":[0.0,0.0,17.633],"chargecurrent":[0.002,0.002,12.229000000000001],"ledstate":[6.0,6.0,6.0],"loadpower":[23.450719999999997,24.212264,21.612250999999997],"batterytemp":[23.0,24.0,44.0],"triggerrate":[0.0,0.0,1.2000000000000002],"triggersremaining":[12618.0,12618.0,12624.0],"crcerrors":[0.0,0.0,2.0]}