{"datalatency":[8.193237],"sensoruptime":[null,null,5.101944444444444],"battvoltage":[12.589,12.595,10.427999999999999],"arrayvoltage":[0.833,0.858,43.015],"chargecurrent":[0.002,0.002,3.5439999999999996],"chargestate":[3.0,3.0,6.0],"loadpower":[0.0,0.0,0.0],"batterytemp":[18.0,17.0,27.0],"triggerrate":[null,null,6.2],"triggersremaining":[null,null,22496.0],"crcerrors":[1.0,0.0,1.0]}