{"datalatency":[37.572095000000004],"sensoruptime":[1.381388888888889,0.38166666666666665,5.173333333333333],"battvoltage":[13.123,12.259,10.287],"arrayvoltage":[33.981,33.008,38.15],"chargecurrent":[2.022,1.331,4.324],"chargestate":[5.0,5.0,6.0],"loadpower":[14.304040000000002,13.504336000000002,0.0],"batterytemp":[20.0,16.0,27.0],"triggerrate":[0.0,0.2,1.4],"triggersremaining":[11664.0,11673.0,11687.0],"crcerrors":[0.0,0.0,0.0]}