{"datalatency":[18.610442000000003],"sensoruptime":[522.8272222222222,521.8275,522.8272222222222],"battvoltage":[11.682,11.682,11.67],"arrayvoltage":[0.0,0.0,17.145],"chargecurrent":[0.002,0.002,3.602],"ledstate":[8.0,8.0,8.0],"loadpower":[23.39956,23.316660000000002,21.980286000000003],"batterytemp":[28.0,28.0,37.0],"triggerrate":[0.0,0.0,3.6],"triggersremaining":[11312.0,11312.0,11430.0],"crcerrors":[0.0,0.0,2.0]}