{"datalatency":[14.555426],"sensoruptime":[91.72361111111111,90.7238888888889,91.72361111111111],"battvoltage":[12.103,12.14,11.984000000000002],"arrayvoltage":[0.107,0.107,17.337],"chargecurrent":[0.002,0.002,9.687000000000001],"ledstate":[8.0,8.0,8.0],"loadpower":[23.51116,23.763744,21.70458],"batterytemp":[28.0,28.0,58.0],"triggerrate":[0.0,0.0,2.4000000000000004],"triggersremaining":[13087.0,13087.0,13098.0],"crcerrors":[0.0,0.0,2.0]}