{"datalatency":[13.552205],"sensoruptime":[63.894444444444446,62.894444444444446,63.894444444444446],"battvoltage":[12.125,12.14,12.015],"arrayvoltage":[0.214,0.214,17.000999999999998],"chargecurrent":[0.005,0.005,10.545],"ledstate":[8.0,8.0,8.0],"loadpower":[23.825447999999998,23.322144,21.262392999999996],"batterytemp":[29.0,30.0,52.0],"triggerrate":[0.0,0.0,6.0],"triggersremaining":[13105.0,13105.0,13493.0],"crcerrors":[0.0,0.0,2.0]}