{"datalatency":[8.167168],"sensoruptime":[93.07833333333333,92.07861111111112,93.07833333333333],"battvoltage":[11.902000000000001,11.877,11.815999999999999],"arrayvoltage":[30.518,32.525999999999996,35.016],"chargecurrent":[0.418,1.015,2.8360000000000003],"chargestate":[5.0,5.0,5.0],"loadpower":[13.812694,13.470337999999998,12.913230000000002],"batterytemp":[15.0,13.0,20.0],"triggerrate":[0.0,0.0,4.4],"triggersremaining":[21956.0,21960.0,22125.0],"crcerrors":[0.0,0.0,0.0]}