{"datalatency":[14.641869000000002],"sensoruptime":[381.51666666666665,380.51666666666665,381.51666666666665],"battvoltage":[12.042,12.064,12.033],"arrayvoltage":[12.964,0.0,17.78],"chargecurrent":[0.031,0.002,10.61],"ledstate":[8.0,8.0,8.0],"loadpower":[23.96394,24.180336,20.806074],"batterytemp":[24.0,24.0,52.0],"triggerrate":[0.0,0.0,4.800000000000001],"triggersremaining":[12607.0,12607.0,12617.0],"crcerrors":[0.0,0.0,2.0]}