{"datalatency":[37.680735000000006],"sensoruptime":[null,null,null],"battvoltage":[12.494000000000002,12.503,10.665999999999999],"arrayvoltage":[0.6409999999999999,0.635,43.448],"chargecurrent":[0.0,0.0,5.0760000000000005],"chargestate":[3.0,3.0,8.0],"loadpower":[0.0,0.0,0.0],"batterytemp":[9.0,10.0,26.0],"triggerrate":[null,null,null],"triggersremaining":[null,null,null],"crcerrors":[0.0,null,0.0]}