{"datalatency":[26.002328000000002],"sensoruptime":[null,5.8677777777777775,null],"battvoltage":[12.106,12.103,11.99],"arrayvoltage":[0.977,0.33299999999999996,42.218],"chargecurrent":[0.0,0.0,2.839],"chargestate":[3.0,3.0,7.0],"loadpower":[8.612327,17.123768,0.0],"batterytemp":[19.0,24.0,32.0],"triggerrate":[null,42.8,null],"triggersremaining":[null,12937.0,null],"crcerrors":[1.0,0.0,3.0]}