{"datalatency":[7.633287],"sensoruptime":[221.0638888888889,220.06416666666667,221.0638888888889],"battvoltage":[12.145999999999999,12.222000000000001,12.085],"arrayvoltage":[26.898000000000003,30.963,41.711000000000006],"chargecurrent":[0.239,0.435,3.503],"chargestate":[5.0,5.0,6.0],"loadpower":[16.04026,13.435584,9.49424],"batterytemp":[15.0,16.0,29.0],"triggerrate":[1.0,0.2,1.6],"triggersremaining":[20198.0,20249.0,20351.0],"crcerrors":[0.0,0.0,0.0]}