{"datalatency":[7.714174000000001],"sensoruptime":[225.89527777777778,224.91222222222223,225.89527777777778],"battvoltage":[12.07,12.07,12.036],"arrayvoltage":[1.1079999999999999,1.358,36.472],"chargecurrent":[0.0,0.0,3.503],"chargestate":[3.0,3.0,5.0],"loadpower":[13.989318,14.013396000000004,9.995777999999998],"batterytemp":[14.0,14.0,18.0],"triggerrate":[1.0,2.8,4.4],"triggersremaining":[19749.0,19821.0,20349.0],"crcerrors":[0.0,0.0,0.0]}