{"datalatency":[37.588796],"sensoruptime":[4.214166666666666,3.2311111111111113,5.173333333333333],"battvoltage":[14.465,14.495999999999999,10.287],"arrayvoltage":[42.34,41.821000000000005,43.448],"chargecurrent":[2.957,3.1210000000000004,5.0760000000000005],"chargestate":[8.0,8.0,8.0],"loadpower":[13.47396,10.50835,0.0],"batterytemp":[26.0,25.0,27.0],"triggerrate":[0.0,0.0,2.8],"triggersremaining":[11630.0,11634.0,11687.0],"crcerrors":[0.0,0.0,0.0]}