{"datalatency":[20.826595],"sensoruptime":[29.498055555555556,28.498333333333335,29.498055555555556],"battvoltage":[12.796,12.520999999999999,11.987],"arrayvoltage":[15.335,15.335,18.222],"chargecurrent":[5.404,2.582,10.26],"ledstate":[6.0,6.0,8.0],"loadpower":[22.953875999999998,22.739957,21.692814],"batterytemp":[48.0,47.0,52.0],"triggerrate":[0.4,0.8,5.0],"triggersremaining":[1628.0,1635.0,1849.0],"crcerrors":[0.0,0.0,0.0]}