{"datalatency":[11.347138000000001],"sensoruptime":[15.79888888888889,14.79888888888889,null],"battvoltage":[11.606,11.661,11.569],"arrayvoltage":[0.0,0.0,19.736],"chargecurrent":[0.005,0.005,12.392999999999999],"chargestate":[3.0,3.0,6.0],"loadpower":[22.932652,23.15533,6.808707000000001],"batterytemp":[21.0,22.0,44.0],"triggerrate":[0.0,0.0,null],"triggersremaining":[22151.0,22151.0,null],"crcerrors":[0.0,0.0,0.0]}