{"datalatency":[8.923019],"sensoruptime":[13.284166666666666,12.284444444444444,null],"battvoltage":[12.106,12.145999999999999,11.798],"arrayvoltage":[0.128,12.994000000000002,17.526],"chargecurrent":[0.002,0.055999999999999994,10.419],"chargestate":[3.0,5.0,5.0],"loadpower":[23.414455999999998,23.552576,6.167125],"batterytemp":[31.0,37.0,49.0],"triggerrate":[0.0,1.2000000000000002,null],"triggersremaining":[21346.0,21408.0,null],"crcerrors":[0.0,0.0,0.0]}