{"datalatency":[7.5959520000000005],"sensoruptime":[192.73444444444445,191.73472222222222,192.73444444444445],"battvoltage":[14.294,12.520999999999999,12.106],"arrayvoltage":[39.676,37.939,43.121],"chargecurrent":[6.6339999999999995,1.72,9.777000000000001],"chargestate":[6.0,5.0,6.0],"loadpower":[9.264975,13.74817,8.98432],"batterytemp":[25.0,11.0,29.0],"triggerrate":[0.0,0.0,0.4],"triggersremaining":[20354.0,20355.0,20370.0],"crcerrors":[0.0,0.0,0.0]}