{"datalatency":[9.564788],"sensoruptime":[0.05138888888888889,null,20.196666666666665],"battvoltage":[11.597000000000001,12.302,11.224],"arrayvoltage":[16.898,13.437000000000001,19.305],"chargecurrent":[1.0170000000000001,0.237,7.371],"ledstate":[10.0,11.0,11.0],"loadpower":[26.983135999999995,0.0,0.0],"batterytemp":[23.0,21.0,49.0],"triggerrate":[0.0,null,null],"triggersremaining":[14559.0,null,14564.0],"crcerrors":[0.0,0.0,0.0]}