{"datalatency":[7.687578],"sensoruptime":[43.09638888888889,42.09638888888889,43.09638888888889],"battvoltage":[11.800999999999998,11.832,11.49],"arrayvoltage":[0.653,0.6409999999999999,42.148],"chargecurrent":[0.0,0.0,12.352],"chargestate":[3.0,3.0,6.0],"loadpower":[13.701444,13.746840000000002,8.277874],"batterytemp":[7.0,7.0,29.0],"triggerrate":[0.0,0.0,0.4],"triggersremaining":[18414.0,18415.0,18425.0],"crcerrors":[0.0,0.0,0.0]}