{"datalatency":[8.162427000000001],"sensoruptime":[null,114.09222222222222,114.10888888888888],"battvoltage":[11.825999999999999,11.484000000000002,11.469000000000001],"arrayvoltage":[30.13,23.334,34.863],"chargecurrent":[0.396,0.024,1.423],"chargestate":[5.0,5.0,5.0],"loadpower":[0.0,14.14781,0.0],"batterytemp":[15.0,15.0,16.0],"triggerrate":[null,0.0,0.6],"triggersremaining":[null,21930.0,21963.0],"crcerrors":[0.0,0.0,0.0]}