{"datalatency":[17.832068],"sensoruptime":[7.208055555555555,6.208055555555555,49.00611111111111],"battvoltage":[11.569,11.639000000000001,11.444],"arrayvoltage":[0.021,0.10400000000000001,19.531],"chargecurrent":[0.005,0.002,12.99],"ledstate":[10.0,10.0,10.0],"loadpower":[27.741153999999998,23.728796000000003,5.941168],"batterytemp":[24.0,25.0,41.0],"triggerrate":[0.0,0.0,2.4000000000000004],"triggersremaining":[14586.0,14586.0,14654.0],"crcerrors":[0.0,0.0,0.0]}