{"datalatency":[8.41158],"sensoruptime":[2.6102777777777777,1.6272222222222221,114.10888888888888],"battvoltage":[11.49,11.517000000000001,11.469000000000001],"arrayvoltage":[0.589,0.583,35.4],"chargecurrent":[0.0,0.0,6.643],"chargestate":[3.0,3.0,5.0],"loadpower":[14.14781,14.12488,0.0],"batterytemp":[14.0,14.0,27.0],"triggerrate":[0.0,0.2,1.6],"triggersremaining":[21748.0,21773.0,21935.0],"crcerrors":[0.0,0.0,0.0]}