{"datalatency":[17.909214000000002],"sensoruptime":[189.2086111111111,188.21166666666667,189.2086111111111],"battvoltage":[11.874,11.899000000000001,11.795],"arrayvoltage":[11.154000000000002,0.0,17.38],"chargecurrent":[0.002,0.002,11.315],"ledstate":[8.0,8.0,8.0],"loadpower":[23.64075,23.516397000000005,21.720450999999997],"batterytemp":[24.0,24.0,53.0],"triggerrate":[0.0,0.0,1.2000000000000002],"triggersremaining":[12690.0,12690.0,12703.0],"crcerrors":[0.0,0.0,2.0]}