{"datalatency":[7.768962],"sensoruptime":[8.563055555555556,7.579722222222222,227.69416666666666],"battvoltage":[11.877,11.887,11.877],"arrayvoltage":[1.355,1.334,36.472],"chargecurrent":[0.0,0.0,3.503],"chargestate":[3.0,3.0,5.0],"loadpower":[13.789908000000004,13.789908000000004,9.995777999999998],"batterytemp":[16.0,16.0,18.0],"triggerrate":[0.0,0.4,24.0],"triggersremaining":[18637.0,18642.0,20298.0],"crcerrors":[2.0,0.0,3.0]}