{"datalatency":[7.514572],"sensoruptime":[169.40444444444444,168.40472222222223,169.40444444444444],"battvoltage":[14.215,14.444,12.183],"arrayvoltage":[42.361000000000004,40.695,42.471000000000004],"chargecurrent":[5.063,8.868,10.794],"chargestate":[6.0,6.0,6.0],"loadpower":[9.144952,9.36257,8.596613999999999],"batterytemp":[28.0,20.0,33.0],"triggerrate":[0.0,0.0,0.8],"triggersremaining":[20370.0,20370.0,20461.0],"crcerrors":[0.0,0.0,0.0]}