{"datalatency":[8.751863],"sensoruptime":[95.24972222222222,94.26638888888888,95.24972222222222],"battvoltage":[12.372,12.106,12.03],"arrayvoltage":[27.78,12.759,38.708],"chargecurrent":[2.324,0.0,8.752],"chargestate":[5.0,5.0,6.0],"loadpower":[14.347214000000001,14.059956000000003,9.957479999999999],"batterytemp":[20.0,18.0,34.0],"triggerrate":[0.0,0.0,0.6],"triggersremaining":[21539.0,21541.0,21641.0],"crcerrors":[0.0,0.0,0.0]}