{"datalatency":[12.03897],"sensoruptime":[39.11333333333334,38.11333333333334,39.11333333333334],"battvoltage":[11.929,11.987,11.652000000000001],"arrayvoltage":[0.107,0.107,17.334],"chargecurrent":[0.002,0.002,11.398],"chargestate":[3.0,3.0,6.0],"loadpower":[24.547637000000005,23.322496,21.713829000000004],"batterytemp":[28.0,30.0,52.0],"triggerrate":[0.0,0.0,6.0],"triggersremaining":[20777.0,20817.0,21179.0],"crcerrors":[6.0,0.0,1.0]}