{"datalatency":[8.065223000000001],"sensoruptime":[2.171666666666667,1.1883333333333332,62.22694444444444],"battvoltage":[14.297,13.947000000000001,11.319],"arrayvoltage":[42.471000000000004,18.607,42.471000000000004],"chargecurrent":[3.3360000000000003,3.0580000000000003,8.586],"chargestate":[6.0,5.0,6.0],"loadpower":[11.228976,12.73004,0.0],"batterytemp":[25.0,14.0,34.0],"triggerrate":[0.0,0.0,0.5],"triggersremaining":[18401.0,18401.0,18411.0],"crcerrors":[0.0,0.0,0.0]}