{"datalatency":[23.052721000000002],"sensoruptime":[339.35333333333335,338.3561111111111,339.35333333333335],"battvoltage":[13.208,12.433,12.109000000000002],"arrayvoltage":[16.119,16.168,18.03],"chargecurrent":[9.086,1.524,11.622],"ledstate":[6.0,6.0,6.0],"loadpower":[22.246795999999996,23.323625999999997,20.870528999999998],"batterytemp":[39.0,34.0,44.0],"triggerrate":[0.0,0.0,1.2000000000000002],"triggersremaining":[12622.0,12622.0,12628.0],"crcerrors":[0.0,0.0,2.0]}