{"datalatency":[74.13194200000001],"sensoruptime":[132.33833333333334,131.33833333333334,132.33833333333334],"battvoltage":[12.329,12.369000000000002,12.216],"arrayvoltage":[0.0,0.0,18.167],"chargecurrent":[0.005,0.005,7.931],"ledstate":[6.0,6.0,6.0],"loadpower":[23.094375,23.591116000000003,21.885253],"batterytemp":[31.0,31.0,57.0],"triggerrate":[0.0,0.0,0.6],"triggersremaining":[6258.0,6259.0,6290.0],"crcerrors":[0.0,0.0,0.0]}