{"datalatency":[7.820321000000001],"sensoruptime":[null,null,31.859444444444446],"battvoltage":[11.685,11.682,11.465],"arrayvoltage":[12.311,1.016,34.238],"chargecurrent":[0.0,0.0,1.4709999999999999],"chargestate":[5.0,3.0,5.0],"loadpower":[0.0,0.0,0.0],"batterytemp":[11.0,13.0,20.0],"triggerrate":[null,null,2.0],"triggersremaining":[null,null,18622.0],"crcerrors":[1.0,null,4.0]}