{"datalatency":[8.267762000000001],"sensoruptime":[null,null,null],"battvoltage":[14.297,14.328,11.362],"arrayvoltage":[37.158,39.23,42.365],"chargecurrent":[1.551,1.517,2.3480000000000003],"chargestate":[6.0,6.0,6.0],"loadpower":[0.0,0.0,0.0],"batterytemp":[25.0,24.0,27.0],"triggerrate":[null,null,null],"triggersremaining":[null,null,null],"crcerrors":[1.0,null,1.0]}