{"datalatency":[8.415305],"sensoruptime":[15.594166666666666,14.610833333333334,15.594166666666666],"battvoltage":[12.335,12.375,11.478],"arrayvoltage":[0.601,0.598,38.565],"chargecurrent":[0.0,0.0,15.0],"chargestate":[3.0,3.0,6.0],"loadpower":[14.27728,14.109192000000002,0.0],"batterytemp":[13.0,14.0,41.0],"triggerrate":[0.0,0.0,1.2],"triggersremaining":[21669.0,21670.0,21788.0],"crcerrors":[0.0,0.0,0.0]}