{"datalatency":[7.8886],"sensoruptime":[23.099444444444444,22.11611111111111,null],"battvoltage":[11.649000000000001,11.533,11.49],"arrayvoltage":[38.229,12.134,42.996],"chargecurrent":[0.773,0.0,15.002],"chargestate":[5.0,5.0,6.0],"loadpower":[13.555944,14.036100000000001,0.0],"batterytemp":[5.0,2.0,28.0],"triggerrate":[0.0,0.0,null],"triggersremaining":[18421.0,18422.0,null],"crcerrors":[0.0,0.0,0.0]}