{"datalatency":[20.557503],"sensoruptime":[25.99861111111111,25.01527777777778,25.99861111111111],"battvoltage":[12.787,12.158,11.987],"arrayvoltage":[15.625,17.429000000000002,18.222],"chargecurrent":[5.609,1.942,10.453],"ledstate":[8.0,8.0,8.0],"loadpower":[22.785444000000002,23.491936,21.844241999999998],"batterytemp":[43.0,34.0,52.0],"triggerrate":[0.0,0.0,5.0],"triggersremaining":[1670.0,1670.0,1866.0],"crcerrors":[0.0,0.0,0.0]}