{"datalatency":[21.986677],"sensoruptime":[308.6911111111111,307.69388888888886,308.6911111111111],"battvoltage":[12.292,12.329,12.183],"arrayvoltage":[0.107,0.0,18.463],"chargecurrent":[0.005,0.005,9.376],"ledstate":[6.0,6.0,6.0],"loadpower":[23.67584,23.785565000000002,21.533700000000003],"batterytemp":[22.0,22.0,50.0],"triggerrate":[0.0,0.0,1.2000000000000002],"triggersremaining":[12629.0,12630.0,12640.0],"crcerrors":[0.0,0.0,2.0]}