{"datalatency":[8.071345],"sensoruptime":[0.5052777777777778,null,62.22694444444444],"battvoltage":[13.559000000000001,12.415,11.319],"arrayvoltage":[19.183,13.434000000000001,40.738],"chargecurrent":[2.201,0.0,11.615],"chargestate":[5.0,5.0,6.0],"loadpower":[13.772804,0.0,0.0],"batterytemp":[12.0,10.0,34.0],"triggerrate":[0.2,null,0.5],"triggersremaining":[18402.0,null,18412.0],"crcerrors":[0.0,0.0,0.0]}