{"datalatency":[11.123288],"sensoruptime":[5.300277777777778,4.3005555555555555,null],"battvoltage":[12.710999999999999,12.445,11.569],"arrayvoltage":[16.455,17.09,19.736],"chargecurrent":[5.351,2.88,12.392999999999999],"chargestate":[5.0,5.0,6.0],"loadpower":[22.321,22.205529000000002,6.808707000000001],"batterytemp":[38.0,40.0,44.0],"triggerrate":[0.0,0.0,null],"triggersremaining":[22162.0,22162.0,null],"crcerrors":[0.0,0.0,0.0]}