{"datalatency":[10.173963],"sensoruptime":[null,null,0.018333333333333333],"battvoltage":[14.713,14.713,12.567],"arrayvoltage":[40.192,40.466,43.176],"chargecurrent":[0.604,0.5920000000000001,2.227],"chargestate":[6.0,6.0,7.0],"loadpower":[0.0,0.0,0.0],"batterytemp":[11.0,11.0,20.0],"triggerrate":[null,null,0.0],"triggersremaining":[null,null,0.0],"crcerrors":[0.0,null,1.0]}