{"datalatency":[11.721304],"sensoruptime":[16.901666666666667,15.904722222222222,null],"battvoltage":[12.137,12.14,11.264000000000001],"arrayvoltage":[0.214,0.107,19.733],"chargecurrent":[0.002,0.005,9.152999999999999],"ledstate":[6.0,6.0,11.0],"loadpower":[23.474895999999998,23.734496,0.0],"batterytemp":[29.0,29.0,53.0],"triggerrate":[0.0,0.0,null],"triggersremaining":[13515.0,13516.0,null],"crcerrors":[0.0,0.0,2.0]}