{"datalatency":[12.545937],"sensoruptime":[6.4302777777777775,5.433055555555556,18.859444444444446],"battvoltage":[12.445,12.869000000000002,11.456],"arrayvoltage":[15.677,16.266,17.825],"chargecurrent":[2.162,7.559,11.344000000000001],"chargestate":[5.0,5.0,6.0],"loadpower":[26.332767,26.191816,0.0],"batterytemp":[44.0,44.0,47.0],"triggerrate":[0.0,0.0,9.600000000000001],"triggersremaining":[22147.0,22148.0,22162.0],"crcerrors":[0.0,0.0,0.0]}