{"datalatency":[9.284415000000001],"sensoruptime":[14.339166666666667,13.339444444444444,14.684444444444445],"battvoltage":[11.682,11.588,11.45],"arrayvoltage":[0.107,0.11900000000000001,19.305],"chargecurrent":[0.005,0.002,7.371],"ledstate":[10.0,10.0,11.0],"loadpower":[23.76012,27.20967,0.0],"batterytemp":[24.0,25.0,49.0],"triggerrate":[0.0,0.0,1.2000000000000002],"triggersremaining":[14561.0,14561.0,14564.0],"crcerrors":[0.0,0.0,0.0]}