{"datalatency":[10.111337],"sensoruptime":[8.506944444444445,7.506944444444445,14.684444444444445],"battvoltage":[13.562000000000001,13.565,11.425999999999998],"arrayvoltage":[18.340999999999998,18.872,19.305],"chargecurrent":[2.638,2.701,7.371],"ledstate":[5.0,5.0,11.0],"loadpower":[25.495134,25.570894,0.0],"batterytemp":[49.0,49.0,49.0],"triggerrate":[0.0,0.0,1.2000000000000002],"triggersremaining":[14562.0,14563.0,14565.0],"crcerrors":[0.0,0.0,0.0]}