{"datalatency":[16.097485000000002],"sensoruptime":[138.21694444444444,137.21694444444444,138.21694444444444],"battvoltage":[11.92,11.950999999999999,11.92],"arrayvoltage":[0.0,0.021,16.898],"chargecurrent":[0.002,0.002,10.972000000000001],"ledstate":[8.0,8.0,8.0],"loadpower":[23.774202000000006,23.988575,21.720998],"batterytemp":[29.0,29.0,42.0],"triggerrate":[0.0,0.0,3.6],"triggersremaining":[12946.0,12946.0,13079.0],"crcerrors":[0.0,0.0,2.0]}