{"datalatency":[23.512024],"sensoruptime":[7.380277777777778,6.3805555555555555,57.48722222222222],"battvoltage":[11.987,12.027000000000001,11.639000000000001],"arrayvoltage":[12.762,12.869000000000002,17.242],"chargecurrent":[0.040999999999999995,0.055999999999999994,12.284],"ledstate":[8.0,8.0,10.0],"loadpower":[24.049025000000004,24.228203999999998,6.942914999999999],"batterytemp":[27.0,30.0,48.0],"triggerrate":[0.0,0.0,7.200004464002768],"triggersremaining":[22169.0,22172.0,22316.0],"crcerrors":[null,null,0.0]}