{"datalatency":[14.278729],"sensoruptime":[370.8513888888889,369.8516666666667,370.8513888888889],"battvoltage":[12.369000000000002,12.637,12.064],"arrayvoltage":[16.214000000000002,15.573,17.78],"chargecurrent":[0.314,3.049,10.61],"ledstate":[6.0,6.0,8.0],"loadpower":[22.786450000000002,25.660815000000003,20.806074],"batterytemp":[42.0,48.0,52.0],"triggerrate":[0.0,0.0,4.800000000000001],"triggersremaining":[12610.0,12610.0,12620.0],"crcerrors":[0.0,0.0,2.0]}