{"datalatency":[7.946610000000001],"sensoruptime":[32.75333333333333,31.753333333333334,32.75333333333333],"battvoltage":[12.450999999999999,12.491,12.07],"arrayvoltage":[0.574,0.586,41.821000000000005],"chargecurrent":[0.0,0.0,7.474],"chargestate":[3.0,3.0,6.0],"loadpower":[14.010887999999998,13.880440000000002,8.72505],"batterytemp":[5.0,6.0,28.0],"triggerrate":[0.0,0.0,1.4],"triggersremaining":[22248.0,22249.0,22357.0],"crcerrors":[0.0,0.0,0.0]}