{"datalatency":[12.613354000000001],"sensoruptime":[42.89805555555556,41.89805555555556,42.89805555555556],"battvoltage":[12.1,12.14,12.033],"arrayvoltage":[0.0,0.0,17.526],"chargecurrent":[0.005,0.002,10.985],"ledstate":[6.0,6.0,8.0],"loadpower":[23.414455999999998,23.045446,21.514706],"batterytemp":[29.0,29.0,50.0],"triggerrate":[0.0,0.0,2.4000000000000004],"triggersremaining":[13472.0,13475.0,13514.0],"crcerrors":[0.0,0.0,2.0]}