{"datalatency":[7.698404000000001],"sensoruptime":[182.73611111111111,181.75277777777777,182.73611111111111],"battvoltage":[12.375,12.415,12.183],"arrayvoltage":[0.632,0.626,43.121],"chargecurrent":[0.0,0.0,10.794],"chargestate":[3.0,3.0,6.0],"loadpower":[14.047472,13.820543999999998,8.98432],"batterytemp":[8.0,8.0,29.0],"triggerrate":[0.0,0.0,0.4],"triggersremaining":[20363.0,20363.0,20385.0],"crcerrors":[0.0,0.0,0.0]}