{"datalatency":[12.616236],"sensoruptime":[6.285277777777778,5.288333333333333,7.988333333333333],"battvoltage":[12.520999999999999,12.189,11.798],"arrayvoltage":[16.653,17.09,17.730999999999998],"chargecurrent":[4.343999999999999,2.401,11.344000000000001],"chargestate":[5.0,5.0,6.0],"loadpower":[22.764823,22.746680000000005,6.167125],"batterytemp":[37.0,34.0,47.0],"triggerrate":[0.0,0.0,15.600000000000001],"triggersremaining":[21429.0,21429.0,22150.0],"crcerrors":[0.0,0.0,0.0]}