{"datalatency":[9.687217],"sensoruptime":[null,7.019166666666667,null],"battvoltage":[12.597999999999999,13.284,11.31],"arrayvoltage":[15.380999999999998,15.125,19.26],"chargecurrent":[2.082,7.271,12.057],"ledstate":[6.0,6.0,11.0],"loadpower":[8.60814,26.676585000000003,0.0],"batterytemp":[44.0,45.0,46.0],"triggerrate":[null,0.0,null],"triggersremaining":[null,14570.0,null],"crcerrors":[0.0,null,0.0]}