{"datalatency":[14.616917],"sensoruptime":[2.9144444444444444,1.9175,null],"battvoltage":[13.718,13.718,11.328],"arrayvoltage":[17.49,18.340999999999998,19.949],"chargecurrent":[7.136,4.754,10.963],"ledstate":[5.0,5.0,10.0],"loadpower":[23.457572000000006,22.79988,5.908896],"batterytemp":[44.0,44.0,50.0],"triggerrate":[0.0,0.0,null],"triggersremaining":[14570.0,14570.0,null],"crcerrors":[0.0,0.0,0.0]}