{"datalatency":[37.789032],"sensoruptime":[1.2238888888888888,0.24055555555555555,7.746944444444445],"battvoltage":[13.831,11.835,10.802999999999999],"arrayvoltage":[31.598000000000003,29.443,38.15],"chargecurrent":[1.754,0.696,3.1860000000000004],"chargestate":[5.0,5.0,6.0],"loadpower":[14.622563,13.760200999999999,0.0],"batterytemp":[25.0,22.0,28.0],"triggerrate":[0.0,0.0,null],"triggersremaining":[11687.0,11687.0,12014.0],"crcerrors":[0.0,0.0,0.0]}