{"datalatency":[16.881334000000003],"sensoruptime":[null,null,null],"battvoltage":[12.975999999999999,13.718,12.18],"arrayvoltage":[18.265,19.11,19.625999999999998],"chargecurrent":[0.29,2.94,5.361000000000001],"chargestate":[5.0,6.0,6.0],"loadpower":[4.914493,4.955780000000001,4.102919999999999],"batterytemp":[42.0,44.0,45.0],"triggerrate":[null,null,null],"triggersremaining":[null,null,null],"crcerrors":[null,null,null]}