{"datalatency":[10.169491],"sensoruptime":[10.006666666666666,9.009444444444444,14.684444444444445],"battvoltage":[11.987,12.027000000000001,11.45],"arrayvoltage":[12.979000000000001,17.383,19.305],"chargecurrent":[0.155,0.797,7.371],"ledstate":[8.0,8.0,11.0],"loadpower":[27.653394999999996,26.1534,0.0],"batterytemp":[40.0,48.0,49.0],"triggerrate":[0.0,0.0,1.2000000000000002],"triggersremaining":[14562.0,14562.0,14565.0],"crcerrors":[0.0,0.0,0.0]}