{"datalatency":[8.523963],"sensoruptime":[92.25,91.26694444444445,92.25],"battvoltage":[12.130999999999998,12.145999999999999,12.130999999999998],"arrayvoltage":[0.732,0.8,38.708],"chargecurrent":[0.0,0.0,8.752],"chargestate":[3.0,3.0,6.0],"loadpower":[14.098368000000002,14.07763,9.957479999999999],"batterytemp":[19.0,19.0,34.0],"triggerrate":[0.2,0.0,0.6],"triggersremaining":[21557.0,21564.0,21641.0],"crcerrors":[0.0,0.0,0.0]}