{"datalatency":[9.564625000000001],"sensoruptime":[0.016944444444444446,0.014722222222222222,1.2466666666666666],"battvoltage":[14.059000000000001,14.687999999999999,10.352],"arrayvoltage":[43.121,43.338,45.523],"chargecurrent":[1.561,1.6019999999999999,2.6889999999999996],"chargestate":[7.0,6.0,7.0],"loadpower":[13.426566,14.012459999999999,0.0],"batterytemp":[13.0,12.0,14.0],"triggerrate":[0.0,null,0.0],"triggersremaining":[0.0,0.0,0.0],"crcerrors":[2.0,null,1.0]}