{"datalatency":[8.813162],"sensoruptime":[121.41277777777778,120.42944444444444,121.41277777777778],"battvoltage":[12.222000000000001,12.289000000000001,12.073],"arrayvoltage":[31.445,32.48,41.65],"chargecurrent":[1.024,1.8769999999999998,11.575999999999999],"chargestate":[5.0,5.0,6.0],"loadpower":[13.501876,14.328288,8.207364000000002],"batterytemp":[26.0,24.0,32.0],"triggerrate":[0.0,0.0,0.8],"triggersremaining":[21445.0,21451.0,21533.0],"crcerrors":[0.0,0.0,0.0]}