{"datalatency":[18.957293],"sensoruptime":[176.84805555555556,175.84833333333333,176.84805555555556],"battvoltage":[12.207,12.228,12.200999999999999],"arrayvoltage":[0.021,0.021,17.969],"chargecurrent":[0.002,0.005,9.81],"ledstate":[6.0,6.0,6.0],"loadpower":[23.829276000000004,23.993064,21.942296000000002],"batterytemp":[31.0,32.0,52.0],"triggerrate":[0.0,0.0,6.4],"triggersremaining":[5814.0,5815.0,6176.0],"crcerrors":[0.0,0.0,0.0]}