{"datalatency":[7.422073],"sensoruptime":[207.56583333333333,206.5661111111111,207.56583333333333],"battvoltage":[12.375,12.415,12.106],"arrayvoltage":[0.867,0.833,41.711000000000006],"chargecurrent":[0.0,0.0,9.777000000000001],"chargestate":[3.0,3.0,6.0],"loadpower":[14.109192000000002,13.882464,9.02565],"batterytemp":[13.0,12.0,34.0],"triggerrate":[0.0,0.0,0.6],"triggersremaining":[20334.0,20338.0,20363.0],"crcerrors":[0.0,0.0,0.0]}