{"datalatency":[15.551812000000002],"sensoruptime":[2.4144444444444444,1.4147222222222222,7.133055555555556],"battvoltage":[13.715,13.699000000000002,11.328],"arrayvoltage":[19.195999999999998,15.192,19.949],"chargecurrent":[3.005,8.419,10.963],"ledstate":[5.0,6.0,10.0],"loadpower":[22.350871,26.887159999999998,5.908896],"batterytemp":[44.0,42.0,50.0],"triggerrate":[0.0,0.0,0.0],"triggersremaining":[14570.0,14570.0,14570.0],"crcerrors":[0.0,0.0,0.0]}