{"datalatency":[13.788659],"sensoruptime":[null,null,49.00611111111111],"battvoltage":[11.987,11.722000000000001,11.569],"arrayvoltage":[16.945999999999998,16.016,17.288],"chargecurrent":[2.003,0.56,9.298],"ledstate":[10.0,10.0,10.0],"loadpower":[7.5562249999999995,6.5118599999999995,6.45351],"batterytemp":[29.0,29.0,38.0],"triggerrate":[null,null,2.4000000000000004],"triggersremaining":[null,null,14660.0],"crcerrors":[0.0,null,0.0]}