{"datalatency":[20.691647],"sensoruptime":[269.19694444444445,268.2,269.19694444444445],"battvoltage":[13.339,13.177,12.103],"arrayvoltage":[14.603,14.749,18.506],"chargecurrent":[8.346,8.107000000000001,9.937999999999999],"ledstate":[6.0,6.0,6.0],"loadpower":[23.318955999999996,23.009844,21.141912],"batterytemp":[52.0,49.0,55.0],"triggerrate":[0.0,0.0,1.2000000000000002],"triggersremaining":[12657.0,12663.0,12675.0],"crcerrors":[0.0,0.0,2.0]}