{"datalatency":[7.894255],"sensoruptime":[26.448888888888888,25.451944444444443,26.448888888888888],"battvoltage":[12.247,11.798,11.682],"arrayvoltage":[16.843,16.656,17.526],"chargecurrent":[3.59,1.454,10.419],"chargestate":[5.0,5.0,6.0],"loadpower":[22.740000000000002,23.914855999999997,21.71104],"batterytemp":[33.0,29.0,49.0],"triggerrate":[0.0,0.0,8.4],"triggersremaining":[21155.0,21155.0,21450.0],"crcerrors":[0.0,0.0,0.0]}