{"datalatency":[27.04238],"sensoruptime":[9.686111111111112,8.686388888888889,31.89388888888889],"battvoltage":[12.1,12.1,12.07],"arrayvoltage":[16.266,15.68,18.692],"chargecurrent":[0.49,0.33799999999999997,11.344000000000001],"ledstate":[8.0,8.0,8.0],"loadpower":[23.294582999999996,23.897132999999997,7.371546],"batterytemp":[26.0,25.0,48.0],"triggerrate":[0.0,0.0,16.800115584795222],"triggersremaining":[22432.0,22432.0,22488.0],"crcerrors":[null,null,0.0]}