{"datalatency":[8.091747],"sensoruptime":[null,10.687222222222223,62.22694444444444],"battvoltage":[12.564,11.562999999999999,11.319],"arrayvoltage":[0.818,0.7929999999999999,42.471000000000004],"chargecurrent":[0.0,0.0,5.733],"chargestate":[3.0,3.0,6.0],"loadpower":[0.0,14.335163999999999,0.0],"batterytemp":[12.0,13.0,28.0],"triggerrate":[null,0.4,0.5],"triggersremaining":[null,18392.0,18409.0],"crcerrors":[0.0,0.0,0.0]}