{"datalatency":[7.672758000000001],"sensoruptime":[207.7325,206.73277777777778,207.7325],"battvoltage":[12.375,12.415,12.106],"arrayvoltage":[0.8909999999999999,0.848,41.711000000000006],"chargecurrent":[0.0,0.0,9.777000000000001],"chargestate":[3.0,3.0,6.0],"loadpower":[13.504336000000002,13.523328000000001,9.02565],"batterytemp":[13.0,13.0,34.0],"triggerrate":[0.0,0.0,0.6],"triggersremaining":[20334.0,20338.0,20363.0],"crcerrors":[0.0,0.0,0.0]}