{"datalatency":[15.285541],"sensoruptime":[null,null,7.133055555555556],"battvoltage":[13.779000000000002,13.171,11.328],"arrayvoltage":[15.725999999999999,16.409000000000002,19.949],"chargecurrent":[6.375,2.184,12.057],"ledstate":[6.0,6.0,10.0],"loadpower":[6.572977999999999,6.707712,5.908896],"batterytemp":[36.0,31.0,50.0],"triggerrate":[null,null,1.2000000000000002],"triggersremaining":[null,null,14572.0],"crcerrors":[null,null,0.0]}