{"datalatency":[19.810948],"sensoruptime":[218.67333333333335,217.6913888888889,218.67333333333335],"battvoltage":[12.399000000000001,13.092,12.03],"arrayvoltage":[14.697000000000001,14.749,16.995],"chargecurrent":[0.529,6.941,8.74],"ledstate":[6.0,6.0,8.0],"loadpower":[26.894658000000003,23.473215,22.120514],"batterytemp":[53.0,50.0,55.0],"triggerrate":[7.4,2.6,9.0],"triggersremaining":[4912.0,5208.0,5707.0],"crcerrors":[0.0,0.0,0.0]}