{"datalatency":[8.025401],"sensoruptime":[null,null,null],"battvoltage":[14.294,14.328,11.362],"arrayvoltage":[39.438,36.295,42.365],"chargecurrent":[1.5390000000000001,1.5319999999999998,2.3480000000000003],"chargestate":[6.0,6.0,6.0],"loadpower":[0.0,0.0,0.0],"batterytemp":[25.0,24.0,27.0],"triggerrate":[null,null,null],"triggersremaining":[null,null,null],"crcerrors":[1.0,null,1.0]}