{"datalatency":[23.499352000000002],"sensoruptime":[20.351111111111113,19.354166666666668,null],"battvoltage":[12.543,12.75,12.07],"arrayvoltage":[13.62,17.523,18.872],"chargecurrent":[0.191,1.435,10.158],"ledstate":[6.0,6.0,8.0],"loadpower":[25.055527,25.623968,8.28036],"batterytemp":[38.0,45.0,50.0],"triggerrate":[0.0,0.0,null],"triggersremaining":[22429.0,22430.0,null],"crcerrors":[null,null,0.0]}