{"datalatency":[8.540851],"sensoruptime":[44.75666666666667,43.77333333333333,44.75666666666667],"battvoltage":[12.259,12.299000000000001,12.112],"arrayvoltage":[0.583,0.632,41.489],"chargecurrent":[0.0,0.0,11.902999999999999],"chargestate":[3.0,3.0,6.0],"loadpower":[14.028957,14.194075999999999,9.02565],"batterytemp":[16.0,16.0,35.0],"triggerrate":[0.0,0.0,0.4],"triggersremaining":[21648.0,21649.0,21659.0],"crcerrors":[0.0,0.0,0.0]}