{"datalatency":[4.892343],"sensoruptime":[40.613055555555555,39.613055555555555,40.613055555555555],"battvoltage":[11.874,11.911,11.652000000000001],"arrayvoltage":[0.0,0.107,17.334],"chargecurrent":[0.005,0.005,11.398],"chargestate":[3.0,3.0,6.0],"loadpower":[23.569728,23.738505000000004,21.713829000000004],"batterytemp":[27.0,28.0,52.0],"triggerrate":[0.0,0.0,6.0],"triggersremaining":[20764.0,20772.0,21172.0],"crcerrors":[6.0,0.0,1.0]}