{"datalatency":[7.015350000000001],"sensoruptime":[148.7411111111111,147.74138888888888,148.7411111111111],"battvoltage":[14.175,14.139000000000001,11.868],"arrayvoltage":[42.12,42.255,42.465],"chargecurrent":[4.336,5.167000000000001,15.0],"chargestate":[6.0,6.0,6.0],"loadpower":[9.122784000000001,9.0954,9.050883],"batterytemp":[29.0,30.0,33.0],"triggerrate":[0.4,0.0,6.4],"triggersremaining":[20449.0,20457.0,21413.0],"crcerrors":[0.0,0.0,0.0]}