{"datalatency":[77.194754],"sensoruptime":[5.655833333333334,4.6561111111111115,null],"battvoltage":[13.547,13.51,12.488],"arrayvoltage":[18.979,18.340999999999998,19.625999999999998],"chargecurrent":[3.945,3.285,8.175],"ledstate":[5.0,5.0,6.0],"loadpower":[22.600674,23.146980999999997,6.0236],"batterytemp":[50.0,51.0,52.0],"triggerrate":[0.0,0.2,null],"triggersremaining":[7064.0,7071.0,null],"crcerrors":[0.0,0.0,0.0]}