{"datalatency":[11.888267],"sensoruptime":[null,null,18.859444444444446],"battvoltage":[12.024000000000001,12.027000000000001,11.456],"arrayvoltage":[0.0,0.0,17.825],"chargecurrent":[0.005,0.002,11.344000000000001],"chargestate":[3.0,3.0,6.0],"loadpower":[8.096088,8.672664,0.0],"batterytemp":[24.0,24.0,47.0],"triggerrate":[null,null,1.2000000000000002],"triggersremaining":[null,null,22150.0],"crcerrors":[null,null,0.0]}