{"datalatency":[7.58265],"sensoruptime":[200.06694444444443,199.0836111111111,200.06694444444443],"battvoltage":[12.68,14.328,12.106],"arrayvoltage":[26.611,36.510999999999996,41.711000000000006],"chargecurrent":[0.155,2.29,9.777000000000001],"chargestate":[5.0,6.0,6.0],"loadpower":[13.7885,14.57632,9.02565],"batterytemp":[19.0,24.0,34.0],"triggerrate":[0.0,0.0,0.4],"triggersremaining":[20349.0,20351.0,20367.0],"crcerrors":[0.0,0.0,0.0]}