{"datalatency":[25.922126000000002],"sensoruptime":[null,null,6.267777777777778],"battvoltage":[12.894,13.333,11.99],"arrayvoltage":[14.853,29.15,44.974],"chargecurrent":[0.0,0.23399999999999999,2.773],"chargestate":[5.0,5.0,6.0],"loadpower":[0.0,0.0,0.0],"batterytemp":[7.0,8.0,25.0],"triggerrate":[null,null,56.0],"triggersremaining":[null,null,14967.0],"crcerrors":[1.0,null,3.0]}