{"datalatency":[8.021754000000001],"sensoruptime":[56.42777777777778,55.444722222222225,56.42777777777778],"battvoltage":[11.838,13.242,11.645999999999999],"arrayvoltage":[20.38,36.376999999999995,40.738],"chargecurrent":[0.006999999999999999,1.921,11.615],"chargestate":[5.0,5.0,6.0],"loadpower":[14.18381,14.179357,9.041284000000001],"batterytemp":[20.0,26.0,34.0],"triggerrate":[0.0,0.0,0.4],"triggersremaining":[18409.0,18410.0,18418.0],"crcerrors":[0.0,0.0,0.0]}