{"datalatency":[6.582839000000001],"sensoruptime":[6.708055555555555,5.711111111111111,49.00611111111111],"battvoltage":[11.682,11.612,11.444],"arrayvoltage":[0.021,0.107,19.531],"chargecurrent":[0.002,0.002,12.99],"ledstate":[10.0,10.0,10.0],"loadpower":[23.484825,24.546496000000005,5.941168],"batterytemp":[25.0,25.0,41.0],"triggerrate":[0.0,0.0,2.4000000000000004],"triggersremaining":[14586.0,14592.0,14655.0],"crcerrors":[0.0,0.0,0.0]}