{"datalatency":[11.178138],"sensoruptime":[7.633333333333334,6.633611111111111,null],"battvoltage":[11.987,12.064,11.569],"arrayvoltage":[12.780999999999999,15.573,19.736],"chargecurrent":[0.046,0.336,12.392999999999999],"chargestate":[5.0,5.0,6.0],"loadpower":[23.291375,22.5225,6.808707000000001],"batterytemp":[29.0,34.0,44.0],"triggerrate":[0.0,0.0,null],"triggersremaining":[22161.0,22161.0,null],"crcerrors":[0.0,0.0,0.0]}