{"datalatency":[7.710437000000001],"sensoruptime":[224.7288888888889,223.74694444444444,224.7288888888889],"battvoltage":[12.07,12.106,12.036],"arrayvoltage":[1.379,12.695,36.472],"chargecurrent":[0.0,0.0,3.503],"chargestate":[3.0,5.0,5.0],"loadpower":[14.663502000000001,14.035798,9.995777999999998],"batterytemp":[14.0,15.0,18.0],"triggerrate":[1.0,1.4,4.4],"triggersremaining":[19840.0,19951.0,20349.0],"crcerrors":[0.0,0.0,0.0]}