{"datalatency":[37.709727],"sensoruptime":[0.1063888888888889,null,9.396944444444445],"battvoltage":[12.622,13.757,10.477],"arrayvoltage":[32.858000000000004,41.388000000000005,43.57899999999999],"chargecurrent":[1.14,1.8630000000000002,2.897],"chargestate":[7.0,7.0,7.0],"loadpower":[13.851720000000002,15.079951,0.0],"batterytemp":[21.0,23.0,24.0],"triggerrate":[0.0,null,58.6],"triggersremaining":[0.0,null,11607.0],"crcerrors":[27.0,4.0,20.0]}