{"datalatency":[8.611637],"sensoruptime":[125.74555555555555,124.76222222222222,125.74555555555555],"battvoltage":[12.411,12.534,12.073],"arrayvoltage":[32.269,31.006,39.211999999999996],"chargecurrent":[1.314,1.348,12.84],"chargestate":[5.0,5.0,6.0],"loadpower":[13.646724,13.861687,8.207364000000002],"batterytemp":[26.0,32.0,33.0],"triggerrate":[0.4,0.2,1.4],"triggersremaining":[21382.0,21413.0,21520.0],"crcerrors":[0.0,0.0,0.0]}