{"datalatency":[16.717476],"sensoruptime":[null,null,null],"battvoltage":[13.815,13.867,12.18],"arrayvoltage":[19.199,19.312,19.625999999999998],"chargecurrent":[3.3169999999999997,3.73,5.66],"chargestate":[6.0,6.0,6.0],"loadpower":[4.970260000000001,6.102252,4.102919999999999],"batterytemp":[41.0,39.0,41.0],"triggerrate":[null,null,null],"triggersremaining":[null,null,null],"crcerrors":[null,null,null]}