{"datalatency":[18.694553000000003],"sensoruptime":[143.85333333333332,142.87,143.85333333333332],"battvoltage":[13.293,12.741,12.253],"arrayvoltage":[14.05,14.697000000000001,18.066],"chargecurrent":[5.815,2.005,9.651],"ledstate":[6.0,6.0,6.0],"loadpower":[25.068504,24.7611,22.084208000000004],"batterytemp":[53.0,51.0,57.0],"triggerrate":[0.2,0.0,1.6],"triggersremaining":[6210.0,6246.0,6283.0],"crcerrors":[0.0,0.0,0.0]}