{"datalatency":[8.042147],"sensoruptime":[1.3972222222222221,0.3972222222222222,null],"battvoltage":[11.685,11.707,11.328],"arrayvoltage":[1.8219999999999998,13.037,19.949],"chargecurrent":[0.005,0.159,9.745],"ledstate":[10.0,10.0,10.0],"loadpower":[23.841216000000003,24.396569999999997,5.908896],"batterytemp":[32.0,39.0,51.0],"triggerrate":[0.0,0.0,null],"triggersremaining":[14568.0,14568.0,null],"crcerrors":[0.0,0.0,0.0]}