{"datalatency":[5.332696],"sensoruptime":[16.713333333333335,15.713611111111112,null],"battvoltage":[12.177,12.216,12.1],"arrayvoltage":[0.0,0.021,18.439],"chargecurrent":[0.002,0.005,9.9],"ledstate":[6.0,6.0,8.0],"loadpower":[24.547079999999998,23.639148,5.933112000000001],"batterytemp":[28.0,29.0,52.0],"triggerrate":[0.0,0.0,null],"triggersremaining":[14662.0,14663.0,null],"crcerrors":[0.0,0.0,0.0]}