{"datalatency":[12.658677],"sensoruptime":[43.77638888888889,42.776666666666664,43.77638888888889],"battvoltage":[11.722000000000001,11.758,11.652000000000001],"arrayvoltage":[0.0,0.0,17.334],"chargecurrent":[0.002,0.005,11.398],"chargestate":[3.0,3.0,6.0],"loadpower":[22.934013000000004,23.585967999999998,21.713829000000004],"batterytemp":[25.0,25.0,52.0],"triggerrate":[0.0,0.0,6.0],"triggersremaining":[20761.0,20761.0,21172.0],"crcerrors":[0.0,0.0,1.0]}