{"datalatency":[7.921556000000001],"sensoruptime":[30.265,29.265,30.265],"battvoltage":[14.203,14.203,11.49],"arrayvoltage":[41.812,41.388000000000005,42.148],"chargecurrent":[3.5269999999999997,3.713,12.352],"chargestate":[6.0,6.0,6.0],"loadpower":[12.408858,9.575258000000002,8.277874],"batterytemp":[28.0,28.0,29.0],"triggerrate":[0.0,0.0,0.4],"triggersremaining":[18419.0,18419.0,18432.0],"crcerrors":[0.0,0.0,0.0]}