{"datalatency":[19.716676],"sensoruptime":[243.3675,242.37027777777777,243.3675],"battvoltage":[12.972999999999999,12.866,12.073],"arrayvoltage":[15.380999999999998,15.82,18.073],"chargecurrent":[7.327000000000001,6.414,8.75],"ledstate":[8.0,8.0,8.0],"loadpower":[22.389564,22.10415,21.323016],"batterytemp":[46.0,40.0,52.0],"triggerrate":[0.0,0.0,1.2000000000000002],"triggersremaining":[12676.0,12676.0,12683.0],"crcerrors":[0.0,0.0,2.0]}