{"datalatency":[9.817718000000001],"sensoruptime":[7.216944444444445,6.217222222222222,20.196666666666665],"battvoltage":[11.99,12.369000000000002,11.224],"arrayvoltage":[15.82,15.142999999999999,19.736],"chargecurrent":[1.3119999999999998,1.3719999999999999,8.165],"ledstate":[10.0,10.0,11.0],"loadpower":[27.015599999999996,26.900328000000002,0.0],"batterytemp":[46.0,46.0,49.0],"triggerrate":[0.0,0.0,1.2000000000000002],"triggersremaining":[14558.0,14558.0,14563.0],"crcerrors":[0.0,0.0,0.0]}