{"datalatency":[12.895873],"sensoruptime":[335.3566666666667,334.3566666666667,335.3566666666667],"battvoltage":[12.216,12.177,12.14],"arrayvoltage":[16.553,16.409000000000002,18.753],"chargecurrent":[1.08,0.43200000000000005,11.622],"ledstate":[6.0,6.0,6.0],"loadpower":[22.600712000000005,22.679360000000003,20.870528999999998],"batterytemp":[25.0,23.0,44.0],"triggerrate":[0.0,0.0,1.2000000000000002],"triggersremaining":[12623.0,12623.0,12629.0],"crcerrors":[0.0,0.0,2.0]}