{"datalatency":[14.419879000000002],"sensoruptime":[383.5163888888889,382.5163888888889,383.5163888888889],"battvoltage":[12.075999999999999,12.057,12.027000000000001],"arrayvoltage":[16.608,13.765999999999998,17.78],"chargecurrent":[0.633,0.198,10.61],"ledstate":[8.0,8.0,8.0],"loadpower":[23.104845,23.711688000000002,20.806074],"batterytemp":[27.0,25.0,52.0],"triggerrate":[0.0,0.0,4.800000000000001],"triggersremaining":[12607.0,12607.0,12617.0],"crcerrors":[0.0,0.0,2.0]}