{"datalatency":[12.231609],"sensoruptime":[18.613888888888887,17.616944444444446,null],"battvoltage":[11.895999999999999,11.929,11.798],"arrayvoltage":[0.0,0.0,17.526],"chargecurrent":[0.005,0.005,10.419],"chargestate":[3.0,3.0,5.0],"loadpower":[22.686267000000004,24.226364000000004,6.167125],"batterytemp":[25.0,26.0,49.0],"triggerrate":[0.0,0.0,null],"triggersremaining":[21172.0,21172.0,null],"crcerrors":[0.0,0.0,0.0]}