{"datalatency":[17.3349],"sensoruptime":[null,null,null],"battvoltage":[12.408,12.415,12.216],"arrayvoltage":[13.515999999999998,0.214,19.625999999999998],"chargecurrent":[0.08,0.005,5.361000000000001],"chargestate":[5.0,3.0,6.0],"loadpower":[6.283251,6.580683,4.102919999999999],"batterytemp":[13.0,14.0,45.0],"triggerrate":[null,null,null],"triggersremaining":[null,null,null],"crcerrors":[null,null,null]}