{"datalatency":[7.706052000000001],"sensoruptime":[212.06527777777777,211.08194444444445,212.06527777777777],"battvoltage":[12.247,12.259,12.106],"arrayvoltage":[0.958,0.922,41.711000000000006],"chargecurrent":[0.0,0.0,9.777000000000001],"chargestate":[3.0,3.0,6.0],"loadpower":[14.212421999999998,14.212421999999998,9.02565],"batterytemp":[13.0,13.0,34.0],"triggerrate":[0.0,0.4,0.8],"triggersremaining":[20307.0,20321.0,20356.0],"crcerrors":[0.0,0.0,0.0]}