{"datalatency":[7.909957],"sensoruptime":[3.602222222222222,2.6191666666666666,31.859444444444446],"battvoltage":[13.443,14.27,11.465],"arrayvoltage":[36.667,41.821000000000005,42.065],"chargecurrent":[3.109,13.545,15.002],"chargestate":[5.0,6.0,6.0],"loadpower":[9.697453,9.220584,0.0],"batterytemp":[22.0,26.0,28.0],"triggerrate":[0.0,0.0,2.0],"triggersremaining":[18434.0,18434.0,18587.0],"crcerrors":[1.0,0.0,4.0]}