{"datalatency":[7.856306000000001],"sensoruptime":[0.6202777777777778,0.14916666666666667,null],"battvoltage":[11.914000000000001,11.359000000000002,10.944],"arrayvoltage":[0.9,0.821,41.791000000000004],"chargecurrent":[0.0,0.0,2.923],"chargestate":[3.0,3.0,6.0],"loadpower":[13.839960000000003,13.978751999999998,0.0],"batterytemp":[12.0,13.0,32.0],"triggerrate":[0.0,0.0,null],"triggersremaining":[18371.0,18372.0,null],"crcerrors":[0.0,0.0,0.0]}