{"datalatency":[7.760934000000001],"sensoruptime":[221.5638888888889,220.56416666666667,221.5638888888889],"battvoltage":[12.18,12.183,12.085],"arrayvoltage":[31.497,29.749000000000002,41.711000000000006],"chargecurrent":[0.382,0.45399999999999996,3.503],"chargestate":[5.0,5.0,6.0],"loadpower":[14.886200000000002,13.27326,9.49424],"batterytemp":[15.0,15.0,28.0],"triggerrate":[0.8,1.0,2.2],"triggersremaining":[20164.0,20221.0,20351.0],"crcerrors":[0.0,0.0,0.0]}