{"datalatency":[4.955952],"sensoruptime":[null,null,12.61],"battvoltage":[12.097000000000001,11.562999999999999,11.31],"arrayvoltage":[0.021,0.021,19.949],"chargecurrent":[0.005,0.002,12.057],"ledstate":[10.0,10.0,11.0],"loadpower":[8.618744,7.845166000000001,0.0],"batterytemp":[25.0,25.0,50.0],"triggerrate":[null,null,2.4000000000000004],"triggersremaining":[null,null,14585.0],"crcerrors":[null,null,0.0]}