{"datalatency":[15.116558000000001],"sensoruptime":[55.619166666666665,54.61944444444445,55.619166666666665],"battvoltage":[13.043,12.491,11.499],"arrayvoltage":[14.499,15.912,18.410999999999998],"chargecurrent":[8.764,3.718,12.030999999999999],"ledstate":[8.0,8.0,10.0],"loadpower":[23.186132000000004,22.802122,21.764498],"batterytemp":[52.0,49.0,52.0],"triggerrate":[0.0,0.0,6.0],"triggersremaining":[20758.0,20758.0,21056.0],"crcerrors":[0.0,0.0,1.0]}