{"datalatency":[31.492523000000002],"sensoruptime":[6.166111111111111,5.166111111111111,152.8761111111111],"battvoltage":[12.177,11.911,11.453],"arrayvoltage":[17.38,17.145,20.047],"chargecurrent":[4.24,2.1109999999999998,14.731],"chargestate":[5,5,6],"loadpower":[26.511808,26.872494000000003,0.0],"batterytemp":[25,23,39],"triggerrate":[null,null,null],"triggersremaining":[14672.0,14672.0,14942.0],"crcerrors":[null,null,0.0]}