{"datalatency":[16.794239],"sensoruptime":[443.83944444444444,442.83972222222224,443.83944444444444],"battvoltage":[12.222000000000001,12.302,12.027000000000001],"arrayvoltage":[12.671,15.335,17.487000000000002],"chargecurrent":[0.0,0.348,10.864],"ledstate":[6.0,6.0,8.0],"loadpower":[23.907636000000004,23.392551,21.481326],"batterytemp":[35.0,41.0,49.0],"triggerrate":[0.0,0.0,16.8],"triggersremaining":[11714.0,11715.0,12596.0],"crcerrors":[0.0,0.0,2.0]}