{"datalatency":[14.790313000000001],"sensoruptime":[47.27861111111111,46.281666666666666,47.27861111111111],"battvoltage":[11.572000000000001,11.606,11.569],"arrayvoltage":[15.915,10.751,17.334],"chargecurrent":[0.35,0.005,11.398],"chargestate":[5.0,3.0,6.0],"loadpower":[25.484736,24.001193999999998,21.713829000000004],"batterytemp":[26.0,25.0,52.0],"triggerrate":[0.0,0.0,6.0],"triggersremaining":[20760.0,20760.0,21171.0],"crcerrors":[0.0,0.0,1.0]}