{"datalatency":[37.784639000000006],"sensoruptime":[0.049444444444444444,null,7.746944444444445],"battvoltage":[11.591,12.415,10.802999999999999],"arrayvoltage":[25.043000000000003,1.361,33.400999999999996],"chargecurrent":[0.155,0.0,2.329],"chargestate":[5.0,3.0,6.0],"loadpower":[13.879957,0.0,0.0],"batterytemp":[20.0,20.0,28.0],"triggerrate":[0.0,null,null],"triggersremaining":[11687.0,null,12014.0],"crcerrors":[0.0,0.0,0.0]}