{"datalatency":[7.466077],"sensoruptime":[171.2375,170.25444444444443,171.2375],"battvoltage":[14.267000000000001,14.235999999999999,12.183],"arrayvoltage":[42.471000000000004,42.688,43.121],"chargecurrent":[3.43,4.0680000000000005,10.794],"chargestate":[6.0,6.0,6.0],"loadpower":[11.337072,10.463684,8.596613999999999],"batterytemp":[26.0,27.0,30.0],"triggerrate":[0.0,0.0,0.8],"triggersremaining":[20369.0,20369.0,20459.0],"crcerrors":[0.0,0.0,0.0]}