{"datalatency":[8.488937],"sensoruptime":[33.75833333333333,32.775,33.75833333333333],"battvoltage":[12.589,12.628,12.112],"arrayvoltage":[0.5770000000000001,3.217,41.489],"chargecurrent":[0.0,0.0,11.902999999999999],"chargestate":[3.0,3.0,6.0],"loadpower":[13.792581,13.773396,9.02565],"batterytemp":[19.0,21.0,35.0],"triggerrate":[0.0,0.0,1.0],"triggersremaining":[21653.0,21653.0,21697.0],"crcerrors":[0.0,0.0,0.0]}