{"datalatency":[30.457158000000003],"sensoruptime":[1.8211111111111111,0.8213888888888888,null],"battvoltage":[13.815,14.02,12.530999999999999],"arrayvoltage":[18.796,18.469,19.305],"chargecurrent":[4.5680000000000005,5.404,6.841],"chargestate":[6.0,6.0,6.0],"loadpower":[23.632728,22.938512000000003,11.041264],"batterytemp":[41.0,34.0,41.0],"triggerrate":[null,null,null],"triggersremaining":[22493.0,22493.0,null],"crcerrors":[0.0,null,0.0]}