{"datalatency":[19.282872],"sensoruptime":[191.51277777777779,190.51277777777779,191.51277777777779],"battvoltage":[12.863,13.177,12.1],"arrayvoltage":[15.527000000000001,14.212,17.969],"chargecurrent":[5.626,8.25,9.222999999999999],"ledstate":[6.0,6.0,6.0],"loadpower":[22.757664000000002,23.681434999999997,21.987524],"batterytemp":[51.0,53.0,57.0],"triggerrate":[0.8,0.0,6.4],"triggersremaining":[5782.0,5811.0,6117.0],"crcerrors":[0.0,0.0,0.0]}