{"datalatency":[8.824794],"sensoruptime":[130.57722222222222,129.57805555555555,130.57722222222222],"battvoltage":[12.109000000000002,12.145999999999999,12.073],"arrayvoltage":[0.748,0.735,34.378],"chargecurrent":[0.0,0.0,12.84],"chargestate":[3.0,3.0,5.0],"loadpower":[14.059956000000003,14.51377,10.0584],"batterytemp":[23.0,22.0,33.0],"triggerrate":[1.6,1.0,6.0],"triggersremaining":[20811.0,20977.0,21501.0],"crcerrors":[0.0,0.0,0.0]}