{"datalatency":[8.153559000000001],"sensoruptime":[47.418055555555554,46.418055555555554,47.418055555555554],"battvoltage":[14.175,14.139000000000001,12.115],"arrayvoltage":[40.753,40.952,41.931000000000004],"chargecurrent":[2.988,3.679,7.356],"chargestate":[6.0,6.0,6.0],"loadpower":[12.118858000000001,9.144952,8.875646],"batterytemp":[29.0,30.0,30.0],"triggerrate":[0.0,0.0,0.6],"triggersremaining":[22214.0,22214.0,22257.0],"crcerrors":[0.0,0.0,0.0]}