{"datalatency":[8.304083],"sensoruptime":[5.618055555555555,4.618333333333333,114.10888888888888],"battvoltage":[11.800999999999998,11.847000000000001,11.469000000000001],"arrayvoltage":[0.983,29.736,35.4],"chargecurrent":[0.0,0.365,6.643],"chargestate":[3.0,5.0,5.0],"loadpower":[13.736756999999999,13.738325999999999,0.0],"batterytemp":[18.0,20.0,27.0],"triggerrate":[0.2,0.0,0.6],"triggersremaining":[21914.0,21922.0,21952.0],"crcerrors":[0.0,0.0,0.0]}