{"datalatency":[20.625352000000003],"sensoruptime":[57.160833333333336,56.160833333333336,57.160833333333336],"battvoltage":[12.177,12.292,11.874],"arrayvoltage":[16.262999999999998,15.378,16.500999999999998],"chargecurrent":[1.046,1.889,10.463],"ledstate":[6.0,6.0,8.0],"loadpower":[23.698112,24.031959999999998,21.727188],"batterytemp":[44.0,48.0,50.0],"triggerrate":[0.4,0.0,0.8],"triggersremaining":[1502.0,1507.0,1532.0],"crcerrors":[0.0,0.0,0.0]}