{"datalatency":[7.599310000000001],"sensoruptime":[187.40194444444444,186.4188888888889,187.40194444444444],"battvoltage":[12.222000000000001,12.259,12.183],"arrayvoltage":[0.6809999999999999,0.662,43.121],"chargecurrent":[0.0,0.0,10.794],"chargestate":[3.0,3.0,6.0],"loadpower":[14.167103999999998,14.212421999999998,8.98432],"batterytemp":[4.0,5.0,29.0],"triggerrate":[0.0,0.0,0.4],"triggersremaining":[20357.0,20357.0,20372.0],"crcerrors":[0.0,0.0,0.0]}