{"datalatency":[35.322216000000004],"sensoruptime":[null,null,null],"battvoltage":[13.321,13.47,11.481],"arrayvoltage":[18.503,18.451,19.680999999999997],"chargecurrent":[4.59,6.329,9.955],"chargestate":[5.0,5.0,5.0],"loadpower":[10.585600000000001,10.708,0.0],"batterytemp":[37.0,37.0,37.0],"triggerrate":[null,null,null],"triggersremaining":[null,null,null],"crcerrors":[null,null,null]}