{"datalatency":[10.251734],"sensoruptime":[null,null,null],"battvoltage":[13.754000000000001,13.69,12.735],"arrayvoltage":[40.091,41.586000000000006,44.855],"chargecurrent":[0.5579999999999999,0.478,0.609],"chargestate":[7.0,7.0,7.0],"loadpower":[0.0,0.0,0.0],"batterytemp":[23.0,25.0,25.0],"triggerrate":[null,null,null],"triggersremaining":[null,null,null],"crcerrors":[null,null,null]}