{"datalatency":[12.746619],"sensoruptime":[49.44222222222222,48.4425,49.44222222222222],"battvoltage":[11.562999999999999,11.565999999999999,11.499],"arrayvoltage":[16.312,15.475,17.334],"chargecurrent":[0.667,0.312,11.398],"chargestate":[5.0,5.0,6.0],"loadpower":[22.924374,22.124157000000004,21.713829000000004],"batterytemp":[28.0,27.0,52.0],"triggerrate":[0.0,0.0,6.0],"triggersremaining":[20759.0,20759.0,21155.0],"crcerrors":[0.0,0.0,1.0]}