{"datalatency":[8.627698],"sensoruptime":[79.58527777777778,78.60194444444444,79.58527777777778],"battvoltage":[12.527000000000001,12.604000000000001,12.183],"arrayvoltage":[21.875,28.232,38.708],"chargecurrent":[0.017,0.645,8.752],"chargestate":[5.0,5.0,6.0],"loadpower":[13.671718,13.798622,9.957479999999999],"batterytemp":[22.0,26.0,34.0],"triggerrate":[0.0,0.0,0.6],"triggersremaining":[21604.0,21610.0,21646.0],"crcerrors":[0.0,0.0,0.0]}