{"datalatency":[8.603007],"sensoruptime":[69.75305555555556,68.77,69.75305555555556],"battvoltage":[12.222000000000001,12.259,12.18],"arrayvoltage":[1.08,0.7140000000000001,40.146],"chargecurrent":[0.0,0.0,10.228],"chargestate":[3.0,3.0,6.0],"loadpower":[14.142719999999999,13.710951,8.80245],"batterytemp":[16.0,15.0,34.0],"triggerrate":[0.0,0.0,0.2],"triggersremaining":[21641.0,21641.0,21648.0],"crcerrors":[0.0,0.0,0.0]}