{"datalatency":[8.843947],"sensoruptime":[116.41333333333333,115.43027777777777,116.41333333333333],"battvoltage":[12.207,12.222000000000001,12.03],"arrayvoltage":[0.9490000000000001,0.9279999999999999,41.65],"chargecurrent":[0.0,0.0,11.832],"chargestate":[3.0,3.0,6.0],"loadpower":[14.167103999999998,14.167103999999998,8.207364000000002],"batterytemp":[21.0,21.0,32.0],"triggerrate":[0.0,0.0,0.6],"triggersremaining":[21473.0,21474.0,21556.0],"crcerrors":[0.0,0.0,0.0]}