{"datalatency":[16.09467],"sensoruptime":[0.39444444444444443,null,null],"battvoltage":[11.685,12.289000000000001,11.328],"arrayvoltage":[13.037,16.312,19.949],"chargecurrent":[0.159,0.29,9.745],"ledstate":[10.0,10.0,10.0],"loadpower":[23.998338000000004,7.985044,5.908896],"batterytemp":[40.0,44.0,51.0],"triggerrate":[0.0,null,null],"triggersremaining":[14568.0,null,null],"crcerrors":[0.0,0.0,0.0]}