{"datalatency":[8.434991],"sensoruptime":[26.259166666666665,25.259444444444444,26.259166666666665],"battvoltage":[14.081,14.081,12.112],"arrayvoltage":[40.173,38.87,41.489],"chargecurrent":[4.6,5.968999999999999,13.241],"chargestate":[6.0,6.0,6.0],"loadpower":[9.47205,9.499949999999998,9.067364],"batterytemp":[32.0,32.0,41.0],"triggerrate":[0.0,0.0,1.0],"triggersremaining":[21655.0,21656.0,21740.0],"crcerrors":[0.0,0.0,0.0]}