{"datalatency":[7.7614160000000005],"sensoruptime":[222.5638888888889,221.58055555555555,222.5638888888889],"battvoltage":[12.07,12.152000000000001,12.07],"arrayvoltage":[26.52,29.688000000000002,41.711000000000006],"chargecurrent":[0.316,0.321,3.503],"chargestate":[5.0,5.0,6.0],"loadpower":[13.702065000000001,14.124109999999998,9.995777999999998],"batterytemp":[15.0,15.0,24.0],"triggerrate":[1.0,1.0,2.2],"triggersremaining":[20093.0,20163.0,20351.0],"crcerrors":[0.0,0.0,0.0]}