{"datalatency":[37.71305],"sensoruptime":[1.4155555555555555,0.41583333333333333,9.396944444444445],"battvoltage":[14.349,14.440999999999999,10.477],"arrayvoltage":[40.689,41.663000000000004,43.57899999999999],"chargecurrent":[2.346,2.351,2.897],"chargestate":[6.0,6.0,8.0],"loadpower":[20.507116000000003,21.331766,0.0],"batterytemp":[23.0,20.0,26.0],"triggerrate":[55.6,58.2,58.6],"triggersremaining":[4149.0,7277.0,11629.0],"crcerrors":[1.0,0.0,1.0]}