{"datalatency":[18.76865],"sensoruptime":[546.9902777777778,545.9905555555556,546.9902777777778],"battvoltage":[11.606,11.615,11.6],"arrayvoltage":[0.0,0.0,17.575],"chargecurrent":[0.005,0.002,11.448],"ledstate":[10.0,10.0,10.0],"loadpower":[23.506938000000005,23.582196000000007,22.237292000000004],"batterytemp":[27.0,28.0,51.0],"triggerrate":[0.0,0.0,2.4000000000000004],"triggersremaining":[11256.0,11256.0,11312.0],"crcerrors":[0.0,0.0,2.0]}