{"datalatency":[7.596268],"sensoruptime":[178.23666666666668,177.25333333333333,178.23666666666668],"battvoltage":[12.527000000000001,12.573,12.183],"arrayvoltage":[0.638,0.6679999999999999,43.121],"chargecurrent":[0.0,0.0,10.794],"chargestate":[3.0,3.0,6.0],"loadpower":[13.671718,13.6686,8.98432],"batterytemp":[11.0,12.0,29.0],"triggerrate":[0.0,0.0,0.6],"triggersremaining":[20364.0,20364.0,20400.0],"crcerrors":[0.0,0.0,0.0]}