{"datalatency":[7.774946000000001],"sensoruptime":[30.726111111111113,29.743055555555557,30.726111111111113],"battvoltage":[11.508,11.533,11.508],"arrayvoltage":[0.912,0.815,34.238],"chargecurrent":[0.0,0.0,1.4709999999999999],"chargestate":[3.0,3.0,5.0],"loadpower":[14.14781,14.231685000000002,13.408536],"batterytemp":[16.0,17.0,20.0],"triggerrate":[0.2,0.4,2.0],"triggersremaining":[18445.0,18459.0,18650.0],"crcerrors":[1.0,0.0,4.0]}