{"datalatency":[26.997424000000002],"sensoruptime":[3.5475,2.5477777777777777,57.48722222222222],"battvoltage":[12.216,12.520999999999999,11.639000000000001],"arrayvoltage":[16.895,15.918,17.78],"chargecurrent":[1.9880000000000002,2.988,12.284],"ledstate":[8.0,8.0,10.0],"loadpower":[23.975244,23.212411,6.942914999999999],"batterytemp":[35.0,44.0,48.0],"triggerrate":[0.0,0.0,7.200004464002768],"triggersremaining":[22178.0,22178.0,22335.0],"crcerrors":[null,null,0.0]}