{"datalatency":[13.071666],"sensoruptime":[337.0230555555556,336.0233333333333,337.0230555555556],"battvoltage":[12.177,12.14,12.109000000000002],"arrayvoltage":[16.945999999999998,15.964,18.753],"chargecurrent":[0.862,0.387,11.622],"ledstate":[6.0,6.0,6.0],"loadpower":[23.055328,22.955112,20.870528999999998],"batterytemp":[27.0,26.0,44.0],"triggerrate":[0.0,0.0,1.2000000000000002],"triggersremaining":[12622.0,12622.0,12628.0],"crcerrors":[0.0,0.0,2.0]}