{"datalatency":[9.769111],"sensoruptime":[10.040833333333333,9.043888888888889,49.00611111111111],"battvoltage":[11.606,11.620999999999999,11.444],"arrayvoltage":[0.009000000000000001,0.003,19.531],"chargecurrent":[0.005,0.005,12.99],"ledstate":[10.0,10.0,10.0],"loadpower":[23.595308000000003,23.164812000000005,5.941168],"batterytemp":[24.0,24.0,41.0],"triggerrate":[0.0,0.0,2.4000000000000004],"triggersremaining":[14585.0,14585.0,14654.0],"crcerrors":[0.0,0.0,0.0]}