{"datalatency":[56.688995000000006],"sensoruptime":[16.711944444444445,15.712222222222222,null],"battvoltage":[12.18,12.216,12.177],"arrayvoltage":[0.08900000000000001,0.0,19.632],"chargecurrent":[0.002,0.002,7.9],"ledstate":[6.0,6.0,6.0],"loadpower":[23.744128000000003,23.7315,5.802676],"batterytemp":[28.0,29.0,49.0],"triggerrate":[0.0,0.0,null],"triggersremaining":[22327.0,22328.0,null],"crcerrors":[0.0,0.0,0.0]}