{"datalatency":[20.432776],"sensoruptime":[40.68138888888889,39.681666666666665,40.68138888888889],"battvoltage":[12.183,12.555,12.064],"arrayvoltage":[16.217,16.797,18.872],"chargecurrent":[1.1640000000000001,3.022,7.774],"ledstate":[8.0,8.0,8.0],"loadpower":[23.417488,23.27776,22.625028],"batterytemp":[34.0,34.0,50.0],"triggerrate":[0.0,0.0,2.4000255842727283],"triggersremaining":[22334.0,22345.0,22430.0],"crcerrors":[null,null,0.0]}