{"datalatency":[8.071034000000001],"sensoruptime":[82.74638888888889,81.74666666666667,82.74638888888889],"battvoltage":[12.03,12.03,12.03],"arrayvoltage":[0.7809999999999999,0.7170000000000001,35.016],"chargecurrent":[0.0,0.0,2.8360000000000003],"chargestate":[3.0,3.0,5.0],"loadpower":[13.943999999999999,13.968000000000002,13.31694],"batterytemp":[12.0,12.0,20.0],"triggerrate":[0.2,0.2,4.4],"triggersremaining":[21992.0,22003.0,22199.0],"crcerrors":[0.0,0.0,0.0]}