{"datalatency":[7.705742000000001],"sensoruptime":[222.23055555555555,221.24722222222223,222.23055555555555],"battvoltage":[12.145999999999999,12.145999999999999,12.07],"arrayvoltage":[26.224,29.688000000000002,41.711000000000006],"chargecurrent":[0.126,0.358,3.503],"chargestate":[5.0,5.0,6.0],"loadpower":[14.101860000000002,14.124109999999998,9.948268],"batterytemp":[14.0,15.0,25.0],"triggerrate":[1.0,1.0,2.2],"triggersremaining":[20112.0,20179.0,20351.0],"crcerrors":[0.0,0.0,0.0]}