{"datalatency":[18.95316],"sensoruptime":[226.20305555555555,225.20333333333335,226.20305555555555],"battvoltage":[12.558,13.015999999999998,11.950999999999999],"arrayvoltage":[17.429000000000002,16.016,18.372],"chargecurrent":[1.52,4.836,8.75],"ledstate":[6.0,6.0,8.0],"loadpower":[23.391830000000002,22.458844,21.252608000000002],"batterytemp":[50.0,52.0,52.0],"triggerrate":[0.0,0.0,1.2000000000000002],"triggersremaining":[12681.0,12681.0,12687.0],"crcerrors":[0.0,0.0,2.0]}