{"datalatency":[15.649522000000001],"sensoruptime":[15.669722222222223,14.669722222222223,null],"battvoltage":[11.673,11.71,11.45],"arrayvoltage":[0.107,0.107,19.305],"chargecurrent":[0.002,0.005,7.371],"ledstate":[10.0,10.0,11.0],"loadpower":[23.417668000000003,23.474004,0.0],"batterytemp":[23.0,24.0,49.0],"triggerrate":[0.0,0.0,null],"triggersremaining":[14561.0,14561.0,null],"crcerrors":[0.0,0.0,0.0]}