{"datalatency":[14.453972],"sensoruptime":[375.85083333333336,374.85083333333336,375.85083333333336],"battvoltage":[12.177,12.216,12.064],"arrayvoltage":[0.08199999999999999,0.067,17.78],"chargecurrent":[0.005,0.005,10.61],"ledstate":[6.0,6.0,8.0],"loadpower":[23.415700000000005,23.639148,20.806074],"batterytemp":[26.0,27.0,52.0],"triggerrate":[0.0,0.0,4.800000000000001],"triggersremaining":[12609.0,12609.0,12619.0],"crcerrors":[0.0,0.0,2.0]}