{"datalatency":[17.91665],"sensoruptime":[191.54166666666666,190.54166666666666,191.54166666666666],"battvoltage":[11.835,11.844000000000001,11.804],"arrayvoltage":[13.860999999999999,13.62,17.38],"chargecurrent":[0.22699999999999998,0.159,11.315],"ledstate":[8.0,8.0,8.0],"loadpower":[23.563239000000003,23.764229999999998,21.720450999999997],"batterytemp":[25.0,24.0,53.0],"triggerrate":[0.0,0.0,1.2000000000000002],"triggersremaining":[12690.0,12690.0,12702.0],"crcerrors":[0.0,0.0,2.0]}