{"datalatency":[17.814862],"sensoruptime":[19.372222222222224,18.389166666666668,76.74361111111111],"battvoltage":[12.558,12.558,12.14],"arrayvoltage":[15.68,16.84,17.526],"chargecurrent":[1.652,2.928,8.977],"ledstate":[6.0,6.0,6.0],"loadpower":[23.572608000000002,23.074345,21.808872],"batterytemp":[37.0,32.0,51.0],"triggerrate":[0.0,0.0,3.8],"triggersremaining":[6328.0,6328.0,6677.0],"crcerrors":[0.0,0.0,0.0]}