{"datalatency":[8.624913000000001],"sensoruptime":[76.91888888888889,75.93555555555555,76.91888888888889],"battvoltage":[13.602,13.208,12.183],"arrayvoltage":[33.306999999999995,33.835,37.491],"chargecurrent":[5.803,4.162,8.752],"chargestate":[5.0,5.0,6.0],"loadpower":[10.793600000000001,10.509084,9.144952],"batterytemp":[33.0,29.0,34.0],"triggerrate":[0.2,0.2,0.6],"triggersremaining":[21614.0,21618.0,21646.0],"crcerrors":[0.0,0.0,0.0]}