{"datalatency":[37.618681],"sensoruptime":[null,7.2636111111111115,7.746944444444445],"battvoltage":[12.415,12.106,11.110999999999999],"arrayvoltage":[4.755,25.586,33.400999999999996],"chargecurrent":[0.0,0.14300000000000002,2.329],"chargestate":[3.0,5.0,6.0],"loadpower":[0.0,14.035798,0.0],"batterytemp":[22.0,24.0,28.0],"triggerrate":[null,2.0,null],"triggersremaining":[null,11702.0,12014.0],"crcerrors":[1.0,0.0,0.0]}