{"datalatency":[37.653591000000006],"sensoruptime":[1.6097222222222223,0.61,9.396944444444445],"battvoltage":[13.989,11.777000000000001,10.477],"arrayvoltage":[36.141999999999996,32.388000000000005,43.231],"chargecurrent":[2.363,0.841,3.302],"chargestate":[5.0,5.0,8.0],"loadpower":[18.848406,13.830935999999998,0.0],"batterytemp":[13.0,10.0,26.0],"triggerrate":[1.4,0.2,19.2],"triggersremaining":[11404.0,11440.0,11636.0],"crcerrors":[0.0,0.0,0.0]}