{"datalatency":[8.757507],"sensoruptime":[86.4175,85.41777777777777,86.4175],"battvoltage":[12.222000000000001,12.231,12.183],"arrayvoltage":[0.626,0.748,38.708],"chargecurrent":[0.0,0.0,8.752],"chargestate":[3.0,3.0,6.0],"loadpower":[14.167103999999998,14.212421999999998,9.957479999999999],"batterytemp":[19.0,19.0,34.0],"triggerrate":[0.2,0.4,0.6],"triggersremaining":[21587.0,21592.0,21644.0],"crcerrors":[0.0,0.0,0.0]}