{"datalatency":[7.262704],"sensoruptime":[158.9063888888889,157.92305555555555,158.9063888888889],"battvoltage":[12.375,12.415,11.868],"arrayvoltage":[0.613,0.626,42.465],"chargecurrent":[0.0,0.0,15.0],"chargestate":[3.0,3.0,6.0],"loadpower":[13.751216000000003,13.857696,8.596613999999999],"batterytemp":[10.0,11.0,33.0],"triggerrate":[0.0,0.2,0.8],"triggersremaining":[20384.0,20389.0,20478.0],"crcerrors":[0.0,0.0,0.0]}