{"datalatency":[8.337838],"sensoruptime":[3.8691666666666666,2.886111111111111,11.33388888888889],"battvoltage":[12.450999999999999,11.569,10.427999999999999],"arrayvoltage":[0.7290000000000001,11.923,43.015],"chargecurrent":[0.0,0.0,3.5439999999999996],"chargestate":[3.0,5.0,6.0],"loadpower":[13.687942,14.219744,0.0],"batterytemp":[18.0,19.0,27.0],"triggerrate":[2.2,0.8,4.2],"triggersremaining":[22353.0,22452.0,22496.0],"crcerrors":[0.0,0.0,0.0]}