{"datalatency":[8.64864],"sensoruptime":[84.08444444444444,83.08472222222223,84.08444444444444],"battvoltage":[12.283,12.335,12.183],"arrayvoltage":[0.69,0.61,38.708],"chargecurrent":[0.0,0.0,8.752],"chargestate":[3.0,3.0,6.0],"loadpower":[14.255415999999999,14.301896,9.957479999999999],"batterytemp":[19.0,19.0,34.0],"triggerrate":[0.0,0.0,0.6],"triggersremaining":[21598.0,21600.0,21644.0],"crcerrors":[0.0,0.0,0.0]}