{"datalatency":[11.196459],"sensoruptime":[6.966944444444445,5.966944444444445,null],"battvoltage":[12.064,12.14,11.569],"arrayvoltage":[16.357,16.070999999999998,19.736],"chargecurrent":[0.524,1.215,12.392999999999999],"chargestate":[5.0,5.0,6.0],"loadpower":[22.894872,23.79386,6.808707000000001],"batterytemp":[32.0,38.0,44.0],"triggerrate":[0.0,0.0,null],"triggersremaining":[22161.0,22161.0,null],"crcerrors":[0.0,0.0,0.0]}