{"datalatency":[7.635871000000001],"sensoruptime":[182.9025,181.91944444444445,182.9025],"battvoltage":[12.375,12.415,12.183],"arrayvoltage":[0.632,0.629,43.121],"chargecurrent":[0.0,0.0,10.794],"chargestate":[3.0,3.0,6.0],"loadpower":[13.479648000000003,13.523328000000001,8.98432],"batterytemp":[8.0,8.0,29.0],"triggerrate":[0.0,0.0,0.4],"triggersremaining":[20363.0,20363.0,20384.0],"crcerrors":[0.0,0.0,0.0]}