{"datalatency":[20.847423000000003],"sensoruptime":[276.02916666666664,275.03222222222223,276.02916666666664],"battvoltage":[12.433,12.482000000000001,12.103],"arrayvoltage":[11.823,16.070999999999998,18.506],"chargecurrent":[0.0,0.287,9.074],"ledstate":[6.0,6.0,6.0],"loadpower":[23.831739,22.739957,21.141912],"batterytemp":[34.0,43.0,53.0],"triggerrate":[0.0,0.0,2.4000000000000004],"triggersremaining":[12642.0,12643.0,12673.0],"crcerrors":[0.0,0.0,2.0]}