{"datalatency":[8.991228000000001],"sensoruptime":[19.713055555555556,18.713055555555556,null],"battvoltage":[12.064,12.1,12.064],"arrayvoltage":[9.198,0.0,18.439],"chargecurrent":[0.002,0.005,9.9],"ledstate":[8.0,6.0,8.0],"loadpower":[23.728419,23.885887999999998,5.933112000000001],"batterytemp":[28.0,28.0,52.0],"triggerrate":[0.0,0.0,null],"triggersremaining":[14662.0,14662.0,null],"crcerrors":[0.0,0.0,0.0]}