{"datalatency":[20.895809],"sensoruptime":[555.3225,554.3225,555.3225],"battvoltage":[11.722000000000001,11.995999999999999,11.53],"arrayvoltage":[16.409000000000002,16.702,17.575],"chargecurrent":[1.9080000000000001,3.662,11.448],"ledstate":[10.0,10.0,10.0],"loadpower":[23.398349999999997,23.250646,22.191635],"batterytemp":[34.0,34.0,51.0],"triggerrate":[0.0,0.0,2.4000000000000004],"triggersremaining":[11254.0,11254.0,11310.0],"crcerrors":[0.0,0.0,2.0]}