{"datalatency":[20.440409000000002],"sensoruptime":[39.848333333333336,38.848333333333336,39.848333333333336],"battvoltage":[12.445,12.286,12.064],"arrayvoltage":[16.843,17.038,18.872],"chargecurrent":[2.0580000000000003,2.964,7.774],"ledstate":[8.0,8.0,8.0],"loadpower":[23.527728000000003,24.420229000000003,22.625028],"batterytemp":[35.0,29.0,50.0],"triggerrate":[0.0,1.1999998560000174,2.4000255842727283],"triggersremaining":[22344.0,22371.0,22431.0],"crcerrors":[null,null,0.0]}