{"datalatency":[21.697278],"sensoruptime":[301.69194444444446,300.695,301.69194444444446],"battvoltage":[12.482000000000001,12.517999999999999,12.183],"arrayvoltage":[0.061,0.214,18.463],"chargecurrent":[0.005,0.002,9.376],"ledstate":[6.0,6.0,6.0],"loadpower":[23.977887000000003,23.591348,21.533700000000003],"batterytemp":[28.0,30.0,50.0],"triggerrate":[0.0,0.0,1.2000000000000002],"triggersremaining":[12631.0,12631.0,12642.0],"crcerrors":[0.0,0.0,2.0]}