{"datalatency":[25.803862000000002],"sensoruptime":[25.150555555555556,24.153333333333332,25.150555555555556],"battvoltage":[13.129000000000001,12.597999999999999,12.064],"arrayvoltage":[16.214000000000002,17.239,20.032],"chargecurrent":[9.586,3.677,10.168],"chargestate":[5.0,5.0,7.0],"loadpower":[23.81868,24.633546000000003,22.619726999999994],"batterytemp":[38.0,33.0,47.0],"triggerrate":[null,null,null],"triggersremaining":[22487.0,22487.0,22493.0],"crcerrors":[null,null,0.0]}