{"datalatency":[11.183984],"sensoruptime":[17.21472222222222,16.217777777777776,20.196666666666665],"battvoltage":[11.572000000000001,11.514000000000001,11.224],"arrayvoltage":[0.0,0.107,19.736],"chargecurrent":[0.002,0.002,8.165],"ledstate":[10.0,10.0,11.0],"loadpower":[23.945222999999995,23.48556,0.0],"batterytemp":[26.0,26.0,50.0],"triggerrate":[0.0,0.0,1.2000000000000002],"triggersremaining":[14555.0,14555.0,14560.0],"crcerrors":[0.0,0.0,0.0]}