{"datalatency":[11.173913],"sensoruptime":[15.381666666666666,14.381944444444445,20.196666666666665],"battvoltage":[11.562999999999999,11.667,11.224],"arrayvoltage":[0.107,0.107,19.736],"chargecurrent":[0.002,0.002,8.165],"ledstate":[10.0,10.0,11.0],"loadpower":[23.769513,23.746194,0.0],"batterytemp":[26.0,27.0,50.0],"triggerrate":[0.0,0.0,1.2000000000000002],"triggersremaining":[14556.0,14556.0,14561.0],"crcerrors":[0.0,0.0,0.0]}