{"datalatency":[8.02754],"sensoruptime":[64.74888888888889,63.76583333333333,64.74888888888889],"battvoltage":[12.222000000000001,12.259,12.115],"arrayvoltage":[0.644,0.653,42.861999999999995],"chargecurrent":[0.0,0.0,7.356],"chargestate":[3.0,3.0,6.0],"loadpower":[14.191488000000001,14.151267,8.875646],"batterytemp":[13.0,13.0,30.0],"triggerrate":[0.2,0.2,0.8],"triggersremaining":[22158.0,22162.0,22219.0],"crcerrors":[0.0,0.0,0.0]}