{"datalatency":[7.65491],"sensoruptime":[0.8972222222222223,null,null],"battvoltage":[11.800999999999998,12.289000000000001,11.328],"arrayvoltage":[12.439,16.312,19.949],"chargecurrent":[0.012,0.29,9.745],"ledstate":[10.0,10.0,10.0],"loadpower":[23.789540000000002,7.985044,5.908896],"batterytemp":[35.0,44.0,51.0],"triggerrate":[0.0,null,null],"triggersremaining":[14568.0,null,null],"crcerrors":[0.0,0.0,0.0]}