{"datalatency":[7.876101],"sensoruptime":[2.9358333333333335,1.9358333333333333,31.859444444444446],"battvoltage":[13.257,13.602,11.465],"arrayvoltage":[34.329,35.199,41.821000000000005],"chargecurrent":[2.9589999999999996,11.219000000000001,15.002],"chargestate":[5.0,5.0,6.0],"loadpower":[10.516626,10.8128,0.0],"batterytemp":[27.0,27.0,28.0],"triggerrate":[0.0,0.0,2.0],"triggersremaining":[18434.0,18434.0,18592.0],"crcerrors":[1.0,0.0,4.0]}