{"datalatency":[14.916625000000002],"sensoruptime":[105.555,104.55777777777777,105.555],"battvoltage":[12.488,12.710999999999999,12.057],"arrayvoltage":[15.380999999999998,16.012999999999998,17.825],"chargecurrent":[1.655,2.88,10.327],"ledstate":[6.0,6.0,8.0],"loadpower":[23.740976000000003,22.782709999999998,21.192338],"batterytemp":[45.0,49.0,58.0],"triggerrate":[0.0,0.0,2.4000000000000004],"triggersremaining":[13081.0,13083.0,13093.0],"crcerrors":[0.0,0.0,2.0]}