{"datalatency":[7.5111740000000005],"sensoruptime":[170.90444444444444,169.90444444444444,170.90444444444444],"battvoltage":[14.264000000000001,14.175,12.183],"arrayvoltage":[42.336999999999996,42.953,43.121],"chargecurrent":[3.841,4.232,10.794],"chargestate":[6.0,6.0,6.0],"loadpower":[10.764344999999999,9.120828000000001,8.596613999999999],"batterytemp":[26.0,29.0,30.0],"triggerrate":[0.0,0.0,0.8],"triggersremaining":[20369.0,20370.0,20460.0],"crcerrors":[0.0,0.0,0.0]}