{"datalatency":[19.123763],"sensoruptime":[228.5361111111111,227.5363888888889,228.5361111111111],"battvoltage":[12.299000000000001,12.329,11.950999999999999],"arrayvoltage":[0.342,13.29,18.372],"chargecurrent":[0.005,0.08199999999999999,8.75],"ledstate":[6.0,6.0,8.0],"loadpower":[23.38112,26.690938999999997,21.252608000000002],"batterytemp":[32.0,40.0,52.0],"triggerrate":[0.0,0.0,1.2000000000000002],"triggersremaining":[12680.0,12681.0,12686.0],"crcerrors":[0.0,0.0,2.0]}