{"datalatency":[37.992585000000005],"sensoruptime":[null,null,null],"battvoltage":[12.415,12.415,10.26],"arrayvoltage":[0.5920000000000001,1.1840000000000002,34.711],"chargecurrent":[0.0,0.0,1.672],"chargestate":[3.0,3.0,5.0],"loadpower":[0.0,0.0,0.0],"batterytemp":[16.0,17.0,19.0],"triggerrate":[null,null,null],"triggersremaining":[null,null,null],"crcerrors":[0.0,null,0.0]}