{"datalatency":[7.980749],"sensoruptime":[26.432222222222222,25.448888888888888,26.432222222222222],"battvoltage":[14.212,14.175,11.49],"arrayvoltage":[40.955,40.524,42.996],"chargecurrent":[3.952,7.667999999999999,15.002],"chargestate":[6.0,6.0,6.0],"loadpower":[13.282919999999999,9.383394000000001,9.117872],"batterytemp":[28.0,29.0,29.0],"triggerrate":[0.0,0.0,0.4],"triggersremaining":[18420.0,18420.0,18434.0],"crcerrors":[0.0,0.0,0.0]}