{"datalatency":[21.321497],"sensoruptime":[54.030277777777776,53.047222222222224,54.030277777777776],"battvoltage":[12.219000000000001,12.177,11.572000000000001],"arrayvoltage":[16.653,16.702,16.992],"chargecurrent":[4.155,3.363,10.658],"ledstate":[8.0,8.0,10.0],"loadpower":[23.3464,23.414455999999998,22.068414],"batterytemp":[39.0,39.0,49.0],"triggerrate":[0.0,0.0,16.8],"triggersremaining":[38.0,38.0,1175.0],"crcerrors":[1.9999768521197672,0.0,2.0]}