{"datalatency":[7.550565000000001],"sensoruptime":[null,null,31.859444444444446],"battvoltage":[12.130999999999998,11.685,11.465],"arrayvoltage":[19.037,21.664,37.552],"chargecurrent":[1.476,0.0,2.476],"chargestate":[5.0,5.0,5.0],"loadpower":[0.0,0.0,0.0],"batterytemp":[12.0,11.0,20.0],"triggerrate":[null,null,2.0],"triggersremaining":[null,null,18617.0],"crcerrors":[1.0,null,4.0]}