{"datalatency":[75.194643],"sensoruptime":[3.3230555555555554,2.339722222222222,null],"battvoltage":[13.684000000000001,13.663,12.488],"arrayvoltage":[18.961,18.329,19.742],"chargecurrent":[3.802,4.4910000000000005,8.175],"ledstate":[5.0,5.0,6.0],"loadpower":[22.26628,22.722876000000007,6.0236],"batterytemp":[45.0,46.0,47.0],"triggerrate":[0.0,0.0,null],"triggersremaining":[7076.0,7078.0,null],"crcerrors":[0.0,0.0,0.0]}