{"datalatency":[18.437398],"sensoruptime":[93.69388888888889,92.71055555555556,93.69388888888889],"battvoltage":[13.397,13.269,12.222000000000001],"arrayvoltage":[14.355,14.935,18.109],"chargecurrent":[7.6339999999999995,7.081,8.001],"ledstate":[6.0,6.0,6.0],"loadpower":[24.119769999999995,23.817600000000002,21.964412],"batterytemp":[51.0,47.0,58.0],"triggerrate":[0.0,0.0,0.6],"triggersremaining":[6296.0,6296.0,6315.0],"crcerrors":[0.0,0.0,0.0]}