{"datalatency":[12.295843000000001],"sensoruptime":[10.3825,9.383333333333333,20.196666666666665],"battvoltage":[11.856,13.565,11.224],"arrayvoltage":[14.703,17.81,19.736],"chargecurrent":[0.324,2.29,8.165],"ledstate":[8.0,5.0,11.0],"loadpower":[23.236154000000003,22.939980000000002,0.0],"batterytemp":[43.0,49.0,50.0],"triggerrate":[0.0,0.0,1.2000000000000002],"triggersremaining":[14557.0,14557.0,14562.0],"crcerrors":[0.0,0.0,0.0]}