{"datalatency":[7.422140000000001],"sensoruptime":[214.89833333333334,213.89833333333334,214.89833333333334],"battvoltage":[12.204,12.219000000000001,12.137],"arrayvoltage":[20.963,1.508,41.711000000000006],"chargecurrent":[0.01,0.0,9.777000000000001],"chargestate":[5.0,3.0,6.0],"loadpower":[14.063335,14.106144,9.02565],"batterytemp":[11.0,11.0,34.0],"triggerrate":[0.0,0.0,0.8],"triggersremaining":[20290.0,20292.0,20355.0],"crcerrors":[0.0,0.0,0.0]}