{"datalatency":[8.871033],"sensoruptime":[131.07722222222222,130.09472222222223,131.07722222222222],"battvoltage":[12.103,12.130999999999998,12.073],"arrayvoltage":[0.812,0.6409999999999999,34.378],"chargecurrent":[0.0,0.0,12.84],"chargestate":[3.0,3.0,5.0],"loadpower":[15.550024,14.101860000000002,10.0584],"batterytemp":[23.0,22.0,33.0],"triggerrate":[4.2,1.0,6.4],"triggersremaining":[20683.0,20917.0,21501.0],"crcerrors":[0.0,0.0,0.0]}