{"datalatency":[18.902784],"sensoruptime":[116.85722222222222,115.85722222222222,116.85722222222222],"battvoltage":[13.245,13.100999999999999,12.216],"arrayvoltage":[14.502,15.14,18.340999999999998],"chargecurrent":[7.013,5.965,7.815],"ledstate":[6.0,6.0,6.0],"loadpower":[23.116304,22.709538000000002,21.885253],"batterytemp":[48.0,43.0,55.0],"triggerrate":[0.0,0.0,0.4],"triggersremaining":[6283.0,6287.0,6296.0],"crcerrors":[0.0,0.0,0.0]}