{"datalatency":[7.9367730000000005],"sensoruptime":[40.096944444444446,39.11361111111111,40.096944444444446],"battvoltage":[11.892999999999999,11.914000000000001,11.49],"arrayvoltage":[0.674,0.72,42.148],"chargecurrent":[0.0,0.0,12.352],"chargestate":[3.0,3.0,6.0],"loadpower":[13.766214,13.872129000000001,8.277874],"batterytemp":[7.0,8.0,29.0],"triggerrate":[0.0,0.0,0.4],"triggersremaining":[18415.0,18417.0,18425.0],"crcerrors":[0.0,0.0,0.0]}