{"datalatency":[15.397102],"sensoruptime":[409.1791666666667,408.18194444444447,409.1791666666667],"battvoltage":[12.064,12.03,12.020999999999999],"arrayvoltage":[16.012999999999998,15.967,18.365],"chargecurrent":[0.9059999999999999,0.522,10.873],"ledstate":[8.0,8.0,8.0],"loadpower":[22.954932000000003,22.764475,20.983984000000003],"batterytemp":[30.0,29.0,52.0],"triggerrate":[0.0,0.0,1.2000000000000002],"triggersremaining":[12598.0,12598.0,12606.0],"crcerrors":[0.0,0.0,2.0]}