{"datalatency":[20.867413000000003],"sensoruptime":[null,null,null],"battvoltage":[12.183,11.950999999999999,11.572000000000001],"arrayvoltage":[16.942999999999998,17.041,18.805],"chargecurrent":[2.3819999999999997,1.196,5.67],"chargestate":[5.0,5.0,6.0],"loadpower":[8.394959,8.045752,6.509968999999999],"batterytemp":[26.0,23.0,40.0],"triggerrate":[null,null,null],"triggersremaining":[null,null,null],"crcerrors":[null,null,null]}