{"datalatency":[7.9538720000000005],"sensoruptime":[56.583333333333336,55.60027777777778,56.583333333333336],"battvoltage":[12.491,12.515,12.115],"arrayvoltage":[0.6559999999999999,0.632,42.861999999999995],"chargecurrent":[0.0,0.0,7.356],"chargestate":[3.0,3.0,6.0],"loadpower":[13.69354,13.671718,8.875646],"batterytemp":[12.0,12.0,30.0],"triggerrate":[0.0,0.0,0.6],"triggersremaining":[22203.0,22204.0,22248.0],"crcerrors":[0.0,0.0,0.0]}