{"datalatency":[17.296945],"sensoruptime":[458.3375,457.3375,458.3375],"battvoltage":[12.530999999999999,12.491,11.984000000000002],"arrayvoltage":[16.357,16.55,17.487000000000002],"chargecurrent":[3.155,4.071000000000001,10.864],"ledstate":[8.0,8.0,8.0],"loadpower":[23.3175,22.456115999999994,21.481326],"batterytemp":[39.0,35.0,49.0],"triggerrate":[0.0,0.0,16.8],"triggersremaining":[11706.0,11707.0,12460.0],"crcerrors":[0.0,0.0,2.0]}