{"datalatency":[21.3822],"sensoruptime":[29.36888888888889,28.385833333333334,29.36888888888889],"battvoltage":[12.296,12.558,11.798],"arrayvoltage":[16.211,14.743,17.48],"chargecurrent":[3.097,5.1579999999999995,11.001],"ledstate":[8.0,8.0,8.0],"loadpower":[22.992336,22.328565,21.698432000000004],"batterytemp":[46.0,46.0,51.0],"triggerrate":[0.0,0.0,0.8],"triggersremaining":[1282.0,1283.0,1322.0],"crcerrors":[0.0,0.0,0.0]}