{"datalatency":[24.134301],"sensoruptime":[32.84916666666667,31.849444444444444,32.84916666666667],"battvoltage":[12.142999999999999,12.1,12.064],"arrayvoltage":[16.653,16.409000000000002,18.872],"chargecurrent":[1.3259999999999998,0.423,10.158],"ledstate":[8.0,8.0,8.0],"loadpower":[23.583125,23.318685,22.67364],"batterytemp":[29.0,26.0,50.0],"triggerrate":[0.0,0.0,1.2000506661391244],"triggersremaining":[22426.0,22427.0,22432.0],"crcerrors":[null,null,0.0]}