{"datalatency":[16.695038],"sensoruptime":[14.044444444444444,13.044444444444444,null],"battvoltage":[12.286,12.329,12.1],"arrayvoltage":[0.012,0.003,18.439],"chargecurrent":[0.005,0.005,9.9],"ledstate":[6.0,6.0,8.0],"loadpower":[23.777848000000002,23.113377999999997,5.933112000000001],"batterytemp":[29.0,30.0,52.0],"triggerrate":[0.0,0.0,null],"triggersremaining":[14663.0,14663.0,null],"crcerrors":[0.0,0.0,0.0]}