{"datalatency":[8.670423000000001],"sensoruptime":[81.75138888888888,80.76833333333333,81.75138888888888],"battvoltage":[12.411,12.450999999999999,12.183],"arrayvoltage":[0.626,1.81,38.708],"chargecurrent":[0.0,0.0,8.752],"chargestate":[3.0,3.0,6.0],"loadpower":[14.36544,13.799731,9.957479999999999],"batterytemp":[19.0,20.0,34.0],"triggerrate":[0.0,0.0,0.6],"triggersremaining":[21603.0,21603.0,21645.0],"crcerrors":[0.0,0.0,0.0]}