{"datalatency":[21.483615],"sensoruptime":[59.529444444444444,58.54638888888889,59.529444444444444],"battvoltage":[11.758,11.954,11.572000000000001],"arrayvoltage":[13.962,16.214000000000002,16.992],"chargecurrent":[0.292,2.5610000000000004,11.828],"ledstate":[8.0,8.0,10.0],"loadpower":[24.304475,23.494548,22.068414],"batterytemp":[37.0,38.0,44.0],"triggerrate":[0.0,0.0,0.2],"triggersremaining":[37.0,37.0,46.0],"crcerrors":[0.0,0.0,2.0]}