{"datalatency":[15.143133],"sensoruptime":[112.88722222222222,111.88722222222222,112.88722222222222],"battvoltage":[12.177,12.216,12.057],"arrayvoltage":[0.092,0.079,17.825],"chargecurrent":[0.002,0.005,10.327],"ledstate":[6.0,6.0,8.0],"loadpower":[23.513012000000003,23.169698999999998,21.192338],"batterytemp":[30.0,31.0,54.0],"triggerrate":[0.0,0.0,1.2000000000000002],"triggersremaining":[13079.0,13080.0,13087.0],"crcerrors":[0.0,0.0,2.0]}