{"datalatency":[16.548621],"sensoruptime":[153.04722222222222,152.0475,153.04722222222222],"battvoltage":[12.630999999999998,12.558,11.870999999999999],"arrayvoltage":[16.116,16.262999999999998,17.245],"chargecurrent":[5.808,5.351,12.144],"ledstate":[8.0,8.0,8.0],"loadpower":[22.645529999999997,22.593828,21.472317999999998],"batterytemp":[47.0,47.0,51.0],"triggerrate":[0.0,6.0,8.4],"triggersremaining":[12713.0,12866.0,12997.0],"crcerrors":[0.0,0.0,2.0]}