{"datalatency":[37.760581],"sensoruptime":[null,0.021111111111111112,null],"battvoltage":[12.595,11.414000000000001,10.477],"arrayvoltage":[0.6679999999999999,11.807,43.57899999999999],"chargecurrent":[0.0,0.0,2.897],"chargestate":[3.0,5.0,7.0],"loadpower":[0.0,14.054026,0.0],"batterytemp":[15.0,17.0,24.0],"triggerrate":[null,null,null],"triggersremaining":[null,0.0,null],"crcerrors":[28.0,0.0,20.0]}