{"datalatency":[9.374507000000001],"sensoruptime":[14.505833333333333,13.50611111111111,14.684444444444445],"battvoltage":[11.685,11.606,11.45],"arrayvoltage":[0.107,0.11599999999999999,19.305],"chargecurrent":[0.002,0.002,7.371],"ledstate":[10.0,10.0,11.0],"loadpower":[23.17662,26.974332,0.0],"batterytemp":[24.0,25.0,49.0],"triggerrate":[0.0,0.0,1.2000000000000002],"triggersremaining":[14561.0,14561.0,14564.0],"crcerrors":[0.0,0.0,0.0]}