{"datalatency":[7.706929000000001],"sensoruptime":[226.895,225.91194444444446,226.895],"battvoltage":[12.039000000000001,12.07,12.012],"arrayvoltage":[1.392,1.123,36.472],"chargecurrent":[0.0,0.0,3.503],"chargestate":[3.0,3.0,5.0],"loadpower":[13.943999999999999,13.989318,9.995777999999998],"batterytemp":[14.0,14.0,18.0],"triggerrate":[3.2,1.6,24.0],"triggersremaining":[19417.0,19746.0,20349.0],"crcerrors":[0.0,0.0,0.0]}