{"datalatency":[37.548462],"sensoruptime":[1.5255555555555556,0.5425,7.746944444444445],"battvoltage":[11.874,12.145999999999999,10.287],"arrayvoltage":[30.666999999999998,27.590999999999998,38.15],"chargecurrent":[0.672,0.759,3.1860000000000004],"chargestate":[5.0,5.0,6.0],"loadpower":[13.821948000000003,14.167103999999998,0.0],"batterytemp":[25.0,25.0,27.0],"triggerrate":[0.0,0.0,2.4],"triggersremaining":[11684.0,11685.0,11814.0],"crcerrors":[0.0,0.0,0.0]}