{"datalatency":[16.815629],"sensoruptime":[5.226944444444444,4.227222222222222,null],"battvoltage":[11.386,11.606,11.345999999999998],"arrayvoltage":[0.027000000000000003,0.098,19.949],"chargecurrent":[0.005,0.002,9.745],"ledstate":[10.0,10.0,10.0],"loadpower":[24.392688,24.475891999999998,5.908896],"batterytemp":[26.0,27.0,51.0],"triggerrate":[0.0,0.0,null],"triggersremaining":[14567.0,14567.0,null],"crcerrors":[0.0,0.0,0.0]}