{"datalatency":[7.7053720000000006],"sensoruptime":[210.06555555555556,209.0822222222222,210.06555555555556],"battvoltage":[12.299000000000001,12.329,12.106],"arrayvoltage":[0.9520000000000001,0.858,41.711000000000006],"chargecurrent":[0.0,0.0,9.777000000000001],"chargestate":[3.0,3.0,6.0],"loadpower":[14.194075999999999,14.301896,9.02565],"batterytemp":[13.0,13.0,34.0],"triggerrate":[0.6,0.0,0.6],"triggersremaining":[20328.0,20332.0,20358.0],"crcerrors":[0.0,0.0,0.0]}