{"datalatency":[8.390276],"sensoruptime":[37.42444444444445,36.42444444444445,37.42444444444445],"battvoltage":[12.46,12.491,12.112],"arrayvoltage":[0.595,0.583,41.489],"chargecurrent":[0.0,0.0,11.902999999999999],"chargestate":[3.0,3.0,6.0],"loadpower":[13.570284000000001,13.606320000000002,9.02565],"batterytemp":[17.0,17.0,35.0],"triggerrate":[0.0,0.0,0.4],"triggersremaining":[21651.0,21652.0,21675.0],"crcerrors":[0.0,0.0,0.0]}