{"datalatency":[14.026491],"sensoruptime":[35.61416666666667,34.617222222222225,35.61416666666667],"battvoltage":[12.1,12.597999999999999,11.652000000000001],"arrayvoltage":[14.401,15.915,17.334],"chargecurrent":[0.28,3.3289999999999997,11.398],"chargestate":[5.0,5.0,6.0],"loadpower":[24.133842000000005,23.054087000000003,21.713829000000004],"batterytemp":[43.0,52.0,52.0],"triggerrate":[2.4000000000000004,0.0,8.4],"triggersremaining":[21019.0,21048.0,21418.0],"crcerrors":[0.0,0.0,0.0]}