{"datalatency":[9.643152],"sensoruptime":[null,0.010555555555555556,1.2466666666666666],"battvoltage":[14.029000000000002,14.059000000000001,10.352],"arrayvoltage":[43.015,42.318999999999996,45.398],"chargecurrent":[1.4709999999999999,1.524,2.6889999999999996],"chargestate":[7.0,7.0,7.0],"loadpower":[14.231931000000001,13.426566,0.0],"batterytemp":[14.0,13.0,14.0],"triggerrate":[0.0,null,null],"triggersremaining":[null,0.0,0.0],"crcerrors":[1.0,0.0,1.0]}