{"datalatency":[22.977155],"sensoruptime":[17.851666666666667,16.851666666666667,31.89388888888889],"battvoltage":[13.565,13.562000000000001,12.07],"arrayvoltage":[18.008,18.347,18.872],"chargecurrent":[3.6910000000000003,4.119,10.158],"ledstate":[5.0,5.0,8.0],"loadpower":[23.152919999999998,23.287529999999997,7.371546],"batterytemp":[49.0,49.0,50.0],"triggerrate":[0.0,0.0,16.800115584795222],"triggersremaining":[22430.0,22430.0,22486.0],"crcerrors":[null,null,0.0]}