{"datalatency":[31.249571000000003],"sensoruptime":[4.832777777777777,3.8330555555555557,152.8761111111111],"battvoltage":[12.106,11.966,11.453],"arrayvoltage":[16.992,17.09,18.973],"chargecurrent":[2.6689999999999996,1.5530000000000002,14.731],"chargestate":[5,5,6],"loadpower":[26.319384,26.910422000000004,0.0],"batterytemp":[24,28,39],"triggerrate":[null,null,null],"triggersremaining":[14672.0,14673.0,15184.0],"crcerrors":[null,null,0.0]}