{"datalatency":[7.438239],"sensoruptime":[158.57305555555556,157.57333333333332,158.57305555555556],"battvoltage":[12.375,12.415,11.868],"arrayvoltage":[0.61,0.613,42.465],"chargecurrent":[0.0,0.0,15.0],"chargestate":[3.0,3.0,6.0],"loadpower":[14.010440000000001,13.610016,8.596613999999999],"batterytemp":[10.0,11.0,33.0],"triggerrate":[0.2,0.0,0.8],"triggersremaining":[20387.0,20390.0,20480.0],"crcerrors":[0.0,0.0,0.0]}