{"datalatency":[16.883015],"sensoruptime":[6.349722222222222,5.352777777777778,null],"battvoltage":[13.585999999999999,13.092,11.31],"arrayvoltage":[15.335,16.452,19.531],"chargecurrent":[8.704,3.6910000000000003,12.99],"ledstate":[6.0,6.0,11.0],"loadpower":[26.615708,26.515156000000005,0.0],"batterytemp":[39.0,40.0,41.0],"triggerrate":[0.0,0.0,null],"triggersremaining":[14570.0,14570.0,null],"crcerrors":[0.0,0.0,0.0]}