{"datalatency":[18.710381],"sensoruptime":[122.85638888888889,121.87305555555555,122.85638888888889],"battvoltage":[13.321,13.095,12.216],"arrayvoltage":[16.837,14.478,18.167],"chargecurrent":[3.73,2.225,7.931],"ledstate":[5.0,6.0,6.0],"loadpower":[23.116304,23.855646999999998,21.885253],"batterytemp":[57.0,57.0,57.0],"triggerrate":[0.0,0.0,0.4],"triggersremaining":[6282.0,6282.0,6294.0],"crcerrors":[0.0,0.0,0.0]}