{"datalatency":[11.427764000000002],"sensoruptime":[12.54888888888889,11.551944444444445,20.196666666666665],"battvoltage":[11.697000000000001,11.713,11.224],"arrayvoltage":[0.107,8.133,19.736],"chargecurrent":[0.005,0.002,8.165],"ledstate":[8.0,8.0,11.0],"loadpower":[23.322654000000004,23.469503999999997,0.0],"batterytemp":[30.0,34.0,50.0],"triggerrate":[0.0,0.0,1.2000000000000002],"triggersremaining":[14556.0,14557.0,14562.0],"crcerrors":[0.0,0.0,0.0]}