{"datalatency":[8.225229],"sensoruptime":[null,null,11.33388888888889],"battvoltage":[14.383,14.383,10.427999999999999],"arrayvoltage":[42.038000000000004,40.952,43.015],"chargecurrent":[1.4880000000000002,1.8019999999999998,3.5439999999999996],"chargestate":[6.0,6.0,6.0],"loadpower":[0.0,0.0,0.0],"batterytemp":[22.0,22.0,32.0],"triggerrate":[null,null,0.8],"triggersremaining":[null,null,18390.0],"crcerrors":[0.0,null,0.0]}