{"datalatency":[9.608157],"sensoruptime":[13.004166666666666,12.007222222222222,13.004166666666666],"battvoltage":[11.572000000000001,11.758,11.285],"arrayvoltage":[0.107,0.153,19.965],"chargecurrent":[0.002,0.005,7.916],"ledstate":[10.0,10.0,11.0],"loadpower":[27.741153999999998,27.379925999999998,0.0],"batterytemp":[26.0,28.0,51.0],"triggerrate":[0.0,1.2000000000000002,1.2000000000000002],"triggersremaining":[14564.0,14564.0,14568.0],"crcerrors":[0.0,0.0,0.0]}