{"datalatency":[7.936078],"sensoruptime":[23.266111111111112,22.282777777777778,null],"battvoltage":[12.244000000000002,11.533,11.49],"arrayvoltage":[19.775,12.82,42.996],"chargecurrent":[2.64,0.0,15.002],"chargestate":[5.0,5.0,6.0],"loadpower":[14.142719999999999,14.072463000000003,0.0],"batterytemp":[5.0,2.0,28.0],"triggerrate":[0.0,0.2,null],"triggersremaining":[18421.0,18421.0,null],"crcerrors":[0.0,0.0,0.0]}