{"datalatency":[77.537811],"sensoruptime":[51.14888888888889,50.16583333333333,51.14888888888889],"battvoltage":[13.547,13.47,12.274000000000001],"arrayvoltage":[16.879,14.844000000000001,18.448],"chargecurrent":[6.933,7.7010000000000005,8.856],"ledstate":[5.0,6.0,6.0],"loadpower":[25.495134,23.745203999999998,21.948113000000003],"batterytemp":[50.0,48.0,53.0],"triggerrate":[0.0,0.0,0.2],"triggersremaining":[7046.0,7046.0,7052.0],"crcerrors":[0.0,0.0,0.0]}