{"datalatency":[10.318862000000001],"sensoruptime":[null,null,null],"battvoltage":[12.1,12.1,11.456],"arrayvoltage":[16.843,17.09,19.736],"chargecurrent":[1.536,1.739,12.392999999999999],"chargestate":[5.0,5.0,6.0],"loadpower":[0.0,0.0,0.0],"batterytemp":[25.0,23.0,44.0],"triggerrate":[null,null,null],"triggersremaining":[null,null,null],"crcerrors":[0.0,null,0.0]}