{"datalatency":[15.061444000000002],"sensoruptime":[53.952777777777776,52.952777777777776,53.952777777777776],"battvoltage":[12.939,12.708,11.499],"arrayvoltage":[14.697000000000001,14.499,18.410999999999998],"chargecurrent":[10.038,8.402000000000001,11.975],"ledstate":[8.0,8.0,10.0],"loadpower":[22.958351999999998,23.032178000000002,21.764498],"batterytemp":[52.0,49.0,52.0],"triggerrate":[0.0,0.0,6.0],"triggersremaining":[20758.0,20758.0,21056.0],"crcerrors":[0.0,0.0,1.0]}