{"datalatency":[7.8763630000000004],"sensoruptime":[52.428333333333335,51.42861111111111,52.428333333333335],"battvoltage":[14.084000000000001,14.107999999999999,11.645999999999999],"arrayvoltage":[39.978,39.760999999999996,42.148],"chargecurrent":[5.365,5.7829999999999995,11.615],"chargestate":[6.0,6.0,6.0],"loadpower":[9.0954,9.13725,8.418894],"batterytemp":[32.0,31.0,34.0],"triggerrate":[0.0,0.0,0.4],"triggersremaining":[18410.0,18411.0,18419.0],"crcerrors":[0.0,0.0,0.0]}