{"datalatency":[73.387354],"sensoruptime":[34.15138888888889,33.168055555555554,34.15138888888889],"battvoltage":[12.558,12.597999999999999,12.308],"arrayvoltage":[13.08,15.325999999999999,18.448],"chargecurrent":[0.002,0.377,9.011000000000001],"ledstate":[6.0,6.0,6.0],"loadpower":[23.573933999999998,24.038135999999998,21.981199999999998],"batterytemp":[40.0,47.0,53.0],"triggerrate":[0.0,0.0,0.2],"triggersremaining":[7050.0,7050.0,7058.0],"crcerrors":[0.0,0.0,0.0]}