{"datalatency":[7.485839],"sensoruptime":[6.73,5.746666666666667,227.69416666666666],"battvoltage":[11.911,11.914000000000001,11.905],"arrayvoltage":[1.34,0.845,36.472],"chargecurrent":[0.0,0.0,3.503],"chargestate":[3.0,3.0,5.0],"loadpower":[14.014773000000002,13.872129000000001,9.995777999999998],"batterytemp":[16.0,16.0,18.0],"triggerrate":[0.0,0.0,24.0],"triggersremaining":[18650.0,18658.0,20325.0],"crcerrors":[2.0,0.0,3.0]}