{"datalatency":[21.067546],"sensoruptime":[9.352777777777778,8.355833333333333,31.89388888888889],"battvoltage":[12.1,12.1,12.07],"arrayvoltage":[16.656,14.557,18.692],"chargecurrent":[0.449,0.285,11.344000000000001],"ledstate":[8.0,6.0,8.0],"loadpower":[23.029460999999998,25.126334999999997,7.371546],"batterytemp":[26.0,24.0,48.0],"triggerrate":[0.0,0.0,16.800115584795222],"triggersremaining":[22432.0,22432.0,22488.0],"crcerrors":[null,null,0.0]}