{"datalatency":[24.306109000000003],"sensoruptime":[37.34861111111111,36.34888888888889,37.34861111111111],"battvoltage":[12.292,12.787,12.064],"arrayvoltage":[15.575999999999999,16.653,18.872],"chargecurrent":[0.7170000000000001,5.1339999999999995,10.158],"ledstate":[8.0,8.0,8.0],"loadpower":[23.432682,23.440507999999998,22.704083999999998],"batterytemp":[38.0,38.0,50.0],"triggerrate":[0.0,0.0,2.400006864019631],"triggersremaining":[22402.0,22425.0,22431.0],"crcerrors":[null,null,0.0]}