{"datalatency":[8.049403],"sensoruptime":[23.254722222222224,22.254722222222224,null],"battvoltage":[14.328,14.27,12.07],"arrayvoltage":[41.29,41.17100000000001,42.725],"chargecurrent":[3.022,3.802,7.474],"chargestate":[6.0,6.0,7.0],"loadpower":[10.990514000000001,11.323200000000002,0.0],"batterytemp":[24.0,26.0,28.0],"triggerrate":[0.0,0.0,null],"triggersremaining":[22257.0,22257.0,null],"crcerrors":[0.0,0.0,0.0]}