{"datalatency":[11.131297],"sensoruptime":[3.8005555555555555,2.8008333333333333,null],"battvoltage":[12.567,12.445,11.569],"arrayvoltage":[15.573,16.357,19.736],"chargecurrent":[3.095,3.522,12.392999999999999],"chargestate":[5.0,5.0,6.0],"loadpower":[22.453655,22.959306,6.808707000000001],"batterytemp":[43.0,40.0,44.0],"triggerrate":[0.0,0.0,null],"triggersremaining":[22163.0,22163.0,null],"crcerrors":[0.0,0.0,0.0]}