{"datalatency":[8.151635],"sensoruptime":[55.250277777777775,54.26694444444445,55.250277777777775],"battvoltage":[12.527000000000001,12.567,12.115],"arrayvoltage":[0.6409999999999999,0.613,42.861999999999995],"chargecurrent":[0.0,0.0,7.356],"chargestate":[3.0,3.0,6.0],"loadpower":[13.921658,13.690404000000003,8.875646],"batterytemp":[12.0,12.0,30.0],"triggerrate":[0.0,0.0,0.6],"triggersremaining":[22204.0,22204.0,22249.0],"crcerrors":[0.0,0.0,0.0]}