{"datalatency":[7.523784],"sensoruptime":[10.89611111111111,9.89611111111111,227.69416666666666],"battvoltage":[11.838,11.838,11.761],"arrayvoltage":[23.834,2.1,36.472],"chargecurrent":[0.034,0.0,3.503],"chargestate":[5.0,3.0,5.0],"loadpower":[13.78227,13.864940000000002,9.995777999999998],"batterytemp":[17.0,16.0,18.0],"triggerrate":[0.0,0.0,24.0],"triggersremaining":[18620.0,18623.0,20290.0],"crcerrors":[2.0,0.0,3.0]}