{"datalatency":[8.398908],"sensoruptime":[8.595,7.595277777777778,11.467222222222222],"battvoltage":[12.567,12.613,11.478],"arrayvoltage":[12.137,30.721999999999998,38.565],"chargecurrent":[0.0,0.759,15.0],"chargestate":[5.0,5.0,6.0],"loadpower":[13.713336,13.831010000000001,0.0],"batterytemp":[23.0,29.0,41.0],"triggerrate":[0.0,0.0,1.6],"triggersremaining":[21716.0,21720.0,21917.0],"crcerrors":[0.0,0.0,0.0]}