{"datalatency":[8.741523],"sensoruptime":[118.08,117.09666666666666,118.08],"battvoltage":[12.17,12.183,12.03],"arrayvoltage":[4.888999999999999,0.8240000000000001,41.65],"chargecurrent":[0.0,0.0,11.832],"chargestate":[3.0,3.0,6.0],"loadpower":[14.124109999999998,14.124109999999998,8.207364000000002],"batterytemp":[21.0,21.0,32.0],"triggerrate":[0.2,0.0,0.6],"triggersremaining":[21468.0,21470.0,21542.0],"crcerrors":[0.0,0.0,0.0]}