{"datalatency":[19.282404],"sensoruptime":[523.1605555555556,522.1633333333333,523.1605555555556],"battvoltage":[11.667,11.682,11.664000000000001],"arrayvoltage":[0.0,0.0,17.145],"chargecurrent":[0.005,0.005,3.602],"ledstate":[10.0,8.0,10.0],"loadpower":[23.73683,24.092354999999998,21.980286000000003],"batterytemp":[28.0,28.0,37.0],"triggerrate":[0.0,0.0,3.6],"triggersremaining":[11312.0,11312.0,11430.0],"crcerrors":[0.0,0.0,2.0]}