{"datalatency":[8.161947000000001],"sensoruptime":[3.786388888888889,2.8033333333333332,null],"battvoltage":[11.844000000000001,11.887,10.944],"arrayvoltage":[0.986,0.992,41.791000000000004],"chargecurrent":[0.0,0.0,2.923],"chargestate":[3.0,3.0,6.0],"loadpower":[13.733678,13.776672,0.0],"batterytemp":[10.0,10.0,32.0],"triggerrate":[0.0,0.0,null],"triggersremaining":[18369.0,18369.0,null],"crcerrors":[0.0,0.0,0.0]}