{"datalatency":[16.984386],"sensoruptime":[null,null,null],"battvoltage":[12.558,12.564,12.18],"arrayvoltage":[0.107,0.107,19.625999999999998],"chargecurrent":[0.005,0.005,5.361000000000001],"chargestate":[3.0,3.0,6.0],"loadpower":[6.360822,6.975576,4.102919999999999],"batterytemp":[19.0,20.0,45.0],"triggerrate":[null,null,null],"triggersremaining":[null,null,null],"crcerrors":[null,null,null]}