{"datalatency":[7.644341000000001],"sensoruptime":[187.73527777777778,186.75194444444443,187.73527777777778],"battvoltage":[12.222000000000001,12.255999999999998,12.183],"arrayvoltage":[0.684,0.6679999999999999,43.121],"chargecurrent":[0.0,0.0,10.794],"chargestate":[3.0,3.0,6.0],"loadpower":[14.142719999999999,13.882185,8.98432],"batterytemp":[4.0,4.0,29.0],"triggerrate":[0.0,0.0,0.4],"triggersremaining":[20357.0,20357.0,20372.0],"crcerrors":[0.0,0.0,0.0]}