{"datalatency":[4.9370330000000004],"sensoruptime":[null,null,12.61],"battvoltage":[12.091,12.057,11.31],"arrayvoltage":[0.018000000000000002,0.018000000000000002,19.949],"chargecurrent":[0.005,0.002,12.057],"ledstate":[10.0,10.0,11.0],"loadpower":[8.81767,8.700821999999999,0.0],"batterytemp":[25.0,25.0,50.0],"triggerrate":[null,null,2.4000000000000004],"triggersremaining":[null,null,14585.0],"crcerrors":[null,null,0.0]}