{"datalatency":[8.41156],"sensoruptime":[null,3.4855555555555555,null],"battvoltage":[12.363,12.378,11.307],"arrayvoltage":[13.367,22.54,39.163000000000004],"chargecurrent":[0.0,0.01,3.0660000000000003],"chargestate":[5.0,5.0,6.0],"loadpower":[14.604640000000003,15.403284000000001,0.0],"batterytemp":[21.0,26.0,27.0],"triggerrate":[null,21.2,null],"triggersremaining":[null,18882.0,null],"crcerrors":[4.0,1.0,4.0]}