{"datalatency":[12.378250000000001],"sensoruptime":[28.945833333333333,27.945833333333333,28.945833333333333],"battvoltage":[11.798,11.758,11.652000000000001],"arrayvoltage":[16.653,16.653,17.526],"chargecurrent":[1.7180000000000002,1.09,10.419],"chargestate":[5.0,5.0,6.0],"loadpower":[22.669779999999996,24.658220999999998,21.713829000000004],"batterytemp":[31.0,31.0,49.0],"triggerrate":[0.0,0.0,8.4],"triggersremaining":[21058.0,21104.0,21429.0],"crcerrors":[0.0,0.0,0.0]}