{"datalatency":[8.665059000000001],"sensoruptime":[71.41972222222222,70.41972222222222,71.41972222222222],"battvoltage":[12.274000000000001,12.222000000000001,12.183],"arrayvoltage":[34.085,13.217,40.146],"chargecurrent":[1.268,0.0,10.228],"chargestate":[5.0,5.0,6.0],"loadpower":[13.523328000000001,14.167103999999998,8.80245],"batterytemp":[19.0,16.0,34.0],"triggerrate":[0.0,0.0,0.2],"triggersremaining":[21641.0,21641.0,21648.0],"crcerrors":[0.0,0.0,0.0]}