{"datalatency":[7.951639],"sensoruptime":[46.584722222222226,45.60138888888889,46.584722222222226],"battvoltage":[14.139000000000001,14.139000000000001,12.115],"arrayvoltage":[41.031000000000006,41.193000000000005,41.931000000000004],"chargecurrent":[3.5610000000000004,4.191,7.356],"chargestate":[6.0,6.0,6.0],"loadpower":[9.215082,9.097356,8.875646],"batterytemp":[30.0,30.0,30.0],"triggerrate":[0.0,0.0,0.6],"triggersremaining":[22214.0,22215.0,22257.0],"crcerrors":[0.0,0.0,0.0]}