{"datalatency":[8.389153],"sensoruptime":[3.595833333333333,2.596111111111111,11.467222222222222],"battvoltage":[13.907,13.802999999999999,11.478],"arrayvoltage":[37.054,36.728,37.939],"chargecurrent":[10.236,12.289000000000001,15.0],"chargestate":[6.0,6.0,6.0],"loadpower":[10.057318,10.016329999999998,0.0],"batterytemp":[38.0,41.0,41.0],"triggerrate":[0.2,0.0,1.6],"triggersremaining":[21737.0,21740.0,21930.0],"crcerrors":[0.0,0.0,0.0]}