{"datalatency":[8.108690000000001],"sensoruptime":[9.00388888888889,8.004166666666666,62.22694444444444],"battvoltage":[12.378,14.294,11.319],"arrayvoltage":[28.805999999999997,41.714,42.471000000000004],"chargecurrent":[0.858,2.694,5.733],"chargestate":[5.0,6.0,6.0],"loadpower":[14.41184,12.363216,0.0],"batterytemp":[21.0,25.0,28.0],"triggerrate":[0.0,0.2,0.5],"triggersremaining":[18398.0,18399.0,18410.0],"crcerrors":[0.0,0.0,0.0]}