{"datalatency":[20.489428],"sensoruptime":[null,11.435,329.74861111111113],"battvoltage":[12.253,12.145999999999999,11.911],"arrayvoltage":[0.021,0.021,17.825],"chargecurrent":[0.005,0.005,9.615],"ledstate":[6.0,6.0,8.0],"loadpower":[8.042337,23.6496,5.735975000000001],"batterytemp":[30.0,31.0,57.0],"triggerrate":[null,0.0,1.6],"triggersremaining":[null,1866.0,1909.0],"crcerrors":[0.0,0.0,0.0]}