{"datalatency":[8.507834],"sensoruptime":[32.425,31.42527777777778,32.425],"battvoltage":[12.642999999999999,12.833,12.112],"arrayvoltage":[13.15,32.272,41.489],"chargecurrent":[0.0,1.063,11.902999999999999],"chargestate":[5.0,5.0,6.0],"loadpower":[13.74817,14.040289999999999,9.02565],"batterytemp":[23.0,27.0,35.0],"triggerrate":[0.0,0.0,1.0],"triggersremaining":[21653.0,21654.0,21716.0],"crcerrors":[0.0,0.0,0.0]}