{"datalatency":[8.584967],"sensoruptime":[62.920833333333334,61.920833333333334,62.920833333333334],"battvoltage":[12.415,12.445,12.18],"arrayvoltage":[0.604,0.586,40.146],"chargecurrent":[0.0,0.002,10.228],"chargestate":[3.0,3.0,6.0],"loadpower":[13.585248,13.625836999999999,8.80245],"batterytemp":[16.0,16.0,34.0],"triggerrate":[0.0,0.0,0.2],"triggersremaining":[21644.0,21644.0,21651.0],"crcerrors":[0.0,0.0,0.0]}