{"datalatency":[8.832983],"sensoruptime":[151.6447222222222,150.64583333333334,151.6447222222222],"battvoltage":[11.569,11.664000000000001,11.53],"arrayvoltage":[16.119,16.168,18.973],"chargecurrent":[0.5820000000000001,1.082,7.525],"chargestate":[5,5,6],"loadpower":[23.402544000000002,24.151199999999996,21.429213],"batterytemp":[33,38,39],"triggerrate":[null,null,null],"triggersremaining":[14675.0,14687.0,15580.0],"crcerrors":[null,null,0.0]}