{"datalatency":[21.622288],"sensoruptime":[298.6925,297.6925,298.6925],"battvoltage":[12.607000000000001,13.210999999999999,12.183],"arrayvoltage":[16.945999999999998,16.309,18.463],"chargecurrent":[0.5,3.595,9.376],"ledstate":[6.0,6.0,6.0],"loadpower":[22.804019999999998,22.82566,21.533700000000003],"batterytemp":[45.0,49.0,50.0],"triggerrate":[0.0,0.0,1.2000000000000002],"triggersremaining":[12632.0,12632.0,12643.0],"crcerrors":[0.0,0.0,2.0]}