{"datalatency":[18.311184],"sensoruptime":[70.03055555555555,69.0475,70.03055555555555],"battvoltage":[13.434000000000001,13.280999999999999,12.216],"arrayvoltage":[14.16,14.749,17.965999999999998],"chargecurrent":[8.001,7.395,9.262],"ledstate":[6.0,6.0,6.0],"loadpower":[24.936764999999998,24.009048000000003,21.730287],"batterytemp":[53.0,50.0,58.0],"triggerrate":[0.0,0.0,0.2],"triggersremaining":[6315.0,6315.0,6321.0],"crcerrors":[0.0,0.0,0.0]}