{"datalatency":[13.773133000000001],"sensoruptime":[360.01972222222224,359.0227777777778,360.01972222222224],"battvoltage":[12.14,12.085,12.064],"arrayvoltage":[16.846,15.575999999999999,17.633],"chargecurrent":[1.102,0.256,12.229000000000001],"ledstate":[8.0,8.0,8.0],"loadpower":[22.834232,22.55625,21.612250999999997],"batterytemp":[27.0,25.0,44.0],"triggerrate":[0.0,0.0,1.2000000000000002],"triggersremaining":[12616.0,12617.0,12622.0],"crcerrors":[0.0,0.0,2.0]}