{"datalatency":[19.699796000000003],"sensoruptime":[269.995,269.01194444444445,269.995],"battvoltage":[12.177,12.216,11.874],"arrayvoltage":[0.021,12.866,17.432000000000002],"chargecurrent":[0.002,0.013999999999999999,9.39],"ledstate":[8.0,8.0,8.0],"loadpower":[24.388820000000003,23.895988,22.057204000000002],"batterytemp":[35.0,40.0,58.0],"triggerrate":[0.0,0.0,2.4],"triggersremaining":[3279.0,3281.0,3442.0],"crcerrors":[0.0,0.0,0.0]}