{"datalatency":[20.156499],"sensoruptime":[316.15166666666664,315.155,316.15166666666664],"battvoltage":[12.234000000000002,12.225,11.987],"arrayvoltage":[15.380999999999998,14.940999999999999,18.167],"chargecurrent":[0.785,0.705,9.62],"ledstate":[6.0,6.0,8.0],"loadpower":[24.347628000000004,24.53004,22.125905999999997],"batterytemp":[40.0,42.0,55.0],"triggerrate":[8.6,4.4,8.6],"triggersremaining":[2718.0,2966.0,3263.0],"crcerrors":[0.0,0.0,0.0]}