{"datalatency":[38.069334000000005],"sensoruptime":[0.015833333333333335,0.059444444444444446,2.6594444444444445],"battvoltage":[12.530999999999999,12.067,10.26],"arrayvoltage":[34.024,33.496,42.032],"chargecurrent":[1.42,0.875,2.546],"chargestate":[5.0,5.0,7.0],"loadpower":[13.74817,13.97886,0.0],"batterytemp":[17.0,15.0,23.0],"triggerrate":[null,0.0,58.4],"triggersremaining":[0.0,0.0,2509.0],"crcerrors":[27.0,0.0,20.0]}