{"datalatency":[19.47894],"sensoruptime":[237.035,236.0377777777778,237.035],"battvoltage":[12.109000000000002,12.14,11.950999999999999],"arrayvoltage":[5.334,0.0,18.372],"chargecurrent":[0.002,0.002,8.75],"ledstate":[6.0,6.0,8.0],"loadpower":[23.51116,23.6379,21.252608000000002],"batterytemp":[22.0,23.0,52.0],"triggerrate":[0.0,0.0,1.2000000000000002],"triggersremaining":[12677.0,12677.0,12684.0],"crcerrors":[0.0,0.0,2.0]}