{"datalatency":[8.447713],"sensoruptime":[67.42027777777778,66.42027777777778,67.42027777777778],"battvoltage":[12.283,12.299000000000001,12.18],"arrayvoltage":[0.7020000000000001,0.644,40.146],"chargecurrent":[0.0,0.0,10.228],"chargestate":[3.0,3.0,6.0],"loadpower":[14.046859999999999,13.421192,8.80245],"batterytemp":[14.0,14.0,34.0],"triggerrate":[0.0,0.0,0.2],"triggersremaining":[21643.0,21643.0,21649.0],"crcerrors":[0.0,0.0,0.0]}