{"datalatency":[8.60328],"sensoruptime":[71.75277777777778,70.75305555555556,71.75277777777778],"battvoltage":[12.259,12.225,12.183],"arrayvoltage":[32.525999999999996,29.153000000000002,40.146],"chargecurrent":[0.51,0.316,10.228],"chargestate":[5.0,5.0,6.0],"loadpower":[13.918878,13.478562,8.80245],"batterytemp":[19.0,16.0,34.0],"triggerrate":[0.0,0.0,0.2],"triggersremaining":[21641.0,21641.0,21648.0],"crcerrors":[0.0,0.0,0.0]}