{"datalatency":[8.381475],"sensoruptime":[null,null,null],"battvoltage":[12.729000000000001,12.732000000000001,12.530999999999999],"arrayvoltage":[1.056,1.242,40.985],"chargecurrent":[0.002,0.002,1.911],"chargestate":[3.0,3.0,6.0],"loadpower":[0.0,0.0,0.0],"batterytemp":[19.0,19.0,26.0],"triggerrate":[null,null,null],"triggersremaining":[null,null,null],"crcerrors":[null,null,null]}