{"datalatency":[47.371429000000006],"sensoruptime":[null,null,18.476666666666667],"battvoltage":[12.299000000000001,12.305,11.447000000000001],"arrayvoltage":[1.364,1.382,35.223],"chargecurrent":[0.0,0.0,2.0780000000000003],"chargestate":[3.0,3.0,6.0],"loadpower":[0.0,0.0,0.0],"batterytemp":[12.0,12.0,16.0],"triggerrate":[null,null,3.0],"triggersremaining":[null,null,19753.0],"crcerrors":[0.0,null,0.0]}