{"datalatency":[49.646511000000004],"sensoruptime":[null,null,null],"battvoltage":[12.9,12.597999999999999,12.488],"arrayvoltage":[15.872,15.378,20.914],"chargecurrent":[1.155,0.435,4.172],"ledstate":[6.0,6.0,6.0],"loadpower":[8.120339000000001,7.17345,5.666772999999999],"batterytemp":[32.0,30.0,46.0],"triggerrate":[null,null,null],"triggersremaining":[null,null,null],"crcerrors":[null,null,null]}