{"datalatency":[7.954461],"sensoruptime":[39.41916666666667,38.435833333333335,39.41916666666667],"battvoltage":[12.183,12.222000000000001,12.07],"arrayvoltage":[0.638,0.632,41.821000000000005],"chargecurrent":[0.0,0.0,7.474],"chargestate":[3.0,3.0,6.0],"loadpower":[14.00256,14.142719999999999,8.72505],"batterytemp":[3.0,3.0,28.0],"triggerrate":[0.0,0.0,1.4],"triggersremaining":[22229.0,22234.0,22303.0],"crcerrors":[0.0,0.0,0.0]}