{"datalatency":[13.956568],"sensoruptime":[11.040833333333333,10.040833333333333,49.00611111111111],"battvoltage":[11.533,11.606,11.444],"arrayvoltage":[0.012,0.009000000000000001,19.531],"chargecurrent":[0.002,0.005,12.99],"ledstate":[10.0,10.0,10.0],"loadpower":[23.609061,23.595308000000003,5.941168],"batterytemp":[23.0,24.0,41.0],"triggerrate":[0.0,0.0,2.4000000000000004],"triggersremaining":[14585.0,14585.0,14654.0],"crcerrors":[0.0,0.0,0.0]}