{"datalatency":[15.070316000000002],"sensoruptime":[53.11944444444445,52.11972222222222,53.11944444444445],"battvoltage":[12.75,12.558,11.499],"arrayvoltage":[14.749,15.036,18.410999999999998],"chargecurrent":[9.064,7.745,11.398],"ledstate":[8.0,10.0,10.0],"loadpower":[22.86471,22.691326,21.727188],"batterytemp":[49.0,46.0,52.0],"triggerrate":[0.0,0.0,6.0],"triggersremaining":[20758.0,20758.0,21058.0],"crcerrors":[0.0,0.0,1.0]}