{"datalatency":[8.101582],"sensoruptime":[50.9175,49.9175,50.9175],"battvoltage":[14.355,14.24,12.115],"arrayvoltage":[29.175,41.931000000000004,42.861999999999995],"chargecurrent":[2.235,2.648,7.356],"chargestate":[6.0,6.0,6.0],"loadpower":[14.649348000000002,12.331824000000001,8.875646],"batterytemp":[23.0,27.0,30.0],"triggerrate":[0.0,0.0,0.6],"triggersremaining":[22210.0,22211.0,22255.0],"crcerrors":[0.0,0.0,0.0]}