{"datalatency":[22.846056],"sensoruptime":[14.482777777777779,13.483055555555556,null],"battvoltage":[12.253,12.292,12.253],"arrayvoltage":[0.057999999999999996,0.024,20.032],"chargecurrent":[0.005,0.005,7.09],"chargestate":[3.0,3.0,7.0],"loadpower":[24.371830999999997,24.621399999999998,11.041264],"batterytemp":[25.0,26.0,47.0],"triggerrate":[null,null,null],"triggersremaining":[22490.0,22490.0,null],"crcerrors":[null,null,0.0]}