{"datalatency":[15.150542000000002],"sensoruptime":[56.952222222222225,55.9525,56.952222222222225],"battvoltage":[13.052,13.025,11.499],"arrayvoltage":[14.895999999999999,14.307,18.410999999999998],"chargecurrent":[6.779,8.342,12.030999999999999],"ledstate":[8.0,8.0,10.0],"loadpower":[22.770004,23.4774,21.764498],"batterytemp":[56.0,54.0,56.0],"triggerrate":[0.0,0.0,6.0],"triggersremaining":[20756.0,20758.0,21055.0],"crcerrors":[0.0,0.0,1.0]}