{"datalatency":[7.43658],"sensoruptime":[159.9061111111111,158.9063888888889,159.9061111111111],"battvoltage":[12.347000000000001,12.375,11.868],"arrayvoltage":[0.616,0.613,42.465],"chargecurrent":[0.0,0.0,15.0],"chargestate":[3.0,3.0,6.0],"loadpower":[13.501876,13.751216000000003,8.596613999999999],"batterytemp":[10.0,10.0,33.0],"triggerrate":[0.0,0.0,0.8],"triggersremaining":[20379.0,20384.0,20474.0],"crcerrors":[0.0,0.0,0.0]}