{"datalatency":[7.435791],"sensoruptime":[158.7397222222222,157.74,158.7397222222222],"battvoltage":[12.375,12.415,11.868],"arrayvoltage":[0.62,0.613,42.465],"chargecurrent":[0.0,0.0,15.0],"chargestate":[3.0,3.0,6.0],"loadpower":[13.812936,13.523328000000001,8.596613999999999],"batterytemp":[10.0,11.0,33.0],"triggerrate":[0.2,0.0,0.8],"triggersremaining":[20386.0,20390.0,20480.0],"crcerrors":[0.0,0.0,0.0]}