{"datalatency":[31.266469],"sensoruptime":[5.499444444444444,4.499722222222222,152.8761111111111],"battvoltage":[12.183,12.064,11.453],"arrayvoltage":[16.989,17.09,20.047],"chargecurrent":[3.3360000000000003,2.186,14.731],"chargestate":[5,5,6],"loadpower":[26.400192,26.234208000000002,0.0],"batterytemp":[24,25,39],"triggerrate":[null,null,null],"triggersremaining":[14672.0,14672.0,15138.0],"crcerrors":[null,null,0.0]}