{"datalatency":[12.621683],"sensoruptime":[6.763333333333334,5.7636111111111115,18.859444444444446],"battvoltage":[12.9,12.46,11.456],"arrayvoltage":[15.82,16.116,17.825],"chargecurrent":[6.358,3.056,11.344000000000001],"chargestate":[5.0,5.0,6.0],"loadpower":[26.203189,27.059760000000004,0.0],"batterytemp":[46.0,45.0,47.0],"triggerrate":[0.0,0.0,9.600000000000001],"triggersremaining":[22147.0,22148.0,22162.0],"crcerrors":[0.0,0.0,0.0]}