{"datalatency":[8.368045],"sensoruptime":[null,null,5.101944444444444],"battvoltage":[12.780999999999999,12.796,11.362],"arrayvoltage":[0.735,0.888,40.985],"chargecurrent":[0.0,0.002,1.911],"chargestate":[3.0,3.0,6.0],"loadpower":[0.0,0.0,0.0],"batterytemp":[20.0,21.0,26.0],"triggerrate":[null,null,6.2],"triggersremaining":[null,null,22206.0],"crcerrors":[1.0,null,1.0]}