{"datalatency":[8.097190000000001],"sensoruptime":[10.250555555555556,9.250833333333333,11.270277777777778],"battvoltage":[11.533,11.800999999999998,11.154000000000002],"arrayvoltage":[1.611,31.79,41.791000000000004],"chargecurrent":[0.0,0.457,2.923],"chargestate":[3.0,5.0,6.0],"loadpower":[14.250978000000002,13.822676000000003,0.0],"batterytemp":[17.0,24.0,32.0],"triggerrate":[0.0,0.0,0.8],"triggersremaining":[18373.0,18373.0,18394.0],"crcerrors":[0.0,0.0,0.0]}