{"datalatency":[72.481308],"sensoruptime":[11.356666666666667,10.356944444444444,76.74361111111111],"battvoltage":[12.186,12.216,12.177],"arrayvoltage":[0.0,0.04,17.526],"chargecurrent":[0.005,0.005,8.977],"ledstate":[6.0,6.0,6.0],"loadpower":[23.415700000000005,23.45805,21.808872],"batterytemp":[29.0,28.0,51.0],"triggerrate":[0.0,0.0,3.8],"triggersremaining":[6330.0,6330.0,7039.0],"crcerrors":[0.0,0.0,0.0]}