{"datalatency":[74.92607600000001],"sensoruptime":[12.69,11.706666666666667,76.74361111111111],"battvoltage":[12.177,12.177,12.173],"arrayvoltage":[0.0,0.0,17.526],"chargecurrent":[0.005,0.005,8.977],"ledstate":[6.0,6.0,6.0],"loadpower":[23.239671,24.510460000000005,21.808872],"batterytemp":[29.0,29.0,51.0],"triggerrate":[0.0,0.0,3.8],"triggersremaining":[6329.0,6330.0,7039.0],"crcerrors":[0.0,0.0,0.0]}