{"datalatency":[37.628712],"sensoruptime":[null,null,7.746944444444445],"battvoltage":[12.415,12.415,11.110999999999999],"arrayvoltage":[0.775,4.175,33.400999999999996],"chargecurrent":[0.0,0.0,2.329],"chargestate":[3.0,3.0,6.0],"loadpower":[0.0,0.0,0.0],"batterytemp":[21.0,22.0,28.0],"triggerrate":[null,null,null],"triggersremaining":[null,null,12014.0],"crcerrors":[1.0,null,0.0]}