{"datalatency":[26.631736],"sensoruptime":[9.150555555555556,8.153611111111111,null],"battvoltage":[12.503,12.710999999999999,12.503],"arrayvoltage":[13.535,15.770999999999999,20.032],"chargecurrent":[0.15,1.6480000000000001,7.09],"chargestate":[5.0,7.0,7.0],"loadpower":[24.489116000000003,24.406716,11.041264],"batterytemp":[37.0,44.0,47.0],"triggerrate":[null,null,null],"triggersremaining":[22491.0,22491.0,null],"crcerrors":[null,null,0.0]}