{"datalatency":[16.875408],"sensoruptime":[443.5061111111111,442.50638888888886,443.5061111111111],"battvoltage":[12.253,12.369000000000002,12.027000000000001],"arrayvoltage":[13.123,17.288,17.487000000000002],"chargecurrent":[0.065,0.78,10.864],"ledstate":[6.0,6.0,8.0],"loadpower":[23.949765999999997,23.476202,21.481326],"batterytemp":[36.0,45.0,49.0],"triggerrate":[0.0,0.0,16.8],"triggersremaining":[11714.0,11718.0,12596.0],"crcerrors":[0.0,0.0,2.0]}