{"datalatency":[11.925184000000002],"sensoruptime":[null,null,18.859444444444446],"battvoltage":[11.99,11.987,11.456],"arrayvoltage":[0.235,0.0,17.825],"chargecurrent":[0.002,0.002,11.344000000000001],"chargestate":[3.0,3.0,6.0],"loadpower":[7.25685,11.771424999999999,0.0],"batterytemp":[25.0,24.0,47.0],"triggerrate":[null,null,1.2000000000000002],"triggersremaining":[null,null,22150.0],"crcerrors":[null,null,0.0]}