{"datalatency":[8.495214],"sensoruptime":[14.760833333333334,13.777777777777779,14.760833333333334],"battvoltage":[12.36,12.378,11.478],"arrayvoltage":[0.601,0.604,38.565],"chargecurrent":[0.0,0.0,15.0],"chargestate":[3.0,3.0,6.0],"loadpower":[14.257320000000002,14.2071,0.0],"batterytemp":[13.0,14.0,41.0],"triggerrate":[0.0,0.0,1.2],"triggersremaining":[21670.0,21671.0,21802.0],"crcerrors":[0.0,0.0,0.0]}