{"datalatency":[8.41914],"sensoruptime":[9.950833333333334,8.9675,114.10888888888888],"battvoltage":[11.63,11.675999999999998,11.469000000000001],"arrayvoltage":[0.583,0.565,35.4],"chargecurrent":[0.0,0.0,6.643],"chargestate":[3.0,3.0,5.0],"loadpower":[13.570921000000002,14.199444,0.0],"batterytemp":[17.0,18.0,27.0],"triggerrate":[1.0,0.8,1.6],"triggersremaining":[21837.0,21867.0,21938.0],"crcerrors":[0.0,0.0,0.0]}