{"datalatency":[20.635254],"sensoruptime":[552.6561111111112,551.6588888888889,552.6561111111112],"battvoltage":[11.703,11.612,11.53],"arrayvoltage":[16.357,16.217,17.575],"chargecurrent":[1.899,1.1059999999999999,11.448],"ledstate":[10.0,10.0,10.0],"loadpower":[23.252331,23.419957999999998,22.242600000000003],"batterytemp":[32.0,29.0,51.0],"triggerrate":[0.0,0.0,2.4000000000000004],"triggersremaining":[11254.0,11255.0,11310.0],"crcerrors":[0.0,0.0,2.0]}