{"datalatency":[8.494227],"sensoruptime":[25.592777777777776,24.592777777777776,25.592777777777776],"battvoltage":[14.081,14.215,12.112],"arrayvoltage":[40.591,39.441,41.489],"chargecurrent":[5.336,8.46,15.0],"chargestate":[6.0,6.0,6.0],"loadpower":[9.47205,9.578945999999998,9.0954],"batterytemp":[32.0,28.0,41.0],"triggerrate":[0.0,0.0,1.0],"triggersremaining":[21655.0,21658.0,21741.0],"crcerrors":[0.0,0.0,0.0]}