{"datalatency":[7.724731],"sensoruptime":[11.895833333333334,10.912777777777778,227.69416666666666],"battvoltage":[11.838,11.835,11.761],"arrayvoltage":[26.651,23.587,36.472],"chargecurrent":[0.22899999999999998,0.028999999999999998,3.503],"chargestate":[5.0,5.0,5.0],"loadpower":[13.78227,13.864940000000002,9.995777999999998],"batterytemp":[17.0,17.0,18.0],"triggerrate":[0.0,0.0,24.0],"triggersremaining":[18616.0,18620.0,20290.0],"crcerrors":[2.0,0.0,3.0]}