{"datalatency":[15.206666],"sensoruptime":[57.285555555555554,56.28861111111111,57.285555555555554],"battvoltage":[13.015999999999998,13.052,11.499],"arrayvoltage":[15.039000000000001,14.749,18.410999999999998],"chargecurrent":[6.0520000000000005,7.996,12.030999999999999],"ledstate":[8.0,8.0,10.0],"loadpower":[22.614448,22.942637,21.764498],"batterytemp":[56.0,55.0,56.0],"triggerrate":[0.0,0.0,6.0],"triggersremaining":[20756.0,20757.0,21053.0],"crcerrors":[0.0,0.0,1.0]}