{"datalatency":[16.852187],"sensoruptime":[4.35,3.350277777777778,null],"battvoltage":[13.458,13.037,11.31],"arrayvoltage":[15.872,17.194000000000003,19.531],"chargecurrent":[6.767,3.0,12.99],"ledstate":[6.0,6.0,11.0],"loadpower":[26.685372999999995,26.693157000000003,0.0],"batterytemp":[37.0,31.0,41.0],"triggerrate":[0.0,0.0,null],"triggersremaining":[14572.0,14574.0,null],"crcerrors":[0.0,0.0,0.0]}