{"datalatency":[15.956026000000001],"sensoruptime":[144.3825,143.38555555555556,144.3825],"battvoltage":[11.987,11.884,11.870999999999999],"arrayvoltage":[16.217,15.042,16.898],"chargecurrent":[1.7369999999999999,0.37,10.972000000000001],"ledstate":[8.0,8.0,8.0],"loadpower":[23.667105000000003,22.486058999999997,21.571521000000004],"batterytemp":[32.0,30.0,42.0],"triggerrate":[0.0,0.0,3.6],"triggersremaining":[12944.0,12945.0,13077.0],"crcerrors":[0.0,0.0,2.0]}