{"datalatency":[14.940676000000002],"sensoruptime":[105.22166666666666,104.22194444444445,105.22166666666666],"battvoltage":[12.585,12.823,12.057],"arrayvoltage":[15.767999999999999,15.573,17.825],"chargecurrent":[2.445,4.063,10.327],"ledstate":[6.0,6.0,8.0],"loadpower":[23.824854,22.471225,21.192338],"batterytemp":[47.0,50.0,58.0],"triggerrate":[0.0,0.0,2.4000000000000004],"triggersremaining":[13081.0,13083.0,13093.0],"crcerrors":[0.0,0.0,2.0]}