{"datalatency":[76.388965],"sensoruptime":[2.9897222222222224,1.99,null],"battvoltage":[12.885,13.684000000000001,12.488],"arrayvoltage":[15.524000000000001,18.24,20.914],"chargecurrent":[1.966,4.167,8.175],"ledstate":[6.0,5.0,6.0],"loadpower":[24.494006,22.863668,6.0236],"batterytemp":[45.0,45.0,47.0],"triggerrate":[0.0,0.0,null],"triggersremaining":[7076.0,7078.0,null],"crcerrors":[0.0,0.0,0.0]}