{"datalatency":[8.099451],"sensoruptime":[98.91083333333333,97.91111111111111,98.91083333333333],"battvoltage":[11.786,11.800999999999998,11.774000000000001],"arrayvoltage":[21.451,26.611,34.863],"chargecurrent":[0.0,0.157,1.423],"chargestate":[5.0,5.0,5.0],"loadpower":[14.478329999999998,13.743759000000003,12.913230000000002],"batterytemp":[13.0,13.0,16.0],"triggerrate":[0.0,0.0,0.8],"triggersremaining":[21953.0,21953.0,22076.0],"crcerrors":[0.0,0.0,0.0]}