{"datalatency":[21.024153000000002],"sensoruptime":[55.17916666666667,54.17944444444444,55.17916666666667],"battvoltage":[11.645999999999999,11.682,11.645999999999999],"arrayvoltage":[12.655999999999999,0.171,17.78],"chargecurrent":[0.077,0.002,7.774],"ledstate":[10.0,8.0,10.0],"loadpower":[24.411370000000005,23.91183,22.552155],"batterytemp":[26.0,25.0,40.0],"triggerrate":[0.0,0.0,7.200004464002768],"triggersremaining":[22183.0,22183.0,22427.0],"crcerrors":[null,null,0.0]}