{"datalatency":[8.072923000000001],"sensoruptime":[27.587222222222223,26.5875,27.587222222222223],"battvoltage":[12.759,14.328,12.07],"arrayvoltage":[35.742,30.298000000000002,41.821000000000005],"chargecurrent":[0.58,2.082,7.474],"chargestate":[5.0,6.0,7.0],"loadpower":[13.87134,14.565586000000001,8.72505],"batterytemp":[17.0,24.0,28.0],"triggerrate":[0.0,0.0,1.4],"triggersremaining":[22255.0,22256.0,22380.0],"crcerrors":[0.0,0.0,0.0]}