{"datalatency":[37.714797000000004],"sensoruptime":[0.61,null,9.396944444444445],"battvoltage":[11.777000000000001,12.567,10.477],"arrayvoltage":[32.388000000000005,26.851999999999997,43.448],"chargecurrent":[0.841,0.135,5.0760000000000005],"chargestate":[5.0,5.0,8.0],"loadpower":[13.830935999999998,0.0,0.0],"batterytemp":[10.0,8.0,26.0],"triggerrate":[0.2,0.0,19.2],"triggersremaining":[11440.0,null,11664.0],"crcerrors":[0.0,0.0,0.0]}