{"datalatency":[19.874412],"sensoruptime":[278.66055555555556,277.66055555555556,278.66055555555556],"battvoltage":[11.987,11.987,11.874],"arrayvoltage":[1.501,0.0,17.432000000000002],"chargecurrent":[0.002,0.005,9.39],"ledstate":[8.0,8.0,8.0],"loadpower":[24.192244999999996,24.1895,22.057204000000002],"batterytemp":[29.0,29.0,58.0],"triggerrate":[0.0,0.0,0.8],"triggersremaining":[3277.0,3277.0,3318.0],"crcerrors":[0.0,0.0,0.0]}