{"datalatency":[49.765819],"sensoruptime":[20.320555555555554,19.337222222222223,null],"battvoltage":[12.329,12.329,12.323],"arrayvoltage":[13.306,2.487,19.229],"chargecurrent":[0.109,0.005,8.175],"ledstate":[6.0,6.0,6.0],"loadpower":[23.599372,24.511907000000004,6.0236],"batterytemp":[30.0,30.0,54.0],"triggerrate":[0.0,0.0,null],"triggersremaining":[7053.0,7054.0,null],"crcerrors":[0.0,0.0,0.0]}