{"datalatency":[13.597547],"sensoruptime":[67.8938888888889,66.8938888888889,67.8938888888889],"battvoltage":[12.027000000000001,12.050999999999998,12.015],"arrayvoltage":[0.107,0.214,17.000999999999998],"chargecurrent":[0.002,0.005,10.545],"ledstate":[8.0,8.0,8.0],"loadpower":[23.735712,23.039016000000004,21.262392999999996],"batterytemp":[27.0,27.0,52.0],"triggerrate":[0.0,0.0,6.0],"triggersremaining":[13098.0,13100.0,13444.0],"crcerrors":[0.0,0.0,2.0]}