{"datalatency":[44.292328000000005],"sensoruptime":[18.164444444444445,17.164444444444445,18.164444444444445],"battvoltage":[11.620999999999999,11.649000000000001,11.612],"arrayvoltage":[0.0,0.0,17.288],"chargecurrent":[0.002,0.012,10.940999999999999],"ledstate":[10.0,10.0,10.0],"loadpower":[23.443068,23.45771,23.015770000000003],"batterytemp":[27.0,27.0,53.0],"triggerrate":[0.0,0.0,0.2],"triggersremaining":[26.0,26.0,31.0],"crcerrors":[0.0,0.0,0.0]}