{"datalatency":[15.077214000000001],"sensoruptime":[56.4525,55.4525,56.4525],"battvoltage":[13.052,13.019,11.499],"arrayvoltage":[14.697000000000001,14.550999999999998,18.410999999999998],"chargecurrent":[7.675,8.825,12.030999999999999],"ledstate":[8.0,8.0,10.0],"loadpower":[22.903508,22.874036000000004,21.764498],"batterytemp":[55.0,52.0,55.0],"triggerrate":[0.0,0.0,6.0],"triggersremaining":[20756.0,20758.0,21055.0],"crcerrors":[0.0,0.0,1.0]}