{"datalatency":[18.266227],"sensoruptime":[201.3736111111111,200.3763888888889,201.3736111111111],"battvoltage":[12.827,12.972999999999999,11.800999999999998],"arrayvoltage":[16.012999999999998,15.915,18.445],"chargecurrent":[4.633,6.525,8.948],"ledstate":[8.0,8.0,8.0],"loadpower":[22.71395,22.428345,21.692814],"batterytemp":[51.0,51.0,53.0],"triggerrate":[0.0,0.0,1.2000000000000002],"triggersremaining":[12687.0,12687.0,12693.0],"crcerrors":[0.0,0.0,2.0]}