{"datalatency":[13.396962],"sensoruptime":[null,null,null],"battvoltage":[12.204,12.200999999999999,11.285],"arrayvoltage":[12.780999999999999,0.0,19.949],"chargecurrent":[0.002,0.005,9.745],"ledstate":[11.0,11.0,11.0],"loadpower":[0.0,0.0,0.0],"batterytemp":[23.0,24.0,51.0],"triggerrate":[null,null,null],"triggersremaining":[null,null,null],"crcerrors":[null,null,0.0]}