{"datalatency":[8.177222],"sensoruptime":[4.619722222222222,3.636388888888889,null],"battvoltage":[11.105,11.874,10.944],"arrayvoltage":[0.9670000000000001,0.992,41.791000000000004],"chargecurrent":[0.0,0.0,2.923],"chargestate":[3.0,3.0,6.0],"loadpower":[13.810525,13.789908000000004,0.0],"batterytemp":[9.0,10.0,32.0],"triggerrate":[0.0,0.0,null],"triggersremaining":[18367.0,18369.0,null],"crcerrors":[0.0,0.0,0.0]}