{"datalatency":[8.088821000000001],"sensoruptime":[60.92722222222222,59.94416666666667,60.92722222222222],"battvoltage":[11.667,11.554,11.53],"arrayvoltage":[0.867,1.0070000000000001,40.738],"chargecurrent":[0.0,0.0,11.615],"chargestate":[3.0,3.0,6.0],"loadpower":[14.235724999999999,14.293104000000001,9.041284000000001],"batterytemp":[15.0,15.0,34.0],"triggerrate":[0.0,0.0,0.4],"triggersremaining":[18408.0,18409.0,18417.0],"crcerrors":[0.0,0.0,0.0]}