{"datalatency":[15.494389000000002],"sensoruptime":[null,6.516388888888889,null],"battvoltage":[13.663,13.699000000000002,11.31],"arrayvoltage":[18.665,14.935,19.531],"chargecurrent":[4.766,8.834,12.057],"ledstate":[5.0,6.0,11.0],"loadpower":[6.7885,26.887159999999998,0.0],"batterytemp":[46.0,41.0,46.0],"triggerrate":[null,0.0,null],"triggersremaining":[null,14570.0,null],"crcerrors":[0.0,null,0.0]}