{"datalatency":[77.18562700000001],"sensoruptime":[54.644444444444446,53.66111111111111,54.644444444444446],"battvoltage":[12.292,12.405,11.874],"arrayvoltage":[15.677,15.231,16.608],"chargecurrent":[2.266,2.312,10.463],"ledstate":[6.0,6.0,8.0],"loadpower":[24.402292000000003,23.353032,21.727188],"batterytemp":[45.0,48.0,50.0],"triggerrate":[0.0,0.0,1.4],"triggersremaining":[1510.0,1510.0,1611.0],"crcerrors":[0.0,0.0,0.0]}