{"datalatency":[8.114525],"sensoruptime":[8.170833333333333,7.1875,62.22694444444444],"battvoltage":[14.27,14.300999999999998,11.319],"arrayvoltage":[41.583,41.821000000000005,42.471000000000004],"chargecurrent":[2.65,2.52,5.733],"chargestate":[6.0,6.0,6.0],"loadpower":[12.331824000000001,12.590907,0.0],"batterytemp":[26.0,25.0,31.0],"triggerrate":[0.0,0.0,0.5],"triggersremaining":[18399.0,18400.0,18410.0],"crcerrors":[0.0,0.0,0.0]}