{"datalatency":[13.662821000000001],"sensoruptime":[68.56027777777778,67.56333333333333,68.56027777777778],"battvoltage":[12.015,12.027000000000001,12.012],"arrayvoltage":[0.021,0.08199999999999999,17.000999999999998],"chargecurrent":[0.002,0.005,10.545],"ledstate":[8.0,8.0,8.0],"loadpower":[23.602724999999996,23.939916000000004,21.262392999999996],"batterytemp":[27.0,27.0,52.0],"triggerrate":[0.0,0.0,6.0],"triggersremaining":[13097.0,13098.0,13414.0],"crcerrors":[0.0,0.0,2.0]}