{"datalatency":[19.105521],"sensoruptime":[509.32944444444445,508.32972222222224,509.32944444444445],"battvoltage":[12.027000000000001,12.012,11.85],"arrayvoltage":[16.84,16.702,17.041],"chargecurrent":[1.974,1.643,9.732999999999999],"ledstate":[8.0,8.0,8.0],"loadpower":[23.3752,23.566961000000003,20.930414],"batterytemp":[32.0,32.0,51.0],"triggerrate":[0.0,0.0,2.4000000000000004],"triggersremaining":[11345.0,11345.0,11444.0],"crcerrors":[0.0,0.0,2.0]}