{"datalatency":[7.526677],"sensoruptime":[172.40416666666667,171.42083333333332,172.40416666666667],"battvoltage":[14.290999999999999,14.294,12.183],"arrayvoltage":[42.688,42.923,43.121],"chargecurrent":[3.0610000000000004,3.568,10.794],"chargestate":[6.0,6.0,6.0],"loadpower":[13.321764000000002,12.243210000000001,8.596613999999999],"batterytemp":[25.0,25.0,30.0],"triggerrate":[0.0,0.0,0.8],"triggersremaining":[20368.0,20369.0,20454.0],"crcerrors":[0.0,0.0,0.0]}