{"datalatency":[18.815957],"sensoruptime":[151.85194444444446,150.86888888888888,151.85194444444446],"battvoltage":[12.380999999999998,12.405,12.253],"arrayvoltage":[0.064,0.07,18.066],"chargecurrent":[0.005,0.002,9.651],"ledstate":[6.0,6.0,6.0],"loadpower":[23.676012,24.129170999999996,22.10415],"batterytemp":[34.0,35.0,55.0],"triggerrate":[0.0,0.0,1.6],"triggersremaining":[6177.0,6177.0,6261.0],"crcerrors":[0.0,0.0,0.0]}