{"datalatency":[21.150302],"sensoruptime":[31.36722222222222,30.36861111111111,31.36722222222222],"battvoltage":[11.950999999999999,12.9,11.798],"arrayvoltage":[12.975999999999999,14.844000000000001,17.48],"chargecurrent":[0.138,9.475,10.720999999999998],"ledstate":[8.0,8.0,8.0],"loadpower":[24.478685000000002,24.525423999999997,21.698432000000004],"batterytemp":[41.0,46.0,51.0],"triggerrate":[8.4,5.8,16.8],"triggersremaining":[445.0,1065.0,1316.0],"crcerrors":[1.9999768521197672,1.0,2.0]}