{"datalatency":[47.233209],"sensoruptime":[null,null,null],"battvoltage":[12.668,13.140999999999998,12.28],"arrayvoltage":[21.179000000000002,29.263,44.098],"chargecurrent":[0.006999999999999999,0.345,4.486000000000001],"chargestate":[5.0,5.0,8.0],"loadpower":[0.0,0.0,0.0],"batterytemp":[17.0,19.0,24.0],"triggerrate":[null,null,null],"triggersremaining":[null,null,null],"crcerrors":[null,null,null]}