{"datalatency":[37.805996],"sensoruptime":[0.5572222222222222,0.007222222222222222,7.746944444444445],"battvoltage":[12.241,11.343,10.802999999999999],"arrayvoltage":[31.693,27.991,33.400999999999996],"chargecurrent":[1.2590000000000001,0.33299999999999996,2.329],"chargestate":[5.0,5.0,6.0],"loadpower":[13.707517999999999,14.129757000000001,0.0],"batterytemp":[23.0,20.0,28.0],"triggerrate":[0.0,0.0,null],"triggersremaining":[11687.0,11687.0,12014.0],"crcerrors":[0.0,0.0,0.0]}