{"datalatency":[9.145502],"sensoruptime":[1.1727777777777777,0.17583333333333334,null],"battvoltage":[13.663,12.259,11.285],"arrayvoltage":[15.915,17.038,19.949],"chargecurrent":[6.329,4.74,9.745],"ledstate":[6.0,6.0,11.0],"loadpower":[25.757688,27.336284999999997,0.0],"batterytemp":[35.0,26.0,51.0],"triggerrate":[0.0,0.0,null],"triggersremaining":[14567.0,14567.0,null],"crcerrors":[0.0,0.0,0.0]}