{"datalatency":[21.065435],"sensoruptime":[10.685833333333333,9.686111111111112,31.89388888888889],"battvoltage":[12.704,12.1,12.07],"arrayvoltage":[16.891,16.266,18.692],"chargecurrent":[4.979,0.49,11.344000000000001],"ledstate":[8.0,8.0,8.0],"loadpower":[23.388566,23.294582999999996,7.371546],"batterytemp":[30.0,26.0,48.0],"triggerrate":[0.0,0.0,16.800115584795222],"triggersremaining":[22432.0,22432.0,22488.0],"crcerrors":[null,null,0.0]}