{"datalatency":[53.821983],"sensoruptime":[18.211944444444445,17.211944444444445,null],"battvoltage":[12.177,12.177,12.167],"arrayvoltage":[13.284,0.534,19.632],"chargecurrent":[0.157,0.005,7.9],"ledstate":[6.0,6.0,6.0],"loadpower":[23.513012000000003,23.829276000000004,5.802676],"batterytemp":[28.0,28.0,49.0],"triggerrate":[0.0,0.0,null],"triggersremaining":[22327.0,22327.0,null],"crcerrors":[0.0,0.0,0.0]}