{"datalatency":[7.068924000000001],"sensoruptime":[150.57416666666666,149.5911111111111,150.57416666666666],"battvoltage":[14.169,14.175,11.868],"arrayvoltage":[41.513000000000005,42.038000000000004,42.465],"chargecurrent":[3.484,4.034,15.0],"chargestate":[6.0,6.0,6.0],"loadpower":[10.407292,12.140275,8.596613999999999],"batterytemp":[29.0,29.0,33.0],"triggerrate":[0.0,0.2,6.4],"triggersremaining":[20433.0,20440.0,21324.0],"crcerrors":[0.0,0.0,0.0]}