{"datalatency":[8.44431],"sensoruptime":[10.761388888888888,9.761666666666667,11.467222222222222],"battvoltage":[12.491,12.527000000000001,11.478],"arrayvoltage":[0.589,0.5920000000000001,38.565],"chargecurrent":[0.0,0.0,15.0],"chargestate":[3.0,3.0,6.0],"loadpower":[13.631240000000002,13.709209,0.0],"batterytemp":[18.0,20.0,41.0],"triggerrate":[0.0,0.2,1.6],"triggersremaining":[21687.0,21697.0,21897.0],"crcerrors":[0.0,0.0,0.0]}