{"datalatency":[7.656015000000001],"sensoruptime":[190.56833333333333,189.56833333333333,190.56833333333333],"battvoltage":[12.155,12.183,12.106],"arrayvoltage":[33.887,0.9520000000000001,43.121],"chargecurrent":[0.324,0.0,10.794],"chargestate":[5.0,3.0,6.0],"loadpower":[13.83111,13.941785,8.98432],"batterytemp":[4.0,3.0,29.0],"triggerrate":[0.0,0.0,0.4],"triggersremaining":[20356.0,20356.0,20371.0],"crcerrors":[0.0,0.0,0.0]}