{"datalatency":[8.045857],"sensoruptime":[74.7475,73.74777777777778,74.7475],"battvoltage":[12.213,12.259,12.145999999999999],"arrayvoltage":[26.761,34.329,40.298],"chargecurrent":[0.15,0.7440000000000001,2.8360000000000003],"chargestate":[5.0,5.0,6.0],"loadpower":[14.038272000000001,13.37212,13.31694],"batterytemp":[13.0,14.0,23.0],"triggerrate":[0.0,0.0,4.4],"triggersremaining":[22076.0,22076.0,22210.0],"crcerrors":[0.0,0.0,0.0]}