{"datalatency":[13.512583000000001],"sensoruptime":[null,null,61.55722222222222],"battvoltage":[12.216,12.222000000000001,11.499],"arrayvoltage":[0.018000000000000002,0.021,18.410999999999998],"chargecurrent":[0.002,0.002,12.030999999999999],"ledstate":[8.0,8.0,10.0],"loadpower":[7.810560000000001,7.7495400000000005,7.249176],"batterytemp":[28.0,29.0,56.0],"triggerrate":[null,null,1.2000000000000002],"triggersremaining":[null,null,20769.0],"crcerrors":[0.0,null,1.0]}