{"datalatency":[7.689205],"sensoruptime":[17.266944444444444,16.267222222222223,31.859444444444446],"battvoltage":[11.685,11.725,11.465],"arrayvoltage":[0.687,0.687,42.996],"chargecurrent":[0.0,0.0,15.002],"chargestate":[3.0,3.0,6.0],"loadpower":[13.569912,13.646898000000002,0.0],"batterytemp":[3.0,3.0,28.0],"triggerrate":[0.0,0.0,1.0],"triggersremaining":[18425.0,18425.0,18467.0],"crcerrors":[0.0,0.0,4.0]}