{"datalatency":[30.923613000000003],"sensoruptime":[1.3841666666666668,0.38416666666666666,57.48722222222222],"battvoltage":[12.985,12.564,11.639000000000001],"arrayvoltage":[15.915,16.195999999999998,17.78],"chargecurrent":[10.808,8.107000000000001,12.089],"ledstate":[8.0,8.0,10.0],"loadpower":[23.561039,24.029789,6.942914999999999],"batterytemp":[48.0,43.0,48.0],"triggerrate":[0.0,0.0,7.200004464002768],"triggersremaining":[22178.0,22178.0,22386.0],"crcerrors":[null,null,0.0]}