{"datalatency":[13.933402000000001],"sensoruptime":[362.18611111111113,361.18638888888887,362.18611111111113],"battvoltage":[12.787,12.369000000000002,12.064],"arrayvoltage":[16.016,16.452,17.633],"chargecurrent":[4.646,2.553,12.229000000000001],"ledstate":[8.0,8.0,8.0],"loadpower":[22.297688,23.266813,21.612250999999997],"batterytemp":[37.0,32.0,44.0],"triggerrate":[0.0,0.0,1.2000000000000002],"triggersremaining":[12616.0,12616.0,12622.0],"crcerrors":[0.0,0.0,2.0]}