{"datalatency":[7.381031],"sensoruptime":[156.74,155.75666666666666,156.74],"battvoltage":[12.445,12.472999999999999,11.868],"arrayvoltage":[0.607,0.613,42.465],"chargecurrent":[0.0,0.0,15.0],"chargestate":[3.0,3.0,6.0],"loadpower":[13.687942,13.631240000000002,8.596613999999999],"batterytemp":[11.0,11.0,33.0],"triggerrate":[0.0,0.0,1.2],"triggersremaining":[20395.0,20398.0,20508.0],"crcerrors":[0.0,0.0,0.0]}