{"datalatency":[74.96448600000001],"sensoruptime":[12.321666666666667,11.321666666666667,null],"battvoltage":[12.445,12.491,12.445],"arrayvoltage":[0.012,0.018000000000000002,19.229],"chargecurrent":[0.005,0.005,8.175],"ledstate":[6.0,6.0,6.0],"loadpower":[23.548102,23.341968,6.0236],"batterytemp":[33.0,34.0,54.0],"triggerrate":[0.0,0.0,null],"triggersremaining":[7056.0,7057.0,null],"crcerrors":[0.0,0.0,0.0]}