{"datalatency":[8.527939],"sensoruptime":[49.422777777777775,48.43944444444445,49.422777777777775],"battvoltage":[13.892000000000001,13.562000000000001,12.18],"arrayvoltage":[34.714,34.763000000000005,41.489],"chargecurrent":[5.843999999999999,7.2379999999999995,10.228],"chargestate":[5.0,5.0,6.0],"loadpower":[10.542457999999998,10.4253,9.02565],"batterytemp":[28.0,25.0,35.0],"triggerrate":[0.0,0.0,0.2],"triggersremaining":[21647.0,21647.0,21656.0],"crcerrors":[0.0,0.0,0.0]}