{"datalatency":[14.064474],"sensoruptime":[null,19.56361111111111,20.196666666666665],"battvoltage":[12.200999999999999,11.526,11.224],"arrayvoltage":[13.193,0.42700000000000005,19.305],"chargecurrent":[0.08,0.002,7.371],"ledstate":[11.0,10.0,11.0],"loadpower":[0.0,23.940918,0.0],"batterytemp":[20.0,20.0,49.0],"triggerrate":[null,0.0,null],"triggersremaining":[null,14560.0,14564.0],"crcerrors":[0.0,null,0.0]}