{"datalatency":[26.075477000000003],"sensoruptime":[null,null,null],"battvoltage":[12.72,12.72,12.299000000000001],"arrayvoltage":[0.784,0.7390000000000001,44.974],"chargecurrent":[0.0,0.0,2.773],"chargestate":[3.0,3.0,6.0],"loadpower":[0.0,0.0,0.0],"batterytemp":[1.0,2.0,19.0],"triggerrate":[null,null,null],"triggersremaining":[null,null,null],"crcerrors":[null,null,null]}