{"datalatency":[11.177129],"sensoruptime":[9.799722222222222,8.8,null],"battvoltage":[11.895999999999999,11.948,11.569],"arrayvoltage":[0.10400000000000001,0.153,19.736],"chargecurrent":[0.005,0.002,12.392999999999999],"chargestate":[3.0,3.0,6.0],"loadpower":[24.121206000000008,23.23856,6.808707000000001],"batterytemp":[25.0,26.0,44.0],"triggerrate":[0.0,0.0,null],"triggersremaining":[22160.0,22160.0,null],"crcerrors":[0.0,0.0,0.0]}