{"datalatency":[10.065324],"sensoruptime":[8.17361111111111,7.173611111111111,14.684444444444445],"battvoltage":[13.565,13.585999999999999,11.425999999999998],"arrayvoltage":[18.768,18.896,19.305],"chargecurrent":[2.674,2.725,7.371],"ledstate":[5.0,5.0,11.0],"loadpower":[25.516368,25.63529,0.0],"batterytemp":[49.0,48.0,50.0],"triggerrate":[0.0,0.0,1.2000000000000002],"triggersremaining":[14562.0,14563.0,14565.0],"crcerrors":[0.0,0.0,0.0]}