{"datalatency":[27.221056],"sensoruptime":[4.380833333333333,3.3808333333333334,57.48722222222222],"battvoltage":[12.634,12.142999999999999,11.639000000000001],"arrayvoltage":[16.611,16.705,17.78],"chargecurrent":[5.351,1.169,12.284],"ledstate":[8.0,8.0,10.0],"loadpower":[22.952121,23.58896,6.942914999999999],"batterytemp":[36.0,36.0,48.0],"triggerrate":[0.0,0.0,7.200004464002768],"triggersremaining":[22175.0,22178.0,22324.0],"crcerrors":[null,null,0.0]}