{"datalatency":[18.493603],"sensoruptime":[0.5002777777777778,0.0008333333333333334,152.8761111111111],"battvoltage":[12.634,12.491,11.453],"arrayvoltage":[17.087,17.48,18.973],"chargecurrent":[8.605,7.064,8.605],"chargestate":[5,5,6],"loadpower":[26.484605999999996,27.153062999999996,0.0],"batterytemp":[25,20,39],"triggerrate":[null,null,null],"triggersremaining":[14674.0,14674.0,15186.0],"crcerrors":[0.0,null,0.0]}