{"datalatency":[8.750547000000001],"sensoruptime":[107.5813888888889,106.59805555555556,107.5813888888889],"battvoltage":[12.448,12.46,12.03],"arrayvoltage":[1.181,0.882,41.65],"chargecurrent":[0.0,0.0,11.832],"chargestate":[3.0,3.0,6.0],"loadpower":[13.737625999999997,13.745904,8.207364000000002],"batterytemp":[21.0,21.0,32.0],"triggerrate":[0.0,0.0,0.6],"triggersremaining":[21501.0,21501.0,21600.0],"crcerrors":[0.0,0.0,0.0]}