{"datalatency":[16.071236000000003],"sensoruptime":[null,null,null],"battvoltage":[12.323,12.329,11.481],"arrayvoltage":[0.107,0.107,19.680999999999997],"chargecurrent":[0.002,0.002,9.955],"chargestate":[3.0,3.0,6.0],"loadpower":[6.183134,6.244719,0.0],"batterytemp":[13.0,14.0,38.0],"triggerrate":[null,null,null],"triggersremaining":[null,null,null],"crcerrors":[null,null,null]}