{"datalatency":[10.343209],"sensoruptime":[null,null,null],"battvoltage":[12.72,13.065,10.595999999999998],"arrayvoltage":[13.222999999999999,26.366999999999997,43.347],"chargecurrent":[0.0,0.09699999999999999,2.597],"chargestate":[5.0,7.0,7.0],"loadpower":[0.0,0.0,0.0],"batterytemp":[11.0,13.0,20.0],"triggerrate":[null,null,null],"triggersremaining":[null,null,null],"crcerrors":[0.0,null,1.0]}