{"datalatency":[73.575702],"sensoruptime":[135.33777777777777,134.33805555555554,135.33777777777777],"battvoltage":[12.262,12.292,12.216],"arrayvoltage":[13.193,0.107,18.167],"chargecurrent":[0.063,0.002,7.931],"ledstate":[6.0,6.0,6.0],"loadpower":[23.833226999999997,23.584117000000003,21.885253],"batterytemp":[30.0,30.0,57.0],"triggerrate":[0.0,0.0,0.6],"triggersremaining":[6258.0,6258.0,6290.0],"crcerrors":[0.0,0.0,0.0]}