{"datalatency":[7.664885000000001],"sensoruptime":[202.4,201.41666666666666,202.4],"battvoltage":[12.537,12.575999999999999,12.106],"arrayvoltage":[0.635,0.687,41.711000000000006],"chargecurrent":[0.0,0.0,9.777000000000001],"chargestate":[3.0,3.0,6.0],"loadpower":[13.687128000000001,13.90242,9.02565],"batterytemp":[12.0,14.0,34.0],"triggerrate":[0.0,0.0,0.4],"triggersremaining":[20349.0,20349.0,20364.0],"crcerrors":[0.0,0.0,0.0]}