{"datalatency":[8.29523],"sensoruptime":[null,null,114.10888888888888],"battvoltage":[12.145999999999999,12.186,11.469000000000001],"arrayvoltage":[33.929,33.835,34.717],"chargecurrent":[1.85,2.326,2.8310000000000004],"chargestate":[5.0,5.0,5.0],"loadpower":[0.0,0.0,0.0],"batterytemp":[20.0,19.0,20.0],"triggerrate":[null,null,0.6],"triggersremaining":[null,null,21956.0],"crcerrors":[0.0,null,0.0]}