{"datalatency":[8.14404],"sensoruptime":[50.08416666666667,49.08444444444444,50.08416666666667],"battvoltage":[14.24,14.206,12.115],"arrayvoltage":[40.845,40.765,42.861999999999995],"chargecurrent":[2.5780000000000003,2.515,7.356],"chargestate":[6.0,6.0,6.0],"loadpower":[12.329208000000001,12.436996,8.875646],"batterytemp":[27.0,28.0,30.0],"triggerrate":[0.0,0.0,0.6],"triggersremaining":[22211.0,22211.0,22256.0],"crcerrors":[0.0,0.0,0.0]}