{"datalatency":[63.061103],"sensoruptime":[15.498055555555556,14.498333333333333,67.845],"battvoltage":[11.682,11.722000000000001,11.462],"arrayvoltage":[0.214,0.11,17.288],"chargecurrent":[0.002,0.005,10.940999999999999],"ledstate":[8.0,8.0,10.0],"loadpower":[27.079292000000002,27.179430000000004,23.087699999999998],"batterytemp":[28.0,28.0,53.0],"triggerrate":[0.0,0.0,0.2],"triggersremaining":[27.0,27.0,31.0],"crcerrors":[0.0,0.0,2.0]}