{"datalatency":[63.36498400000001],"sensoruptime":[85.17833333333333,84.17861111111111,85.17833333333333],"battvoltage":[12.308,12.329,12.216],"arrayvoltage":[0.0,0.0,17.965999999999998],"chargecurrent":[0.005,0.005,8.001],"ledstate":[6.0,6.0,6.0],"loadpower":[23.46708,23.414617,21.730287],"batterytemp":[29.0,29.0,58.0],"triggerrate":[0.0,0.0,0.6],"triggersremaining":[6298.0,6298.0,6317.0],"crcerrors":[0.0,0.0,0.0]}