{"datalatency":[9.84859],"sensoruptime":[null,null,null],"battvoltage":[14.687999999999999,14.789000000000001,11.493],"arrayvoltage":[43.13,40.521,45.004],"chargecurrent":[0.341,0.445,2.194],"chargestate":[6.0,6.0,6.0],"loadpower":[0.0,0.0,0.0],"batterytemp":[12.0,9.0,22.0],"triggerrate":[null,null,null],"triggersremaining":[null,null,null],"crcerrors":[5.0,null,5.0]}