{"datalatency":[16.89998],"sensoruptime":[null,null,null],"battvoltage":[12.597999999999999,12.634,12.18],"arrayvoltage":[0.107,13.388,19.625999999999998],"chargecurrent":[0.002,0.031,5.361000000000001],"chargestate":[3.0,5.0,6.0],"loadpower":[6.3805950000000005,6.399354,4.102919999999999],"batterytemp":[23.0,28.0,45.0],"triggerrate":[null,null,null],"triggersremaining":[null,null,null],"crcerrors":[null,null,null]}