{"datalatency":[20.66213],"sensoruptime":[14.149722222222222,13.149722222222222,null],"battvoltage":[12.270999999999999,12.299000000000001,12.265],"arrayvoltage":[0.043,0.021,20.032],"chargecurrent":[0.002,0.002,7.09],"chargestate":[3.0,3.0,7.0],"loadpower":[24.72682,24.30212,11.041264],"batterytemp":[25.0,26.0,47.0],"triggerrate":[null,null,null],"triggersremaining":[22490.0,22490.0,null],"crcerrors":[null,null,0.0]}