{"datalatency":[14.893422000000001],"sensoruptime":[106.88805555555555,105.89111111111112,106.88805555555555],"battvoltage":[12.369000000000002,12.421,12.057],"arrayvoltage":[14.940999999999999,15.524000000000001,17.825],"chargecurrent":[0.46399999999999997,1.251,10.327],"ledstate":[6.0,6.0,8.0],"loadpower":[23.808761,23.199695999999996,21.192338],"batterytemp":[39.0,43.0,54.0],"triggerrate":[0.0,0.0,1.2000000000000002],"triggersremaining":[13081.0,13081.0,13089.0],"crcerrors":[0.0,0.0,2.0]}