{"datalatency":[18.559519],"sensoruptime":[138.02083333333334,137.0375,138.02083333333334],"battvoltage":[12.292,12.28,12.216],"arrayvoltage":[15.234000000000002,14.940999999999999,18.167],"chargecurrent":[0.7609999999999999,0.382,7.931],"ledstate":[6.0,6.0,6.0],"loadpower":[23.159972,23.331346,21.885253],"batterytemp":[34.0,32.0,57.0],"triggerrate":[0.0,0.0,0.6],"triggersremaining":[6257.0,6257.0,6289.0],"crcerrors":[0.0,0.0,0.0]}