{"datalatency":[7.99234],"sensoruptime":[4.671388888888889,3.6880555555555556,62.22694444444444],"battvoltage":[14.300999999999998,14.267000000000001,11.319],"arrayvoltage":[42.255,41.931000000000004,42.471000000000004],"chargecurrent":[2.6719999999999997,2.701,5.8],"chargestate":[6.0,6.0,6.0],"loadpower":[12.350136000000001,12.473244000000001,0.0],"batterytemp":[25.0,26.0,32.0],"triggerrate":[0.0,0.0,0.5],"triggersremaining":[18400.0,18401.0,18411.0],"crcerrors":[0.0,0.0,0.0]}