{"datalatency":[8.13136],"sensoruptime":[10.00388888888889,9.020555555555555,62.22694444444444],"battvoltage":[11.606,12.228,11.319],"arrayvoltage":[11.942,28.809,42.471000000000004],"chargecurrent":[0.0,0.746,5.733],"chargestate":[5.0,5.0,6.0],"loadpower":[14.290954,14.201018000000001,0.0],"batterytemp":[16.0,21.0,28.0],"triggerrate":[0.0,0.0,0.5],"triggersremaining":[18395.0,18398.0,18409.0],"crcerrors":[0.0,0.0,0.0]}