{"datalatency":[8.714998000000001],"sensoruptime":[90.41694444444444,89.41722222222222,90.41694444444444],"battvoltage":[12.152000000000001,12.183,12.149000000000001],"arrayvoltage":[0.7809999999999999,0.7659999999999999,38.708],"chargecurrent":[0.0,0.0,8.752],"chargestate":[3.0,3.0,6.0],"loadpower":[14.082278,14.124109999999998,9.957479999999999],"batterytemp":[19.0,19.0,34.0],"triggerrate":[0.2,0.0,0.6],"triggersremaining":[21567.0,21572.0,21643.0],"crcerrors":[0.0,0.0,0.0]}