{"datalatency":[37.675941],"sensoruptime":[null,null,null],"battvoltage":[12.5,12.515,10.665999999999999],"arrayvoltage":[0.638,0.6709999999999999,43.448],"chargecurrent":[0.0,0.0,5.0760000000000005],"chargestate":[3.0,3.0,8.0],"loadpower":[0.0,0.0,0.0],"batterytemp":[10.0,10.0,26.0],"triggerrate":[null,null,null],"triggersremaining":[null,null,null],"crcerrors":[0.0,null,0.0]}