{"datalatency":[20.751170000000002],"sensoruptime":[16.649166666666666,15.649444444444445,null],"battvoltage":[12.177,12.216,12.177],"arrayvoltage":[0.034,0.052000000000000005,20.032],"chargecurrent":[0.002,0.005,7.09],"chargestate":[3.0,3.0,7.0],"loadpower":[24.011736000000003,24.591060000000002,11.041264],"batterytemp":[25.0,25.0,47.0],"triggerrate":[null,null,null],"triggersremaining":[22489.0,22490.0,null],"crcerrors":[null,null,0.0]}