{"datalatency":[21.109808],"sensoruptime":[2.1222222222222222,2.1222222222222222,null],"battvoltage":[14.383,14.383,11.493],"arrayvoltage":[38.733000000000004,38.733000000000004,45.004],"chargecurrent":[1.7730000000000001,1.7730000000000001,1.7730000000000001],"chargestate":[6.0,6.0,7.0],"loadpower":[16.830408000000002,16.830408000000002,0.0],"batterytemp":[22.0,22.0,22.0],"triggerrate":[49.271428571428565,49.271428571428565,null],"triggersremaining":[16283.0,16283.0,null],"crcerrors":[3.0,1.5,3.0]}