{"datalatency":[14.260545],"sensoruptime":[87.72416666666666,86.72722222222222,87.72416666666666],"battvoltage":[12.200999999999999,12.216,11.984000000000002],"arrayvoltage":[0.128,0.10400000000000001,17.337],"chargecurrent":[0.005,0.002,9.687000000000001],"ledstate":[8.0,8.0,8.0],"loadpower":[23.890096000000003,23.443884,21.70458],"batterytemp":[29.0,30.0,58.0],"triggerrate":[0.0,0.0,4.800000000000001],"triggersremaining":[13088.0,13088.0,13105.0],"crcerrors":[0.0,0.0,2.0]}