{"datalatency":[8.334235000000001],"sensoruptime":[1.9519444444444445,0.9686111111111111,114.10888888888888],"battvoltage":[12.552,12.378,11.469000000000001],"arrayvoltage":[34.668,34.473,35.4],"chargecurrent":[4.114,3.068,6.4239999999999995],"chargestate":[5.0,5.0,5.0],"loadpower":[10.197640999999999,9.8144,0.0],"batterytemp":[27.0,26.0,27.0],"triggerrate":[0.0,0.0,0.6],"triggersremaining":[21928.0,21930.0,21954.0],"crcerrors":[0.0,0.0,0.0]}