{"datalatency":[21.120402000000002],"sensoruptime":[282.1947222222222,281.195,282.1947222222222],"battvoltage":[12.277000000000001,12.292,12.103],"arrayvoltage":[0.0,0.073,18.506],"chargecurrent":[0.005,0.002,9.074],"ledstate":[6.0,6.0,6.0],"loadpower":[23.894432,23.67584,21.141912],"batterytemp":[24.0,24.0,53.0],"triggerrate":[0.0,0.0,2.4000000000000004],"triggersremaining":[12641.0,12641.0,12671.0],"crcerrors":[0.0,0.0,2.0]}