{"datalatency":[20.293881000000003],"sensoruptime":[0.9369444444444445,null,329.74861111111113],"battvoltage":[13.095,13.100999999999999,11.911],"arrayvoltage":[14.499,14.606,17.825],"chargecurrent":[8.204,7.776,9.209],"ledstate":[6.0,6.0,8.0],"loadpower":[22.90308,6.76236,5.735975000000001],"batterytemp":[52.0,50.0,55.0],"triggerrate":[0.0,null,14.8],"triggersremaining":[1907.0,null,3179.0],"crcerrors":[0.0,0.0,0.0]}