{"datalatency":[9.766784000000001],"sensoruptime":[7.883611111111111,6.883611111111111,20.196666666666665],"battvoltage":[13.623,13.66,11.224],"arrayvoltage":[17.48,18.768,19.736],"chargecurrent":[5.687,2.904,8.165],"ledstate":[5.0,5.0,11.0],"loadpower":[25.613896,25.830504,0.0],"batterytemp":[47.0,46.0,49.0],"triggerrate":[0.0,0.0,1.2000000000000002],"triggersremaining":[14558.0,14558.0,14563.0],"crcerrors":[0.0,0.0,0.0]}