{"datalatency":[12.00585],"sensoruptime":[23.234166666666667,22.234166666666667,null],"battvoltage":[12.061,12.064,11.264000000000001],"arrayvoltage":[15.286,13.623,19.733],"chargecurrent":[0.47600000000000003,0.251,9.152999999999999],"ledstate":[8.0,8.0,11.0],"loadpower":[22.834812,23.507483999999998,0.0],"batterytemp":[29.0,28.0,53.0],"triggerrate":[0.0,0.0,null],"triggersremaining":[13513.0,13513.0,null],"crcerrors":[0.0,0.0,2.0]}