{"datalatency":[14.280291],"sensoruptime":[32.61472222222222,31.614722222222223,32.61472222222222],"battvoltage":[12.872,12.787,11.652000000000001],"arrayvoltage":[15.57,15.338,17.526],"chargecurrent":[7.151,7.303,11.398],"chargestate":[5.0,5.0,6.0],"loadpower":[22.502100999999996,23.106732,21.713829000000004],"batterytemp":[50.0,49.0,51.0],"triggerrate":[0.0,0.0,8.4],"triggersremaining":[21055.0,21056.0,21426.0],"crcerrors":[0.0,0.0,0.0]}