{"datalatency":[47.929928000000004],"sensoruptime":[null,null,20.630555555555556],"battvoltage":[12.003,12.027000000000001,11.517000000000001],"arrayvoltage":[0.214,0.055,17.145],"chargecurrent":[0.005,0.005,10.335],"ledstate":[8.0,8.0,10.0],"loadpower":[7.92,7.519512000000001,6.079374],"batterytemp":[28.0,28.0,53.0],"triggerrate":[null,null,1.6],"triggersremaining":[null,null,26.0],"crcerrors":[1.0,null,1.0]}