{"datalatency":[21.461804],"sensoruptime":[64.86222222222223,63.86222222222222,64.86222222222223],"battvoltage":[11.536,11.569,11.533],"arrayvoltage":[0.107,0.107,16.992],"chargecurrent":[0.002,0.005,11.828],"ledstate":[10.0,10.0,10.0],"loadpower":[23.932326000000007,24.344278,22.068414],"batterytemp":[29.0,29.0,44.0],"triggerrate":[0.0,0.0,0.4],"triggersremaining":[31.0,32.0,41.0],"crcerrors":[0.0,0.0,2.0]}