{"datalatency":[7.9957270000000005],"sensoruptime":[11.256388888888889,10.273055555555555,null],"battvoltage":[12.265,12.299000000000001,12.259],"arrayvoltage":[0.882,0.61,44.162],"chargecurrent":[0.0,0.0,2.483],"chargestate":[3.0,3.0,7.0],"loadpower":[13.918878,13.727891999999999,0.0],"batterytemp":[2.0,3.0,19.0],"triggerrate":[0.4,0.2,null],"triggersremaining":[22350.0,22354.0,null],"crcerrors":[0.0,0.0,0.0]}