{"datalatency":[18.349623],"sensoruptime":[70.3638888888889,69.38083333333333,70.3638888888889],"battvoltage":[13.412,13.327,12.216],"arrayvoltage":[16.278,14.499,17.965999999999998],"chargecurrent":[7.175,7.854,9.262],"ledstate":[5.0,6.0,6.0],"loadpower":[22.979968000000003,24.699324999999998,21.730287],"batterytemp":[54.0,51.0,58.0],"triggerrate":[0.0,0.0,0.2],"triggersremaining":[6315.0,6315.0,6321.0],"crcerrors":[0.0,0.0,0.0]}