{"datalatency":[17.988951],"sensoruptime":[57.99777777777778,57.014722222222225,57.99777777777778],"battvoltage":[12.555,12.630999999999998,12.274000000000001],"arrayvoltage":[13.272,16.500999999999998,18.410999999999998],"chargecurrent":[0.028999999999999998,0.428,7.945],"ledstate":[6.0,6.0,6.0],"loadpower":[23.963939999999997,23.773065000000003,21.948113000000003],"batterytemp":[41.0,50.0,55.0],"triggerrate":[0.0,0.0,0.4],"triggersremaining":[7041.0,7041.0,7050.0],"crcerrors":[0.0,0.0,0.0]}