{"datalatency":[18.317282000000002],"sensoruptime":[52.86694444444444,51.867222222222225,52.86694444444444],"battvoltage":[12.494000000000002,12.597999999999999,12.216],"arrayvoltage":[13.409,17.145,17.917],"chargecurrent":[0.08199999999999999,0.655,9.262],"ledstate":[6.0,6.0,6.0],"loadpower":[24.152453,23.360634,21.796613999999998],"batterytemp":[43.0,53.0,58.0],"triggerrate":[0.0,0.0,0.2],"triggersremaining":[6319.0,6320.0,6325.0],"crcerrors":[0.0,0.0,0.0]}