{"datalatency":[8.040758],"sensoruptime":[3.2516666666666665,2.2683333333333335,11.270277777777778],"battvoltage":[14.267000000000001,14.404000000000002,11.154000000000002],"arrayvoltage":[40.753,40.738,42.471000000000004],"chargecurrent":[1.9369999999999998,1.906,2.805],"chargestate":[6.0,6.0,6.0],"loadpower":[13.727106000000003,13.854942000000001,0.0],"batterytemp":[26.0,21.0,27.0],"triggerrate":[0.0,0.0,0.4],"triggersremaining":[18392.0,18392.0,18401.0],"crcerrors":[0.0,0.0,0.0]}