{"datalatency":[20.543261],"sensoruptime":[5.835,4.835,11.918333333333333],"battvoltage":[13.357999999999999,13.280999999999999,12.1],"arrayvoltage":[14.401,14.212,17.288],"chargecurrent":[9.222999999999999,9.405,10.453],"ledstate":[6.0,6.0,6.0],"loadpower":[23.732744,23.756880000000002,6.478731],"batterytemp":[51.0,47.0,57.0],"triggerrate":[0.2,0.2,1.6],"triggersremaining":[1848.0,1859.0,1904.0],"crcerrors":[0.0,0.0,0.0]}