{"datalatency":[7.64648],"sensoruptime":[211.73194444444445,210.7488888888889,211.73194444444445],"battvoltage":[12.259,12.270999999999999,12.106],"arrayvoltage":[0.961,0.94,41.711000000000006],"chargecurrent":[0.0,0.0,9.777000000000001],"chargestate":[3.0,3.0,6.0],"loadpower":[14.212421999999998,13.968419999999998,9.02565],"batterytemp":[13.0,13.0,34.0],"triggerrate":[0.4,0.0,0.8],"triggersremaining":[20312.0,20325.0,20357.0],"crcerrors":[0.0,0.0,0.0]}