{"datalatency":[77.59916700000001],"sensoruptime":[37.48416666666667,36.48416666666667,37.48416666666667],"battvoltage":[12.445,12.488,12.308],"arrayvoltage":[0.024,0.021,18.448],"chargecurrent":[0.005,0.005,9.011000000000001],"ledstate":[6.0,6.0,6.0],"loadpower":[26.73095,23.229747000000003,21.981199999999998],"batterytemp":[32.0,33.0,53.0],"triggerrate":[0.0,0.0,0.2],"triggersremaining":[7049.0,7049.0,7056.0],"crcerrors":[0.0,0.0,0.0]}