{"datalatency":[71.477838],"sensoruptime":[56.683055555555555,55.68333333333333,56.683055555555555],"battvoltage":[12.405,12.427,12.216],"arrayvoltage":[0.021,0.021,17.917],"chargecurrent":[0.002,0.013999999999999999,9.262],"ledstate":[6.0,6.0,6.0],"loadpower":[23.9127,24.042419999999996,21.796613999999998],"batterytemp":[30.0,31.0,58.0],"triggerrate":[0.0,0.0,0.2],"triggersremaining":[6318.0,6319.0,6324.0],"crcerrors":[0.0,0.0,0.0]}