{"datalatency":[16.902326000000002],"sensoruptime":[157.04666666666665,156.04694444444445,157.04666666666665],"battvoltage":[11.99,12.027000000000001,11.870999999999999],"arrayvoltage":[0.04,8.365,17.245],"chargecurrent":[0.002,0.002,12.144],"ledstate":[8.0,8.0,8.0],"loadpower":[23.5189,23.915892,21.472317999999998],"batterytemp":[30.0,32.0,51.0],"triggerrate":[0.0,0.0,8.4],"triggersremaining":[12705.0,12705.0,12959.0],"crcerrors":[0.0,0.0,2.0]}