{"datalatency":[21.344938000000003],"sensoruptime":[29.86888888888889,28.885833333333334,29.86888888888889],"battvoltage":[12.14,12.607000000000001,11.798],"arrayvoltage":[15.869000000000002,15.765,17.48],"chargecurrent":[1.696,5.96,11.001],"ledstate":[8.0,8.0,8.0],"loadpower":[23.491936,22.093505999999998,21.698432000000004],"batterytemp":[44.0,47.0,51.0],"triggerrate":[3.6,0.0,3.6],"triggersremaining":[1232.0,1283.0,1321.0],"crcerrors":[0.0,0.0,0.0]}