{"datalatency":[13.743338000000001],"sensoruptime":[0.049166666666666664,null,61.55722222222222],"battvoltage":[12.717,12.14,12.1],"arrayvoltage":[16.226,15.915,18.439],"chargecurrent":[3.923,0.5529999999999999,12.030999999999999],"ledstate":[8.0,8.0,10.0],"loadpower":[22.938108,7.470848,5.933112000000001],"batterytemp":[35.0,29.0,56.0],"triggerrate":[0.0,null,1.2000000000000002],"triggersremaining":[14672.0,null,20759.0],"crcerrors":[0.0,0.0,1.0]}