{"datalatency":[10.655341],"sensoruptime":[null,null,12.61],"battvoltage":[11.978,13.126,11.31],"arrayvoltage":[14.993,16.165,19.949],"chargecurrent":[0.461,2.239,12.057],"ledstate":[6.0,6.0,11.0],"loadpower":[8.381857,6.842392,0.0],"batterytemp":[43.0,49.0,50.0],"triggerrate":[null,null,2.4000000000000004],"triggersremaining":[null,null,14607.0],"crcerrors":[null,null,0.0]}