{"datalatency":[8.027475],"sensoruptime":[21.088333333333335,20.105,null],"battvoltage":[14.235999999999999,14.545,12.07],"arrayvoltage":[41.403,41.122,43.396],"chargecurrent":[4.387,6.332000000000001,7.474],"chargestate":[6.0,6.0,7.0],"loadpower":[9.171032,9.369892,0.0],"batterytemp":[27.0,17.0,27.0],"triggerrate":[0.0,0.2,null],"triggersremaining":[22260.0,22266.0,null],"crcerrors":[0.0,0.0,0.0]}