{"datalatency":[17.058086],"sensoruptime":[7.016388888888889,6.016388888888889,null],"battvoltage":[13.284,13.168,11.31],"arrayvoltage":[15.03,17.239,19.531],"chargecurrent":[8.47,3.2689999999999997,12.057],"ledstate":[6.0,6.0,11.0],"loadpower":[26.517456000000003,26.63088,0.0],"batterytemp":[45.0,39.0,45.0],"triggerrate":[0.0,0.0,null],"triggersremaining":[14570.0,14570.0,null],"crcerrors":[0.0,0.0,0.0]}