{"datalatency":[6.8795910000000005],"sensoruptime":[null,null,null],"battvoltage":[11.995999999999999,12.012,11.31],"arrayvoltage":[12.835999999999999,0.223,19.949],"chargecurrent":[0.046,0.002,12.057],"ledstate":[10.0,10.0,11.0],"loadpower":[8.244992,8.229255999999998,0.0],"batterytemp":[25.0,25.0,50.0],"triggerrate":[null,null,null],"triggersremaining":[null,null,null],"crcerrors":[null,null,0.0]}