{"datalatency":[11.977042],"sensoruptime":[23.0675,22.070555555555554,null],"battvoltage":[12.064,12.054,11.264000000000001],"arrayvoltage":[15.338,13.379000000000001,19.733],"chargecurrent":[0.382,0.174,9.152999999999999],"ledstate":[8.0,8.0,11.0],"loadpower":[22.486463999999998,23.4234,0.0],"batterytemp":[29.0,28.0,53.0],"triggerrate":[0.0,0.0,null],"triggersremaining":[13513.0,13513.0,null],"crcerrors":[0.0,0.0,2.0]}