{"datalatency":[13.374477],"sensoruptime":[0.008055555555555555,0.005277777777777778,14.684444444444445],"battvoltage":[12.088,12.32,11.425999999999998],"arrayvoltage":[17.694000000000003,17.682000000000002,19.965],"chargecurrent":[2.1719999999999997,2.099,7.916],"ledstate":[8.0,8.0,11.0],"loadpower":[26.86035,26.094524,0.0],"batterytemp":[23.0,23.0,51.0],"triggerrate":[null,null,1.2000000000000002],"triggersremaining":[14564.0,14564.0,14567.0],"crcerrors":[null,null,0.0]}