{"datalatency":[16.441485],"sensoruptime":[152.0475,151.04833333333335,152.0475],"battvoltage":[12.558,12.72,11.870999999999999],"arrayvoltage":[16.262999999999998,15.332,17.215],"chargecurrent":[5.351,8.206,12.144],"ledstate":[8.0,8.0,8.0],"loadpower":[22.593828,22.081822000000003,21.472317999999998],"batterytemp":[47.0,49.0,51.0],"triggerrate":[6.0,0.0,6.0],"triggersremaining":[12866.0,12912.0,13046.0],"crcerrors":[0.0,0.0,2.0]}