{"datalatency":[12.323097],"sensoruptime":[23.446666666666665,22.449444444444445,null],"battvoltage":[11.755,11.728,11.722000000000001],"arrayvoltage":[15.575999999999999,12.332,17.526],"chargecurrent":[0.40299999999999997,0.002,10.419],"chargestate":[5.0,5.0,5.0],"loadpower":[22.347234,24.35056,6.167125],"batterytemp":[26.0,25.0,49.0],"triggerrate":[0.0,0.0,null],"triggersremaining":[21171.0,21171.0,null],"crcerrors":[0.0,0.0,0.0]}