{"datalatency":[8.118107],"sensoruptime":[2.202777777777778,1.2030555555555555,11.33388888888889],"battvoltage":[11.89,14.235999999999999,10.427999999999999],"arrayvoltage":[31.644000000000002,39.328,43.015],"chargecurrent":[0.483,2.208,3.5439999999999996],"chargestate":[5.0,6.0,6.0],"loadpower":[13.794101999999997,12.331824000000001,0.0],"batterytemp":[22.0,27.0,27.0],"triggerrate":[0.6,0.2,1.0],"triggersremaining":[22472.0,22482.0,22496.0],"crcerrors":[0.0,0.0,0.0]}