{"datalatency":[8.350024000000001],"sensoruptime":[null,null,null],"battvoltage":[14.328,14.383,11.362],"arrayvoltage":[39.111,40.195,42.365],"chargecurrent":[1.5219999999999998,1.585,2.3480000000000003],"chargestate":[6.0,6.0,6.0],"loadpower":[0.0,0.0,0.0],"batterytemp":[24.0,22.0,27.0],"triggerrate":[null,null,null],"triggersremaining":[null,null,null],"crcerrors":[1.0,null,1.0]}