{"datalatency":[7.924035000000001],"sensoruptime":[8.4175,7.434444444444445,11.270277777777778],"battvoltage":[14.175,14.107999999999999,11.154000000000002],"arrayvoltage":[28.54,40.411,41.791000000000004],"chargecurrent":[2.169,2.628,2.923],"chargestate":[6.0,6.0,6.0],"loadpower":[14.410698000000004,13.216769999999999,0.0],"batterytemp":[29.0,31.0,32.0],"triggerrate":[0.0,0.2,0.8],"triggersremaining":[18373.0,18375.0,18399.0],"crcerrors":[0.0,0.0,0.0]}