{"datalatency":[8.695265000000001],"sensoruptime":[79.75166666666667,78.76861111111111,79.75166666666667],"battvoltage":[12.494000000000002,12.527000000000001,12.183],"arrayvoltage":[24.410999999999998,28.278000000000002,38.708],"chargecurrent":[0.057999999999999996,0.425,8.752],"chargestate":[5.0,5.0,6.0],"loadpower":[13.646724,13.722010000000001,9.957479999999999],"batterytemp":[22.0,25.0,34.0],"triggerrate":[0.0,0.0,0.6],"triggersremaining":[21604.0,21610.0,21646.0],"crcerrors":[0.0,0.0,0.0]}