{"datalatency":[18.815135],"sensoruptime":[120.19,119.19027777777778,120.19],"battvoltage":[13.382,13.434000000000001,12.216],"arrayvoltage":[17.084,16.83,18.340999999999998],"chargecurrent":[5.2620000000000005,6.4239999999999995,7.931],"ledstate":[5.0,5.0,6.0],"loadpower":[23.410531000000002,22.70096,21.885253],"batterytemp":[55.0,53.0,55.0],"triggerrate":[0.0,0.0,0.4],"triggersremaining":[6282.0,6283.0,6295.0],"crcerrors":[0.0,0.0,0.0]}