{"datalatency":[7.746214],"sensoruptime":[215.89805555555554,214.89833333333334,215.89805555555554],"battvoltage":[12.192,12.204,12.106],"arrayvoltage":[30.081,20.963,41.711000000000006],"chargecurrent":[0.382,0.01,9.777000000000001],"chargestate":[5.0,5.0,6.0],"loadpower":[14.081760000000001,14.063335,9.02565],"batterytemp":[12.0,11.0,34.0],"triggerrate":[0.0,0.0,0.8],"triggersremaining":[20290.0,20290.0,20355.0],"crcerrors":[0.0,0.0,0.0]}