{"datalatency":[17.706948],"sensoruptime":[178.87666666666667,177.87694444444443,178.87666666666667],"battvoltage":[12.14,12.520999999999999,11.795],"arrayvoltage":[16.409000000000002,16.116,17.38],"chargecurrent":[0.244,3.38,11.315],"ledstate":[8.0,8.0,8.0],"loadpower":[22.773792,22.826987999999997,21.720450999999997],"batterytemp":[46.0,51.0,53.0],"triggerrate":[0.0,0.0,1.2000000000000002],"triggersremaining":[12693.0,12693.0,12706.0],"crcerrors":[0.0,0.0,2.0]}