{"datalatency":[25.943133000000003],"sensoruptime":[32.51611111111111,31.516111111111112,32.51611111111111],"battvoltage":[12.14,12.1,12.064],"arrayvoltage":[16.702,14.45,18.872],"chargecurrent":[1.138,0.266,10.158],"ledstate":[8.0,8.0,8.0],"loadpower":[24.151824,24.692498999999994,22.67364],"batterytemp":[28.0,25.0,50.0],"triggerrate":[0.0,0.0,1.2000506661391244],"triggersremaining":[22426.0,22427.0,22432.0],"crcerrors":[null,null,0.0]}