{"datalatency":[8.802713],"sensoruptime":[117.24666666666667,116.24666666666667,117.24666666666667],"battvoltage":[12.183,12.207,12.03],"arrayvoltage":[0.8540000000000001,0.797,41.65],"chargecurrent":[0.0,0.0,11.832],"chargestate":[3.0,3.0,6.0],"loadpower":[14.124109999999998,14.167103999999998,8.207364000000002],"batterytemp":[21.0,21.0,32.0],"triggerrate":[0.0,0.0,0.6],"triggersremaining":[21470.0,21473.0,21552.0],"crcerrors":[0.0,0.0,0.0]}