{"datalatency":[20.969917000000002],"sensoruptime":[52.32805555555556,51.32805555555556,52.32805555555556],"battvoltage":[12.378,12.717,11.874],"arrayvoltage":[15.677,15.036,16.653],"chargecurrent":[2.524,6.892,10.26],"ledstate":[8.0,8.0,8.0],"loadpower":[22.379989,22.330505000000002,21.727188],"batterytemp":[48.0,45.0,49.0],"triggerrate":[0.0,0.0,1.4],"triggersremaining":[1510.0,1511.0,1639.0],"crcerrors":[0.0,0.0,0.0]}