{"datalatency":[76.304473],"sensoruptime":[127.00555555555556,126.00583333333333,127.00555555555556],"battvoltage":[12.46,12.482000000000001,12.216],"arrayvoltage":[0.0,0.08199999999999999,18.167],"chargecurrent":[0.005,0.017,7.931],"ledstate":[6.0,6.0,6.0],"loadpower":[23.423772,23.890604,21.885253],"batterytemp":[35.0,37.0,57.0],"triggerrate":[0.0,0.2,0.6],"triggersremaining":[6262.0,6265.0,6292.0],"crcerrors":[0.0,0.0,0.0]}