{"datalatency":[15.662544],"sensoruptime":[128.21833333333333,127.21861111111112,128.21833333333333],"battvoltage":[12.558,12.335,12.079],"arrayvoltage":[15.82,16.357,16.898],"chargecurrent":[2.79,1.814,10.972000000000001],"ledstate":[8.0,8.0,8.0],"loadpower":[22.893084,23.408914,21.720998],"batterytemp":[41.0,39.0,50.0],"triggerrate":[1.2000000000000002,0.0,3.6],"triggersremaining":[13036.0,13068.0,13083.0],"crcerrors":[0.0,0.0,2.0]}