{"datalatency":[9.325964],"sensoruptime":[8.171666666666667,7.174444444444444,null],"battvoltage":[13.51,13.623,11.285],"arrayvoltage":[18.604,18.875,19.965],"chargecurrent":[2.59,2.86,7.916],"ledstate":[8.0,5.0,11.0],"loadpower":[25.48524,25.576576000000003,0.0],"batterytemp":[51.0,47.0,51.0],"triggerrate":[0.0,0.0,null],"triggersremaining":[14565.0,14566.0,null],"crcerrors":[0.0,0.0,0.0]}