{"datalatency":[13.522941000000001],"sensoruptime":[348.3547222222222,347.355,348.3547222222222],"battvoltage":[12.292,12.335,12.109000000000002],"arrayvoltage":[1.932,13.405999999999999,17.633],"chargecurrent":[0.005,0.15,12.229000000000001],"ledstate":[6.0,6.0,6.0],"loadpower":[23.97056,24.104369,21.612250999999997],"batterytemp":[30.0,36.0,44.0],"triggerrate":[0.0,0.0,1.2000000000000002],"triggersremaining":[12619.0,12620.0,12625.0],"crcerrors":[0.0,0.0,2.0]}