{"datalatency":[10.361784],"sensoruptime":[null,null,null],"battvoltage":[14.690999999999999,14.749,12.759],"arrayvoltage":[42.715,42.833999999999996,44.855],"chargecurrent":[0.203,0.22699999999999998,0.609],"chargestate":[6.0,6.0,7.0],"loadpower":[0.0,0.0,0.0],"batterytemp":[12.0,10.0,25.0],"triggerrate":[null,null,null],"triggersremaining":[null,null,null],"crcerrors":[null,null,null]}