{"datalatency":[27.211362],"sensoruptime":[3.3808333333333334,2.381111111111111,57.48722222222222],"battvoltage":[12.142999999999999,12.378,11.639000000000001],"arrayvoltage":[16.705,16.262999999999998,17.78],"chargecurrent":[1.169,1.273,12.284],"ledstate":[8.0,8.0,10.0],"loadpower":[23.58896,24.269148,6.942914999999999],"batterytemp":[36.0,45.0,48.0],"triggerrate":[0.0,0.0,7.200004464002768],"triggersremaining":[22178.0,22178.0,22336.0],"crcerrors":[null,null,0.0]}