{"datalatency":[7.5426720000000005],"sensoruptime":[168.90472222222223,167.90472222222223,168.90472222222223],"battvoltage":[14.267000000000001,12.796,12.183],"arrayvoltage":[42.255,18.945,42.465],"chargecurrent":[6.479,2.918,13.867],"chargestate":[6.0,5.0,6.0],"loadpower":[9.194504,12.983022,8.596613999999999],"batterytemp":[26.0,12.0,33.0],"triggerrate":[0.0,0.0,0.8],"triggersremaining":[20370.0,20371.0,20461.0],"crcerrors":[0.0,0.0,0.0]}