{"datalatency":[13.12569],"sensoruptime":[null,null,12.61],"battvoltage":[12.088,11.475,11.31],"arrayvoltage":[0.006,0.021,19.949],"chargecurrent":[0.002,0.002,12.057],"ledstate":[10.0,10.0,11.0],"loadpower":[8.163375999999998,7.507610000000001,0.0],"batterytemp":[25.0,25.0,50.0],"triggerrate":[null,null,2.4000000000000004],"triggersremaining":[null,null,14585.0],"crcerrors":[null,null,0.0]}