{"datalatency":[12.689105000000001],"sensoruptime":[48.10916666666667,47.10944444444444,48.10916666666667],"battvoltage":[11.606,11.606,11.569],"arrayvoltage":[15.964,14.847000000000001,17.334],"chargecurrent":[0.546,0.341,11.398],"chargestate":[5.0,5.0,6.0],"loadpower":[22.102802,22.218342,21.713829000000004],"batterytemp":[27.0,26.0,52.0],"triggerrate":[0.0,0.0,6.0],"triggersremaining":[20759.0,20760.0,21170.0],"crcerrors":[0.0,0.0,1.0]}