{"datalatency":[8.191394],"sensoruptime":[null,null,5.101944444444444],"battvoltage":[12.839,12.72,11.362],"arrayvoltage":[28.925,28.958000000000002,42.477],"chargecurrent":[0.5529999999999999,0.42,3.5439999999999996],"chargestate":[5.0,5.0,6.0],"loadpower":[0.0,0.0,0.0],"batterytemp":[20.0,20.0,27.0],"triggerrate":[null,null,6.2],"triggersremaining":[null,null,22496.0],"crcerrors":[1.0,null,1.0]}