{"datalatency":[7.988873000000001],"sensoruptime":[58.41638888888889,57.416666666666664,58.41638888888889],"battvoltage":[12.418,12.450999999999999,12.115],"arrayvoltage":[0.6559999999999999,0.65,42.861999999999995],"chargecurrent":[0.0,0.002,7.356],"chargestate":[3.0,3.0,6.0],"loadpower":[14.096406,13.899099,8.875646],"batterytemp":[13.0,12.0,30.0],"triggerrate":[0.0,0.0,0.6],"triggersremaining":[22202.0,22202.0,22247.0],"crcerrors":[0.0,0.0,0.0]}