{"datalatency":[5.102276000000001],"sensoruptime":[null,null,7.133055555555556],"battvoltage":[11.719000000000001,11.514000000000001,11.31],"arrayvoltage":[15.145999999999999,13.058,19.949],"chargecurrent":[0.319,0.109,12.057],"ledstate":[10.0,10.0,10.0],"loadpower":[7.529085,8.073252,5.92988],"batterytemp":[26.0,25.0,50.0],"triggerrate":[null,null,2.4000000000000004],"triggersremaining":[null,null,14583.0],"crcerrors":[null,null,0.0]}