{"datalatency":[21.245815],"sensoruptime":[61.69583333333333,60.69611111111111,61.69583333333333],"battvoltage":[11.645999999999999,11.682,11.572000000000001],"arrayvoltage":[0.107,8.139,16.992],"chargecurrent":[0.002,0.002,11.828],"ledstate":[10.0,8.0,10.0],"loadpower":[24.190400000000004,24.075210000000002,22.068414],"batterytemp":[31.0,34.0,44.0],"triggerrate":[0.0,0.0,0.4],"triggersremaining":[32.0,32.0,44.0],"crcerrors":[0.0,0.0,2.0]}