{"datalatency":[30.831013000000002],"sensoruptime":[2.1666666666666665,1.1666666666666667,152.8761111111111],"battvoltage":[11.987,12.607000000000001,11.453],"arrayvoltage":[16.895,16.797,18.973],"chargecurrent":[1.86,10.575999999999999,13.193],"chargestate":[5,5,6],"loadpower":[27.257765000000003,26.484605999999996,0.0],"batterytemp":[30,30,39],"triggerrate":[null,null,null],"triggersremaining":[14673.0,14673.0,15185.0],"crcerrors":[0.0,null,0.0]}