{"datalatency":[14.210447],"sensoruptime":[7.705277777777778,6.705277777777778,49.00611111111111],"battvoltage":[11.591,11.703,11.444],"arrayvoltage":[0.021,0.021,19.531],"chargecurrent":[0.005,0.002,12.99],"ledstate":[10.0,10.0,10.0],"loadpower":[23.096880000000002,22.896539999999998,5.941168],"batterytemp":[24.0,25.0,41.0],"triggerrate":[0.0,0.0,2.4000000000000004],"triggersremaining":[14586.0,14586.0,14654.0],"crcerrors":[0.0,0.0,0.0]}