{"datalatency":[7.7272050000000005],"sensoruptime":[2.563888888888889,1.5641666666666667,227.69416666666666],"battvoltage":[11.975,11.99,11.96],"arrayvoltage":[1.1540000000000001,1.025,36.472],"chargecurrent":[0.0,0.0,3.503],"chargestate":[3.0,3.0,5.0],"loadpower":[13.901005999999999,13.924932,9.995777999999998],"batterytemp":[15.0,15.0,18.0],"triggerrate":[0.0,0.2,24.0],"triggersremaining":[18676.0,18686.0,20338.0],"crcerrors":[2.0,0.0,3.0]}