{"datalatency":[32.868025],"sensoruptime":[14.354722222222222,13.355,31.89388888888889],"battvoltage":[13.585999999999999,13.354000000000001,12.07],"arrayvoltage":[16.858,15.283,18.692],"chargecurrent":[8.465,8.752,11.344000000000001],"ledstate":[5.0,6.0,8.0],"loadpower":[24.490242000000002,24.182453000000002,7.371546],"batterytemp":[48.0,46.0,49.0],"triggerrate":[0.0,0.0,16.800115584795222],"triggersremaining":[22431.0,22431.0,22487.0],"crcerrors":[null,null,0.0]}