{"datalatency":[26.038753000000003],"sensoruptime":[null,null,null],"battvoltage":[14.215,12.759,11.99],"arrayvoltage":[33.356,26.608,44.974],"chargecurrent":[1.3,0.11599999999999999,2.839],"chargestate":[5.0,5.0,7.0],"loadpower":[0.0,0.0,0.0],"batterytemp":[11.0,8.0,32.0],"triggerrate":[null,null,null],"triggersremaining":[null,null,null],"crcerrors":[1.0,null,3.0]}