{"datalatency":[19.225663],"sensoruptime":[283.15972222222223,282.1766666666667,283.15972222222223],"battvoltage":[12.75,12.027000000000001,11.945],"arrayvoltage":[15.915,16.217,17.151],"chargecurrent":[5.853,1.034,9.39],"ledstate":[8.0,8.0,8.0],"loadpower":[22.824,23.051875,22.057204000000002],"batterytemp":[36.0,32.0,58.0],"triggerrate":[0.0,0.0,0.8],"triggersremaining":[3276.0,3276.0,3315.0],"crcerrors":[0.0,0.0,0.0]}