{"datalatency":[10.063341000000001],"sensoruptime":[null,null,0.018333333333333333],"battvoltage":[13.065,13.970999999999998,10.595999999999998],"arrayvoltage":[26.366999999999997,39.328,43.347],"chargecurrent":[0.09699999999999999,0.498,2.597],"chargestate":[7.0,7.0,7.0],"loadpower":[0.0,0.0,0.0],"batterytemp":[13.0,16.0,20.0],"triggerrate":[null,null,0.0],"triggersremaining":[null,null,0.0],"crcerrors":[0.0,null,1.0]}