{"datalatency":[12.502346000000001],"sensoruptime":[40.73166666666667,39.73166666666667,40.73166666666667],"battvoltage":[12.14,12.177,12.033],"arrayvoltage":[0.214,0.107,17.526],"chargecurrent":[0.005,0.005,10.985],"ledstate":[6.0,6.0,8.0],"loadpower":[25.189516000000005,23.062944,21.514706],"batterytemp":[29.0,30.0,50.0],"triggerrate":[0.0,0.0,2.4000000000000004],"triggersremaining":[13484.0,13493.0,13515.0],"crcerrors":[0.0,0.0,2.0]}