{"datalatency":[15.430168],"sensoruptime":[120.21944444444445,119.2225,120.21944444444445],"battvoltage":[12.149000000000001,12.1,12.079],"arrayvoltage":[16.113,15.237,17.825],"chargecurrent":[1.321,0.693,10.327],"ledstate":[8.0,8.0,8.0],"loadpower":[23.115968,23.022574,21.192338],"batterytemp":[34.0,32.0,54.0],"triggerrate":[0.0,0.0,1.2000000000000002],"triggersremaining":[13077.0,13078.0,13085.0],"crcerrors":[0.0,0.0,2.0]}