{"datalatency":[8.204616],"sensoruptime":[4.595833333333333,3.6125,11.467222222222222],"battvoltage":[13.901,13.907,11.478],"arrayvoltage":[37.82,37.045,38.028],"chargecurrent":[7.718,10.238,15.0],"chargestate":[6.0,6.0,6.0],"loadpower":[10.00352,10.101009999999999,0.0],"batterytemp":[38.0,38.0,41.0],"triggerrate":[0.0,0.0,1.6],"triggersremaining":[21735.0,21737.0,21930.0],"crcerrors":[0.0,0.0,0.0]}