{"datalatency":[24.410673000000003],"sensoruptime":[40.181666666666665,39.181666666666665,40.181666666666665],"battvoltage":[12.270999999999999,12.402000000000001,12.064],"arrayvoltage":[16.452,17.145,18.872],"chargecurrent":[1.585,2.616,7.774],"ledstate":[8.0,8.0,8.0],"loadpower":[23.550450000000005,23.11096,22.625028],"batterytemp":[34.0,32.0,50.0],"triggerrate":[0.0,1.2000001680000236,2.4000255842727283],"triggersremaining":[22337.0,22355.0,22431.0],"crcerrors":[null,null,0.0]}