{"datalatency":[10.102105],"sensoruptime":[null,null,null],"battvoltage":[14.005,13.937000000000001,10.595999999999998],"arrayvoltage":[42.038000000000004,42.316,43.347],"chargecurrent":[0.48100000000000004,0.445,2.597],"chargestate":[7.0,7.0,7.0],"loadpower":[0.0,0.0,0.0],"batterytemp":[15.0,17.0,20.0],"triggerrate":[null,null,0.0],"triggersremaining":[null,null,null],"crcerrors":[0.0,null,1.0]}