{"datalatency":[38.111865],"sensoruptime":[0.33444444444444443,0.3047222222222222,0.7258333333333333],"battvoltage":[14.517000000000001,14.575,10.26],"arrayvoltage":[42.88,43.231,43.533],"chargecurrent":[2.235,2.259,3.411],"chargestate":[6.0,6.0,6.0],"loadpower":[12.707625,12.7312,0.0],"batterytemp":[18.0,16.0,19.0],"triggerrate":[0.0,0.0,null],"triggersremaining":[0.0,0.0,0.0],"crcerrors":[0.0,0.0,0.0]}