{"datalatency":[18.211586],"sensoruptime":[5.320555555555556,4.320833333333334,null],"battvoltage":[13.052,13.092,12.530999999999999],"arrayvoltage":[19.296,19.305,20.032],"chargecurrent":[2.65,2.708,7.09],"chargestate":[7.0,7.0,7.0],"loadpower":[25.097720000000002,24.859958,11.041264],"batterytemp":[46.0,45.0,46.0],"triggerrate":[null,null,null],"triggersremaining":[22492.0,22492.0,null],"crcerrors":[null,null,0.0]}