{"datalatency":[7.494661000000001],"sensoruptime":[7.396388888888889,6.3966666666666665,227.69416666666666],"battvoltage":[11.899000000000001,11.914000000000001,11.899000000000001],"arrayvoltage":[1.349,1.23,36.472],"chargecurrent":[0.0,0.0,3.503],"chargestate":[3.0,3.0,5.0],"loadpower":[13.780158000000002,13.812694,9.995777999999998],"batterytemp":[16.0,16.0,18.0],"triggerrate":[0.2,0.2,24.0],"triggersremaining":[18645.0,18652.0,20318.0],"crcerrors":[2.0,0.0,3.0]}