{"datalatency":[8.799584000000001],"sensoruptime":[129.9113888888889,128.92805555555555,129.9113888888889],"battvoltage":[12.130999999999998,12.145999999999999,12.073],"arrayvoltage":[0.693,1.0070000000000001,34.378],"chargecurrent":[0.0,0.0,12.84],"chargestate":[3.0,3.0,5.0],"loadpower":[14.101860000000002,14.07763,10.0584],"batterytemp":[22.0,22.0,33.0],"triggerrate":[1.8,0.8,4.8],"triggersremaining":[20941.0,21034.0,21501.0],"crcerrors":[0.0,0.0,0.0]}