{"datalatency":[16.821767],"sensoruptime":[1.7480555555555555,0.7480555555555556,7.133055555555556],"battvoltage":[13.715,13.815,11.328],"arrayvoltage":[18.448,17.910999999999998,19.949],"chargecurrent":[4.728,5.872999999999999,10.987],"ledstate":[5.0,5.0,10.0],"loadpower":[23.048502000000003,22.160220000000002,5.908896],"batterytemp":[44.0,41.0,50.0],"triggerrate":[0.0,0.0,0.0],"triggersremaining":[14570.0,14570.0,14570.0],"crcerrors":[0.0,0.0,0.0]}