{"datalatency":[14.071127],"sensoruptime":[11.540833333333333,10.540833333333333,49.00611111111111],"battvoltage":[11.542,11.588,11.444],"arrayvoltage":[0.0,0.006,19.531],"chargecurrent":[0.002,0.002,12.99],"ledstate":[10.0,10.0,10.0],"loadpower":[24.110316,24.032320000000002,5.941168],"batterytemp":[23.0,23.0,41.0],"triggerrate":[0.0,0.0,2.4000000000000004],"triggersremaining":[14585.0,14585.0,14653.0],"crcerrors":[0.0,0.0,0.0]}