{"datalatency":[8.251963],"sensoruptime":[null,null,5.101944444444444],"battvoltage":[12.82,12.872,11.362],"arrayvoltage":[13.434000000000001,25.491,40.985],"chargecurrent":[0.0,0.092,1.911],"chargestate":[5.0,5.0,6.0],"loadpower":[0.0,0.0,0.0],"batterytemp":[21.0,22.0,26.0],"triggerrate":[null,null,6.2],"triggersremaining":[null,null,22465.0],"crcerrors":[1.0,null,1.0]}