{"datalatency":[7.9227620000000005],"sensoruptime":[35.43083333333333,34.431111111111115,35.43083333333333],"battvoltage":[12.03,12.07,11.49],"arrayvoltage":[0.7809999999999999,0.76,42.148],"chargecurrent":[0.0,0.0,12.352],"chargestate":[3.0,3.0,6.0],"loadpower":[13.943999999999999,13.989318,8.277874],"batterytemp":[11.0,12.0,29.0],"triggerrate":[0.0,0.0,0.4],"triggersremaining":[18418.0,18418.0,18429.0],"crcerrors":[0.0,0.0,0.0]}