{"datalatency":[8.329615],"sensoruptime":[23.593055555555555,22.593055555555555,null],"battvoltage":[12.567,12.155,12.07],"arrayvoltage":[28.174,28.131,38.565],"chargecurrent":[1.8769999999999998,0.22899999999999998,15.0],"chargestate":[5.0,5.0,6.0],"loadpower":[14.848713000000002,14.124109999999998,0.0],"batterytemp":[16.0,12.0,41.0],"triggerrate":[0.0,0.0,null],"triggersremaining":[21659.0,21659.0,null],"crcerrors":[0.0,0.0,0.0]}