{"datalatency":[32.513299],"sensoruptime":[30.849444444444444,29.849722222222223,30.849444444444444],"battvoltage":[12.082,12.122,12.064],"arrayvoltage":[12.655999999999999,0.0,18.872],"chargecurrent":[0.002,0.005,10.158],"ledstate":[8.0,6.0,8.0],"loadpower":[24.367121999999995,23.861711999999997,22.619726999999994],"batterytemp":[25.0,24.0,50.0],"triggerrate":[0.0,0.0,1.2000506661391244],"triggersremaining":[22427.0,22427.0,22433.0],"crcerrors":[null,null,0.0]}