{"datalatency":[8.257301],"sensoruptime":[73.58111111111111,72.59777777777778,73.58111111111111],"battvoltage":[12.259,12.384,12.145999999999999],"arrayvoltage":[30.325,31.647,42.861999999999995],"chargecurrent":[0.36700000000000005,0.435,2.8360000000000003],"chargestate":[5.0,5.0,6.0],"loadpower":[13.417406999999999,13.523328000000001,11.363538000000002],"batterytemp":[15.0,17.0,27.0],"triggerrate":[0.0,0.2,4.4],"triggersremaining":[22076.0,22082.0,22211.0],"crcerrors":[0.0,0.0,0.0]}