{"datalatency":[8.19405],"sensoruptime":[71.41472222222222,70.43138888888889,71.41472222222222],"battvoltage":[12.642999999999999,12.683,12.145999999999999],"arrayvoltage":[33.931999999999995,34.378,42.861999999999995],"chargecurrent":[1.9469999999999998,2.411,3.37],"chargestate":[5.0,5.0,6.0],"loadpower":[13.87134,13.957450000000001,10.241249],"batterytemp":[19.0,19.0,29.0],"triggerrate":[0.0,0.0,0.8],"triggersremaining":[22113.0,22117.0,22214.0],"crcerrors":[0.0,0.0,0.0]}