{"datalatency":[8.005246],"sensoruptime":[68.415,67.41527777777777,68.415],"battvoltage":[12.219000000000001,12.231,12.145999999999999],"arrayvoltage":[33.260999999999996,33.005,42.861999999999995],"chargecurrent":[1.092,0.841,6.3629999999999995],"chargestate":[5.0,5.0,6.0],"loadpower":[13.41572,13.396656,8.875646],"batterytemp":[16.0,15.0,30.0],"triggerrate":[0.2,0.0,0.8],"triggersremaining":[22132.0,22147.0,22215.0],"crcerrors":[0.0,0.0,0.0]}