{"datalatency":[20.018871],"sensoruptime":[287.6591666666667,286.6761111111111,287.6591666666667],"battvoltage":[13.174000000000001,12.68,11.945],"arrayvoltage":[14.401,14.841,17.151],"chargecurrent":[8.597999999999999,3.641,10.847000000000001],"ledstate":[6.0,6.0,8.0],"loadpower":[23.977131999999997,23.451676000000003,21.841950000000004],"batterytemp":[52.0,53.0,58.0],"triggerrate":[0.0,0.0,0.8],"triggersremaining":[3275.0,3275.0,3302.0],"crcerrors":[0.0,0.0,0.0]}