{"datalatency":[7.898512],"sensoruptime":[29.43166666666667,28.431944444444444,29.43166666666667],"battvoltage":[14.206,14.235999999999999,11.49],"arrayvoltage":[41.602,41.17100000000001,41.693000000000005],"chargecurrent":[3.682,3.778,12.352],"chargestate":[6.0,6.0,6.0],"loadpower":[9.265014,10.971356,8.277874],"batterytemp":[28.0,27.0,29.0],"triggerrate":[0.0,0.0,0.4],"triggersremaining":[18419.0,18419.0,18432.0],"crcerrors":[0.0,0.0,0.0]}