{"datalatency":[20.863732000000002],"sensoruptime":[19.315277777777776,18.315277777777776,null],"battvoltage":[12.1,12.14,12.097000000000001],"arrayvoltage":[1.285,0.0,20.032],"chargecurrent":[0.002,0.002,7.09],"chargestate":[3.0,3.0,7.0],"loadpower":[23.958606000000003,23.922152,11.041264],"batterytemp":[25.0,25.0,47.0],"triggerrate":[null,null,null],"triggersremaining":[22489.0,22489.0,null],"crcerrors":[null,null,0.0]}