{"datalatency":[10.305912000000001],"sensoruptime":[13.672777777777778,12.672777777777778,14.684444444444445],"battvoltage":[11.713,11.6,11.45],"arrayvoltage":[0.107,0.128,19.305],"chargecurrent":[0.002,0.002,7.371],"ledstate":[10.0,10.0,11.0],"loadpower":[27.20277,27.060224,0.0],"batterytemp":[25.0,26.0,49.0],"triggerrate":[0.0,0.0,1.2000000000000002],"triggersremaining":[14561.0,14561.0,14564.0],"crcerrors":[0.0,0.0,0.0]}