{"datalatency":[8.602083],"sensoruptime":[63.0875,62.0875,63.0875],"battvoltage":[12.408,12.436,12.18],"arrayvoltage":[0.595,0.586,40.146],"chargecurrent":[0.0,0.0,10.228],"chargestate":[3.0,3.0,6.0],"loadpower":[13.548096000000001,13.588574,8.80245],"batterytemp":[16.0,16.0,34.0],"triggerrate":[0.0,0.0,0.2],"triggersremaining":[21644.0,21644.0,21651.0],"crcerrors":[0.0,0.0,0.0]}