{"datalatency":[28.074785000000002],"sensoruptime":[5.0475,4.0475,57.48722222222222],"battvoltage":[12.073,12.369000000000002,11.639000000000001],"arrayvoltage":[13.083,17.142,17.78],"chargecurrent":[0.133,2.701,12.284],"ledstate":[8.0,8.0,10.0],"loadpower":[24.101999999999997,23.037561999999998,6.942914999999999],"batterytemp":[36.0,35.0,48.0],"triggerrate":[0.0,0.0,7.200004464002768],"triggersremaining":[22174.0,22176.0,22319.0],"crcerrors":[null,null,0.0]}