{"datalatency":[7.841813],"sensoruptime":[null,null,62.22694444444444],"battvoltage":[12.555,12.564,11.319],"arrayvoltage":[0.8640000000000001,0.8240000000000001,42.471000000000004],"chargecurrent":[0.0,0.0,5.733],"chargestate":[3.0,3.0,6.0],"loadpower":[0.0,0.0,0.0],"batterytemp":[11.0,11.0,28.0],"triggerrate":[null,null,0.5],"triggersremaining":[null,null,18409.0],"crcerrors":[0.0,null,0.0]}