{"datalatency":[51.896261],"sensoruptime":[null,null,1.8772222222222221],"battvoltage":[12.03,12.027000000000001,11.682],"arrayvoltage":[14.937999999999999,15.378,17.145],"chargecurrent":[0.604,0.41100000000000003,10.335],"ledstate":[8.0,8.0,10.0],"loadpower":[6.8828759999999996,6.612,6.079374],"batterytemp":[30.0,29.0,53.0],"triggerrate":[null,null,0.0],"triggersremaining":[null,null,0.0],"crcerrors":[0.0,null,1.0]}