{"datalatency":[7.782417000000001],"sensoruptime":[227.56166666666667,226.57861111111112,227.56166666666667],"battvoltage":[12.03,12.054,12.012],"arrayvoltage":[1.147,1.263,36.472],"chargecurrent":[0.0,0.0,3.503],"chargestate":[3.0,3.0,5.0],"loadpower":[13.968000000000002,14.013396000000004,9.995777999999998],"batterytemp":[15.0,14.0,18.0],"triggerrate":[3.6,1.0,24.0],"triggersremaining":[19280.0,19464.0,20349.0],"crcerrors":[0.0,0.0,0.0]}