{"datalatency":[47.374761],"sensoruptime":[null,null,null],"battvoltage":[12.491,12.28,11.752],"arrayvoltage":[32.275,11.591,35.223],"chargecurrent":[0.7440000000000001,0.0,2.0780000000000003],"chargestate":[5.0,3.0,6.0],"loadpower":[0.0,0.0,0.0],"batterytemp":[12.0,12.0,16.0],"triggerrate":[null,null,null],"triggersremaining":[null,null,null],"crcerrors":[0.0,null,0.0]}