{"datalatency":[37.591425],"sensoruptime":[2.0477777777777777,1.0647222222222221,5.173333333333333],"battvoltage":[13.687000000000001,12.936,10.287],"arrayvoltage":[35.114000000000004,36.282,37.805],"chargecurrent":[3.4419999999999997,2.012,4.324],"chargestate":[5.0,5.0,6.0],"loadpower":[11.8615,14.298298,0.0],"batterytemp":[21.0,18.0,27.0],"triggerrate":[0.0,1.4,1.4],"triggersremaining":[11651.0,11666.0,11687.0],"crcerrors":[0.0,0.0,0.0]}