{"datalatency":[78.34277800000001],"sensoruptime":[69.51416666666667,68.51416666666667,69.51416666666667],"battvoltage":[13.357999999999999,13.199000000000002,12.216],"arrayvoltage":[14.052999999999999,14.7,17.965999999999998],"chargecurrent":[7.792999999999999,6.771,9.262],"ledstate":[6.0,6.0,6.0],"loadpower":[25.054195999999994,23.904451999999996,21.730287],"batterytemp":[52.0,47.0,58.0],"triggerrate":[0.0,0.0,0.2],"triggersremaining":[6315.0,6315.0,6321.0],"crcerrors":[0.0,0.0,0.0]}