{"datalatency":[8.525028],"sensoruptime":[51.589166666666664,50.60583333333334,51.589166666666664],"battvoltage":[14.059000000000001,14.107999999999999,12.18],"arrayvoltage":[37.271,38.281,40.872],"chargecurrent":[3.5389999999999997,4.329,10.228],"chargestate":[6.0,6.0,6.0],"loadpower":[10.141649999999998,9.171063000000002,8.80245],"batterytemp":[33.0,31.0,35.0],"triggerrate":[0.0,0.0,0.2],"triggersremaining":[21647.0,21647.0,21655.0],"crcerrors":[0.0,0.0,0.0]}