{"datalatency":[7.761602000000001],"sensoruptime":[11.229166666666666,10.229444444444445,227.69416666666666],"battvoltage":[11.832,11.838,11.761],"arrayvoltage":[23.093000000000004,11.267000000000001,36.472],"chargecurrent":[0.048,0.0,3.503],"chargestate":[5.0,3.0,5.0],"loadpower":[13.746840000000002,13.78227,9.995777999999998],"batterytemp":[17.0,16.0,18.0],"triggerrate":[0.0,0.2,24.0],"triggersremaining":[18618.0,18622.0,20290.0],"crcerrors":[2.0,0.0,3.0]}