{"datalatency":[7.791709000000001],"sensoruptime":[61.59388888888889,60.61055555555556,61.59388888888889],"battvoltage":[11.52,11.536,11.514000000000001],"arrayvoltage":[0.763,0.94,40.738],"chargecurrent":[0.0,0.0,11.615],"chargestate":[3.0,3.0,6.0],"loadpower":[14.166768000000001,14.28921,9.041284000000001],"batterytemp":[15.0,15.0,34.0],"triggerrate":[0.0,0.0,0.4],"triggersremaining":[18408.0,18408.0,18417.0],"crcerrors":[0.0,0.0,0.0]}