{"datalatency":[12.807032000000001],"sensoruptime":[44.897777777777776,43.897777777777776,44.897777777777776],"battvoltage":[12.064,12.088,12.033],"arrayvoltage":[0.214,0.0,17.526],"chargecurrent":[0.002,0.005,10.985],"ledstate":[8.0,8.0,8.0],"loadpower":[23.728419,23.294582999999996,21.514706],"batterytemp":[30.0,30.0,50.0],"triggerrate":[1.2000000000000002,0.0,3.6],"triggersremaining":[13389.0,13444.0,13513.0],"crcerrors":[0.0,0.0,2.0]}