{"datalatency":[13.422366],"sensoruptime":[381.85,380.85,381.85],"battvoltage":[12.045,12.064,12.033],"arrayvoltage":[12.994000000000002,0.7509999999999999,17.78],"chargecurrent":[0.085,0.002,10.61],"ledstate":[8.0,8.0,8.0],"loadpower":[23.939916000000004,23.349839999999997,20.806074],"batterytemp":[24.0,24.0,52.0],"triggerrate":[0.0,0.0,4.800000000000001],"triggersremaining":[12607.0,12607.0,12617.0],"crcerrors":[0.0,0.0,2.0]}