{"datalatency":[7.886226000000001],"sensoruptime":[23.765833333333333,22.782777777777778,null],"battvoltage":[12.219000000000001,11.56,11.49],"arrayvoltage":[18.848,36.569,42.996],"chargecurrent":[1.4469999999999998,0.469,15.002],"chargestate":[5.0,5.0,6.0],"loadpower":[13.856699999999998,13.850876,0.0],"batterytemp":[7.0,3.0,28.0],"triggerrate":[0.0,0.0,null],"triggersremaining":[18421.0,18421.0,null],"crcerrors":[0.0,0.0,0.0]}