{"datalatency":[21.173076000000002],"sensoruptime":[null,4.120277777777778,null],"battvoltage":[13.025,13.405999999999999,11.493],"arrayvoltage":[25.445999999999998,34.427,45.004],"chargecurrent":[0.057999999999999996,1.6669999999999998,2.194],"chargestate":[5.0,5.0,6.0],"loadpower":[0.0,13.748348000000002,0.0],"batterytemp":[14.0,20.0,22.0],"triggerrate":[null,15.8,null],"triggersremaining":[null,14075.0,null],"crcerrors":[5.0,0.0,5.0]}