{"datalatency":[18.598653000000002],"sensoruptime":[211.53861111111112,210.5388888888889,211.53861111111112],"battvoltage":[12.033,12.064,11.800999999999998],"arrayvoltage":[0.0,0.0,18.445],"chargecurrent":[0.002,0.002,8.948],"ledstate":[8.0,8.0,8.0],"loadpower":[23.471448,23.499449999999996,21.692814],"batterytemp":[23.0,24.0,51.0],"triggerrate":[0.0,0.0,1.2000000000000002],"triggersremaining":[12685.0,12685.0,12691.0],"crcerrors":[0.0,0.0,2.0]}