{"datalatency":[63.383334000000005],"sensoruptime":[null,null,null],"battvoltage":[13.321,12.363,12.177],"arrayvoltage":[15.475,16.119,18.215999999999998],"chargecurrent":[5.675,1.034,9.487],"ledstate":[6.0,6.0,8.0],"loadpower":[5.963169,7.377883,5.838796],"batterytemp":[38.0,30.0,52.0],"triggerrate":[null,null,null],"triggersremaining":[null,null,null],"crcerrors":[null,null,null]}