{"datalatency":[7.923034],"sensoruptime":[49.58444444444444,48.60111111111111,49.58444444444444],"battvoltage":[14.24,14.175,12.115],"arrayvoltage":[39.056,40.738,42.148],"chargecurrent":[2.3480000000000003,2.877,7.356],"chargestate":[6.0,6.0,6.0],"loadpower":[13.055834999999998,11.309064,8.875646],"batterytemp":[27.0,29.0,30.0],"triggerrate":[0.0,0.0,0.6],"triggersremaining":[22211.0,22213.0,22256.0],"crcerrors":[0.0,0.0,0.0]}