{"datalatency":[20.444555],"sensoruptime":[265.5308333333333,264.5311111111111,265.5308333333333],"battvoltage":[12.787,12.130999999999998,12.103],"arrayvoltage":[16.653,16.262999999999998,18.506],"chargecurrent":[5.015,0.41100000000000003,9.937999999999999],"ledstate":[6.0,6.0,8.0],"loadpower":[22.640534000000002,22.848695999999997,21.141912],"batterytemp":[30.0,26.0,55.0],"triggerrate":[0.0,0.0,1.2000000000000002],"triggersremaining":[12668.0,12668.0,12676.0],"crcerrors":[0.0,0.0,2.0]}