{"datalatency":[8.240314],"sensoruptime":[null,null,null],"battvoltage":[12.725999999999999,12.725999999999999,12.530999999999999],"arrayvoltage":[0.94,0.98,40.985],"chargecurrent":[0.0,0.002,1.911],"chargestate":[3.0,3.0,6.0],"loadpower":[0.0,0.0,0.0],"batterytemp":[21.0,20.0,26.0],"triggerrate":[null,null,null],"triggersremaining":[null,null,null],"crcerrors":[null,null,null]}