{"datalatency":[15.797148000000002],"sensoruptime":[131.21777777777777,130.22083333333333,131.21777777777777],"battvoltage":[12.061,12.134,12.048],"arrayvoltage":[12.762,15.729000000000001,16.898],"chargecurrent":[0.027000000000000003,0.759,10.972000000000001],"ledstate":[8.0,8.0,8.0],"loadpower":[23.531508000000002,22.918847999999997,21.720998],"batterytemp":[32.0,34.0,42.0],"triggerrate":[0.0,0.0,3.6],"triggersremaining":[12982.0,12994.0,13081.0],"crcerrors":[0.0,0.0,2.0]}