{"datalatency":[8.01519],"sensoruptime":[48.095555555555556,47.1125,48.095555555555556],"battvoltage":[13.265999999999998,11.838,11.645999999999999],"arrayvoltage":[38.031,37.747,42.148],"chargecurrent":[6.941,0.775,12.352],"chargestate":[5.0,5.0,6.0],"loadpower":[10.031161,13.864940000000002,8.277874],"batterytemp":[16.0,8.0,29.0],"triggerrate":[0.0,0.0,0.4],"triggersremaining":[18411.0,18412.0,18420.0],"crcerrors":[0.0,0.0,0.0]}