{"datalatency":[12.420063],"sensoruptime":[36.39888888888889,35.399166666666666,36.39888888888889],"battvoltage":[12.253,12.289000000000001,12.033],"arrayvoltage":[0.5579999999999999,13.193,17.526],"chargecurrent":[0.002,0.063,10.985],"ledstate":[6.0,6.0,8.0],"loadpower":[23.392551,24.041324,21.514706],"batterytemp":[33.0,37.0,50.0],"triggerrate":[0.0,0.0,1.2000000000000002],"triggersremaining":[13505.0,13506.0,13517.0],"crcerrors":[0.0,0.0,2.0]}