{"datalatency":[12.127048],"sensoruptime":[28.066666666666666,27.066944444444445,28.066666666666666],"battvoltage":[12.634,12.823,12.033],"arrayvoltage":[16.354,16.357,17.38],"chargecurrent":[3.9789999999999996,8.226,10.26],"ledstate":[8.0,8.0,8.0],"loadpower":[22.005684,22.279600000000002,21.514706],"batterytemp":[42.0,41.0,53.0],"triggerrate":[0.0,0.0,20.400000000000002],"triggersremaining":[13510.0,13511.0,14544.0],"crcerrors":[0.0,0.0,2.0]}