{"datalatency":[11.171556],"sensoruptime":[6.300277777777778,5.300277777777778,null],"battvoltage":[12.073,12.710999999999999,11.569],"arrayvoltage":[15.729000000000001,16.455,19.736],"chargecurrent":[0.72,5.351,12.392999999999999],"chargestate":[5.0,5.0,6.0],"loadpower":[23.113818,22.321,6.808707000000001],"batterytemp":[35.0,38.0,44.0],"triggerrate":[0.0,0.0,null],"triggersremaining":[22161.0,22162.0,null],"crcerrors":[0.0,0.0,0.0]}