{"datalatency":[8.710806],"sensoruptime":[99.0825,98.09916666666666,99.0825],"battvoltage":[13.754000000000001,13.409,12.03],"arrayvoltage":[34.085,34.476,41.65],"chargecurrent":[5.416,4.926,11.832],"chargestate":[5.0,5.0,6.0],"loadpower":[10.519523999999999,10.6104,9.0954],"batterytemp":[30.0,30.0,34.0],"triggerrate":[0.0,0.0,0.6],"triggersremaining":[21528.0,21530.0,21628.0],"crcerrors":[0.0,0.0,0.0]}