{"datalatency":[7.789665],"sensoruptime":[221.73055555555555,220.7475,221.73055555555555],"battvoltage":[12.145999999999999,12.183,12.085],"arrayvoltage":[26.999000000000002,30.816999999999997,41.711000000000006],"chargecurrent":[0.205,0.287,3.503],"chargestate":[5.0,5.0,6.0],"loadpower":[14.162435,14.127595999999999,9.49424],"batterytemp":[15.0,15.0,27.0],"triggerrate":[0.8,1.0,2.2],"triggersremaining":[20153.0,20211.0,20351.0],"crcerrors":[0.0,0.0,0.0]}