{"datalatency":[8.172144000000001],"sensoruptime":[61.08277777777778,60.099444444444444,61.08277777777778],"battvoltage":[12.335,12.375,12.115],"arrayvoltage":[0.601,0.6559999999999999,42.861999999999995],"chargecurrent":[0.0,0.0,7.356],"chargestate":[3.0,3.0,6.0],"loadpower":[14.21574,14.158568000000002,8.875646],"batterytemp":[13.0,13.0,30.0],"triggerrate":[0.0,0.0,0.6],"triggersremaining":[22184.0,22190.0,22238.0],"crcerrors":[0.0,0.0,0.0]}