{"datalatency":[18.316775],"sensoruptime":[32.53666666666667,31.55361111111111,32.53666666666667],"battvoltage":[12.369000000000002,12.405,12.14],"arrayvoltage":[0.021,0.021,17.337],"chargecurrent":[0.005,0.012,9.245],"ledstate":[6.0,6.0,6.0],"loadpower":[27.1453,24.005240999999995,22.116975999999998],"batterytemp":[30.0,31.0,55.0],"triggerrate":[0.0,0.0,0.2],"triggersremaining":[6324.0,6325.0,6330.0],"crcerrors":[0.0,0.0,0.0]}