{"datalatency":[8.534973],"sensoruptime":[14.9275,13.944444444444445,14.9275],"battvoltage":[12.36,12.375,11.478],"arrayvoltage":[0.598,0.595,38.565],"chargecurrent":[0.0,0.0,15.0],"chargestate":[3.0,3.0,6.0],"loadpower":[14.1956,14.07216,0.0],"batterytemp":[13.0,14.0,41.0],"triggerrate":[0.0,0.0,1.2],"triggersremaining":[21670.0,21670.0,21799.0],"crcerrors":[0.0,0.0,0.0]}