{"datalatency":[8.034357],"sensoruptime":[25.754166666666666,24.754444444444445,25.754166666666666],"battvoltage":[14.297,14.294,12.07],"arrayvoltage":[41.119,41.37,42.703],"chargecurrent":[2.467,2.481,7.474],"chargestate":[6.0,6.0,7.0],"loadpower":[12.363216,12.870899999999999,8.72505],"batterytemp":[25.0,25.0,28.0],"triggerrate":[0.0,0.0,1.4],"triggersremaining":[22256.0,22256.0,22380.0],"crcerrors":[0.0,0.0,0.0]}