{"datalatency":[21.016630000000003],"sensoruptime":[281.0283333333333,280.0286111111111,281.0283333333333],"battvoltage":[12.292,12.329,12.103],"arrayvoltage":[0.07,0.064,18.506],"chargecurrent":[0.005,0.005,9.074],"ledstate":[6.0,6.0,6.0],"loadpower":[25.959919999999997,23.500836000000003,21.141912],"batterytemp":[24.0,25.0,53.0],"triggerrate":[0.0,0.0,2.4000000000000004],"triggersremaining":[12641.0,12641.0,12671.0],"crcerrors":[0.0,0.0,2.0]}