{"datalatency":[8.201361],"sensoruptime":[0.5963888888888889,null,null],"battvoltage":[13.527999999999999,12.335,11.478],"arrayvoltage":[34.183,29.296999999999997,37.939],"chargecurrent":[13.115,2.14,13.115],"chargestate":[5.0,5.0,5.0],"loadpower":[10.776000000000002,0.0,0.0],"batterytemp":[26.0,16.0,27.0],"triggerrate":[0.0,null,null],"triggersremaining":[21744.0,null,null],"crcerrors":[0.0,0.0,0.0]}