{"datalatency":[8.151702],"sensoruptime":[10.750555555555556,9.7675,11.270277777777778],"battvoltage":[11.493,11.52,11.154000000000002],"arrayvoltage":[0.748,18.326,41.791000000000004],"chargecurrent":[0.0,0.005,2.923],"chargestate":[3.0,5.0,6.0],"loadpower":[14.14781,14.12901,0.0],"batterytemp":[15.0,20.0,32.0],"triggerrate":[0.0,0.0,0.8],"triggersremaining":[18373.0,18373.0,18392.0],"crcerrors":[0.0,0.0,0.0]}