{"datalatency":[17.145284],"sensoruptime":[170.54472222222222,169.5475,170.54472222222222],"battvoltage":[12.494000000000002,12.296,11.795],"arrayvoltage":[15.82,15.823,17.245],"chargecurrent":[6.875,6.027,12.144],"ledstate":[8.0,8.0,8.0],"loadpower":[22.553462,23.037561999999998,21.472317999999998],"batterytemp":[43.0,38.0,51.0],"triggerrate":[0.0,0.0,8.4],"triggersremaining":[12701.0,12701.0,12944.0],"crcerrors":[0.0,0.0,2.0]}