{"datalatency":[38.136688],"sensoruptime":[1.366111111111111,0.3661111111111111,1.366111111111111],"battvoltage":[12.106,11.533,10.526],"arrayvoltage":[34.912,32.379,43.43600000000001],"chargecurrent":[1.077,0.56,3.411],"chargestate":[5.0,5.0,7.0],"loadpower":[13.313664000000001,13.391820000000003,0.0],"batterytemp":[2.0,0.0,19.0],"triggerrate":[0.0,0.0,0.0],"triggersremaining":[0.0,0.0,0.0],"crcerrors":[0.0,0.0,0.0]}