{"datalatency":[17.127624],"sensoruptime":[169.87805555555556,168.88111111111112,169.87805555555556],"battvoltage":[12.469000000000001,11.911,11.795],"arrayvoltage":[16.305999999999997,16.168,17.245],"chargecurrent":[6.107,1.587,12.144],"ledstate":[8.0,8.0,8.0],"loadpower":[22.927049999999998,22.603254000000003,21.472317999999998],"batterytemp":[40.0,35.0,51.0],"triggerrate":[0.0,0.0,8.4],"triggersremaining":[12701.0,12701.0,12944.0],"crcerrors":[0.0,0.0,2.0]}