{"datalatency":[11.209524],"sensoruptime":[9.633055555555556,8.633333333333333,null],"battvoltage":[11.911,11.950999999999999,11.569],"arrayvoltage":[0.10099999999999999,1.178,19.736],"chargecurrent":[0.005,0.002,12.392999999999999],"chargestate":[3.0,3.0,6.0],"loadpower":[23.04138,23.231603999999997,6.808707000000001],"batterytemp":[25.0,27.0,44.0],"triggerrate":[0.0,0.0,null],"triggersremaining":[22160.0,22160.0,null],"crcerrors":[0.0,0.0,0.0]}