{"datalatency":[8.515194000000001],"sensoruptime":[24.092777777777776,23.093055555555555,24.092777777777776],"battvoltage":[12.839,12.36,12.112],"arrayvoltage":[26.706,18.715999999999998,38.565],"chargecurrent":[2.454,1.251,15.0],"chargestate":[5.0,5.0,6.0],"loadpower":[14.922404,13.440336,9.613121],"batterytemp":[18.0,14.0,41.0],"triggerrate":[0.0,0.0,1.0],"triggersremaining":[21658.0,21659.0,21746.0],"crcerrors":[0.0,0.0,0.0]}