{"datalatency":[20.071806000000002],"sensoruptime":[252.53277777777777,251.53555555555556,252.53277777777777],"battvoltage":[12.341,12.375,12.073],"arrayvoltage":[0.42700000000000005,13.3,18.073],"chargecurrent":[0.002,0.085,9.937999999999999],"ledstate":[6.0,6.0,8.0],"loadpower":[24.215222,23.84901,21.323016],"batterytemp":[33.0,41.0,55.0],"triggerrate":[1.2000000000000002,0.0,1.2000000000000002],"triggersremaining":[12672.0,12674.0,12680.0],"crcerrors":[0.0,0.0,2.0]}