{"datalatency":[8.241953],"sensoruptime":[7.9286111111111115,6.928888888888889,11.467222222222222],"battvoltage":[12.634,13.257,11.478],"arrayvoltage":[27.878,35.544000000000004,38.565],"chargecurrent":[0.225,2.653,15.0],"chargestate":[5.0,5.0,6.0],"loadpower":[13.74817,12.39578,0.0],"batterytemp":[26.0,35.0,41.0],"triggerrate":[0.0,0.2,1.6],"triggersremaining":[21720.0,21723.0,21922.0],"crcerrors":[0.0,0.0,0.0]}