{"datalatency":[14.801125],"sensoruptime":[102.55527777777777,101.55833333333334,102.55527777777777],"battvoltage":[12.823,13.052,12.057],"arrayvoltage":[15.402000000000001,14.499,17.825],"chargecurrent":[4.17,8.745,10.327],"ledstate":[6.0,8.0,8.0],"loadpower":[22.792665,22.681777,21.192338],"batterytemp":[53.0,52.0,58.0],"triggerrate":[0.0,0.0,2.4000000000000004],"triggersremaining":[13084.0,13084.0,13095.0],"crcerrors":[0.0,0.0,2.0]}