{"datalatency":[9.171914000000001],"sensoruptime":[0.3397222222222222,0.003611111111111111,null],"battvoltage":[13.443,11.645999999999999,11.285],"arrayvoltage":[16.702,17.517,19.949],"chargecurrent":[5.013,0.841,9.745],"ledstate":[6.0,8.0,11.0],"loadpower":[26.276356000000003,27.009413000000006,0.0],"batterytemp":[28.0,25.0,51.0],"triggerrate":[0.0,null,null],"triggersremaining":[14567.0,14567.0,null],"crcerrors":[0.0,0.0,0.0]}