{"datalatency":[22.481245],"sensoruptime":[321.68916666666667,320.68944444444446,321.68916666666667],"battvoltage":[12.448,12.558,12.253],"arrayvoltage":[14.937999999999999,15.770999999999999,18.753],"chargecurrent":[0.42,0.877,11.622],"ledstate":[6.0,6.0,6.0],"loadpower":[24.121581999999997,23.867172000000004,20.870528999999998],"batterytemp":[35.0,41.0,49.0],"triggerrate":[0.0,0.0,1.2000000000000002],"triggersremaining":[12626.0,12626.0,12632.0],"crcerrors":[0.0,0.0,2.0]}