{"datalatency":[8.237406],"sensoruptime":[null,null,null],"battvoltage":[13.589,13.037,11.362],"arrayvoltage":[32.379,29.443,42.365],"chargecurrent":[1.348,0.8240000000000001,2.3480000000000003],"chargestate":[5.0,5.0,6.0],"loadpower":[0.0,0.0,0.0],"batterytemp":[21.0,20.0,27.0],"triggerrate":[null,null,null],"triggersremaining":[null,null,null],"crcerrors":[1.0,null,1.0]}