{"datalatency":[17.046795],"sensoruptime":[453.0047222222222,452.005,453.0047222222222],"battvoltage":[11.987,12.027000000000001,11.987],"arrayvoltage":[3.238,0.0,17.487000000000002],"chargecurrent":[0.002,0.005,10.864],"ledstate":[8.0,8.0,8.0],"loadpower":[23.95,24.0458,21.481326],"batterytemp":[27.0,27.0,49.0],"triggerrate":[0.0,0.0,16.8],"triggersremaining":[11709.0,11709.0,12578.0],"crcerrors":[0.0,0.0,2.0]}