{"datalatency":[16.495407],"sensoruptime":[148.71527777777777,147.71527777777777,148.71527777777777],"battvoltage":[12.088,12.402000000000001,11.870999999999999],"arrayvoltage":[16.406,16.26,17.215],"chargecurrent":[1.561,3.858,12.084000000000001],"ledstate":[8.0,8.0,8.0],"loadpower":[23.499449999999996,24.991193,21.571521000000004],"batterytemp":[39.0,41.0,42.0],"triggerrate":[0.0,0.0,3.6],"triggersremaining":[12929.0,12944.0,13076.0],"crcerrors":[0.0,0.0,2.0]}