{"datalatency":[17.795683],"sensoruptime":[189.87527777777777,188.87527777777777,189.87527777777777],"battvoltage":[11.874,11.874,11.795],"arrayvoltage":[13.037,1.0190000000000001,17.38],"chargecurrent":[0.08900000000000001,0.005,11.315],"ledstate":[8.0,8.0,8.0],"loadpower":[23.480478,23.374089,21.720450999999997],"batterytemp":[24.0,24.0,53.0],"triggerrate":[0.0,0.0,1.2000000000000002],"triggersremaining":[12690.0,12690.0,12703.0],"crcerrors":[0.0,0.0,2.0]}