{"datalatency":[20.696893000000003],"sensoruptime":[31.497777777777777,30.497777777777777,31.497777777777777],"battvoltage":[12.537,12.637,11.987],"arrayvoltage":[16.452,16.653,18.222],"chargecurrent":[2.512,3.783,10.26],"ledstate":[6.0,6.0,8.0],"loadpower":[22.930606000000004,22.908996,21.692814],"batterytemp":[42.0,45.0,51.0],"triggerrate":[0.0,0.2,5.0],"triggersremaining":[1589.0,1612.0,1794.0],"crcerrors":[0.0,0.0,0.0]}