{"datalatency":[21.484756],"sensoruptime":[56.53,55.53,56.53],"battvoltage":[11.874,12.863,11.572000000000001],"arrayvoltage":[14.606,16.653,16.992],"chargecurrent":[0.773,11.34,11.828],"ledstate":[8.0,8.0,10.0],"loadpower":[23.752632000000002,23.552132,22.068414],"batterytemp":[44.0,41.0,44.0],"triggerrate":[0.0,0.0,4.2],"triggersremaining":[37.0,38.0,217.0],"crcerrors":[0.0,0.0,2.0]}