{"datalatency":[16.598274],"sensoruptime":[null,null,null],"battvoltage":[14.392000000000001,12.283,12.18],"arrayvoltage":[18.915,17.09,19.4],"chargecurrent":[4.643,0.486,9.955],"chargestate":[6.0,5.0,6.0],"loadpower":[4.59351,6.206187,4.102919999999999],"batterytemp":[22.0,14.0,38.0],"triggerrate":[null,null,null],"triggersremaining":[null,null,null],"crcerrors":[null,null,null]}