{"datalatency":[8.176182],"sensoruptime":[null,null,11.33388888888889],"battvoltage":[14.383,14.383,10.427999999999999],"arrayvoltage":[41.486000000000004,41.058,43.015],"chargecurrent":[1.3459999999999999,1.449,3.5439999999999996],"chargestate":[6.0,6.0,6.0],"loadpower":[0.0,0.0,0.0],"batterytemp":[22.0,22.0,32.0],"triggerrate":[null,null,0.4],"triggersremaining":[null,null,18384.0],"crcerrors":[0.0,null,0.0]}