{"datalatency":[12.249002],"sensoruptime":[21.280277777777776,20.280277777777776,null],"battvoltage":[11.798,11.835,11.777000000000001],"arrayvoltage":[0.0,0.0,17.526],"chargecurrent":[0.005,0.005,10.419],"chargestate":[3.0,3.0,5.0],"loadpower":[22.9047,22.947342,6.167125],"batterytemp":[25.0,25.0,49.0],"triggerrate":[0.0,0.0,null],"triggersremaining":[21171.0,21171.0,null],"crcerrors":[0.0,0.0,0.0]}