{"datalatency":[11.749869],"sensoruptime":[16.06861111111111,15.071388888888889,null],"battvoltage":[12.14,12.173,11.264000000000001],"arrayvoltage":[0.125,0.107,19.733],"chargecurrent":[0.005,0.005,9.152999999999999],"ledstate":[6.0,6.0,11.0],"loadpower":[23.52832,23.322144,0.0],"batterytemp":[29.0,29.0,53.0],"triggerrate":[0.0,0.0,null],"triggersremaining":[13515.0,13516.0,null],"crcerrors":[0.0,0.0,2.0]}