{"datalatency":[8.028027],"sensoruptime":[61.24944444444444,60.24944444444444,61.24944444444444],"battvoltage":[12.335,12.375,12.115],"arrayvoltage":[0.616,0.659,42.861999999999995],"chargecurrent":[0.0,0.0,7.356],"chargestate":[3.0,3.0,6.0],"loadpower":[14.326512000000001,13.504336000000002,8.875646],"batterytemp":[13.0,13.0,30.0],"triggerrate":[0.4,0.0,0.6],"triggersremaining":[22182.0,22189.0,22236.0],"crcerrors":[0.0,0.0,0.0]}