{"datalatency":[8.300664000000001],"sensoruptime":[null,null,114.10888888888888],"battvoltage":[11.935,11.725,11.469000000000001],"arrayvoltage":[32.959,25.491,34.863],"chargecurrent":[0.966,0.099,1.423],"chargestate":[5.0,5.0,5.0],"loadpower":[0.0,0.0,0.0],"batterytemp":[16.0,15.0,16.0],"triggerrate":[null,null,0.6],"triggersremaining":[null,null,21962.0],"crcerrors":[0.0,null,0.0]}