{"datalatency":[10.314545],"sensoruptime":[13.839444444444444,12.842222222222222,14.684444444444445],"battvoltage":[11.690999999999999,11.737,11.45],"arrayvoltage":[0.107,0.128,19.305],"chargecurrent":[0.005,0.005,7.371],"ledstate":[10.0,10.0,11.0],"loadpower":[27.20277,27.265603000000002,0.0],"batterytemp":[25.0,26.0,49.0],"triggerrate":[0.0,0.0,1.2000000000000002],"triggersremaining":[14561.0,14561.0,14564.0],"crcerrors":[0.0,0.0,0.0]}