{"datalatency":[11.345876],"sensoruptime":[15.632222222222222,14.632222222222222,null],"battvoltage":[11.606,11.673,11.569],"arrayvoltage":[0.0,0.0,19.736],"chargecurrent":[0.002,0.002,12.392999999999999],"chargestate":[3.0,3.0,6.0],"loadpower":[23.99958,23.969430000000003,6.808707000000001],"batterytemp":[21.0,22.0,44.0],"triggerrate":[0.0,0.0,null],"triggersremaining":[22151.0,22151.0,null],"crcerrors":[0.0,0.0,0.0]}