{"datalatency":[7.501251000000001],"sensoruptime":[176.4036111111111,175.42027777777778,176.4036111111111],"battvoltage":[12.642999999999999,13.485999999999999,12.183],"arrayvoltage":[22.403000000000002,37.842,43.121],"chargecurrent":[0.017,2.242,10.794],"chargestate":[5.0,5.0,6.0],"loadpower":[13.773396,13.887958000000001,8.98432],"batterytemp":[15.0,20.0,29.0],"triggerrate":[0.0,0.0,0.6],"triggersremaining":[20366.0,20368.0,20407.0],"crcerrors":[0.0,0.0,0.0]}