{"datalatency":[30.925569000000003],"sensoruptime":[2.0,1.0,152.8761111111111],"battvoltage":[12.665,12.292,11.453],"arrayvoltage":[16.974,16.852,18.973],"chargecurrent":[8.47,3.865,13.193],"chargestate":[5,5,6],"loadpower":[26.566934999999997,26.677944,0.0],"batterytemp":[31,29,39],"triggerrate":[null,null,null],"triggersremaining":[14673.0,14673.0,15185.0],"crcerrors":[0.0,null,0.0]}