{"datalatency":[10.352603],"sensoruptime":[null,null,null],"battvoltage":[12.494000000000002,12.503,10.352],"arrayvoltage":[11.81,11.812999999999999,44.562],"chargecurrent":[0.0,0.0,2.6889999999999996],"chargestate":[5.0,5.0,7.0],"loadpower":[0.0,0.0,0.0],"batterytemp":[0.0,0.0,16.0],"triggerrate":[null,null,null],"triggersremaining":[null,null,null],"crcerrors":[0.0,null,1.0]}