{"datalatency":[7.581017],"sensoruptime":[204.3997222222222,203.4163888888889,204.3997222222222],"battvoltage":[12.482000000000001,12.512,12.106],"arrayvoltage":[0.677,0.687,41.711000000000006],"chargecurrent":[0.0,0.0,9.777000000000001],"chargestate":[3.0,3.0,6.0],"loadpower":[13.780759999999999,13.921658,9.02565],"batterytemp":[12.0,12.0,34.0],"triggerrate":[0.0,0.0,0.4],"triggersremaining":[20344.0,20349.0,20363.0],"crcerrors":[0.0,0.0,0.0]}