{"datalatency":[8.087397000000001],"sensoruptime":[49.42888888888889,48.42888888888889,49.42888888888889],"battvoltage":[14.084000000000001,14.417,11.645999999999999],"arrayvoltage":[39.760999999999996,36.703,42.148],"chargecurrent":[7.2860000000000005,10.931,11.615],"chargestate":[6.0,6.0,6.0],"loadpower":[9.2628,10.418636999999999,8.277874],"batterytemp":[32.0,21.0,32.0],"triggerrate":[0.0,0.0,0.4],"triggersremaining":[18411.0,18411.0,18420.0],"crcerrors":[0.0,0.0,0.0]}