{"datalatency":[19.18327],"sensoruptime":[201.01083333333332,200.01111111111112,201.01083333333332],"battvoltage":[12.149000000000001,12.177,12.1],"arrayvoltage":[0.009000000000000001,0.018000000000000002,17.969],"chargecurrent":[0.005,0.005,8.96],"ledstate":[6.0,6.0,6.0],"loadpower":[23.734496,24.036064000000003,21.987524],"batterytemp":[32.0,33.0,57.0],"triggerrate":[0.0,0.2,2.4],"triggersremaining":[5633.0,5633.0,5814.0],"crcerrors":[0.0,0.0,0.0]}