{"datalatency":[10.047251000000001],"sensoruptime":[4.840833333333333,3.843611111111111,14.684444444444445],"battvoltage":[13.718,13.742,11.425999999999998],"arrayvoltage":[19.11,18.124000000000002,19.965],"chargecurrent":[2.87,5.638,7.486000000000001],"ledstate":[5.0,5.0,11.0],"loadpower":[25.839043999999998,25.833368000000004,0.0],"batterytemp":[44.0,43.0,51.0],"triggerrate":[0.0,0.0,1.2000000000000002],"triggersremaining":[14563.0,14564.0,14566.0],"crcerrors":[0.0,0.0,0.0]}