{"datalatency":[7.633381000000001],"sensoruptime":[2.4358333333333335,1.4361111111111111,31.859444444444446],"battvoltage":[13.425,13.617,11.465],"arrayvoltage":[35.217,40.976000000000006,40.976000000000006],"chargecurrent":[10.103,15.0,15.002],"chargestate":[5.0,5.0,6.0],"loadpower":[10.6544,9.808684,0.0],"batterytemp":[27.0,23.0,28.0],"triggerrate":[0.0,0.0,2.0],"triggersremaining":[18434.0,18436.0,18592.0],"crcerrors":[1.0,0.0,4.0]}