{"datalatency":[8.094697],"sensoruptime":[3.585,2.6016666666666666,11.270277777777778],"battvoltage":[14.267000000000001,14.328,11.154000000000002],"arrayvoltage":[40.195,40.195,42.471000000000004],"chargecurrent":[1.923,1.916,2.805],"chargestate":[6.0,6.0,6.0],"loadpower":[13.701184000000001,14.418106000000002,0.0],"batterytemp":[26.0,24.0,27.0],"triggerrate":[0.0,0.0,0.4],"triggersremaining":[18391.0,18392.0,18401.0],"crcerrors":[0.0,0.0,0.0]}