{"datalatency":[5.70389],"sensoruptime":[null,null,7.133055555555556],"battvoltage":[12.392999999999999,12.085,11.31],"arrayvoltage":[15.958,16.217,19.949],"chargecurrent":[0.804,0.674,12.057],"ledstate":[6.0,10.0,10.0],"loadpower":[6.9249600000000004,8.140391999999999,5.92988],"batterytemp":[28.0,26.0,50.0],"triggerrate":[null,null,1.2000000000000002],"triggersremaining":[null,null,14577.0],"crcerrors":[null,null,0.0]}