{"datalatency":[8.222917],"sensoruptime":[98.57777777777778,97.59444444444445,98.57777777777778],"battvoltage":[11.800999999999998,11.81,11.798],"arrayvoltage":[26.019000000000002,25.189,34.863],"chargecurrent":[0.11599999999999999,0.085,1.423],"chargestate":[5.0,5.0,5.0],"loadpower":[13.842695999999998,13.736756999999999,12.913230000000002],"batterytemp":[13.0,13.0,16.0],"triggerrate":[0.0,0.0,0.8],"triggersremaining":[21953.0,21953.0,22076.0],"crcerrors":[0.0,0.0,0.0]}