{"datalatency":[21.228027],"sensoruptime":[null,null,57.48722222222222],"battvoltage":[12.520999999999999,12.1,11.639000000000001],"arrayvoltage":[16.989,16.214000000000002,17.78],"chargecurrent":[6.564,2.155,7.774],"ledstate":[10.0,10.0,10.0],"loadpower":[7.5343979999999995,9.455507999999998,6.949343999999999],"batterytemp":[34.0,32.0,40.0],"triggerrate":[null,null,7.200004464002768],"triggersremaining":[null,null,22426.0],"crcerrors":[null,null,0.0]}