{"datalatency":[37.617137],"sensoruptime":[null,null,null],"battvoltage":[12.341,12.341,10.287],"arrayvoltage":[0.6990000000000001,0.708,38.15],"chargecurrent":[0.0,0.0,3.1860000000000004],"chargestate":[3.0,3.0,6.0],"loadpower":[0.0,0.0,0.0],"batterytemp":[15.0,15.0,27.0],"triggerrate":[null,null,null],"triggersremaining":[null,null,null],"crcerrors":[0.0,null,0.0]}