{"datalatency":[23.63708],"sensoruptime":[34.35194444444444,33.35194444444444,34.35194444444444],"battvoltage":[12.292,12.177,12.064],"arrayvoltage":[16.500999999999998,16.702,18.872],"chargecurrent":[2.375,1.633,10.158],"ledstate":[8.0,8.0,8.0],"loadpower":[24.224939,24.292384000000002,22.67364],"batterytemp":[33.0,30.0,50.0],"triggerrate":[0.0,0.0,1.2000506661391244],"triggersremaining":[22426.0,22426.0,22432.0],"crcerrors":[null,null,0.0]}