{"datalatency":[18.535985],"sensoruptime":[94.69361111111111,93.71055555555556,94.69361111111111],"battvoltage":[13.44,13.397,12.222000000000001],"arrayvoltage":[16.623,14.401,18.109],"chargecurrent":[6.6339999999999995,7.67,7.815],"ledstate":[5.0,6.0,6.0],"loadpower":[22.473415,23.77176,21.964412],"batterytemp":[53.0,51.0,58.0],"triggerrate":[0.0,0.0,0.6],"triggersremaining":[6296.0,6296.0,6315.0],"crcerrors":[0.0,0.0,0.0]}