{"datalatency":[19.998459],"sensoruptime":[289.1588888888889,288.1591666666667,289.1588888888889],"battvoltage":[13.168,12.445,11.945],"arrayvoltage":[14.937999999999999,15.091,17.151],"chargecurrent":[7.284,1.263,10.847000000000001],"ledstate":[6.0,6.0,8.0],"loadpower":[22.85504,25.058645999999996,21.841950000000004],"batterytemp":[53.0,52.0,58.0],"triggerrate":[0.0,0.0,0.2],"triggersremaining":[3273.0,3274.0,3286.0],"crcerrors":[0.0,0.0,0.0]}