{"datalatency":[8.404670000000001],"sensoruptime":[null,null,null],"battvoltage":[12.72,12.72,12.530999999999999],"arrayvoltage":[0.821,0.9159999999999999,40.985],"chargecurrent":[0.0,0.002,1.911],"chargestate":[3.0,3.0,6.0],"loadpower":[0.0,0.0,0.0],"batterytemp":[22.0,21.0,26.0],"triggerrate":[null,null,null],"triggersremaining":[null,null,null],"crcerrors":[null,null,null]}