{"datalatency":[18.967954000000002],"sensoruptime":[0.3541666666666667,0.21833333333333332,31.89388888888889],"battvoltage":[12.405,12.439,12.064],"arrayvoltage":[0.021,0.07,18.692],"chargecurrent":[0.005,0.005,11.344000000000001],"ledstate":[6.0,6.0,8.0],"loadpower":[24.513873000000004,24.463782,7.371546],"batterytemp":[28.0,28.0,48.0],"triggerrate":[0.0,0.0,16.800115584795222],"triggersremaining":[22434.0,22442.0,22490.0],"crcerrors":[null,null,0.0]}