{"datalatency":[21.721579000000002],"sensoruptime":[25.350277777777777,24.350555555555555,25.350277777777777],"battvoltage":[12.292,12.338,12.07],"arrayvoltage":[0.08199999999999999,0.10099999999999999,18.872],"chargecurrent":[0.005,0.005,10.158],"ledstate":[6.0,6.0,8.0],"loadpower":[24.326679999999996,24.215222,22.619726999999994],"batterytemp":[26.0,27.0,50.0],"triggerrate":[0.0,0.0,1.2000035280103725],"triggersremaining":[22428.0,22428.0,22434.0],"crcerrors":[null,null,0.0]}