{"datalatency":[37.973297],"sensoruptime":[null,null,1.2466666666666666],"battvoltage":[14.758,14.828,10.352],"arrayvoltage":[43.45399999999999,43.665,45.523],"chargecurrent":[2.003,2.0269999999999997,2.6889999999999996],"chargestate":[6.0,6.0,7.0],"loadpower":[20.398895999999997,19.531808,0.0],"batterytemp":[10.0,8.0,10.0],"triggerrate":[0.0,0.0,0.0],"triggersremaining":[null,null,0.0],"crcerrors":[4.0,0.0,1.0]}