{"datalatency":[19.087624],"sensoruptime":[226.5363888888889,225.53666666666666,226.5363888888889],"battvoltage":[12.405,12.946,11.950999999999999],"arrayvoltage":[17.191,16.217,18.372],"chargecurrent":[0.519,4.16,8.75],"ledstate":[6.0,6.0,8.0],"loadpower":[23.255874000000002,22.327211999999996,21.252608000000002],"batterytemp":[49.0,51.0,52.0],"triggerrate":[0.0,0.0,1.2000000000000002],"triggersremaining":[12681.0,12681.0,12687.0],"crcerrors":[0.0,0.0,2.0]}