{"datalatency":[8.752638000000001],"sensoruptime":[126.41194444444444,125.41222222222223,126.41194444444444],"battvoltage":[12.259,12.424000000000001,12.073],"arrayvoltage":[27.155,27.686,34.378],"chargecurrent":[0.358,0.647,12.84],"chargestate":[5.0,5.0,5.0],"loadpower":[13.566056000000001,13.588574,10.008933],"batterytemp":[25.0,28.0,33.0],"triggerrate":[1.0,0.6,1.4],"triggersremaining":[21358.0,21397.0,21515.0],"crcerrors":[0.0,0.0,0.0]}