{"datalatency":[75.180571],"sensoruptime":[91.1775,90.17777777777778,91.1775],"battvoltage":[13.019,12.253,12.222000000000001],"arrayvoltage":[15.915,14.940999999999999,18.109],"chargecurrent":[4.938,0.423,8.001],"ledstate":[6.0,6.0,6.0],"loadpower":[22.121702,22.736052000000004,21.953131000000003],"batterytemp":[35.0,31.0,58.0],"triggerrate":[0.0,0.0,0.6],"triggersremaining":[6297.0,6297.0,6316.0],"crcerrors":[0.0,0.0,0.0]}