{"datalatency":[8.110871000000001],"sensoruptime":[44.41833333333334,43.43527777777778,44.41833333333334],"battvoltage":[14.297,13.277999999999999,12.115],"arrayvoltage":[39.655,38.086,41.821000000000005],"chargecurrent":[6.3629999999999995,3.0869999999999997,7.356],"chargestate":[6.0,5.0,6.0],"loadpower":[9.224496,12.923501,8.72505],"batterytemp":[25.0,14.0,28.0],"triggerrate":[0.0,0.0,0.6],"triggersremaining":[22215.0,22216.0,22262.0],"crcerrors":[0.0,0.0,0.0]}