{"datalatency":[10.910361],"sensoruptime":[13.047222222222222,12.0475,null],"battvoltage":[12.329,12.369000000000002,12.1],"arrayvoltage":[0.003,0.021,18.439],"chargecurrent":[0.005,0.005,9.9],"ledstate":[6.0,6.0,8.0],"loadpower":[23.711979999999997,23.84901,5.933112000000001],"batterytemp":[30.0,30.0,52.0],"triggerrate":[0.0,0.0,null],"triggersremaining":[14663.0,14663.0,null],"crcerrors":[0.0,0.0,0.0]}