{"datalatency":[7.553636000000001],"sensoruptime":[18.06111111111111,17.06138888888889,227.69416666666666],"battvoltage":[11.847000000000001,11.838,11.755],"arrayvoltage":[32.376,30.963,34.238],"chargecurrent":[0.79,0.40299999999999997,1.4709999999999999],"chargestate":[5.0,5.0,5.0],"loadpower":[13.779432,13.746840000000002,13.408536],"batterytemp":[20.0,20.0,20.0],"triggerrate":[0.0,0.2,24.0],"triggersremaining":[18582.0,18583.0,20121.0],"crcerrors":[2.0,0.0,3.0]}