{"datalatency":[18.769294000000002],"sensoruptime":[122.18972222222222,121.18972222222222,122.18972222222222],"battvoltage":[12.765999999999998,13.321,12.216],"arrayvoltage":[14.7,17.180999999999997,18.167],"chargecurrent":[1.3,4.409,7.931],"ledstate":[6.0,5.0,6.0],"loadpower":[24.864576,22.600256000000005,21.885253],"batterytemp":[57.0,57.0,57.0],"triggerrate":[0.0,0.0,0.4],"triggersremaining":[6282.0,6282.0,6294.0],"crcerrors":[0.0,0.0,0.0]}