{"datalatency":[8.11124],"sensoruptime":[4.118333333333333,3.118333333333333,114.10888888888888],"battvoltage":[11.899000000000001,11.99,11.469000000000001],"arrayvoltage":[32.764,32.858000000000004,35.4],"chargecurrent":[0.5579999999999999,1.469,6.643],"chargestate":[5.0,5.0,5.0],"loadpower":[13.812694,14.035798,0.0],"batterytemp":[21.0,24.0,27.0],"triggerrate":[0.0,0.0,0.6],"triggersremaining":[21924.0,21927.0,21953.0],"crcerrors":[0.0,0.0,0.0]}