{"datalatency":[18.032551],"sensoruptime":[195.54111111111112,194.5438888888889,195.54111111111112],"battvoltage":[12.753,12.634,11.800999999999998],"arrayvoltage":[15.872,16.55,18.445],"chargecurrent":[8.404,7.192,11.315],"ledstate":[8.0,8.0,8.0],"loadpower":[22.335782000000002,22.093992,21.728133],"batterytemp":[41.0,36.0,53.0],"triggerrate":[0.0,0.0,1.2000000000000002],"triggersremaining":[12689.0,12689.0,12701.0],"crcerrors":[0.0,0.0,2.0]}