{"datalatency":[23.343793],"sensoruptime":[24.017222222222223,23.02027777777778,24.017222222222223],"battvoltage":[12.366,12.405,12.07],"arrayvoltage":[0.095,0.107,18.872],"chargecurrent":[0.002,0.002,10.158],"ledstate":[6.0,6.0,8.0],"loadpower":[24.214156,24.89184,22.619726999999994],"batterytemp":[27.0,28.0,50.0],"triggerrate":[0.0,0.0,5.999995920002774],"triggersremaining":[22429.0,22429.0,22436.0],"crcerrors":[null,null,0.0]}