{"datalatency":[7.679969000000001],"sensoruptime":[20.599722222222223,19.599722222222223,null],"battvoltage":[11.569,11.609000000000002,11.569],"arrayvoltage":[0.6809999999999999,0.6809999999999999,42.996],"chargecurrent":[0.0,0.0,15.002],"chargestate":[3.0,3.0,6.0],"loadpower":[13.469514,14.244629999999999,0.0],"batterytemp":[2.0,2.0,28.0],"triggerrate":[0.0,0.0,null],"triggersremaining":[18422.0,18425.0,null],"crcerrors":[0.0,0.0,0.0]}