{"datalatency":[8.449629],"sensoruptime":[71.08638888888889,70.10305555555556,71.08638888888889],"battvoltage":[12.259,12.222000000000001,12.222000000000001],"arrayvoltage":[31.247,11.7,40.146],"chargecurrent":[0.425,0.0,10.228],"chargestate":[5.0,3.0,6.0],"loadpower":[13.980033,14.0208,8.80245],"batterytemp":[17.0,16.0,34.0],"triggerrate":[0.0,0.0,0.2],"triggersremaining":[21641.0,21641.0,21648.0],"crcerrors":[0.0,0.0,0.0]}