{"datalatency":[16.740654000000003],"sensoruptime":[null,null,null],"battvoltage":[13.715,13.815,12.18],"arrayvoltage":[19.131,19.199,19.625999999999998],"chargecurrent":[2.9960000000000004,3.3169999999999997,5.361000000000001],"chargestate":[6.0,6.0,6.0],"loadpower":[4.955780000000001,4.970260000000001,4.102919999999999],"batterytemp":[44.0,41.0,44.0],"triggerrate":[null,null,null],"triggersremaining":[null,null,null],"crcerrors":[null,null,null]}