{"datalatency":[10.002346000000001],"sensoruptime":[0.0019444444444444444,0.004722222222222222,1.2466666666666666],"battvoltage":[12.517999999999999,13.970999999999998,10.352],"arrayvoltage":[37.25,42.365,44.562],"chargecurrent":[1.099,1.5490000000000002,2.6889999999999996],"chargestate":[7.0,7.0,7.0],"loadpower":[14.757180000000002,14.565958,0.0],"batterytemp":[12.0,16.0,16.0],"triggerrate":[null,null,0.0],"triggersremaining":[0.0,0.0,0.0],"crcerrors":[0.0,0.0,1.0]}