{"datalatency":[22.609252],"sensoruptime":[17.815555555555555,16.81833333333333,null],"battvoltage":[12.14,12.177,12.14],"arrayvoltage":[0.0,0.027000000000000003,20.032],"chargecurrent":[0.005,0.002,7.09],"chargestate":[3.0,3.0,7.0],"loadpower":[24.728992,25.301120000000004,11.041264],"batterytemp":[25.0,25.0,47.0],"triggerrate":[null,null,null],"triggersremaining":[22489.0,22489.0,null],"crcerrors":[null,null,0.0]}