{"datalatency":[18.497921],"sensoruptime":[209.5388888888889,208.54194444444445,209.5388888888889],"battvoltage":[12.082,12.1,11.800999999999998],"arrayvoltage":[0.057999999999999996,0.052000000000000005,18.445],"chargecurrent":[0.005,0.005,8.948],"ledstate":[8.0,8.0,8.0],"loadpower":[23.342786999999994,23.414455999999998,21.692814],"batterytemp":[24.0,25.0,51.0],"triggerrate":[0.0,0.0,1.2000000000000002],"triggersremaining":[12685.0,12685.0,12691.0],"crcerrors":[0.0,0.0,2.0]}