{"datalatency":[7.838704000000001],"sensoruptime":[33.431111111111115,32.43138888888889,33.431111111111115],"battvoltage":[12.115,12.173,11.49],"arrayvoltage":[0.754,22.238000000000003,42.148],"chargecurrent":[0.0,0.0,12.352],"chargestate":[3.0,5.0,6.0],"loadpower":[14.035798,14.124109999999998,8.277874],"batterytemp":[13.0,17.0,29.0],"triggerrate":[0.0,0.0,0.4],"triggersremaining":[18418.0,18418.0,18429.0],"crcerrors":[0.0,0.0,0.0]}