{"datalatency":[20.883503],"sensoruptime":[19.815277777777776,18.815277777777776,null],"battvoltage":[12.075999999999999,12.106,12.07],"arrayvoltage":[12.655999999999999,0.0,20.032],"chargecurrent":[0.0,0.005,7.09],"chargestate":[5.0,3.0,7.0],"loadpower":[24.306866999999997,24.417759999999998,11.041264],"batterytemp":[25.0,25.0,47.0],"triggerrate":[null,null,null],"triggersremaining":[22489.0,22489.0,null],"crcerrors":[null,null,0.0]}