{"datalatency":[7.975312000000001],"sensoruptime":[48.25111111111111,47.25138888888889,48.25111111111111],"battvoltage":[14.203,14.169,12.115],"arrayvoltage":[40.875,41.211000000000006,41.931000000000004],"chargecurrent":[2.6310000000000002,3.418,7.356],"chargestate":[6.0,6.0,6.0],"loadpower":[12.746514,10.689767,8.875646],"batterytemp":[28.0,29.0,30.0],"triggerrate":[0.0,0.0,0.6],"triggersremaining":[22213.0,22214.0,22256.0],"crcerrors":[0.0,0.0,0.0]}