{"datalatency":[68.868955],"sensoruptime":[41.816944444444445,40.83361111111111,41.816944444444445],"battvoltage":[12.354000000000001,12.369000000000002,12.308],"arrayvoltage":[0.0,0.0,18.448],"chargecurrent":[0.005,0.005,9.011000000000001],"ledstate":[6.0,6.0,6.0],"loadpower":[23.242178999999997,23.638941000000003,21.981199999999998],"batterytemp":[28.0,29.0,53.0],"triggerrate":[0.0,0.0,0.2],"triggersremaining":[7048.0,7048.0,7055.0],"crcerrors":[0.0,0.0,0.0]}