{"datalatency":[15.032981000000001],"sensoruptime":[393.1816666666667,392.18444444444447,393.1816666666667],"battvoltage":[12.833,12.845,12.027000000000001],"arrayvoltage":[15.57,15.475,18.365],"chargecurrent":[4.1819999999999995,4.761,10.873],"ledstate":[6.0,6.0,8.0],"loadpower":[22.4329,22.4329,21.97305],"batterytemp":[49.0,46.0,52.0],"triggerrate":[0.0,0.0,1.2000000000000002],"triggersremaining":[12602.0,12602.0,12610.0],"crcerrors":[0.0,0.0,2.0]}