{"datalatency":[18.015058],"sensoruptime":[26.870833333333334,25.887777777777778,26.870833333333334],"battvoltage":[13.19,13.434000000000001,12.14],"arrayvoltage":[15.332,14.937999999999999,17.526],"chargecurrent":[4.232,6.343999999999999,9.245],"ledstate":[6.0,6.0,6.0],"loadpower":[22.886512,23.437134999999998,22.116975999999998],"batterytemp":[54.0,52.0,55.0],"triggerrate":[0.0,0.0,0.2],"triggersremaining":[6326.0,6326.0,6334.0],"crcerrors":[0.0,0.0,0.0]}