{"datalatency":[8.50132],"sensoruptime":[18.093611111111112,17.093888888888888,null],"battvoltage":[12.259,12.299000000000001,11.645999999999999],"arrayvoltage":[0.601,0.604,38.565],"chargecurrent":[0.0,0.0,15.0],"chargestate":[3.0,3.0,6.0],"loadpower":[13.857723,14.230879999999997,0.0],"batterytemp":[12.0,12.0,41.0],"triggerrate":[0.2,0.0,null],"triggersremaining":[21664.0,21667.0,null],"crcerrors":[0.0,0.0,0.0]}