{"datalatency":[14.971388000000001],"sensoruptime":[388.8488888888889,387.8519444444444,388.8488888888889],"battvoltage":[12.567,12.445,12.027000000000001],"arrayvoltage":[16.119,15.677,18.365],"chargecurrent":[3.109,2.024,10.61],"ledstate":[8.0,8.0,8.0],"loadpower":[23.069461999999998,23.348412,20.806074],"batterytemp":[43.0,46.0,52.0],"triggerrate":[0.0,0.0,1.2000000000000002],"triggersremaining":[12605.0,12606.0,12611.0],"crcerrors":[0.0,0.0,2.0]}