{"datalatency":[15.088464],"sensoruptime":[392.84833333333336,391.8486111111111,392.84833333333336],"battvoltage":[12.674000000000001,12.674000000000001,12.027000000000001],"arrayvoltage":[15.475,16.262999999999998,18.365],"chargecurrent":[2.6689999999999996,3.174,10.873],"ledstate":[6.0,6.0,8.0],"loadpower":[22.955040000000004,23.080890000000004,21.833703],"batterytemp":[48.0,46.0,52.0],"triggerrate":[0.0,0.0,1.2000000000000002],"triggersremaining":[12602.0,12603.0,12610.0],"crcerrors":[0.0,0.0,2.0]}