{"datalatency":[13.47776],"sensoruptime":[null,152.5586111111111,152.8761111111111],"battvoltage":[11.645999999999999,11.499,11.453],"arrayvoltage":[0.6409999999999999,15.82,18.973],"chargecurrent":[0.002,0.326,7.525],"chargestate":[3,5,6],"loadpower":[0.0,21.986099999999997,0.0],"batterytemp":[25,29,39],"triggerrate":[null,null,null],"triggersremaining":[null,14674.0,15569.0],"crcerrors":[null,null,0.0]}