{"datalatency":[7.449963],"sensoruptime":[161.73916666666668,160.75611111111112,161.73916666666668],"battvoltage":[12.299000000000001,12.335,11.868],"arrayvoltage":[0.623,0.62,42.465],"chargecurrent":[0.0,0.0,15.0],"chargestate":[3.0,3.0,6.0],"loadpower":[13.421192,14.09266,8.596613999999999],"batterytemp":[8.0,9.0,33.0],"triggerrate":[0.0,0.0,0.8],"triggersremaining":[20376.0,20377.0,20469.0],"crcerrors":[0.0,0.0,0.0]}