{"datalatency":[13.774889000000002],"sensoruptime":[358.68666666666667,357.68666666666667,358.68666666666667],"battvoltage":[12.1,12.07,12.064],"arrayvoltage":[15.68,12.994000000000002,17.633],"chargecurrent":[0.312,0.07,12.229000000000001],"ledstate":[8.0,8.0,8.0],"loadpower":[22.800491999999995,23.258429999999997,21.612250999999997],"batterytemp":[24.0,23.0,44.0],"triggerrate":[0.0,0.0,1.2000000000000002],"triggersremaining":[12617.0,12617.0,12623.0],"crcerrors":[0.0,0.0,2.0]}