{"datalatency":[22.891227],"sensoruptime":[53.17944444444444,52.179722222222225,53.17944444444444],"battvoltage":[11.722000000000001,11.758,11.722000000000001],"arrayvoltage":[0.0,0.0,17.78],"chargecurrent":[0.002,0.005,7.774],"ledstate":[8.0,8.0,8.0],"loadpower":[24.5583,24.436434,22.552155],"batterytemp":[25.0,26.0,40.0],"triggerrate":[0.0,0.0,7.200004464002768],"triggersremaining":[22183.0,22184.0,22427.0],"crcerrors":[null,null,0.0]}