{"datalatency":[9.577183],"sensoruptime":[11.671111111111111,10.671388888888888,11.671111111111111],"battvoltage":[11.798,11.694,11.285],"arrayvoltage":[0.162,12.125,19.965],"chargecurrent":[0.005,0.0,7.916],"ledstate":[10.0,10.0,11.0],"loadpower":[27.391369,27.43617,0.0],"batterytemp":[29.0,35.0,51.0],"triggerrate":[0.0,0.0,1.2000000000000002],"triggersremaining":[14565.0,14565.0,14568.0],"crcerrors":[0.0,0.0,0.0]}