{"datalatency":[13.234404000000001],"sensoruptime":[365.68555555555554,364.68583333333333,365.68555555555554],"battvoltage":[12.671,12.597999999999999,12.064],"arrayvoltage":[16.116,16.452,17.633],"chargecurrent":[3.097,2.783,12.020999999999999],"ledstate":[6.0,6.0,8.0],"loadpower":[23.471025,22.728853,20.806074],"batterytemp":[42.0,40.0,44.0],"triggerrate":[0.0,0.0,4.800000000000001],"triggersremaining":[12611.0,12611.0,12621.0],"crcerrors":[0.0,0.0,2.0]}