{"datalatency":[77.805712],"sensoruptime":[52.14861111111111,51.14888888888889,52.14861111111111],"battvoltage":[13.547,13.547,12.274000000000001],"arrayvoltage":[17.072,16.879,18.448],"chargecurrent":[5.907,6.933,7.945],"ledstate":[5.0,5.0,6.0],"loadpower":[22.621053,25.495134,21.948113000000003],"batterytemp":[50.0,50.0,53.0],"triggerrate":[0.0,0.0,0.2],"triggersremaining":[7045.0,7046.0,7051.0],"crcerrors":[0.0,0.0,0.0]}