{"datalatency":[17.485950000000003],"sensoruptime":[183.8761111111111,182.8761111111111,183.8761111111111],"battvoltage":[11.99,12.027000000000001,11.795],"arrayvoltage":[0.064,0.034,17.38],"chargecurrent":[0.002,0.002,11.315],"ledstate":[8.0,8.0,8.0],"loadpower":[23.698525,23.675652,21.720450999999997],"batterytemp":[26.0,27.0,53.0],"triggerrate":[0.0,0.0,1.2000000000000002],"triggersremaining":[12692.0,12692.0,12705.0],"crcerrors":[0.0,0.0,2.0]}