{"datalatency":[8.081627000000001],"sensoruptime":[34.58638888888889,33.58638888888889,34.58638888888889],"battvoltage":[12.375,12.415,12.07],"arrayvoltage":[0.598,0.589,41.821000000000005],"chargecurrent":[0.0,0.0,7.474],"chargestate":[3.0,3.0,6.0],"loadpower":[13.775904,13.585248,8.72505],"batterytemp":[4.0,5.0,28.0],"triggerrate":[0.0,0.0,1.4],"triggersremaining":[22247.0,22247.0,22354.0],"crcerrors":[0.0,0.0,0.0]}