{"datalatency":[21.410032],"sensoruptime":[58.19638888888889,57.213055555555556,58.19638888888889],"battvoltage":[11.859000000000002,12.253,11.572000000000001],"arrayvoltage":[16.217,16.357,16.992],"chargecurrent":[1.225,3.93,11.828],"ledstate":[8.0,8.0,10.0],"loadpower":[23.566934999999997,22.977796,22.068414],"batterytemp":[39.0,42.0,44.0],"triggerrate":[0.0,0.0,0.8],"triggersremaining":[37.0,37.0,67.0],"crcerrors":[0.0,0.0,2.0]}