{"datalatency":[25.330018000000003],"sensoruptime":[18.851388888888888,17.851666666666667,31.89388888888889],"battvoltage":[13.129000000000001,13.565,12.07],"arrayvoltage":[16.012999999999998,18.008,18.872],"chargecurrent":[2.677,3.6910000000000003,10.158],"ledstate":[6.0,5.0,8.0],"loadpower":[25.555584,23.152919999999998,7.371546],"batterytemp":[47.0,49.0,50.0],"triggerrate":[0.0,0.0,16.800115584795222],"triggersremaining":[22430.0,22430.0,22486.0],"crcerrors":[null,null,0.0]}