{"datalatency":[8.711017],"sensoruptime":[null,null,12.61],"battvoltage":[12.628,13.485999999999999,11.31],"arrayvoltage":[15.142999999999999,16.656,19.949],"chargecurrent":[1.8840000000000001,4.44,12.057],"ledstate":[6.0,6.0,11.0],"loadpower":[8.776559999999998,7.078137,0.0],"batterytemp":[42.0,43.0,46.0],"triggerrate":[null,null,2.4000000000000004],"triggersremaining":[null,null,14649.0],"crcerrors":[0.0,null,0.0]}