{"datalatency":[47.422715000000004],"sensoruptime":[null,null,2.133611111111111],"battvoltage":[14.008,14.587,11.838],"arrayvoltage":[34.085,41.17100000000001,44.098],"chargecurrent":[1.906,3.592,4.486000000000001],"chargestate":[5.0,8.0,8.0],"loadpower":[0.0,0.0,0.0],"batterytemp":[23.0,22.0,24.0],"triggerrate":[null,null,1.0],"triggersremaining":[null,null,19706.0],"crcerrors":[0.0,null,0.0]}