{"datalatency":[8.646369],"sensoruptime":[null,null,12.61],"battvoltage":[13.62,12.628,11.31],"arrayvoltage":[18.738,15.142999999999999,19.949],"chargecurrent":[3.0660000000000003,1.8840000000000001,12.057],"ledstate":[5.0,6.0,11.0],"loadpower":[7.4809839999999985,8.776559999999998,0.0],"batterytemp":[47.0,42.0,47.0],"triggerrate":[null,null,2.4000000000000004],"triggersremaining":[null,null,14646.0],"crcerrors":[0.0,null,0.0]}