{"datalatency":[8.094919],"sensoruptime":[3.12,2.1369444444444445,null],"battvoltage":[11.950999999999999,11.911,10.944],"arrayvoltage":[0.995,0.977,41.791000000000004],"chargecurrent":[0.0,0.0,2.923],"chargestate":[3.0,3.0,6.0],"loadpower":[13.874880000000001,13.836468000000002,0.0],"batterytemp":[10.0,11.0,32.0],"triggerrate":[0.0,0.0,null],"triggersremaining":[18369.0,18371.0,null],"crcerrors":[0.0,0.0,0.0]}