{"datalatency":[8.638813],"sensoruptime":[76.75222222222222,75.7688888888889,76.75222222222222],"battvoltage":[14.035,13.113,12.183],"arrayvoltage":[33.643,34.375,37.491],"chargecurrent":[8.491,3.926,8.752],"chargestate":[5.0,5.0,6.0],"loadpower":[11.191200000000002,10.421188000000003,9.144952],"batterytemp":[33.0,28.0,34.0],"triggerrate":[0.0,0.4,0.6],"triggersremaining":[21615.0,21621.0,21646.0],"crcerrors":[0.0,0.0,0.0]}