{"datalatency":[19.39122],"sensoruptime":[220.83833333333334,219.855,220.83833333333334],"battvoltage":[12.247,12.292,12.03],"arrayvoltage":[12.119000000000002,13.193,16.995],"chargecurrent":[0.0,0.077,8.74],"ledstate":[6.0,6.0,8.0],"loadpower":[24.847344000000003,23.8758,22.120514],"batterytemp":[35.0,39.0,55.0],"triggerrate":[0.8,0.6,17.6],"triggersremaining":[4206.0,4247.0,5644.0],"crcerrors":[0.0,0.0,0.0]}