{"datalatency":[8.5024],"sensoruptime":[45.92305555555556,44.92333333333333,45.92305555555556],"battvoltage":[12.247,12.259,12.112],"arrayvoltage":[7.022,0.583,41.489],"chargecurrent":[0.0,0.0,11.902999999999999],"chargestate":[3.0,3.0,6.0],"loadpower":[14.151267,14.090112000000001,9.02565],"batterytemp":[15.0,16.0,35.0],"triggerrate":[0.0,0.0,0.4],"triggersremaining":[21648.0,21648.0,21659.0],"crcerrors":[0.0,0.0,0.0]}