{"datalatency":[8.705449],"sensoruptime":[87.91722222222222,86.93416666666667,87.91722222222222],"battvoltage":[12.198,12.222000000000001,12.183],"arrayvoltage":[0.653,0.604,38.708],"chargecurrent":[0.0,0.0,8.752],"chargestate":[3.0,3.0,6.0],"loadpower":[14.131082,14.167103999999998,9.957479999999999],"batterytemp":[19.0,19.0,34.0],"triggerrate":[0.0,0.0,0.6],"triggersremaining":[21577.0,21581.0,21644.0],"crcerrors":[0.0,0.0,0.0]}