{"datalatency":[20.890172],"sensoruptime":[19.481944444444444,18.48472222222222,null],"battvoltage":[12.097000000000001,12.122,12.091],"arrayvoltage":[4.919,0.0,20.032],"chargecurrent":[0.005,0.005,7.09],"chargestate":[3.0,3.0,7.0],"loadpower":[24.222509999999993,25.14304,11.041264],"batterytemp":[25.0,25.0,47.0],"triggerrate":[null,null,null],"triggersremaining":[22489.0,22489.0,null],"crcerrors":[null,null,0.0]}