{"datalatency":[37.649263000000005],"sensoruptime":[null,9.396944444444445,null],"battvoltage":[12.575999999999999,11.353,10.665999999999999],"arrayvoltage":[1.135,34.476,43.448],"chargecurrent":[0.0,0.43200000000000005,5.0760000000000005],"chargestate":[3.0,5.0,8.0],"loadpower":[0.0,14.080771,0.0],"batterytemp":[14.0,20.0,26.0],"triggerrate":[null,0.0,null],"triggersremaining":[null,11441.0,null],"crcerrors":[0.0,0.0,0.0]}