{"datalatency":[8.624695000000001],"sensoruptime":[68.75333333333333,67.77,68.75333333333333],"battvoltage":[12.259,12.262,12.18],"arrayvoltage":[0.705,0.7020000000000001,40.146],"chargecurrent":[0.0,0.0,10.228],"chargestate":[3.0,3.0,6.0],"loadpower":[13.980033,14.126805000000001,8.80245],"batterytemp":[15.0,15.0,34.0],"triggerrate":[0.0,0.0,0.2],"triggersremaining":[21641.0,21643.0,21648.0],"crcerrors":[0.0,0.0,0.0]}