{"datalatency":[20.488746000000003],"sensoruptime":[550.9897222222222,549.9925,550.9897222222222],"battvoltage":[11.575,11.539000000000001,11.53],"arrayvoltage":[16.364,13.379000000000001,17.575],"chargecurrent":[0.589,0.16399999999999998,11.448],"ledstate":[10.0,10.0,10.0],"loadpower":[23.126136000000002,23.782605,22.242600000000003],"batterytemp":[28.0,27.0,51.0],"triggerrate":[0.0,0.0,2.4000000000000004],"triggersremaining":[11255.0,11255.0,11311.0],"crcerrors":[0.0,0.0,2.0]}