{"datalatency":[18.527294],"sensoruptime":[null,null,null],"battvoltage":[11.639000000000001,11.645999999999999,null],"arrayvoltage":[12.225,0.0,null],"chargecurrent":[0.0,0.002,null],"chargestate":[5.0,3.0,null],"loadpower":[8.285772999999999,8.931840000000001,null],"batterytemp":[18.0,18.0,null],"triggerrate":[null,null,0.0],"triggersremaining":[null,null,null],"crcerrors":[null,null,null]}