{"datalatency":[14.08525],"sensoruptime":[77.72583333333333,76.7286111111111,77.72583333333333],"battvoltage":[12.939,12.897,11.984000000000002],"arrayvoltage":[14.892999999999999,14.401,17.337],"chargecurrent":[8.412,8.68,9.342],"ledstate":[8.0,8.0,8.0],"loadpower":[22.953024000000003,23.221756999999997,21.576829],"batterytemp":[53.0,51.0,54.0],"triggerrate":[0.0,0.0,4.800000000000001],"triggersremaining":[13095.0,13095.0,13121.0],"crcerrors":[0.0,0.0,2.0]}