{"datalatency":[28.272100000000002],"sensoruptime":[22.814722222222223,21.814722222222223,null],"battvoltage":[12.14,12.14,12.064],"arrayvoltage":[16.653,16.605,20.032],"chargecurrent":[1.389,1.1840000000000002,7.09],"chargestate":[5.0,5.0,7.0],"loadpower":[24.296879999999994,23.740831999999997,11.041264],"batterytemp":[30.0,28.0,47.0],"triggerrate":[null,null,null],"triggersremaining":[22488.0,22488.0,null],"crcerrors":[null,null,0.0]}