{"datalatency":[15.660850000000002],"sensoruptime":[126.55194444444444,125.55472222222222,126.55194444444444],"battvoltage":[12.57,12.329,12.079],"arrayvoltage":[16.705,16.266,16.898],"chargecurrent":[5.535,2.435,10.972000000000001],"ledstate":[8.0,8.0,8.0],"loadpower":[22.428637000000002,23.341656,21.720998],"batterytemp":[38.0,38.0,53.0],"triggerrate":[0.0,0.0,1.2000000000000002],"triggersremaining":[13074.0,13076.0,13084.0],"crcerrors":[0.0,0.0,2.0]}