{"datalatency":[9.768916],"sensoruptime":[null,0.009444444444444445,1.2466666666666666],"battvoltage":[14.690999999999999,14.755,10.352],"arrayvoltage":[42.798,43.381,45.523],"chargecurrent":[1.635,1.604,2.6889999999999996],"chargestate":[6.0,6.0,7.0],"loadpower":[14.285516000000001,14.047424999999999,0.0],"batterytemp":[12.0,10.0,12.0],"triggerrate":[null,0.0,null],"triggersremaining":[null,0.0,0.0],"crcerrors":[3.0,0.0,1.0]}