{"datalatency":[76.523731],"sensoruptime":[129.67194444444445,128.6888888888889,129.67194444444445],"battvoltage":[12.405,12.415,12.216],"arrayvoltage":[0.012,0.012,18.167],"chargecurrent":[0.005,0.005,7.931],"ledstate":[6.0,6.0,6.0],"loadpower":[24.1254,23.893704,21.885253],"batterytemp":[32.0,33.0,57.0],"triggerrate":[0.0,0.0,0.6],"triggersremaining":[6259.0,6259.0,6291.0],"crcerrors":[0.0,0.0,0.0]}