{"datalatency":[21.612346000000002],"sensoruptime":[297.6925,296.6927777777778,297.6925],"battvoltage":[13.210999999999999,13.547,12.183],"arrayvoltage":[16.309,16.623,18.463],"chargecurrent":[3.595,5.37,9.376],"ledstate":[6.0,5.0,6.0],"loadpower":[22.82566,22.1318,21.533700000000003],"batterytemp":[49.0,50.0,50.0],"triggerrate":[0.0,0.0,1.2000000000000002],"triggersremaining":[12632.0,12632.0,12644.0],"crcerrors":[0.0,0.0,2.0]}