{"datalatency":[19.5953],"sensoruptime":[209.50972222222222,208.5263888888889,209.50972222222222],"battvoltage":[12.054,12.067,12.03],"arrayvoltage":[15.335,14.937999999999999,17.969],"chargecurrent":[0.5770000000000001,0.495,8.96],"ledstate":[8.0,8.0,8.0],"loadpower":[26.234208000000002,22.465611,21.987524],"batterytemp":[33.0,32.0,57.0],"triggerrate":[0.0,0.0,2.4],"triggersremaining":[5631.0,5631.0,5812.0],"crcerrors":[0.0,0.0,0.0]}