{"datalatency":[7.6120280000000005],"sensoruptime":[196.23416666666665,195.25083333333333,196.23416666666665],"battvoltage":[14.175,14.139000000000001,12.106],"arrayvoltage":[40.723,40.521,43.097],"chargecurrent":[3.37,3.372,9.777000000000001],"chargestate":[6.0,6.0,6.0],"loadpower":[10.379908,10.645734,9.02565],"batterytemp":[29.0,30.0,34.0],"triggerrate":[0.0,0.0,0.4],"triggersremaining":[20351.0,20353.0,20368.0],"crcerrors":[0.0,0.0,0.0]}