{"datalatency":[21.764989],"sensoruptime":[304.025,303.02805555555557,304.025],"battvoltage":[12.411,12.445,12.183],"arrayvoltage":[0.07,0.061,18.463],"chargecurrent":[0.002,0.005,9.376],"ledstate":[6.0,6.0,6.0],"loadpower":[23.831739,24.032989,21.533700000000003],"batterytemp":[24.0,25.0,50.0],"triggerrate":[0.0,0.0,1.2000000000000002],"triggersremaining":[12630.0,12631.0,12641.0],"crcerrors":[0.0,0.0,2.0]}