{"datalatency":[7.555000000000001],"sensoruptime":[165.57166666666666,164.57194444444445,165.57166666666666],"battvoltage":[12.219000000000001,12.222000000000001,11.868],"arrayvoltage":[0.9,0.629,42.465],"chargecurrent":[0.0,0.0,15.0],"chargestate":[3.0,3.0,6.0],"loadpower":[13.935456,14.045184000000003,8.596613999999999],"batterytemp":[7.0,7.0,33.0],"triggerrate":[0.0,0.0,0.8],"triggersremaining":[20371.0,20371.0,20462.0],"crcerrors":[0.0,0.0,0.0]}