{"datalatency":[74.705073],"sensoruptime":[111.67444444444445,110.6913888888889,111.67444444444445],"battvoltage":[12.253,12.259,12.222000000000001],"arrayvoltage":[13.3,4.178,18.340999999999998],"chargecurrent":[0.12300000000000001,0.005,7.815],"ledstate":[6.0,6.0,6.0],"loadpower":[23.514961,24.420795000000002,21.964412],"batterytemp":[29.0,29.0,55.0],"triggerrate":[0.0,0.0,0.4],"triggersremaining":[6290.0,6290.0,6298.0],"crcerrors":[0.0,0.0,0.0]}