{"datalatency":[14.460822],"sensoruptime":[null,null,61.55722222222222],"battvoltage":[12.222000000000001,12.253,11.499],"arrayvoltage":[0.021,0.021,18.410999999999998],"chargecurrent":[0.005,0.005,12.030999999999999],"ledstate":[8.0,8.0,10.0],"loadpower":[7.871580000000001,7.981132,7.393564],"batterytemp":[29.0,32.0,56.0],"triggerrate":[null,null,2.4000000000000004],"triggersremaining":[null,null,20788.0],"crcerrors":[0.0,null,1.0]}