{"datalatency":[14.064903000000001],"sensoruptime":[null,null,20.196666666666665],"battvoltage":[12.378,12.292,11.224],"arrayvoltage":[16.016,14.008,19.305],"chargecurrent":[0.341,0.203,7.371],"ledstate":[11.0,11.0,11.0],"loadpower":[0.0,0.0,0.0],"batterytemp":[22.0,20.0,49.0],"triggerrate":[null,null,null],"triggersremaining":[null,null,14564.0],"crcerrors":[0.0,null,0.0]}