{"datalatency":[7.997404],"sensoruptime":[58.749722222222225,57.75,58.749722222222225],"battvoltage":[12.415,12.450999999999999,12.115],"arrayvoltage":[0.647,0.6679999999999999,42.861999999999995],"chargecurrent":[0.0,0.0,7.356],"chargestate":[3.0,3.0,6.0],"loadpower":[13.820543999999998,13.774889,8.875646],"batterytemp":[13.0,12.0,30.0],"triggerrate":[0.2,0.0,0.6],"triggersremaining":[22199.0,22202.0,22247.0],"crcerrors":[0.0,0.0,0.0]}