{"datalatency":[5.9524870000000005],"sensoruptime":[15.117222222222223,14.120277777777778,null],"battvoltage":[12.03,12.067,11.798],"arrayvoltage":[0.034,0.043,17.526],"chargecurrent":[0.005,0.002,10.419],"chargestate":[3.0,3.0,5.0],"loadpower":[23.711688000000002,24.391223999999998,6.167125],"batterytemp":[28.0,29.0,49.0],"triggerrate":[0.0,4.800000000000001,null],"triggersremaining":[21179.0,21250.0,null],"crcerrors":[0.0,0.0,0.0]}