{"datalatency":[8.164198],"sensoruptime":[2.7866666666666666,1.7869444444444444,null],"battvoltage":[11.914000000000001,11.877,10.944],"arrayvoltage":[0.992,0.961,41.791000000000004],"chargecurrent":[0.0,0.0,2.923],"chargestate":[3.0,3.0,6.0],"loadpower":[13.812694,13.789908000000004,0.0],"batterytemp":[10.0,11.0,32.0],"triggerrate":[0.0,0.0,null],"triggersremaining":[18369.0,18371.0,null],"crcerrors":[0.0,0.0,0.0]}