{"datalatency":[8.507291],"sensoruptime":[39.424166666666665,38.44083333333333,39.424166666666665],"battvoltage":[12.415,12.436,12.112],"arrayvoltage":[0.583,0.5770000000000001,41.489],"chargecurrent":[0.0,0.0,11.902999999999999],"chargestate":[3.0,3.0,6.0],"loadpower":[14.154912000000001,13.563732,9.02565],"batterytemp":[16.0,16.0,35.0],"triggerrate":[0.0,0.0,0.4],"triggersremaining":[21651.0,21651.0,21669.0],"crcerrors":[0.0,0.0,0.0]}