{"datalatency":[8.442696],"sensoruptime":[null,null,null],"battvoltage":[12.299000000000001,12.183,11.307],"arrayvoltage":[0.937,21.666999999999998,39.163000000000004],"chargecurrent":[0.0,0.0,3.0660000000000003],"chargestate":[3.0,5.0,6.0],"loadpower":[14.230879999999997,23.997222,0.0],"batterytemp":[21.0,22.0,27.0],"triggerrate":[null,null,null],"triggersremaining":[null,null,null],"crcerrors":[4.0,null,4.0]}