{"datalatency":[38.033047],"sensoruptime":[null,null,1.1758333333333333],"battvoltage":[12.415,12.424000000000001,10.26],"arrayvoltage":[1.157,21.124000000000002,34.711],"chargecurrent":[0.0,0.01,1.672],"chargestate":[3.0,5.0,5.0],"loadpower":[0.0,0.0,0.0],"batterytemp":[17.0,18.0,19.0],"triggerrate":[null,null,0.0],"triggersremaining":[null,null,0.0],"crcerrors":[0.0,null,0.0]}