{"datalatency":[10.059906],"sensoruptime":[0.005555555555555556,0.003611111111111111,0.018333333333333333],"battvoltage":[13.87,13.87,10.595999999999998],"arrayvoltage":[41.016000000000005,41.357,43.347],"chargecurrent":[1.577,1.614,2.597],"chargestate":[7.0,7.0,7.0],"loadpower":[14.223762,14.699285999999997,0.0],"batterytemp":[19.0,19.0,20.0],"triggerrate":[0.0,null,null],"triggersremaining":[0.0,0.0,0.0],"crcerrors":[0.0,0.0,1.0]}