{"datalatency":[15.599643],"sensoruptime":[152.64277777777778,151.6447222222222,152.64277777777778],"battvoltage":[11.493,11.569,11.487],"arrayvoltage":[13.474,16.119,18.973],"chargecurrent":[0.16399999999999998,0.5820000000000001,7.525],"chargestate":[5,5,6],"loadpower":[22.996409999999994,23.402544000000002,21.429213],"batterytemp":[29,33,39],"triggerrate":[null,null,null],"triggersremaining":[14674.0,14675.0,15572.0],"crcerrors":[null,null,0.0]}