{"datalatency":[7.6247240000000005],"sensoruptime":[195.0675,194.0677777777778,195.0675],"battvoltage":[14.099,14.059000000000001,12.106],"arrayvoltage":[40.738,40.317,43.097],"chargecurrent":[3.457,3.9760000000000004,9.777000000000001],"chargestate":[6.0,6.0,6.0],"loadpower":[10.196902,10.490402,9.02565],"batterytemp":[31.0,33.0,34.0],"triggerrate":[0.0,0.0,0.4],"triggersremaining":[20353.0,20353.0,20369.0],"crcerrors":[0.0,0.0,0.0]}