{"datalatency":[77.11725600000001],"sensoruptime":[4.6561111111111115,3.656111111111111,null],"battvoltage":[13.51,13.585999999999999,12.488],"arrayvoltage":[18.340999999999998,18.362000000000002,19.742],"chargecurrent":[3.285,3.568,8.175],"ledstate":[5.0,5.0,6.0],"loadpower":[23.146980999999997,23.059708,6.0236],"batterytemp":[51.0,48.0,51.0],"triggerrate":[0.2,0.0,null],"triggersremaining":[7071.0,7076.0,null],"crcerrors":[0.0,0.0,0.0]}