{"datalatency":[19.738091],"sensoruptime":[22.5175,21.52027777777778,null],"battvoltage":[12.427,12.469000000000001,12.07],"arrayvoltage":[0.107,0.128,18.872],"chargecurrent":[0.005,0.002,10.158],"ledstate":[6.0,6.0,8.0],"loadpower":[24.315065999999998,25.736309999999996,8.305452],"batterytemp":[29.0,32.0,50.0],"triggerrate":[0.0,0.0,null],"triggersremaining":[22429.0,22429.0,null],"crcerrors":[null,null,0.0]}