{"datalatency":[8.747715000000001],"sensoruptime":[107.0813888888889,106.09805555555556,107.0813888888889],"battvoltage":[12.450999999999999,12.491,12.03],"arrayvoltage":[1.05,0.9640000000000001,41.65],"chargecurrent":[0.0,0.0,11.832],"chargestate":[3.0,3.0,6.0],"loadpower":[13.563732,13.606320000000002,8.207364000000002],"batterytemp":[21.0,21.0,32.0],"triggerrate":[0.0,0.0,0.6],"triggersremaining":[21501.0,21501.0,21600.0],"crcerrors":[0.0,0.0,0.0]}