{"datalatency":[14.761796],"sensoruptime":[60.785,59.78527777777778,60.785],"battvoltage":[12.216,12.262,11.499],"arrayvoltage":[8.151,14.606,18.410999999999998],"chargecurrent":[0.005,0.249,12.030999999999999],"ledstate":[8.0,8.0,10.0],"loadpower":[23.7744,23.661853,21.764498],"batterytemp":[36.0,46.0,56.0],"triggerrate":[0.0,0.0,4.800000000000001],"triggersremaining":[20754.0,20755.0,20930.0],"crcerrors":[0.0,0.0,1.0]}