{"datalatency":[8.137658],"sensoruptime":[2.585,1.6019444444444444,11.270277777777778],"battvoltage":[14.328,14.6,11.154000000000002],"arrayvoltage":[40.228,41.733000000000004,42.471000000000004],"chargecurrent":[1.911,1.964,2.9739999999999998],"chargestate":[6.0,6.0,6.0],"loadpower":[13.681309000000002,13.936052,0.0],"batterytemp":[24.0,15.0,28.0],"triggerrate":[0.0,0.0,0.4],"triggersremaining":[18392.0,18392.0,18401.0],"crcerrors":[0.0,0.0,0.0]}