{"datalatency":[8.090843000000001],"sensoruptime":[8.504166666666666,7.520833333333333,62.22694444444444],"battvoltage":[14.297,14.27,11.319],"arrayvoltage":[29.904,41.931000000000004,42.471000000000004],"chargecurrent":[2.495,2.655,5.733],"chargestate":[6.0,6.0,6.0],"loadpower":[14.565586000000001,12.162120000000002,0.0],"batterytemp":[25.0,26.0,28.0],"triggerrate":[0.0,0.0,0.5],"triggersremaining":[18399.0,18400.0,18410.0],"crcerrors":[0.0,0.0,0.0]}