{"datalatency":[37.909125],"sensoruptime":[1.748888888888889,0.7488888888888889,9.396944444444445],"battvoltage":[14.355,14.355,10.477],"arrayvoltage":[40.826,38.354,43.57899999999999],"chargecurrent":[2.133,1.901,2.897],"chargestate":[6.0,6.0,6.0],"loadpower":[16.956495999999998,14.692599000000003,0.0],"batterytemp":[23.0,23.0,26.0],"triggerrate":[53.4,35.8,58.6],"triggersremaining":[3066.0,6274.0,11629.0],"crcerrors":[1.0,0.0,1.0]}