{"datalatency":[27.536467000000002],"sensoruptime":[55.84583333333333,54.84861111111111,55.84583333333333],"battvoltage":[11.645999999999999,11.649000000000001,11.639000000000001],"arrayvoltage":[16.168,12.225,17.78],"chargecurrent":[0.379,0.002,7.774],"ledstate":[10.0,10.0,10.0],"loadpower":[23.579008999999996,24.550929999999997,22.552155],"batterytemp":[26.0,26.0,40.0],"triggerrate":[0.0,0.0,7.200004464002768],"triggersremaining":[22179.0,22183.0,22427.0],"crcerrors":[null,null,0.0]}