{"datalatency":[16.31043],"sensoruptime":[null,null,null],"battvoltage":[12.216,12.216,11.661],"arrayvoltage":[14.304,4.074,19.680999999999997],"chargecurrent":[0.133,0.005,9.955],"chargestate":[5.0,3.0,6.0],"loadpower":[4.5365400000000005,6.187428000000001,0.0],"batterytemp":[10.0,10.0,38.0],"triggerrate":[null,null,null],"triggersremaining":[null,null,null],"crcerrors":[null,null,null]}