{"datalatency":[10.288927000000001],"sensoruptime":[null,null,null],"battvoltage":[12.854000000000001,13.970999999999998,10.595999999999998],"arrayvoltage":[21.82,39.111,43.347],"chargecurrent":[0.01,0.498,2.597],"chargestate":[7.0,7.0,7.0],"loadpower":[0.0,0.0,0.0],"batterytemp":[13.0,16.0,20.0],"triggerrate":[null,null,null],"triggersremaining":[null,null,null],"crcerrors":[0.0,null,1.0]}