{"datalatency":[8.504254000000001],"sensoruptime":[11.261388888888888,10.278055555555556,11.467222222222222],"battvoltage":[12.479000000000001,12.512,11.478],"arrayvoltage":[0.601,0.574,38.565],"chargecurrent":[0.0,0.0,15.0],"chargestate":[3.0,3.0,6.0],"loadpower":[13.631240000000002,13.646724,0.0],"batterytemp":[17.0,19.0,41.0],"triggerrate":[0.0,0.2,1.6],"triggersremaining":[21686.0,21687.0,21878.0],"crcerrors":[0.0,0.0,0.0]}