{"datalatency":[8.41099],"sensoruptime":[8.117777777777778,7.1177777777777775,114.10888888888888],"battvoltage":[11.71,11.749,11.469000000000001],"arrayvoltage":[0.604,0.711,35.4],"chargecurrent":[0.0,0.0,6.643],"chargestate":[3.0,3.0,5.0],"loadpower":[13.646898000000002,13.834386000000002,0.0],"batterytemp":[18.0,18.0,27.0],"triggerrate":[0.2,0.0,1.2],"triggersremaining":[21876.0,21902.0,21943.0],"crcerrors":[0.0,0.0,0.0]}