{"datalatency":[8.144327],"sensoruptime":[0.04416666666666667,null,11.33388888888889],"battvoltage":[11.343,12.415,10.427999999999999],"arrayvoltage":[35.959,2.966,41.791000000000004],"chargecurrent":[0.792,0.002,2.923],"chargestate":[5.0,3.0,6.0],"loadpower":[13.9974,0.0,0.0],"batterytemp":[10.0,8.0,32.0],"triggerrate":[0.0,null,0.8],"triggersremaining":[18366.0,null,18392.0],"crcerrors":[0.0,0.0,0.0]}