{"datalatency":[71.73682600000001],"sensoruptime":[81.84555555555555,80.8625,81.84555555555555],"battvoltage":[12.384,12.405,12.216],"arrayvoltage":[0.021,0.021,17.965999999999998],"chargecurrent":[0.005,0.005,8.001],"ledstate":[6.0,6.0,6.0],"loadpower":[23.97258,24.104384999999997,21.730287],"batterytemp":[30.0,30.0,58.0],"triggerrate":[0.0,0.0,0.6],"triggersremaining":[6299.0,6299.0,6318.0],"crcerrors":[0.0,0.0,0.0]}