{"datalatency":[11.837854],"sensoruptime":[null,null,18.859444444444446],"battvoltage":[12.07,12.097000000000001,11.456],"arrayvoltage":[0.0,0.024,17.825],"chargecurrent":[0.002,0.005,11.344000000000001],"chargestate":[3.0,3.0,6.0],"loadpower":[8.038017,8.522039999999999,0.0],"batterytemp":[24.0,25.0,47.0],"triggerrate":[null,null,1.2000000000000002],"triggersremaining":[null,null,22151.0],"crcerrors":[null,null,0.0]}