{"datalatency":[19.149641000000003],"sensoruptime":[513.6619444444444,512.665,513.6619444444444],"battvoltage":[11.835,11.908,11.819],"arrayvoltage":[12.738,15.872,17.145],"chargecurrent":[0.063,0.575,3.602],"ledstate":[8.0,8.0,8.0],"loadpower":[23.808668,22.828575000000004,21.980286000000003],"batterytemp":[31.0,33.0,44.0],"triggerrate":[0.0,1.2000000000000002,2.4000000000000004],"triggersremaining":[11325.0,11327.0,11435.0],"crcerrors":[0.0,0.0,2.0]}