{"datalatency":[21.177870000000002],"sensoruptime":[280.0286111111111,279.0313888888889,280.0286111111111],"battvoltage":[12.329,12.357000000000001,12.103],"arrayvoltage":[0.064,0.107,18.506],"chargecurrent":[0.005,0.005,9.074],"ledstate":[6.0,6.0,6.0],"loadpower":[23.500836000000003,23.500836000000003,21.141912],"batterytemp":[25.0,25.0,53.0],"triggerrate":[0.0,0.0,2.4000000000000004],"triggersremaining":[12641.0,12642.0,12671.0],"crcerrors":[0.0,0.0,2.0]}