{"datalatency":[8.369108],"sensoruptime":[2.596111111111111,1.5963888888888889,null],"battvoltage":[13.802999999999999,13.788,11.478],"arrayvoltage":[36.728,35.046,37.939],"chargecurrent":[12.289000000000001,15.0,15.0],"chargestate":[6.0,5.0,6.0],"loadpower":[10.016329999999998,10.867032,0.0],"batterytemp":[41.0,38.0,41.0],"triggerrate":[0.0,0.0,null],"triggersremaining":[21740.0,21741.0,null],"crcerrors":[0.0,0.0,0.0]}