{"datalatency":[8.382554],"sensoruptime":[null,null,null],"battvoltage":[12.491,12.222000000000001,11.307],"arrayvoltage":[0.61,0.925,39.163000000000004],"chargecurrent":[0.0,0.0,3.0660000000000003],"chargestate":[3.0,3.0,6.0],"loadpower":[0.0,24.006048,0.0],"batterytemp":[19.0,21.0,27.0],"triggerrate":[null,null,null],"triggersremaining":[null,null,null],"crcerrors":[4.0,null,4.0]}