{"datalatency":[21.083039000000003],"sensoruptime":[7.519722222222223,6.52,31.89388888888889],"battvoltage":[12.109000000000002,12.14,12.064],"arrayvoltage":[13.62,6.3260000000000005,18.692],"chargecurrent":[0.152,0.005,11.344000000000001],"ledstate":[6.0,6.0,8.0],"loadpower":[24.647432,24.353024,7.371546],"batterytemp":[23.0,23.0,48.0],"triggerrate":[0.0,0.0,16.800115584795222],"triggersremaining":[22433.0,22433.0,22488.0],"crcerrors":[null,null,0.0]}