{"datalatency":[7.595429],"sensoruptime":[null,null,31.859444444444446],"battvoltage":[12.204,11.685,11.465],"arrayvoltage":[29.84,26.419,38.275],"chargecurrent":[2.925,0.10400000000000001,2.925],"chargestate":[5.0,5.0,5.0],"loadpower":[0.0,0.0,0.0],"batterytemp":[13.0,11.0,20.0],"triggerrate":[null,null,2.0],"triggersremaining":[null,null,18617.0],"crcerrors":[1.0,null,4.0]}