{"datalatency":[17.665352000000002],"sensoruptime":[17.545277777777777,16.545555555555556,20.196666666666665],"battvoltage":[11.487,11.562999999999999,11.224],"arrayvoltage":[0.0,0.107,19.736],"chargecurrent":[0.002,0.005,8.165],"ledstate":[10.0,10.0,11.0],"loadpower":[23.525327,23.499512,0.0],"batterytemp":[26.0,26.0,50.0],"triggerrate":[0.0,0.0,1.2000000000000002],"triggersremaining":[14555.0,14555.0,14560.0],"crcerrors":[0.0,0.0,0.0]}