{"datalatency":[7.208079000000001],"sensoruptime":[17.213333333333335,16.21361111111111,null],"battvoltage":[12.145999999999999,12.183,12.1],"arrayvoltage":[0.0,0.0,18.439],"chargecurrent":[0.002,0.005,9.9],"ledstate":[6.0,6.0,8.0],"loadpower":[24.171104000000003,24.388820000000003,5.933112000000001],"batterytemp":[28.0,28.0,52.0],"triggerrate":[0.0,0.0,null],"triggersremaining":[14662.0,14662.0,null],"crcerrors":[0.0,0.0,0.0]}