{"datalatency":[30.901576000000002],"sensoruptime":[0.8336111111111111,0.0008333333333333334,152.8761111111111],"battvoltage":[12.597999999999999,12.491,11.453],"arrayvoltage":[16.605,17.48,18.973],"chargecurrent":[10.062000000000001,7.064,10.062000000000001],"chargestate":[5,5,6],"loadpower":[26.465607,27.153062999999996,0.0],"batterytemp":[28,20,39],"triggerrate":[null,null,null],"triggersremaining":[14673.0,14674.0,15186.0],"crcerrors":[0.0,null,0.0]}