{"datalatency":[20.663483000000003],"sensoruptime":[26.998333333333335,25.99861111111111,26.998333333333335],"battvoltage":[12.445,12.787,11.987],"arrayvoltage":[15.82,15.625,18.222],"chargecurrent":[2.312,5.609,10.453],"ledstate":[8.0,8.0,8.0],"loadpower":[22.600953,22.785444000000002,21.692814],"batterytemp":[45.0,43.0,52.0],"triggerrate":[0.0,0.0,5.0],"triggersremaining":[1663.0,1670.0,1866.0],"crcerrors":[0.0,0.0,0.0]}