{"datalatency":[11.794876],"sensoruptime":[20.23472222222222,19.2375,null],"battvoltage":[12.064,12.082,11.264000000000001],"arrayvoltage":[0.0,0.021,19.733],"chargecurrent":[0.005,0.005,9.152999999999999],"ledstate":[8.0,8.0,11.0],"loadpower":[23.644061999999998,23.583806999999997,0.0],"batterytemp":[28.0,28.0,53.0],"triggerrate":[0.0,0.0,null],"triggersremaining":[13513.0,13514.0,null],"crcerrors":[0.0,0.0,2.0]}