{"datalatency":[38.067515],"sensoruptime":[0.13805555555555554,0.1486111111111111,1.1758333333333333],"battvoltage":[14.597000000000001,12.686,10.26],"arrayvoltage":[43.231,29.889,43.533],"chargecurrent":[2.5610000000000004,1.1520000000000001,3.411],"chargestate":[6.0,5.0,6.0],"loadpower":[13.762034999999997,13.922244000000001,0.0],"batterytemp":[15.0,10.0,19.0],"triggerrate":[0.0,0.0,0.0],"triggersremaining":[0.0,0.0,0.0],"crcerrors":[0.0,0.0,0.0]}