{"datalatency":[15.253648],"sensoruptime":[112.22055555555555,111.22361111111111,112.22055555555555],"battvoltage":[12.204,12.216,12.057],"arrayvoltage":[0.107,0.021,17.825],"chargecurrent":[0.002,0.002,10.327],"ledstate":[6.0,6.0,8.0],"loadpower":[23.658980000000003,23.590332,21.192338],"batterytemp":[31.0,31.0,54.0],"triggerrate":[0.0,0.0,1.2000000000000002],"triggersremaining":[13079.0,13080.0,13087.0],"crcerrors":[0.0,0.0,2.0]}