{"datalatency":[8.126168],"sensoruptime":[7.504166666666666,6.521111111111111,62.22694444444444],"battvoltage":[14.267000000000001,14.27,11.319],"arrayvoltage":[41.937,42.236000000000004,42.471000000000004],"chargecurrent":[2.66,2.737,5.733],"chargestate":[6.0,6.0,6.0],"loadpower":[12.190404000000001,12.331824000000001,0.0],"batterytemp":[26.0,26.0,31.0],"triggerrate":[0.0,0.0,0.5],"triggersremaining":[18400.0,18400.0,18410.0],"crcerrors":[0.0,0.0,0.0]}