{"datalatency":[7.966689000000001],"sensoruptime":[30.098333333333333,29.098333333333333,30.098333333333333],"battvoltage":[14.235999999999999,14.203,11.49],"arrayvoltage":[41.513000000000005,40.955,42.148],"chargecurrent":[3.508,3.7110000000000003,12.352],"chargestate":[6.0,6.0,6.0],"loadpower":[11.281600000000001,9.335524000000001,8.277874],"batterytemp":[27.0,28.0,29.0],"triggerrate":[0.0,0.0,0.4],"triggersremaining":[18419.0,18419.0,18432.0],"crcerrors":[0.0,0.0,0.0]}