{"datalatency":[7.690422000000001],"sensoruptime":[217.89777777777778,216.91472222222222,217.89777777777778],"battvoltage":[12.259,12.183,12.097000000000001],"arrayvoltage":[33.054,31.4,41.711000000000006],"chargecurrent":[0.8170000000000001,0.307,4.022],"chargestate":[5.0,5.0,6.0],"loadpower":[13.356252000000001,14.106144,9.02565],"batterytemp":[14.0,13.0,34.0],"triggerrate":[0.2,0.0,0.8],"triggersremaining":[20287.0,20288.0,20353.0],"crcerrors":[0.0,0.0,0.0]}