{"datalatency":[11.253167000000001],"sensoruptime":[11.966111111111111,10.966111111111111,null],"battvoltage":[11.798,11.841,11.569],"arrayvoltage":[0.0,0.021,19.736],"chargecurrent":[0.002,0.002,12.392999999999999],"chargestate":[3.0,3.0,6.0],"loadpower":[24.108017999999998,22.711983,6.808707000000001],"batterytemp":[24.0,24.0,44.0],"triggerrate":[0.0,0.0,null],"triggersremaining":[22152.0,22152.0,null],"crcerrors":[0.0,0.0,0.0]}