{"datalatency":[14.429556000000002],"sensoruptime":[377.1838888888889,376.18694444444446,377.1838888888889],"battvoltage":[12.14,12.177,12.064],"arrayvoltage":[0.073,0.085,17.78],"chargecurrent":[0.005,0.002,10.61],"ledstate":[6.0,6.0,8.0],"loadpower":[23.843647999999998,23.902628,20.806074],"batterytemp":[25.0,26.0,52.0],"triggerrate":[0.0,0.0,4.800000000000001],"triggersremaining":[12608.0,12608.0,12618.0],"crcerrors":[0.0,0.0,2.0]}