{"datalatency":[16.692971],"sensoruptime":[437.84166666666664,436.84194444444444,437.84166666666664],"battvoltage":[13.280999999999999,13.049000000000001,12.027000000000001],"arrayvoltage":[14.937999999999999,15.817,17.242],"chargecurrent":[9.767000000000001,9.866,10.864],"ledstate":[6.0,6.0,8.0],"loadpower":[23.464896,22.652968,21.509025000000005],"batterytemp":[48.0,47.0,57.0],"triggerrate":[4.800000000000001,1.2000000000000002,6.0],"triggersremaining":[12308.0,12412.0,12597.0],"crcerrors":[0.0,0.0,2.0]}