{"datalatency":[38.02035],"sensoruptime":[0.18333333333333332,0.3927777777777778,3.008888888888889],"battvoltage":[12.222000000000001,12.222000000000001,10.269],"arrayvoltage":[33.306999999999995,31.055,43.57899999999999],"chargecurrent":[0.539,0.321,2.582],"chargestate":[5.0,5.0,7.0],"loadpower":[14.081760000000001,13.789152,0.0],"batterytemp":[13.0,12.0,24.0],"triggerrate":[0.0,0.0,58.6],"triggersremaining":[0.0,0.0,11287.0],"crcerrors":[28.0,0.0,20.0]}