{"datalatency":[8.001269],"sensoruptime":[51.761944444444445,50.77861111111111,51.761944444444445],"battvoltage":[14.107999999999999,14.084000000000001,11.645999999999999],"arrayvoltage":[39.760999999999996,39.709,42.148],"chargecurrent":[5.6770000000000005,5.856,11.615],"chargestate":[6.0,6.0,6.0],"loadpower":[9.13725,9.0954,8.277874],"batterytemp":[31.0,32.0,34.0],"triggerrate":[0.0,0.0,0.4],"triggersremaining":[18411.0,18411.0,18420.0],"crcerrors":[0.0,0.0,0.0]}