{"datalatency":[7.270376000000001],"sensoruptime":[159.4063888888889,158.42305555555555,159.4063888888889],"battvoltage":[12.375,12.384,11.868],"arrayvoltage":[0.62,0.613,42.465],"chargecurrent":[0.002,0.0,15.0],"chargestate":[3.0,3.0,6.0],"loadpower":[13.541368,14.194125,8.596613999999999],"batterytemp":[10.0,10.0,33.0],"triggerrate":[0.2,0.0,0.8],"triggersremaining":[20380.0,20388.0,20476.0],"crcerrors":[0.0,0.0,0.0]}