{"datalatency":[12.237337],"sensoruptime":[30.899722222222223,29.9025,30.899722222222223],"battvoltage":[12.823,13.049000000000001,12.033],"arrayvoltage":[16.116,14.937999999999999,17.38],"chargecurrent":[6.332000000000001,9.301,10.9],"ledstate":[6.0,8.0,8.0],"loadpower":[22.279600000000002,22.080792000000006,21.514706],"batterytemp":[50.0,50.0,50.0],"triggerrate":[0.0,0.0,9.600000000000001],"triggersremaining":[13509.0,13509.0,13841.0],"crcerrors":[0.0,0.0,2.0]}