{"datalatency":[20.865332000000002],"sensoruptime":[33.4975,32.4975,33.4975],"battvoltage":[12.292,12.308,11.987],"arrayvoltage":[15.915,16.067999999999998,18.222],"chargecurrent":[1.976,1.3459999999999999,10.26],"ledstate":[6.0,6.0,8.0],"loadpower":[24.050643000000004,23.46708,21.692814],"batterytemp":[39.0,43.0,49.0],"triggerrate":[0.0,1.0,1.4],"triggersremaining":[1532.0,1544.0,1678.0],"crcerrors":[0.0,0.0,0.0]}