{"datalatency":[7.735132],"sensoruptime":[28.559722222222224,27.56,28.559722222222224],"battvoltage":[11.569,11.594000000000001,11.565999999999999],"arrayvoltage":[0.9279999999999999,0.919,34.238],"chargecurrent":[0.0,0.0,1.4709999999999999],"chargestate":[3.0,3.0,5.0],"loadpower":[14.242828,14.250232,13.408536],"batterytemp":[17.0,17.0,20.0],"triggerrate":[0.6,0.8,1.8],"triggersremaining":[18501.0,18535.0,18664.0],"crcerrors":[1.0,0.0,4.0]}