{"datalatency":[72.470957],"sensoruptime":[60.1825,59.1825,60.1825],"battvoltage":[12.329,12.338,12.216],"arrayvoltage":[0.0,0.0,17.917],"chargecurrent":[0.005,0.002,9.262],"ledstate":[6.0,6.0,6.0],"loadpower":[23.344279999999998,23.414617,21.796613999999998],"batterytemp":[28.0,29.0,58.0],"triggerrate":[0.0,0.0,0.2],"triggersremaining":[6317.0,6318.0,6323.0],"crcerrors":[0.0,0.0,0.0]}