{"datalatency":[8.457478],"sensoruptime":[16.593888888888888,15.610833333333334,16.593888888888888],"battvoltage":[12.299000000000001,12.335,11.478],"arrayvoltage":[0.604,0.601,38.565],"chargecurrent":[0.0,0.0,15.0],"chargestate":[3.0,3.0,6.0],"loadpower":[13.666552,13.563416,0.0],"batterytemp":[12.0,13.0,41.0],"triggerrate":[0.0,0.0,1.2],"triggersremaining":[21668.0,21669.0,21765.0],"crcerrors":[0.0,0.0,0.0]}