{"datalatency":[38.057221000000006],"sensoruptime":[0.008888888888888889,0.0077777777777777776,1.2],"battvoltage":[13.907,13.907,10.422],"arrayvoltage":[42.556999999999995,42.038000000000004,43.533],"chargecurrent":[1.8259999999999998,1.819,3.411],"chargestate":[7.0,7.0,7.0],"loadpower":[14.362624,14.264442,0.0],"batterytemp":[18.0,18.0,19.0],"triggerrate":[0.0,null,0.0],"triggersremaining":[0.0,0.0,0.0],"crcerrors":[0.0,0.0,0.0]}