{"datalatency":[8.68185],"sensoruptime":[86.75083333333333,85.75111111111111,86.75083333333333],"battvoltage":[12.222000000000001,12.222000000000001,12.183],"arrayvoltage":[0.604,0.659,38.708],"chargecurrent":[0.0,0.0,8.752],"chargestate":[3.0,3.0,6.0],"loadpower":[14.187996000000002,14.142719999999999,9.957479999999999],"batterytemp":[19.0,19.0,34.0],"triggerrate":[0.0,0.0,0.6],"triggersremaining":[21584.0,21590.0,21644.0],"crcerrors":[0.0,0.0,0.0]}