{"datalatency":[20.28023],"sensoruptime":[null,null,329.74861111111113],"battvoltage":[12.225,12.253,11.911],"arrayvoltage":[0.0,0.021,17.825],"chargecurrent":[0.005,0.005,9.615],"ledstate":[6.0,6.0,8.0],"loadpower":[7.997550000000001,8.042337,5.735975000000001],"batterytemp":[30.0,30.0,57.0],"triggerrate":[null,null,1.6],"triggersremaining":[null,null,1909.0],"crcerrors":[0.0,null,0.0]}