{"datalatency":[7.776980000000001],"sensoruptime":[60.760555555555555,59.76083333333333,60.760555555555555],"battvoltage":[11.533,11.639000000000001,11.533],"arrayvoltage":[0.9,0.94,40.738],"chargecurrent":[0.0,0.0,11.615],"chargestate":[3.0,3.0,6.0],"loadpower":[14.197170000000002,13.887952,9.041284000000001],"batterytemp":[15.0,14.0,34.0],"triggerrate":[0.0,0.0,0.4],"triggersremaining":[18408.0,18409.0,18417.0],"crcerrors":[0.0,0.0,0.0]}