{"datalatency":[47.388986],"sensoruptime":[null,null,2.133611111111111],"battvoltage":[14.56,14.74,11.752],"arrayvoltage":[42.346000000000004,43.338,44.098],"chargecurrent":[2.877,3.815,4.486000000000001],"chargestate":[8.0,8.0,8.0],"loadpower":[0.0,0.0,0.0],"batterytemp":[23.0,17.0,23.0],"triggerrate":[null,null,1.0],"triggersremaining":[null,null,19710.0],"crcerrors":[0.0,null,0.0]}