{"datalatency":[38.059761],"sensoruptime":[null,null,null],"battvoltage":[13.91,13.907,10.422],"arrayvoltage":[42.645,42.032,43.533],"chargecurrent":[1.901,2.102,3.411],"chargestate":[7.0,7.0,7.0],"loadpower":[15.494640000000002,19.416136000000005,0.0],"batterytemp":[18.0,18.0,19.0],"triggerrate":[null,null,0.0],"triggersremaining":[null,null,null],"crcerrors":[0.0,0.0,0.0]}