{"datalatency":[8.105960000000001],"sensoruptime":[63.91583333333333,62.9325,63.91583333333333],"battvoltage":[12.259,12.286,12.115],"arrayvoltage":[0.653,0.65,42.861999999999995],"chargecurrent":[0.0,0.0,7.356],"chargestate":[3.0,3.0,6.0],"loadpower":[14.004495,14.194075999999999,8.875646],"batterytemp":[13.0,13.0,30.0],"triggerrate":[0.0,0.6,0.8],"triggersremaining":[22162.0,22170.0,22224.0],"crcerrors":[0.0,0.0,0.0]}