{"datalatency":[6.994335],"sensoruptime":[158.2397222222222,157.24,158.2397222222222],"battvoltage":[12.399000000000001,12.418,11.868],"arrayvoltage":[0.61,0.613,42.465],"chargecurrent":[0.0,0.002,15.0],"chargestate":[3.0,3.0,6.0],"loadpower":[14.179680000000001,14.092991999999999,8.596613999999999],"batterytemp":[10.0,11.0,33.0],"triggerrate":[0.0,0.2,0.8],"triggersremaining":[20388.0,20393.0,20481.0],"crcerrors":[0.0,0.0,0.0]}