{"datalatency":[68.26764800000001],"sensoruptime":[57.349444444444444,56.34972222222222,57.349444444444444],"battvoltage":[12.384,12.405,12.216],"arrayvoltage":[0.021,0.021,17.917],"chargecurrent":[0.005,0.005,9.262],"ledstate":[6.0,6.0,6.0],"loadpower":[23.787225000000003,23.385590999999994,21.796613999999998],"batterytemp":[30.0,30.0,58.0],"triggerrate":[0.0,0.0,0.2],"triggersremaining":[6318.0,6318.0,6324.0],"crcerrors":[0.0,0.0,0.0]}