{"datalatency":[8.292336],"sensoruptime":[null,null,null],"battvoltage":[12.765999999999998,12.780999999999999,12.558],"arrayvoltage":[0.763,0.7509999999999999,40.985],"chargecurrent":[0.002,0.0,1.911],"chargestate":[3.0,3.0,6.0],"loadpower":[0.0,0.0,0.0],"batterytemp":[21.0,20.0,26.0],"triggerrate":[null,null,null],"triggersremaining":[null,null,null],"crcerrors":[null,null,null]}