{"datalatency":[20.004229000000002],"sensoruptime":[267.49555555555554,266.49555555555554,267.49555555555554],"battvoltage":[12.634,12.863,11.874],"arrayvoltage":[16.016,15.14,17.432000000000002],"chargecurrent":[2.72,5.025,9.39],"ledstate":[8.0,8.0,8.0],"loadpower":[23.247738000000002,23.283037999999998,22.057204000000002],"batterytemp":[57.0,58.0,58.0],"triggerrate":[0.0,0.0,2.4],"triggersremaining":[3285.0,3286.0,3546.0],"crcerrors":[0.0,0.0,0.0]}