{"datalatency":[38.058383],"sensoruptime":[0.5591666666666667,null,2.6594444444444445],"battvoltage":[11.725,11.011,10.26],"arrayvoltage":[32.721,29.883000000000003,42.032],"chargecurrent":[0.73,0.42,2.546],"chargestate":[5.0,5.0,7.0],"loadpower":[13.631421999999999,18.558666,0.0],"batterytemp":[16.0,14.0,24.0],"triggerrate":[0.0,0.0,58.4],"triggersremaining":[0.0,null,4093.0],"crcerrors":[27.0,0.0,20.0]}