{"datalatency":[21.205015000000003],"sensoruptime":[18.20388888888889,17.204166666666666,null],"battvoltage":[11.911,11.923,11.835],"arrayvoltage":[0.006,0.10400000000000001,17.48],"chargecurrent":[0.002,0.002,11.001],"ledstate":[8.0,8.0,8.0],"loadpower":[23.8194,24.428647,6.678672000000001],"batterytemp":[32.0,32.0,51.0],"triggerrate":[0.0,0.0,null],"triggersremaining":[1303.0,1308.0,null],"crcerrors":[0.0,0.0,0.0]}