{"datalatency":[11.753823],"sensoruptime":[29.781666666666666,28.78472222222222,29.781666666666666],"battvoltage":[12.796,11.694,11.652000000000001],"arrayvoltage":[15.189,16.168,17.526],"chargecurrent":[10.105,0.715,10.644],"chargestate":[5.0,5.0,6.0],"loadpower":[23.1483,24.167033999999997,21.713829000000004],"batterytemp":[38.0,31.0,49.0],"triggerrate":[0.0,0.0,8.4],"triggersremaining":[21056.0,21061.0,21429.0],"crcerrors":[0.0,0.0,0.0]}