{"datalatency":[8.741959000000001],"sensoruptime":[102.41527777777777,101.43222222222222,102.41527777777777],"battvoltage":[13.333,14.169,12.03],"arrayvoltage":[33.154,39.438,41.65],"chargecurrent":[2.423,4.29,11.832],"chargestate":[5.0,6.0,6.0],"loadpower":[10.549600000000002,9.177205,8.207364000000002],"batterytemp":[29.0,29.0,32.0],"triggerrate":[0.0,0.0,0.6],"triggersremaining":[21515.0,21522.0,21610.0],"crcerrors":[0.0,0.0,0.0]}