{"datalatency":[16.593593000000002],"sensoruptime":[null,null,null],"battvoltage":[14.117,14.392000000000001,12.18],"arrayvoltage":[19.519000000000002,18.915,19.604],"chargecurrent":[3.9619999999999997,4.643,9.955],"chargestate":[6.0,6.0,6.0],"loadpower":[5.076326000000001,4.59351,4.102919999999999],"batterytemp":[31.0,22.0,38.0],"triggerrate":[null,null,null],"triggersremaining":[null,null,null],"crcerrors":[null,null,null]}