{"datalatency":[38.180128],"sensoruptime":[1.1994444444444445,0.19944444444444445,1.2],"battvoltage":[11.752,11.533,10.526],"arrayvoltage":[37.015,34.134,43.451],"chargecurrent":[0.754,0.382,3.411],"chargestate":[5.0,5.0,7.0],"loadpower":[13.634908000000001,13.553830000000001,0.0],"batterytemp":[2.0,0.0,19.0],"triggerrate":[0.0,0.0,0.0],"triggersremaining":[0.0,0.0,0.0],"crcerrors":[0.0,0.0,0.0]}