{"datalatency":[7.779861],"sensoruptime":[19.894444444444446,18.91111111111111,227.69416666666666],"battvoltage":[11.685,11.807,11.685],"arrayvoltage":[21.234,32.525999999999996,34.238],"chargecurrent":[0.0,0.846,1.4709999999999999],"chargestate":[5.0,5.0,5.0],"loadpower":[14.397618000000003,13.760299,13.408536],"batterytemp":[19.0,20.0,20.0],"triggerrate":[0.0,0.0,24.0],"triggersremaining":[18582.0,18582.0,19934.0],"crcerrors":[2.0,0.0,3.0]}