{"datalatency":[16.119038],"sensoruptime":[null,null,null],"battvoltage":[12.354000000000001,12.369000000000002,11.481],"arrayvoltage":[0.107,0.42700000000000005,19.680999999999997],"chargecurrent":[0.005,0.005,9.955],"chargestate":[3.0,3.0,6.0],"loadpower":[6.244719,7.228845000000001,0.0],"batterytemp":[16.0,19.0,38.0],"triggerrate":[null,null,null],"triggersremaining":[null,null,null],"crcerrors":[null,null,null]}