{"datalatency":[8.02383],"sensoruptime":[15.755555555555556,14.755833333333333,null],"battvoltage":[12.183,12.207,12.183],"arrayvoltage":[0.674,0.653,44.162],"chargecurrent":[0.0,0.0,2.483],"chargestate":[3.0,3.0,7.0],"loadpower":[14.184885,14.017349999999999,0.0],"batterytemp":[1.0,1.0,19.0],"triggerrate":[0.8,0.0,null],"triggersremaining":[22296.0,22318.0,null],"crcerrors":[0.0,0.0,0.0]}