{"datalatency":[20.373931000000002],"sensoruptime":[542.3244444444445,541.3272222222222,542.3244444444445],"battvoltage":[11.722000000000001,11.758,11.606],"arrayvoltage":[0.031,0.049,17.575],"chargecurrent":[0.005,0.002,11.448],"ledstate":[8.0,8.0,10.0],"loadpower":[24.23349,23.726919999999996,22.237292000000004],"batterytemp":[30.0,31.0,51.0],"triggerrate":[0.0,0.0,2.4000000000000004],"triggersremaining":[11260.0,11264.0,11313.0],"crcerrors":[0.0,0.0,2.0]}