{"datalatency":[16.231257],"sensoruptime":[null,null,null],"battvoltage":[12.292,12.292,11.481],"arrayvoltage":[0.18899999999999997,0.107,19.680999999999997],"chargecurrent":[0.005,0.005,9.955],"chargestate":[3.0,3.0,6.0],"loadpower":[6.22596,5.93124,0.0],"batterytemp":[12.0,13.0,38.0],"triggerrate":[null,null,null],"triggersremaining":[null,null,null],"crcerrors":[null,null,null]}