{"datalatency":[8.343985],"sensoruptime":[7.595277777777778,6.595555555555555,11.467222222222222],"battvoltage":[12.613,13.931,11.478],"arrayvoltage":[30.721999999999998,38.028,38.565],"chargecurrent":[0.759,5.247000000000001,15.0],"chargestate":[5.0,6.0,6.0],"loadpower":[13.831010000000001,10.00352,0.0],"batterytemp":[29.0,37.0,41.0],"triggerrate":[0.0,0.0,1.6],"triggersremaining":[21720.0,21728.0,21924.0],"crcerrors":[0.0,0.0,0.0]}