{"datalatency":[9.363319],"sensoruptime":[13.213888888888889,12.214166666666667,null],"battvoltage":[12.305,12.357000000000001,12.1],"arrayvoltage":[0.0,0.021,18.439],"chargecurrent":[0.002,0.002,9.9],"ledstate":[6.0,6.0,8.0],"loadpower":[24.17932,24.670951000000002,5.933112000000001],"batterytemp":[30.0,30.0,52.0],"triggerrate":[0.0,0.0,null],"triggersremaining":[14663.0,14663.0,null],"crcerrors":[0.0,0.0,0.0]}