{"datalatency":[73.027658],"sensoruptime":[157.83444444444444,156.8347222222222,157.83444444444444],"battvoltage":[12.219000000000001,12.253,12.216],"arrayvoltage":[0.0,0.0,18.066],"chargecurrent":[0.002,0.005,9.651],"ledstate":[6.0,6.0,6.0],"loadpower":[23.529312000000004,23.501514000000004,22.10415],"batterytemp":[30.0,31.0,55.0],"triggerrate":[0.0,0.0,1.6],"triggersremaining":[6175.0,6175.0,6258.0],"crcerrors":[0.0,0.0,0.0]}