{"datalatency":[77.904756],"sensoruptime":[58.31444444444445,57.31472222222222,58.31444444444445],"battvoltage":[12.558,12.597999999999999,12.274000000000001],"arrayvoltage":[7.91,14.892999999999999,18.410999999999998],"chargecurrent":[0.005,0.261,7.945],"ledstate":[6.0,6.0,6.0],"loadpower":[23.699393999999998,24.068982000000005,21.948113000000003],"batterytemp":[38.0,47.0,55.0],"triggerrate":[0.0,0.0,0.4],"triggersremaining":[7041.0,7041.0,7050.0],"crcerrors":[0.0,0.0,0.0]}