{"datalatency":[9.081379],"sensoruptime":[13.880555555555556,12.880555555555556,null],"battvoltage":[12.292,12.329,12.1],"arrayvoltage":[0.015,0.003,18.439],"chargecurrent":[0.002,0.002,9.9],"ledstate":[6.0,6.0,8.0],"loadpower":[23.891636999999996,23.89498,5.933112000000001],"batterytemp":[29.0,30.0,52.0],"triggerrate":[0.0,0.0,null],"triggersremaining":[14663.0,14663.0,null],"crcerrors":[0.0,0.0,0.0]}