{"datalatency":[8.301261],"sensoruptime":[null,null,114.10888888888888],"battvoltage":[12.145999999999999,12.03,11.469000000000001],"arrayvoltage":[33.835,32.721,34.863],"chargecurrent":[2.056,1.268,2.056],"chargestate":[5.0,5.0,5.0],"loadpower":[0.0,0.0,0.0],"batterytemp":[18.0,16.0,18.0],"triggerrate":[null,null,0.6],"triggersremaining":[null,null,21957.0],"crcerrors":[0.0,null,0.0]}