{"datalatency":[38.068136],"sensoruptime":[0.0044444444444444444,0.004166666666666667,1.2],"battvoltage":[13.907,13.907,10.422],"arrayvoltage":[42.255,42.255,43.533],"chargecurrent":[1.829,1.86,3.411],"chargestate":[7.0,7.0,7.0],"loadpower":[14.334572,14.432754000000001,0.0],"batterytemp":[18.0,18.0,19.0],"triggerrate":[null,null,0.0],"triggersremaining":[0.0,0.0,0.0],"crcerrors":[0.0,0.0,0.0]}