{"datalatency":[12.277885000000001],"sensoruptime":[29.733333333333334,28.733333333333334,29.733333333333334],"battvoltage":[12.988,12.905999999999999,12.033],"arrayvoltage":[14.937999999999999,15.475,17.38],"chargecurrent":[8.88,8.75,10.654000000000002],"ledstate":[8.0,8.0,8.0],"loadpower":[22.368075,22.301429999999996,21.514706],"batterytemp":[49.0,46.0,49.0],"triggerrate":[0.0,0.0,20.400000000000002],"triggersremaining":[13509.0,13509.0,14303.0],"crcerrors":[0.0,0.0,2.0]}