{"datalatency":[19.919349],"sensoruptime":[278.16055555555556,277.16055555555556,278.16055555555556],"battvoltage":[11.987,12.024000000000001,11.874],"arrayvoltage":[0.0,0.0,17.432000000000002],"chargecurrent":[0.005,0.005,9.39],"ledstate":[8.0,8.0,8.0],"loadpower":[25.982495,23.662599999999998,22.057204000000002],"batterytemp":[29.0,29.0,58.0],"triggerrate":[0.0,0.0,0.8],"triggersremaining":[3277.0,3277.0,3318.0],"crcerrors":[0.0,0.0,0.0]}