{"datalatency":[15.371421000000002],"sensoruptime":[25.04277777777778,24.04277777777778,25.04277777777778],"battvoltage":[12.216,12.177,12.054],"arrayvoltage":[16.750999999999998,16.608,18.340999999999998],"chargecurrent":[1.906,1.536,9.9],"ledstate":[8.0,8.0,8.0],"loadpower":[22.892648,22.849152,21.60339],"batterytemp":[34.0,34.0,52.0],"triggerrate":[0.0,0.0,1.2000000000000002],"triggersremaining":[14660.0,14660.0,14672.0],"crcerrors":[0.0,0.0,0.0]}