{"datalatency":[7.550665],"sensoruptime":[163.57222222222222,162.5888888888889,163.57222222222222],"battvoltage":[12.259,12.283,11.868],"arrayvoltage":[0.632,0.626,42.465],"chargecurrent":[0.0,0.0,15.0],"chargestate":[3.0,3.0,6.0],"loadpower":[14.212421999999998,13.543872,8.596613999999999],"batterytemp":[8.0,8.0,33.0],"triggerrate":[0.0,0.0,0.8],"triggersremaining":[20372.0,20372.0,20467.0],"crcerrors":[0.0,0.0,0.0]}