{"datalatency":[10.540864000000001],"sensoruptime":[null,null,null],"battvoltage":[12.665,12.68,10.595999999999998],"arrayvoltage":[0.5770000000000001,0.583,43.347],"chargecurrent":[0.0,0.0,2.597],"chargestate":[3.0,3.0,7.0],"loadpower":[0.0,0.0,0.0],"batterytemp":[10.0,10.0,20.0],"triggerrate":[null,null,null],"triggersremaining":[null,null,null],"crcerrors":[0.0,null,1.0]}