{"datalatency":[15.303558],"sensoruptime":[150.30972222222223,149.31,150.30972222222223],"battvoltage":[11.687999999999999,12.067,11.53],"arrayvoltage":[16.309,17.236,18.973],"chargecurrent":[1.167,4.071000000000001,7.525],"chargestate":[5,5,6],"loadpower":[23.059308,22.024818,21.429213],"batterytemp":[38,32,40],"triggerrate":[null,null,null],"triggersremaining":[14696.0,14865.0,15591.0],"crcerrors":[null,null,0.0]}