{"datalatency":[7.8979230000000005],"sensoruptime":[28.420555555555556,27.420555555555556,28.420555555555556],"battvoltage":[12.619000000000002,12.759,12.07],"arrayvoltage":[2.823,36.23,41.821000000000005],"chargecurrent":[0.0,0.701,7.474],"chargestate":[3.0,5.0,6.0],"loadpower":[13.773396,13.943748000000001,8.72505],"batterytemp":[13.0,18.0,28.0],"triggerrate":[0.0,0.0,1.4],"triggersremaining":[22254.0,22255.0,22376.0],"crcerrors":[0.0,0.0,0.0]}