{"datalatency":[23.400897],"sensoruptime":[5.8805555555555555,4.880833333333333,57.48722222222222],"battvoltage":[12.064,12.18,11.639000000000001],"arrayvoltage":[15.142999999999999,15.775,17.78],"chargecurrent":[0.48100000000000004,0.986,12.284],"ledstate":[8.0,8.0,10.0],"loadpower":[24.060036000000004,24.121212000000003,6.942914999999999],"batterytemp":[32.0,38.0,48.0],"triggerrate":[0.0,0.0,7.200004464002768],"triggersremaining":[22174.0,22175.0,22317.0],"crcerrors":[null,null,0.0]}