{"datalatency":[11.768002000000001],"sensoruptime":[null,null,18.859444444444446],"battvoltage":[12.125,12.14,11.456],"arrayvoltage":[0.057999999999999996,2.695,17.825],"chargecurrent":[0.005,0.005,11.344000000000001],"chargestate":[3.0,3.0,6.0],"loadpower":[7.469,7.495104,0.0],"batterytemp":[26.0,29.0,47.0],"triggerrate":[null,null,9.600000000000001],"triggersremaining":[null,null,22160.0],"crcerrors":[0.0,null,0.0]}