{"datalatency":[18.890381],"sensoruptime":[145.85305555555556,144.85305555555556,145.85305555555556],"battvoltage":[13.168,12.597999999999999,12.253],"arrayvoltage":[15.378,15.142999999999999,18.066],"chargecurrent":[5.051,1.1640000000000001,9.651],"ledstate":[6.0,6.0,6.0],"loadpower":[22.85504,25.092,22.10415],"batterytemp":[47.0,48.0,57.0],"triggerrate":[0.0,0.0,1.6],"triggersremaining":[6190.0,6198.0,6282.0],"crcerrors":[0.0,0.0,0.0]}