{"datalatency":[47.480078000000006],"sensoruptime":[null,null,null],"battvoltage":[13.007,12.512,12.289000000000001],"arrayvoltage":[28.857,1.666,44.098],"chargecurrent":[0.326,0.0,4.486000000000001],"chargestate":[5.0,3.0,8.0],"loadpower":[0.0,0.0,0.0],"batterytemp":[12.0,11.0,24.0],"triggerrate":[null,null,null],"triggersremaining":[null,null,null],"crcerrors":[null,null,null]}