{"datalatency":[7.265151],"sensoruptime":[18.379722222222224,17.38277777777778,null],"battvoltage":[12.109000000000002,12.14,12.1],"arrayvoltage":[0.0,0.0,18.439],"chargecurrent":[0.002,0.005,9.9],"ledstate":[6.0,6.0,8.0],"loadpower":[24.067207999999997,24.025568,5.933112000000001],"batterytemp":[28.0,28.0,52.0],"triggerrate":[0.0,0.0,null],"triggersremaining":[14662.0,14662.0,null],"crcerrors":[0.0,0.0,0.0]}