{"datalatency":[22.578545000000002],"sensoruptime":[null,57.01777777777778,57.48722222222222],"battvoltage":[12.216,11.682,11.639000000000001],"arrayvoltage":[16.891,16.406,17.78],"chargecurrent":[3.092,0.877,7.774],"ledstate":[10.0,10.0,10.0],"loadpower":[10.43008,24.27181,8.051463],"batterytemp":[31.0,28.0,40.0],"triggerrate":[null,0.0,7.200004464002768],"triggersremaining":[null,22178.0,22426.0],"crcerrors":[null,null,0.0]}