{"datalatency":[17.566261],"sensoruptime":[183.20944444444444,182.2097222222222,183.20944444444444],"battvoltage":[12.027000000000001,12.036,11.795],"arrayvoltage":[0.049,0.021,17.38],"chargecurrent":[0.005,0.002,11.315],"ledstate":[8.0,8.0,8.0],"loadpower":[23.674456,23.711688000000002,21.720450999999997],"batterytemp":[27.0,28.0,53.0],"triggerrate":[0.0,0.0,1.2000000000000002],"triggersremaining":[12692.0,12692.0,12705.0],"crcerrors":[0.0,0.0,2.0]}