{"datalatency":[16.861785],"sensoruptime":[159.71305555555554,158.71583333333334,159.71305555555554],"battvoltage":[11.911,11.950999999999999,11.870999999999999],"arrayvoltage":[0.021,0.021,17.245],"chargecurrent":[0.005,0.005,12.144],"ledstate":[8.0,8.0,8.0],"loadpower":[23.655212000000006,23.500015,21.472317999999998],"batterytemp":[30.0,30.0,51.0],"triggerrate":[0.0,0.0,8.4],"triggersremaining":[12705.0,12705.0,12947.0],"crcerrors":[0.0,0.0,2.0]}