{"datalatency":[37.766988000000005],"sensoruptime":[0.007222222222222222,null,7.746944444444445],"battvoltage":[11.343,12.415,10.802999999999999],"arrayvoltage":[27.991,5.9079999999999995,33.400999999999996],"chargecurrent":[0.33299999999999996,0.0,2.329],"chargestate":[5.0,3.0,6.0],"loadpower":[14.129757000000001,0.0,0.0],"batterytemp":[20.0,20.0,28.0],"triggerrate":[0.0,null,null],"triggersremaining":[11687.0,null,12014.0],"crcerrors":[0.0,0.0,0.0]}