{"datalatency":[7.6943],"sensoruptime":[null,null,61.55722222222222],"battvoltage":[12.109000000000002,12.134,11.499],"arrayvoltage":[3.003,0.0,18.410999999999998],"chargecurrent":[0.005,0.005,12.030999999999999],"ledstate":[8.0,8.0,10.0],"loadpower":[8.231927999999998,8.501728,7.179776000000001],"batterytemp":[25.0,25.0,56.0],"triggerrate":[null,null,1.2000000000000002],"triggersremaining":[null,null,20760.0],"crcerrors":[null,null,1.0]}