{"datalatency":[57.752099],"sensoruptime":[67.31305555555555,66.31333333333333,67.31305555555555],"battvoltage":[12.329,12.363,12.274000000000001],"arrayvoltage":[1.392,0.0,18.410999999999998],"chargecurrent":[0.005,0.005,7.945],"ledstate":[6.0,6.0,6.0],"loadpower":[23.476202,23.303763999999997,21.948113000000003],"batterytemp":[28.0,28.0,55.0],"triggerrate":[0.2,0.0,0.6],"triggersremaining":[7031.0,7039.0,7048.0],"crcerrors":[0.0,0.0,0.0]}