{"datalatency":[18.588928000000003],"sensoruptime":[118.19027777777778,117.19055555555556,118.19027777777778],"battvoltage":[13.409,13.280999999999999,12.216],"arrayvoltage":[16.302,14.499,18.340999999999998],"chargecurrent":[7.1339999999999995,7.2620000000000005,7.931],"ledstate":[5.0,6.0,6.0],"loadpower":[22.640489,23.411808,21.885253],"batterytemp":[54.0,50.0,55.0],"triggerrate":[0.0,0.0,0.4],"triggersremaining":[6283.0,6283.0,6296.0],"crcerrors":[0.0,0.0,0.0]}