{"datalatency":[15.250521],"sensoruptime":[59.118611111111115,58.11888888888889,59.118611111111115],"battvoltage":[12.329,12.912,11.499],"arrayvoltage":[17.239,15.628,18.410999999999998],"chargecurrent":[0.701,4.52,12.030999999999999],"ledstate":[8.0,8.0,10.0],"loadpower":[23.46708,22.874779999999998,21.764498],"batterytemp":[53.0,55.0,56.0],"triggerrate":[0.0,0.0,6.0],"triggersremaining":[20755.0,20755.0,21042.0],"crcerrors":[0.0,0.0,1.0]}