{"datalatency":[8.775945],"sensoruptime":[119.41305555555556,118.42972222222222,119.41305555555556],"battvoltage":[12.155,12.152000000000001,12.106],"arrayvoltage":[25.778000000000002,12.802,41.65],"chargecurrent":[0.16399999999999998,0.0,11.832],"chargestate":[5.0,3.0,6.0],"loadpower":[14.103194,14.124109999999998,8.207364000000002],"batterytemp":[22.0,21.0,32.0],"triggerrate":[0.0,0.2,0.6],"triggersremaining":[21458.0,21467.0,21539.0],"crcerrors":[0.0,0.0,0.0]}