{"datalatency":[17.354617],"sensoruptime":[null,null,null],"battvoltage":[12.408,12.405,12.216],"arrayvoltage":[13.860999999999999,0.983,19.625999999999998],"chargecurrent":[0.106,0.002,5.361000000000001],"chargestate":[5.0,3.0,6.0],"loadpower":[6.221285999999999,7.187939999999998,4.102919999999999],"batterytemp":[13.0,13.0,45.0],"triggerrate":[null,null,null],"triggersremaining":[null,null,null],"crcerrors":[null,null,null]}