{"datalatency":[47.384841],"sensoruptime":[null,null,null],"battvoltage":[14.040999999999999,14.615,12.155],"arrayvoltage":[32.224000000000004,38.571,44.098],"chargecurrent":[1.9280000000000002,2.986,4.486000000000001],"chargestate":[5.0,8.0,8.0],"loadpower":[0.0,0.0,0.0],"batterytemp":[19.0,21.0,24.0],"triggerrate":[null,null,0.3333333333333333],"triggersremaining":[null,null,null],"crcerrors":[null,null,null]}