{"datalatency":[37.650281],"sensoruptime":[7.0472222222222225,6.063888888888889,7.0472222222222225],"battvoltage":[14.267000000000001,14.297,10.709000000000001],"arrayvoltage":[41.095,41.611000000000004,43.448],"chargecurrent":[2.464,2.365,5.0760000000000005],"chargestate":[6.0,6.0,8.0],"loadpower":[12.413058000000001,13.464446,0.0],"batterytemp":[26.0,25.0,26.0],"triggerrate":[0.0,1.6,2.8],"triggersremaining":[11614.0,11621.0,11685.0],"crcerrors":[0.0,0.0,0.0]}