{"datalatency":[8.169224],"sensoruptime":[7.9175,6.917777777777777,11.270277777777778],"battvoltage":[14.095999999999998,14.139000000000001,11.154000000000002],"arrayvoltage":[40.524,40.097,41.791000000000004],"chargecurrent":[2.923,2.7060000000000004,2.923],"chargestate":[6.0,6.0,6.0],"loadpower":[11.875349999999997,12.634723,0.0],"batterytemp":[31.0,30.0,32.0],"triggerrate":[0.0,0.0,0.8],"triggersremaining":[18375.0,18378.0,18399.0],"crcerrors":[0.0,0.0,0.0]}