{"datalatency":[14.279246],"sensoruptime":[369.185,368.1852777777778,369.185],"battvoltage":[12.975999999999999,13.097999999999999,12.064],"arrayvoltage":[15.82,15.380999999999998,17.633],"chargecurrent":[5.358,7.472,10.61],"ledstate":[6.0,6.0,8.0],"loadpower":[22.208586,22.795824,20.806074],"batterytemp":[52.0,48.0,52.0],"triggerrate":[0.0,0.0,4.800000000000001],"triggersremaining":[12610.0,12610.0,12620.0],"crcerrors":[0.0,0.0,2.0]}