{"datalatency":[16.576929],"sensoruptime":[null,null,null],"battvoltage":[14.157,14.423,12.18],"arrayvoltage":[19.427,17.191,19.555999999999997],"chargecurrent":[4.01,5.216,9.955],"chargestate":[6.0,5.0,6.0],"loadpower":[5.0806700000000005,5.200130000000001,4.102919999999999],"batterytemp":[30.0,20.0,38.0],"triggerrate":[null,null,null],"triggersremaining":[null,null,null],"crcerrors":[null,null,null]}