{"datalatency":[18.535231],"sensoruptime":[44.36833333333333,43.38527777777778,44.36833333333333],"battvoltage":[13.129000000000001,12.710999999999999,12.216],"arrayvoltage":[14.749,16.214000000000002,17.917],"chargecurrent":[6.709,2.79,9.245],"ledstate":[6.0,6.0,6.0],"loadpower":[22.789439999999995,22.833198000000003,21.796613999999998],"batterytemp":[43.0,37.0,55.0],"triggerrate":[0.0,0.0,0.2],"triggersremaining":[6321.0,6322.0,6327.0],"crcerrors":[0.0,0.0,0.0]}