{"datalatency":[14.926838],"sensoruptime":[107.88805555555555,106.88805555555555,107.88805555555555],"battvoltage":[12.292,12.369000000000002,12.057],"arrayvoltage":[12.869000000000002,14.940999999999999,17.825],"chargecurrent":[0.002,0.46399999999999997,10.327],"ledstate":[6.0,6.0,8.0],"loadpower":[23.78636,23.808761,21.192338],"batterytemp":[35.0,39.0,54.0],"triggerrate":[0.0,0.0,1.2000000000000002],"triggersremaining":[13081.0,13081.0,13089.0],"crcerrors":[0.0,0.0,2.0]}