{"datalatency":[8.482097000000001],"sensoruptime":[33.25833333333333,32.275,33.25833333333333],"battvoltage":[12.604000000000001,12.659,12.112],"arrayvoltage":[0.589,17.328,41.489],"chargecurrent":[0.0,0.002,11.902999999999999],"chargestate":[3.0,5.0,6.0],"loadpower":[14.006322000000003,13.924752,9.02565],"batterytemp":[20.0,23.0,35.0],"triggerrate":[0.0,0.0,1.0],"triggersremaining":[21653.0,21653.0,21702.0],"crcerrors":[0.0,0.0,0.0]}