{"datalatency":[14.104331],"sensoruptime":[null,null,20.196666666666665],"battvoltage":[12.267999999999999,12.200999999999999,11.224],"arrayvoltage":[13.959000000000001,13.193,19.305],"chargecurrent":[0.18600000000000003,0.08,7.371],"ledstate":[11.0,11.0,11.0],"loadpower":[0.0,0.0,0.0],"batterytemp":[20.0,20.0,49.0],"triggerrate":[null,null,null],"triggersremaining":[null,null,14564.0],"crcerrors":[0.0,null,0.0]}