{"datalatency":[8.813124],"sensoruptime":[124.57888888888888,123.59583333333333,124.57888888888888],"battvoltage":[13.797,12.299000000000001,12.073],"arrayvoltage":[33.736999999999995,31.396,40.521],"chargecurrent":[12.84,1.37,12.84],"chargestate":[5.0,5.0,6.0],"loadpower":[10.991200000000001,14.343728,8.207364000000002],"batterytemp":[32.0,27.0,32.0],"triggerrate":[0.6,0.2,1.0],"triggersremaining":[21416.0,21429.0,21524.0],"crcerrors":[0.0,0.0,0.0]}