{"datalatency":[26.001704],"sensoruptime":[null,null,6.267777777777778],"battvoltage":[13.055,14.102,11.99],"arrayvoltage":[26.116999999999997,31.445,44.974],"chargecurrent":[0.075,0.461,2.773],"chargestate":[5.0,5.0,6.0],"loadpower":[0.0,0.0,0.0],"batterytemp":[8.0,9.0,26.0],"triggerrate":[null,null,56.0],"triggersremaining":[null,null,15600.0],"crcerrors":[1.0,null,3.0]}