{"datalatency":[16.070913],"sensoruptime":[134.88416666666666,133.88694444444445,134.88416666666666],"battvoltage":[11.987,11.987,11.984000000000002],"arrayvoltage":[0.0,0.021,16.898],"chargecurrent":[0.002,0.005,10.972000000000001],"ledstate":[8.0,8.0,8.0],"loadpower":[24.06313,24.2374,21.720998],"batterytemp":[30.0,30.0,42.0],"triggerrate":[0.0,0.0,3.6],"triggersremaining":[12947.0,12950.0,13080.0],"crcerrors":[0.0,0.0,2.0]}