{"datalatency":[7.518124],"sensoruptime":[13.061944444444444,12.079166666666667,227.69416666666666],"battvoltage":[11.844000000000001,11.838,11.755],"arrayvoltage":[31.598000000000003,30.465999999999998,36.472],"chargecurrent":[0.47100000000000003,0.469,3.503],"chargestate":[5.0,5.0,5.0],"loadpower":[13.72322,13.759241999999999,9.995777999999998],"batterytemp":[18.0,18.0,19.0],"triggerrate":[0.0,0.6,24.0],"triggersremaining":[18609.0,18613.0,20288.0],"crcerrors":[2.0,0.0,3.0]}