{"datalatency":[38.109761],"sensoruptime":[0.4088888888888889,null,null],"battvoltage":[11.823,12.485,10.26],"arrayvoltage":[38.44,25.921999999999997,38.879],"chargecurrent":[1.068,0.063,1.672],"chargestate":[5.0,5.0,5.0],"loadpower":[12.913576,0.0,0.0],"batterytemp":[8.0,4.0,19.0],"triggerrate":[0.0,null,null],"triggersremaining":[0.0,null,null],"crcerrors":[0.0,0.0,0.0]}