{"datalatency":[13.641382],"sensoruptime":[71.06,70.06305555555555,71.06],"battvoltage":[12.027000000000001,11.993,11.984000000000002],"arrayvoltage":[16.214000000000002,13.571,17.000999999999998],"chargecurrent":[0.594,0.22699999999999998,10.545],"ledstate":[8.0,8.0,8.0],"loadpower":[22.656699999999997,23.95,21.262392999999996],"batterytemp":[29.0,28.0,52.0],"triggerrate":[0.0,0.0,4.800000000000001],"triggersremaining":[13097.0,13097.0,13160.0],"crcerrors":[0.0,0.0,2.0]}