{"datalatency":[7.0400030000000005],"sensoruptime":[149.07444444444445,148.07444444444445,149.07444444444445],"battvoltage":[14.139000000000001,14.172,11.868],"arrayvoltage":[41.977,41.55,42.465],"chargecurrent":[4.051,4.793,15.0],"chargestate":[6.0,6.0,6.0],"loadpower":[9.0954,9.120828000000001,8.596613999999999],"batterytemp":[30.0,29.0,33.0],"triggerrate":[0.0,0.2,6.4],"triggersremaining":[20447.0,20455.0,21404.0],"crcerrors":[0.0,0.0,0.0]}