{"datalatency":[19.907862],"sensoruptime":[267.9952777777778,267.01222222222225,267.9952777777778],"battvoltage":[12.270999999999999,12.780999999999999,11.874],"arrayvoltage":[16.702,15.475,17.432000000000002],"chargecurrent":[0.445,3.911,9.39],"ledstate":[8.0,8.0,8.0],"loadpower":[23.449647000000002,23.68177,22.057204000000002],"batterytemp":[52.0,57.0,58.0],"triggerrate":[0.2,0.0,2.4],"triggersremaining":[3283.0,3285.0,3538.0],"crcerrors":[0.0,0.0,0.0]}