{"datalatency":[8.069482],"sensoruptime":[68.74833333333333,67.74861111111112,68.74833333333333],"battvoltage":[12.335,12.200999999999999,12.145999999999999],"arrayvoltage":[33.74,32.715,42.861999999999995],"chargecurrent":[1.64,0.838,5.564],"chargestate":[5.0,5.0,6.0],"loadpower":[13.781543,13.396656,8.875646],"batterytemp":[17.0,16.0,30.0],"triggerrate":[0.4,0.0,0.8],"triggersremaining":[22128.0,22142.0,22215.0],"crcerrors":[0.0,0.0,0.0]}