{"datalatency":[58.541859],"sensoruptime":[22.32027777777778,21.336944444444445,null],"battvoltage":[12.36,12.329,12.308],"arrayvoltage":[14.937999999999999,14.703,19.229],"chargecurrent":[0.519,0.28300000000000003,8.175],"ledstate":[6.0,6.0,6.0],"loadpower":[23.77181,23.884658,6.0236],"batterytemp":[32.0,31.0,54.0],"triggerrate":[0.0,0.0,null],"triggersremaining":[7053.0,7053.0,null],"crcerrors":[0.0,0.0,0.0]}