{"datalatency":[21.210571],"sensoruptime":[null,null,57.48722222222222],"battvoltage":[12.075999999999999,11.954,11.639000000000001],"arrayvoltage":[16.452,16.702,17.78],"chargecurrent":[1.575,1.807,7.774],"ledstate":[10.0,10.0,10.0],"loadpower":[7.7126399999999995,8.601908,7.095656000000001],"batterytemp":[33.0,29.0,40.0],"triggerrate":[null,null,7.200004464002768],"triggersremaining":[null,null,22426.0],"crcerrors":[null,null,0.0]}