{"datalatency":[8.186786],"sensoruptime":[75.58083333333333,74.58083333333333,75.58083333333333],"battvoltage":[12.183,12.222000000000001,12.106],"arrayvoltage":[18.726,27.103,35.016],"chargecurrent":[0.006999999999999999,0.18100000000000002,2.8360000000000003],"chargestate":[5.0,5.0,5.0],"loadpower":[14.039024999999999,14.191488000000001,13.31694],"batterytemp":[12.0,14.0,20.0],"triggerrate":[0.2,0.0,4.4],"triggersremaining":[22074.0,22076.0,22210.0],"crcerrors":[0.0,0.0,0.0]}