{"datalatency":[19.475076],"sensoruptime":[233.16972222222222,232.16972222222222,233.16972222222222],"battvoltage":[12.039000000000001,12.048,11.993],"arrayvoltage":[15.770999999999999,14.752,16.995],"chargecurrent":[0.655,0.536,8.74],"ledstate":[8.0,8.0,8.0],"loadpower":[23.777942999999997,22.817703,22.120514],"batterytemp":[32.0,31.0,55.0],"triggerrate":[0.0,0.0,17.6],"triggersremaining":[4162.0,4162.0,5631.0],"crcerrors":[0.0,0.0,0.0]}