{"datalatency":[7.904605],"sensoruptime":[1.6027777777777779,0.6197222222222222,31.859444444444446],"battvoltage":[13.123,12.72,11.465],"arrayvoltage":[35.159,36.510999999999996,40.976000000000006],"chargecurrent":[3.6719999999999997,4.672,15.0],"chargestate":[5.0,5.0,5.0],"loadpower":[10.395200000000003,10.083546,0.0],"batterytemp":[26.0,22.0,26.0],"triggerrate":[0.0,0.0,2.0],"triggersremaining":[18435.0,18436.0,18606.0],"crcerrors":[1.0,0.0,4.0]}