{"datalatency":[8.006799],"sensoruptime":[55.58361111111111,54.58361111111111,55.58361111111111],"battvoltage":[12.512,12.537,12.115],"arrayvoltage":[0.632,0.653,42.861999999999995],"chargecurrent":[0.0,0.0,7.356],"chargestate":[3.0,3.0,6.0],"loadpower":[13.646724,13.753089000000001,8.875646],"batterytemp":[12.0,12.0,30.0],"triggerrate":[0.0,0.0,0.6],"triggersremaining":[22204.0,22204.0,22249.0],"crcerrors":[0.0,0.0,0.0]}