{"datalatency":[62.088666],"sensoruptime":[null,null,20.630555555555556],"battvoltage":[12.177,12.329,11.517000000000001],"arrayvoltage":[15.575999999999999,14.651,17.145],"chargecurrent":[0.45899999999999996,1.01,10.335],"ledstate":[8.0,8.0,10.0],"loadpower":[7.079448000000002,9.545675000000001,6.079374],"batterytemp":[47.0,51.0,53.0],"triggerrate":[null,null,1.6],"triggersremaining":[null,null,28.0],"crcerrors":[1.0000115742080349,null,1.0]}