{"datalatency":[22.467103],"sensoruptime":[9.650555555555556,8.650555555555556,null],"battvoltage":[12.482000000000001,12.597999999999999,12.479000000000001],"arrayvoltage":[13.065,16.846,20.032],"chargecurrent":[0.002,0.7659999999999999,7.09],"chargestate":[5.0,5.0,7.0],"loadpower":[24.510112000000003,24.038135999999998,11.041264],"batterytemp":[34.0,42.0,47.0],"triggerrate":[null,null,null],"triggersremaining":[22491.0,22491.0,null],"crcerrors":[null,null,0.0]}