{"datalatency":[13.225242000000001],"sensoruptime":[null,null,61.55722222222222],"battvoltage":[12.253,12.14,11.722000000000001],"arrayvoltage":[16.8,15.964,18.410999999999998],"chargecurrent":[1.271,0.442,12.030999999999999],"ledstate":[8.0,8.0,10.0],"loadpower":[6.8952599999999995,6.439968,6.16488],"batterytemp":[30.0,28.0,56.0],"triggerrate":[null,null,1.2000000000000002],"triggersremaining":[null,null,20759.0],"crcerrors":[null,null,1.0]}