{"datalatency":[8.299839],"sensoruptime":[113.74222222222222,112.75888888888889,113.74222222222222],"battvoltage":[11.493,11.502,11.493],"arrayvoltage":[8.193999999999999,0.894,34.863],"chargecurrent":[0.0,0.0,1.423],"chargestate":[3.0,3.0,5.0],"loadpower":[14.14781,14.14781,12.790060000000002],"batterytemp":[14.0,14.0,16.0],"triggerrate":[0.0,0.0,0.6],"triggersremaining":[21930.0,21932.0,21967.0],"crcerrors":[0.0,0.0,0.0]}