{"datalatency":[8.429826],"sensoruptime":[56.08833333333333,55.08861111111111,56.08833333333333],"battvoltage":[12.64,12.905999999999999,12.18],"arrayvoltage":[25.991999999999997,31.445,40.146],"chargecurrent":[0.157,1.123,10.228],"chargestate":[5.0,5.0,6.0],"loadpower":[13.783224,14.156920000000001,8.80245],"batterytemp":[25.0,28.0,34.0],"triggerrate":[0.0,0.0,0.2],"triggersremaining":[21645.0,21646.0,21653.0],"crcerrors":[0.0,0.0,0.0]}