{"datalatency":[19.808521000000002],"sensoruptime":[254.6638888888889,253.66416666666666,254.6638888888889],"battvoltage":[11.895999999999999,11.911,11.887],"arrayvoltage":[1.929,0.0,16.653],"chargecurrent":[0.005,0.002,9.992],"ledstate":[8.0,8.0,8.0],"loadpower":[24.121206000000008,23.738505000000004,21.95131],"batterytemp":[28.0,28.0,50.0],"triggerrate":[0.0,0.0,8.0],"triggersremaining":[3318.0,3318.0,4164.0],"crcerrors":[0.0,0.0,0.0]}