{"datalatency":[9.9494],"sensoruptime":[null,null,0.29555555555555557],"battvoltage":[11.725,13.970999999999998,10.352],"arrayvoltage":[26.320999999999998,41.934,44.562],"chargecurrent":[0.07,1.87,2.6889999999999996],"chargestate":[7.0,7.0,7.0],"loadpower":[14.617047000000001,19.369625,0.0],"batterytemp":[10.0,16.0,16.0],"triggerrate":[null,0.0,null],"triggersremaining":[null,null,0.0],"crcerrors":[0.0,0.0,1.0]}