{"datalatency":[17.983352],"sensoruptime":[524.8269444444444,523.8272222222222,524.8269444444444],"battvoltage":[11.645999999999999,11.652000000000001,11.642000000000001],"arrayvoltage":[0.42700000000000005,0.0,17.145],"chargecurrent":[0.002,0.002,3.602],"ledstate":[10.0,10.0,10.0],"loadpower":[23.490544,23.492600000000003,21.980286000000003],"batterytemp":[28.0,28.0,37.0],"triggerrate":[0.0,0.0,3.6],"triggersremaining":[11311.0,11312.0,11429.0],"crcerrors":[0.0,0.0,2.0]}