{"datalatency":[33.246484],"sensoruptime":[3.3566666666666665,2.3594444444444442,31.89388888888889],"battvoltage":[12.253,12.311,12.064],"arrayvoltage":[0.055,0.027000000000000003,18.692],"chargecurrent":[0.005,0.002,11.344000000000001],"ledstate":[6.0,6.0,8.0],"loadpower":[27.676901,25.16172,7.371546],"batterytemp":[25.0,26.0,48.0],"triggerrate":[0.0,0.0,16.800115584795222],"triggersremaining":[22434.0,22434.0,22489.0],"crcerrors":[null,null,0.0]}