{"datalatency":[8.835968000000001],"sensoruptime":[134.74305555555554,133.74305555555554,134.74305555555554],"battvoltage":[12.03,12.07,12.03],"arrayvoltage":[0.775,0.848,34.378],"chargecurrent":[0.0,0.0,12.84],"chargestate":[3.0,3.0,5.0],"loadpower":[13.943999999999999,13.989318,10.0584],"batterytemp":[18.0,18.0,33.0],"triggerrate":[0.0,0.0,6.4],"triggersremaining":[20480.0,20485.0,21491.0],"crcerrors":[0.0,0.0,0.0]}