{"datalatency":[8.421232],"sensoruptime":[14.094166666666666,13.094444444444445,14.094166666666666],"battvoltage":[12.375,12.415,11.478],"arrayvoltage":[0.613,0.604,38.565],"chargecurrent":[0.0,0.002,15.0],"chargestate":[3.0,3.0,6.0],"loadpower":[14.220288000000004,14.117759999999999,0.0],"batterytemp":[14.0,15.0,41.0],"triggerrate":[0.0,0.2,1.4],"triggersremaining":[21670.0,21675.0,21820.0],"crcerrors":[0.0,0.0,0.0]}