{"datalatency":[8.518564000000001],"sensoruptime":[36.257777777777775,35.25805555555556,36.257777777777775],"battvoltage":[12.5,12.527000000000001,12.112],"arrayvoltage":[0.586,0.586,41.489],"chargecurrent":[0.0,0.0,11.902999999999999],"chargestate":[3.0,3.0,6.0],"loadpower":[13.631240000000002,14.009136999999999,9.02565],"batterytemp":[17.0,18.0,35.0],"triggerrate":[0.0,0.0,0.8],"triggersremaining":[21652.0,21653.0,21684.0],"crcerrors":[0.0,0.0,0.0]}