{"datalatency":[8.78561],"sensoruptime":[123.74583333333334,122.74583333333334,123.74583333333334],"battvoltage":[12.39,12.222000000000001,12.073],"arrayvoltage":[32.224000000000004,31.25,40.521],"chargecurrent":[2.6310000000000002,1.044,4.404],"chargestate":[5.0,5.0,6.0],"loadpower":[19.624748,13.440336,8.207364000000002],"batterytemp":[27.0,27.0,29.0],"triggerrate":[0.4,0.2,0.8],"triggersremaining":[21427.0,21436.0,21527.0],"crcerrors":[0.0,0.0,0.0]}