{"datalatency":[7.942893000000001],"sensoruptime":[4.7575,3.7741666666666664,null],"battvoltage":[12.46,12.561,12.299000000000001],"arrayvoltage":[0.687,26.611,44.162],"chargecurrent":[0.0,0.126,2.483],"chargestate":[3.0,7.0,7.0],"loadpower":[13.627958000000001,13.690404000000003,0.0],"batterytemp":[10.0,14.0,19.0],"triggerrate":[0.0,0.2,null],"triggersremaining":[22376.0,22378.0,null],"crcerrors":[0.0,0.0,0.0]}