{"datalatency":[17.234591],"sensoruptime":[456.00444444444446,455.0072222222222,456.00444444444446],"battvoltage":[12.064,12.0,11.984000000000002],"arrayvoltage":[16.555999999999997,15.527000000000001,17.487000000000002],"chargecurrent":[1.034,0.358,10.864],"ledstate":[8.0,8.0,8.0],"loadpower":[22.918896000000004,23.04806,21.481326],"batterytemp":[30.0,29.0,49.0],"triggerrate":[0.0,0.0,16.8],"triggersremaining":[11708.0,11709.0,12482.0],"crcerrors":[0.0,0.0,2.0]}