{"datalatency":[76.96338],"sensoruptime":[59.6475,58.647777777777776,59.6475],"battvoltage":[12.520999999999999,12.558,12.274000000000001],"arrayvoltage":[0.021,0.7509999999999999,18.410999999999998],"chargecurrent":[0.005,0.005,7.945],"ledstate":[6.0,6.0,6.0],"loadpower":[23.116632000000003,23.495624999999997,21.948113000000003],"batterytemp":[33.0,36.0,55.0],"triggerrate":[0.0,0.0,0.4],"triggersremaining":[7041.0,7041.0,7050.0],"crcerrors":[0.0,0.0,0.0]}