{"datalatency":[8.236451],"sensoruptime":[null,null,11.33388888888889],"battvoltage":[14.355,14.383,10.427999999999999],"arrayvoltage":[40.845,41.525,43.015],"chargecurrent":[1.307,1.406,3.5439999999999996],"chargestate":[6.0,6.0,6.0],"loadpower":[0.0,0.0,0.0],"batterytemp":[23.0,22.0,32.0],"triggerrate":[null,null,0.4],"triggersremaining":[null,null,18382.0],"crcerrors":[0.0,null,0.0]}