{"datalatency":[13.629778000000002],"sensoruptime":[23.043055555555554,22.043055555555554,null],"battvoltage":[12.097000000000001,12.125,12.054],"arrayvoltage":[15.573,16.266,18.439],"chargecurrent":[0.899,1.44,9.9],"ledstate":[8.0,8.0,8.0],"loadpower":[22.499216999999998,26.300530000000006,5.933112000000001],"batterytemp":[33.0,31.0,52.0],"triggerrate":[0.0,0.0,null],"triggersremaining":[14661.0,14661.0,null],"crcerrors":[0.0,0.0,0.0]}