{"datalatency":[20.856851000000002],"sensoruptime":[49.68,48.680277777777775,49.68],"battvoltage":[11.835,11.874,11.835],"arrayvoltage":[0.0,0.0,17.78],"chargecurrent":[0.002,0.005,7.774],"ledstate":[8.0,8.0,8.0],"loadpower":[24.024336,24.488835,22.552155],"batterytemp":[26.0,26.0,40.0],"triggerrate":[1.200001248001298,2.4000002400000238,7.200004464002768],"triggersremaining":[22190.0,22281.0,22428.0],"crcerrors":[null,null,0.0]}