{"datalatency":[20.447454],"sensoruptime":[4.436388888888889,3.4363888888888887,329.74861111111113],"battvoltage":[13.0,13.205,11.911],"arrayvoltage":[15.142999999999999,14.264000000000001,17.825],"chargecurrent":[5.292999999999999,7.861000000000001,9.615],"ledstate":[6.0,6.0,8.0],"loadpower":[23.244452000000003,23.528468,5.735975000000001],"batterytemp":[57.0,55.0,57.0],"triggerrate":[0.0,0.0,14.8],"triggersremaining":[1898.0,1903.0,3058.0],"crcerrors":[0.0,0.0,0.0]}