{"datalatency":[8.239997],"sensoruptime":[10.261388888888888,9.261666666666667,11.467222222222222],"battvoltage":[12.515,12.537,11.478],"arrayvoltage":[0.5770000000000001,0.604,38.565],"chargecurrent":[0.0,0.0,15.0],"chargestate":[3.0,3.0,6.0],"loadpower":[13.646724,13.753089000000001,0.0],"batterytemp":[19.0,21.0,41.0],"triggerrate":[0.2,0.6,1.6],"triggersremaining":[21687.0,21702.0,21902.0],"crcerrors":[0.0,0.0,0.0]}