{"datalatency":[7.968376],"sensoruptime":[53.583888888888886,52.60055555555556,53.583888888888886],"battvoltage":[12.589,12.628,12.115],"arrayvoltage":[0.5579999999999999,0.65,42.861999999999995],"chargecurrent":[0.0,0.0,7.356],"chargestate":[3.0,3.0,6.0],"loadpower":[13.726440000000002,13.773396,8.875646],"batterytemp":[13.0,15.0,30.0],"triggerrate":[0.0,0.0,0.6],"triggersremaining":[22207.0,22207.0,22254.0],"crcerrors":[0.0,0.0,0.0]}