{"datalatency":[23.200587000000002],"sensoruptime":[null,null,null],"battvoltage":[12.835999999999999,12.872,11.493],"arrayvoltage":[12.21,1.263,45.004],"chargecurrent":[0.002,0.0,2.194],"chargestate":[3.0,3.0,6.0],"loadpower":[0.0,0.0,0.0],"batterytemp":[11.0,12.0,22.0],"triggerrate":[null,null,null],"triggersremaining":[null,null,null],"crcerrors":[5.0,null,5.0]}