{"datalatency":[21.147676],"sensoruptime":[null,null,57.48722222222222],"battvoltage":[12.253,12.253,11.639000000000001],"arrayvoltage":[16.11,17.038,17.78],"chargecurrent":[3.068,2.875,7.774],"ledstate":[10.0,10.0,10.0],"loadpower":[7.9674200000000015,7.407876000000001,7.095656000000001],"batterytemp":[34.0,32.0,40.0],"triggerrate":[null,null,7.200004464002768],"triggersremaining":[null,null,22426.0],"crcerrors":[null,null,0.0]}