{"datalatency":[77.018825],"sensoruptime":[180.9975,179.99777777777777,180.9975],"battvoltage":[12.14,12.14,12.137],"arrayvoltage":[0.0,0.0,17.969],"chargecurrent":[0.002,0.012,9.81],"ledstate":[6.0,6.0,6.0],"loadpower":[23.460943999999998,23.52832,21.942296000000002],"batterytemp":[30.0,30.0,52.0],"triggerrate":[0.0,0.2,6.4],"triggersremaining":[5813.0,5813.0,6175.0],"crcerrors":[0.0,0.0,0.0]}