{"datalatency":[47.462610000000005],"sensoruptime":[null,null,null],"battvoltage":[12.595,12.61,12.28],"arrayvoltage":[0.9520000000000001,13.217,44.098],"chargecurrent":[0.0,0.0,4.486000000000001],"chargestate":[3.0,5.0,8.0],"loadpower":[0.0,0.0,0.0],"batterytemp":[14.0,16.0,24.0],"triggerrate":[null,null,null],"triggersremaining":[null,null,null],"crcerrors":[null,null,null]}