{"datalatency":[8.676716],"sensoruptime":[72.08611111111111,71.08638888888889,72.08611111111111],"battvoltage":[12.186,12.259,12.183],"arrayvoltage":[31.396,31.247,40.146],"chargecurrent":[0.8290000000000001,0.425,10.228],"chargestate":[5.0,5.0,6.0],"loadpower":[13.37212,13.980033,8.80245],"batterytemp":[20.0,17.0,34.0],"triggerrate":[0.0,0.0,0.2],"triggersremaining":[21640.0,21641.0,21647.0],"crcerrors":[0.0,0.0,0.0]}