{"datalatency":[20.865000000000002],"sensoruptime":[37.66361111111111,36.66361111111111,37.66361111111111],"battvoltage":[12.027000000000001,12.064,11.987],"arrayvoltage":[0.027000000000000003,0.08199999999999999,18.222],"chargecurrent":[0.002,0.002,10.26],"ledstate":[8.0,8.0,8.0],"loadpower":[23.999976000000004,25.376330999999997,21.692814],"batterytemp":[32.0,33.0,49.0],"triggerrate":[0.0,0.0,1.4],"triggersremaining":[1517.0,1517.0,1676.0],"crcerrors":[0.0,0.0,0.0]}