{"datalatency":[8.23454],"sensoruptime":[95.4113888888889,94.41166666666666,95.4113888888889],"battvoltage":[11.847000000000001,11.914000000000001,11.815999999999999],"arrayvoltage":[32.721,33.154,35.016],"chargecurrent":[0.618,0.573,2.174],"chargestate":[5.0,5.0,5.0],"loadpower":[13.812694,13.836468000000002,12.913230000000002],"batterytemp":[14.0,16.0,20.0],"triggerrate":[0.0,0.2,4.4],"triggersremaining":[21955.0,21955.0,22113.0],"crcerrors":[0.0,0.0,0.0]}