{"datalatency":[20.909184],"sensoruptime":[51.179722222222225,50.18277777777778,51.179722222222225],"battvoltage":[11.798,11.823,11.792],"arrayvoltage":[0.0,0.0,17.78],"chargecurrent":[0.005,0.005,7.774],"ledstate":[8.0,8.0,8.0],"loadpower":[24.280269999999998,24.968177,22.552155],"batterytemp":[26.0,26.0,40.0],"triggerrate":[0.0,0.0,7.200004464002768],"triggersremaining":[22184.0,22187.0,22428.0],"crcerrors":[null,null,0.0]}