{"datalatency":[13.329578000000001],"sensoruptime":[59.395,58.39805555555556,59.395],"battvoltage":[12.253,12.323,12.015],"arrayvoltage":[13.297,15.14,17.000999999999998],"chargecurrent":[0.133,0.853,10.545],"ledstate":[8.0,8.0,8.0],"loadpower":[23.839775999999997,23.233759999999997,21.262392999999996],"batterytemp":[38.0,45.0,52.0],"triggerrate":[0.0,0.0,6.0],"triggersremaining":[13107.0,13108.0,13506.0],"crcerrors":[0.0,0.0,2.0]}