{"datalatency":[37.585714],"sensoruptime":[null,null,null],"battvoltage":[12.372,12.372,10.287],"arrayvoltage":[1.123,0.8540000000000001,38.15],"chargecurrent":[0.0,0.0,3.1860000000000004],"chargestate":[3.0,3.0,6.0],"loadpower":[0.0,0.0,0.0],"batterytemp":[19.0,19.0,27.0],"triggerrate":[null,null,null],"triggersremaining":[null,null,null],"crcerrors":[0.0,null,0.0]}