{"datalatency":[17.031555],"sensoruptime":[6.016388888888889,5.016666666666667,null],"battvoltage":[13.168,13.333,11.31],"arrayvoltage":[17.239,16.357,19.531],"chargecurrent":[3.2689999999999997,4.317,12.99],"ledstate":[6.0,6.0,11.0],"loadpower":[26.63088,26.066208,0.0],"batterytemp":[39.0,41.0,41.0],"triggerrate":[0.0,0.0,null],"triggersremaining":[14570.0,14571.0,null],"crcerrors":[0.0,0.0,0.0]}