{"datalatency":[17.431824000000002],"sensoruptime":[179.21,178.21305555555554,179.21],"battvoltage":[12.14,12.292,11.795],"arrayvoltage":[15.915,17.38,17.38],"chargecurrent":[0.249,1.399,11.315],"ledstate":[8.0,8.0,8.0],"loadpower":[22.519944000000002,23.098766999999995,21.720450999999997],"batterytemp":[41.0,50.0,53.0],"triggerrate":[0.0,0.0,1.2000000000000002],"triggersremaining":[12693.0,12693.0,12706.0],"crcerrors":[0.0,0.0,2.0]}