{"datalatency":[60.623050000000006],"sensoruptime":[24.153333333333332,23.153333333333332,24.153333333333332],"battvoltage":[13.202,12.445,12.308],"arrayvoltage":[15.378,15.43,19.229],"chargecurrent":[5.602,1.5819999999999999,8.175],"ledstate":[6.0,6.0,6.0],"loadpower":[22.923136,23.00105,21.744449999999997],"batterytemp":[39.0,34.0,54.0],"triggerrate":[0.0,0.0,0.6],"triggersremaining":[7052.0,7053.0,7081.0],"crcerrors":[0.0,0.0,0.0]}