{"datalatency":[8.809076000000001],"sensoruptime":[127.91166666666666,126.92833333333333,127.91166666666666],"battvoltage":[12.192,12.277000000000001,12.073],"arrayvoltage":[12.784,26.239,34.378],"chargecurrent":[0.0,0.196,12.84],"chargestate":[5.0,5.0,5.0],"loadpower":[14.160131999999999,14.230879999999997,10.0584],"batterytemp":[23.0,24.0,33.0],"triggerrate":[1.4,2.2,4.8],"triggersremaining":[21140.0,21256.0,21506.0],"crcerrors":[0.0,0.0,0.0]}