{"datalatency":[15.618882000000001],"sensoruptime":[409.84583333333336,408.8486111111111,409.84583333333336],"battvoltage":[12.714,12.054,12.020999999999999],"arrayvoltage":[15.677,16.455,18.317],"chargecurrent":[5.233,0.688,10.873],"ledstate":[8.0,8.0,8.0],"loadpower":[23.057502,23.147675,20.983984000000003],"batterytemp":[36.0,30.0,52.0],"triggerrate":[0.0,0.0,1.2000000000000002],"triggersremaining":[12598.0,12598.0,12606.0],"crcerrors":[0.0,0.0,2.0]}