{"datalatency":[20.932247],"sensoruptime":[53.346111111111114,52.34638888888889,53.346111111111114],"battvoltage":[11.722000000000001,11.758,11.719000000000001],"arrayvoltage":[0.0,0.0,17.78],"chargecurrent":[0.005,0.002,7.774],"ledstate":[8.0,8.0,8.0],"loadpower":[24.588689999999996,23.61907,22.552155],"batterytemp":[25.0,25.0,40.0],"triggerrate":[0.0,0.0,7.200004464002768],"triggersremaining":[22183.0,22183.0,22427.0],"crcerrors":[null,null,0.0]}