{"datalatency":[76.368988],"sensoruptime":[107.00861111111111,106.02527777777777,107.00861111111111],"battvoltage":[12.369000000000002,12.378,12.222000000000001],"arrayvoltage":[0.0,0.021,18.340999999999998],"chargecurrent":[0.002,0.002,7.815],"ledstate":[6.0,6.0,6.0],"loadpower":[23.429862,23.787225000000003,21.964412],"batterytemp":[30.0,30.0,55.0],"triggerrate":[0.0,0.0,0.4],"triggersremaining":[6291.0,6291.0,6299.0],"crcerrors":[0.0,0.0,0.0]}