{"datalatency":[19.289676],"sensoruptime":[514.3286111111111,513.3286111111111,514.3286111111111],"battvoltage":[11.874,11.835,11.819],"arrayvoltage":[16.266,12.762,17.145],"chargecurrent":[0.445,0.07200000000000001,3.602],"ledstate":[8.0,8.0,8.0],"loadpower":[22.93662,23.480478,21.980286000000003],"batterytemp":[30.0,32.0,39.0],"triggerrate":[0.0,0.0,2.4000000000000004],"triggersremaining":[11323.0,11326.0,11435.0],"crcerrors":[0.0,0.0,2.0]}