{"datalatency":[15.813424000000001],"sensoruptime":[417.5113888888889,416.51416666666665,417.5113888888889],"battvoltage":[12.784,12.958,12.020999999999999],"arrayvoltage":[15.628,15.142999999999999,18.317],"chargecurrent":[3.633,5.59,9.984],"ledstate":[6.0,6.0,8.0],"loadpower":[23.529394000000003,23.353668000000003,20.983984000000003],"batterytemp":[52.0,56.0,57.0],"triggerrate":[0.0,0.0,1.2000000000000002],"triggersremaining":[12596.0,12596.0,12602.0],"crcerrors":[0.0,0.0,2.0]}