{"datalatency":[8.864754000000001],"sensoruptime":[5.560277777777777,4.5633333333333335,null],"battvoltage":[11.469000000000001,11.620999999999999,11.31],"arrayvoltage":[0.021,0.085,19.949],"chargecurrent":[0.002,0.005,9.745],"ledstate":[10.0,10.0,10.0],"loadpower":[24.693120000000004,23.756106000000003,5.908896],"batterytemp":[26.0,27.0,51.0],"triggerrate":[0.0,0.0,null],"triggersremaining":[14567.0,14567.0,null],"crcerrors":[0.0,0.0,0.0]}