{"datalatency":[13.538383000000001],"sensoruptime":[61.72805555555556,60.73111111111111,61.72805555555556],"battvoltage":[12.177,12.207,12.015],"arrayvoltage":[0.107,0.021,17.000999999999998],"chargecurrent":[0.005,0.005,10.545],"ledstate":[8.0,8.0,8.0],"loadpower":[23.561668,23.719800000000003,21.262392999999996],"batterytemp":[31.0,33.0,52.0],"triggerrate":[0.0,0.0,6.0],"triggersremaining":[13105.0,13105.0,13504.0],"crcerrors":[0.0,0.0,2.0]}