{"datalatency":[8.20576],"sensoruptime":[95.57805555555555,94.595,95.57805555555555],"battvoltage":[11.877,11.877,11.815999999999999],"arrayvoltage":[32.721,29.346,35.016],"chargecurrent":[0.879,0.34299999999999997,2.174],"chargestate":[5.0,5.0,5.0],"loadpower":[13.854526,13.789908000000004,12.913230000000002],"batterytemp":[14.0,15.0,20.0],"triggerrate":[0.0,0.0,4.4],"triggersremaining":[21955.0,21955.0,22113.0],"crcerrors":[0.0,0.0,0.0]}