{"datalatency":[8.51204],"sensoruptime":[34.92472222222222,33.925,34.92472222222222],"battvoltage":[12.537,12.573,12.112],"arrayvoltage":[0.568,0.58,41.489],"chargecurrent":[0.0,0.0,11.902999999999999],"chargestate":[3.0,3.0,6.0],"loadpower":[14.075682,13.756379999999998,9.02565],"batterytemp":[18.0,19.0,35.0],"triggerrate":[0.0,0.0,0.8],"triggersremaining":[21653.0,21653.0,21687.0],"crcerrors":[0.0,0.0,0.0]}