{"datalatency":[37.718872000000005],"sensoruptime":[0.24722222222222223,0.5441666666666667,null],"battvoltage":[11.719000000000001,11.484000000000002,10.477],"arrayvoltage":[0.772,24.899,43.57899999999999],"chargecurrent":[0.0,0.077,2.897],"chargestate":[3.0,5.0,7.0],"loadpower":[13.639895999999998,14.16365,0.0],"batterytemp":[16.0,18.0,24.0],"triggerrate":[0.0,0.0,null],"triggersremaining":[0.0,0.0,null],"crcerrors":[28.0,0.0,20.0]}