{"datalatency":[8.226351000000001],"sensoruptime":[85.7461111111111,84.76277777777777,85.7461111111111],"battvoltage":[11.96,11.99,11.96],"arrayvoltage":[0.7809999999999999,0.7929999999999999,35.016],"chargecurrent":[0.0,0.0,2.8360000000000003],"chargestate":[3.0,3.0,5.0],"loadpower":[13.854526,13.924932,13.31694],"batterytemp":[11.0,11.0,20.0],"triggerrate":[0.2,0.2,4.4],"triggersremaining":[21976.0,21982.0,22179.0],"crcerrors":[0.0,0.0,0.0]}