{"datalatency":[8.659808],"sensoruptime":[53.422222222222224,52.43888888888889,53.422222222222224],"battvoltage":[13.614,14.023,12.18],"arrayvoltage":[32.858000000000004,37.921,40.521],"chargecurrent":[2.5780000000000003,3.213,10.228],"chargestate":[5.0,6.0,6.0],"loadpower":[10.849456,9.13725,8.80245],"batterytemp":[31.0,34.0,35.0],"triggerrate":[0.0,0.0,0.2],"triggersremaining":[21646.0,21646.0,21654.0],"crcerrors":[0.0,0.0,0.0]}