{"datalatency":[7.578085000000001],"sensoruptime":[0.0913888888888889,null,null],"battvoltage":[14.6,14.575,12.299000000000001],"arrayvoltage":[41.254,42.255,44.162],"chargecurrent":[1.4709999999999999,0.33799999999999997,2.2319999999999998],"chargestate":[6.0,6.0,7.0],"loadpower":[13.906619999999998,0.0,0.0],"batterytemp":[15.0,16.0,19.0],"triggerrate":[14.0,null,null],"triggersremaining":[22381.0,null,null],"crcerrors":[0.0,0.0,0.0]}