{"datalatency":[12.259387],"sensoruptime":[315.0261111111111,314.02916666666664,315.0261111111111],"battvoltage":[12.637,13.092,12.253],"arrayvoltage":[15.380999999999998,16.214000000000002,18.753],"chargecurrent":[1.4369999999999998,5.89,9.376],"ledstate":[6.0,6.0,6.0],"loadpower":[24.785362000000003,22.251358,21.533700000000003],"batterytemp":[38.0,34.0,50.0],"triggerrate":[0.0,0.0,1.2000000000000002],"triggersremaining":[12628.0,12628.0,12639.0],"crcerrors":[0.0,0.0,2.0]}