{"datalatency":[8.591735],"sensoruptime":[69.08666666666667,68.10333333333334,69.08666666666667],"battvoltage":[12.259,12.259,12.18],"arrayvoltage":[0.745,0.65,40.146],"chargecurrent":[0.0,0.0,10.228],"chargestate":[3.0,3.0,6.0],"loadpower":[14.126805000000001,14.187959999999999,8.80245],"batterytemp":[15.0,15.0,34.0],"triggerrate":[0.0,0.0,0.2],"triggersremaining":[21641.0,21641.0,21648.0],"crcerrors":[0.0,0.0,0.0]}