{"datalatency":[31.587663000000003],"sensoruptime":[6.8325,5.832777777777777,152.8761111111111],"battvoltage":[11.993,12.14,11.453],"arrayvoltage":[17.334,17.727999999999998,20.047],"chargecurrent":[2.384,2.7489999999999997,14.731],"chargestate":[5,5,6],"loadpower":[26.974992,26.430926,0.0],"batterytemp":[26,26,39],"triggerrate":[null,null,null],"triggersremaining":[14672.0,14672.0,14730.0],"crcerrors":[null,null,0.0]}