{"datalatency":[13.626913],"sensoruptime":[35.780833333333334,34.78111111111111,35.780833333333334],"battvoltage":[12.097000000000001,12.555,11.652000000000001],"arrayvoltage":[13.171,16.012999999999998,17.334],"chargecurrent":[0.184,3.032,11.398],"chargestate":[5.0,5.0,6.0],"loadpower":[24.16827,23.229747000000003,21.713829000000004],"batterytemp":[41.0,52.0,52.0],"triggerrate":[0.0,1.2000000000000002,8.4],"triggersremaining":[21011.0,21045.0,21418.0],"crcerrors":[0.0,0.0,0.0]}