{"datalatency":[7.442537000000001],"sensoruptime":[160.73944444444444,159.73944444444444,160.73944444444444],"battvoltage":[12.335,12.36,11.868],"arrayvoltage":[0.616,0.62,42.465],"chargecurrent":[0.0,0.0,15.0],"chargestate":[3.0,3.0,6.0],"loadpower":[13.649572,13.541368,8.596613999999999],"batterytemp":[9.0,10.0,33.0],"triggerrate":[0.0,0.0,0.8],"triggersremaining":[20377.0,20379.0,20469.0],"crcerrors":[0.0,0.0,0.0]}