{"datalatency":[7.071886],"sensoruptime":[150.74083333333334,149.7575,150.74083333333334],"battvoltage":[14.175,14.175,11.868],"arrayvoltage":[41.388000000000005,41.675,42.465],"chargecurrent":[3.583,3.911,15.0],"chargestate":[6.0,6.0,6.0],"loadpower":[9.503884,10.873018,8.596613999999999],"batterytemp":[29.0,29.0,33.0],"triggerrate":[0.0,0.2,6.4],"triggersremaining":[20433.0,20437.0,21289.0],"crcerrors":[0.0,0.0,0.0]}