{"datalatency":[23.388376],"sensoruptime":[6.5472222222222225,5.55,57.48722222222222],"battvoltage":[12.017999999999999,12.067,11.639000000000001],"arrayvoltage":[12.86,15.964,17.78],"chargecurrent":[0.048,0.391,12.284],"ledstate":[8.0,8.0,10.0],"loadpower":[24.500849999999996,24.228203999999998,6.942914999999999],"batterytemp":[30.0,33.0,48.0],"triggerrate":[0.0,0.0,7.200004464002768],"triggersremaining":[22172.0,22174.0,22317.0],"crcerrors":[null,null,0.0]}