{"datalatency":[7.691256],"sensoruptime":[0.565,227.56166666666667,227.69416666666666],"battvoltage":[12.015,12.03,11.963],"arrayvoltage":[0.8420000000000001,1.147,36.472],"chargecurrent":[0.0,0.0,3.503],"chargestate":[3.0,3.0,5.0],"loadpower":[14.263243999999998,13.968000000000002,9.995777999999998],"batterytemp":[14.0,15.0,18.0],"triggerrate":[1.0,3.6,24.0],"triggersremaining":[19020.0,19280.0,20344.0],"crcerrors":[0.0,0.0,1.0]}