{"datalatency":[78.442137],"sensoruptime":[94.01055555555556,93.02722222222222,94.01055555555556],"battvoltage":[13.449000000000002,13.29,12.222000000000001],"arrayvoltage":[14.499,14.749,18.109],"chargecurrent":[7.728,7.271,8.001],"ledstate":[6.0,6.0,6.0],"loadpower":[23.610594,23.279088,21.964412],"batterytemp":[52.0,49.0,58.0],"triggerrate":[0.0,0.0,0.6],"triggersremaining":[6296.0,6296.0,6315.0],"crcerrors":[0.0,0.0,0.0]}