{"datalatency":[5.107908],"sensoruptime":[null,null,61.55722222222222],"battvoltage":[12.152000000000001,12.1,11.606],"arrayvoltage":[16.455,16.266,18.410999999999998],"chargecurrent":[0.631,0.40299999999999997,12.030999999999999],"ledstate":[8.0,8.0,10.0],"loadpower":[8.004480000000001,10.363859999999999,6.16488],"batterytemp":[29.0,28.0,56.0],"triggerrate":[null,null,1.2000000000000002],"triggersremaining":[null,null,20759.0],"crcerrors":[null,null,1.0]}