{"datalatency":[8.297086],"sensoruptime":[null,null,null],"battvoltage":[12.72,12.725999999999999,12.530999999999999],"arrayvoltage":[0.8540000000000001,0.94,40.985],"chargecurrent":[0.0,0.002,1.911],"chargestate":[3.0,3.0,6.0],"loadpower":[0.0,0.0,0.0],"batterytemp":[21.0,21.0,26.0],"triggerrate":[null,null,null],"triggersremaining":[null,null,null],"crcerrors":[null,null,null]}