{"datalatency":[7.239329000000001],"sensoruptime":[15.213611111111112,14.213888888888889,null],"battvoltage":[12.222000000000001,12.274000000000001,12.1],"arrayvoltage":[0.021,0.018000000000000002,18.439],"chargecurrent":[0.005,0.005,9.9],"ledstate":[6.0,6.0,8.0],"loadpower":[24.237144,23.453756,5.933112000000001],"batterytemp":[29.0,29.0,52.0],"triggerrate":[0.0,0.0,null],"triggersremaining":[14663.0,14663.0,null],"crcerrors":[0.0,0.0,0.0]}