{"datalatency":[9.909009000000001],"sensoruptime":[1.1747222222222222,0.1775,14.684444444444445],"battvoltage":[13.626,13.397,11.425999999999998],"arrayvoltage":[15.912,17.038,19.965],"chargecurrent":[6.4110000000000005,4.812,7.916],"ledstate":[6.0,6.0,11.0],"loadpower":[26.135725,25.233864,0.0],"batterytemp":[34.0,25.0,51.0],"triggerrate":[0.0,0.0,1.2000000000000002],"triggersremaining":[14564.0,14564.0,14567.0],"crcerrors":[0.0,0.0,0.0]}