{"datalatency":[30.800973000000003],"sensoruptime":[1.6666666666666667,0.6669444444444445,152.8761111111111],"battvoltage":[12.292,12.634,11.453],"arrayvoltage":[16.986,16.895,18.973],"chargecurrent":[2.8989999999999996,8.697000000000001,11.847000000000001],"chargestate":[5,5,6],"loadpower":[26.566176000000006,26.484605999999996,0.0],"batterytemp":[31,26,39],"triggerrate":[null,null,null],"triggersremaining":[14673.0,14673.0,15185.0],"crcerrors":[0.0,null,0.0]}