{"datalatency":[15.266933000000002],"sensoruptime":[59.28527777777778,58.285555555555554,59.28527777777778],"battvoltage":[12.325999999999999,12.9,11.499],"arrayvoltage":[16.992,15.767999999999999,18.410999999999998],"chargecurrent":[0.57,4.126,12.030999999999999],"ledstate":[8.0,8.0,10.0],"loadpower":[23.49164,23.339757,21.764498],"batterytemp":[52.0,55.0,56.0],"triggerrate":[0.0,0.0,6.0],"triggersremaining":[20755.0,20755.0,21036.0],"crcerrors":[0.0,0.0,1.0]}