{"datalatency":[22.476190000000003],"sensoruptime":[45.18055555555556,44.18083333333333,45.18055555555556],"battvoltage":[11.987,12.064,11.984000000000002],"arrayvoltage":[3.302,14.703,17.78],"chargecurrent":[0.005,0.435,7.774],"ledstate":[8.0,8.0,8.0],"loadpower":[24.607506000000004,23.36334,22.552155],"batterytemp":[30.0,34.0,40.0],"triggerrate":[0.0,0.0,2.4000255842727283],"triggersremaining":[22316.0,22317.0,22429.0],"crcerrors":[null,null,0.0]}