{"datalatency":[23.767642000000002],"sensoruptime":[11.046388888888888,10.049444444444445,57.48722222222222],"battvoltage":[11.798,11.835,11.639000000000001],"arrayvoltage":[0.021,0.034,17.242],"chargecurrent":[0.002,0.002,12.284],"ledstate":[8.0,8.0,10.0],"loadpower":[24.049103,24.816477000000003,6.942914999999999],"batterytemp":[25.0,25.0,48.0],"triggerrate":[0.0,0.0,7.200004464002768],"triggersremaining":[22166.0,22166.0,22303.0],"crcerrors":[null,null,0.0]}