{"datalatency":[11.931311],"sensoruptime":[null,null,null],"battvoltage":[12.027000000000001,11.993,11.703],"arrayvoltage":[15.142999999999999,12.975999999999999,17.825],"chargecurrent":[0.408,0.08199999999999999,11.344000000000001],"chargestate":[5.0,5.0,6.0],"loadpower":[6.881157,7.292775,0.0],"batterytemp":[26.0,25.0,47.0],"triggerrate":[null,null,null],"triggersremaining":[null,null,null],"crcerrors":[null,null,0.0]}