{"datalatency":[76.742514],"sensoruptime":[38.8525,37.8525,38.8525],"battvoltage":[12.225,12.253,12.14],"arrayvoltage":[11.905,0.0,17.337],"chargecurrent":[0.005,0.002,9.245],"ledstate":[6.0,6.0,6.0],"loadpower":[23.529312000000004,23.563925,22.116975999999998],"batterytemp":[27.0,27.0,55.0],"triggerrate":[0.0,0.0,0.2],"triggersremaining":[6323.0,6323.0,6329.0],"crcerrors":[0.0,0.0,0.0]}