{"datalatency":[7.6504970000000005],"sensoruptime":[219.56416666666667,218.56444444444443,219.56416666666667],"battvoltage":[12.305,12.335,12.097000000000001],"arrayvoltage":[31.1,34.027,41.711000000000006],"chargecurrent":[0.401,1.652,3.503],"chargestate":[5.0,5.0,6.0],"loadpower":[14.283444000000001,13.712784000000001,9.208645],"batterytemp":[17.0,16.0,30.0],"triggerrate":[0.6,0.2,1.0],"triggersremaining":[20262.0,20284.0,20352.0],"crcerrors":[0.0,0.0,0.0]}