{"datalatency":[20.745248],"sensoruptime":[32.4975,31.514444444444443,32.4975],"battvoltage":[12.308,12.520999999999999,11.987],"arrayvoltage":[16.067999999999998,16.452,18.222],"chargecurrent":[1.3459999999999999,2.363,10.26],"ledstate":[6.0,6.0,8.0],"loadpower":[23.46708,23.100514,21.692814],"batterytemp":[43.0,42.0,49.0],"triggerrate":[1.0,0.0,5.0],"triggersremaining":[1544.0,1589.0,1737.0],"crcerrors":[0.0,0.0,0.0]}