{"datalatency":[10.143513],"sensoruptime":[null,null,0.018333333333333333],"battvoltage":[13.376,12.921,12.567],"arrayvoltage":[29.736,28.668000000000003,43.347],"chargecurrent":[0.316,0.297,2.597],"chargestate":[5.0,5.0,7.0],"loadpower":[0.0,0.0,0.0],"batterytemp":[11.0,11.0,20.0],"triggerrate":[null,null,null],"triggersremaining":[null,null,0.0],"crcerrors":[0.0,null,1.0]}