{"datalatency":[13.064085],"sensoruptime":[340.0225,339.0227777777778,340.0225],"battvoltage":[12.717,13.168,12.109000000000002],"arrayvoltage":[16.605,15.964,18.03],"chargecurrent":[3.384,8.646,11.622],"ledstate":[6.0,6.0,6.0],"loadpower":[22.90175,22.54016,21.638656000000005],"batterytemp":[39.0,36.0,44.0],"triggerrate":[0.0,0.0,1.2000000000000002],"triggersremaining":[12621.0,12622.0,12627.0],"crcerrors":[0.0,0.0,2.0]}