{"datalatency":[25.971573000000003],"sensoruptime":[4.536111111111111,3.5375,null],"battvoltage":[12.216,12.411,12.155],"arrayvoltage":[22.345,28.088,42.218],"chargecurrent":[0.002,0.754,2.839],"chargestate":[5.0,5.0,7.0],"loadpower":[14.8962,15.080229999999998,0.0],"batterytemp":[25.0,27.0,32.0],"triggerrate":[22.2,15.2,null],"triggersremaining":[15201.0,16289.0,null],"crcerrors":[0.0,0.0,2.0]}