{"datalatency":[7.9209380000000005],"sensoruptime":[21.599444444444444,20.599722222222223,null],"battvoltage":[11.533,11.569,11.533],"arrayvoltage":[0.961,0.6809999999999999,42.996],"chargecurrent":[0.0,0.0,15.002],"chargestate":[3.0,3.0,6.0],"loadpower":[14.093625000000001,13.469514,0.0],"batterytemp":[2.0,2.0,28.0],"triggerrate":[0.0,0.0,null],"triggersremaining":[18422.0,18422.0,null],"crcerrors":[0.0,0.0,0.0]}