{"datalatency":[10.458846000000001],"sensoruptime":[12.45111111111111,11.454166666666667,null],"battvoltage":[12.14,12.253,11.798],"arrayvoltage":[12.762,17.093,17.526],"chargecurrent":[0.01,0.884,10.419],"chargestate":[5.0,5.0,5.0],"loadpower":[23.552576,23.443884,6.167125],"batterytemp":[35.0,45.0,49.0],"triggerrate":[1.2000000000000002,0.0,null],"triggersremaining":[21405.0,21420.0,null],"crcerrors":[0.0,0.0,0.0]}