{"datalatency":[18.54431],"sensoruptime":[95.36027777777778,94.36027777777778,95.36027777777778],"battvoltage":[13.437000000000001,13.44,12.222000000000001],"arrayvoltage":[17.16,16.492,18.109],"chargecurrent":[6.018,6.957000000000001,7.815],"ledstate":[5.0,5.0,6.0],"loadpower":[23.022199999999998,22.607265,21.964412],"batterytemp":[53.0,53.0,58.0],"triggerrate":[0.0,0.0,0.6],"triggersremaining":[6296.0,6296.0,6314.0],"crcerrors":[0.0,0.0,0.0]}