{"datalatency":[16.655409000000002],"sensoruptime":[null,null,null],"battvoltage":[14.02,14.151,12.18],"arrayvoltage":[19.519000000000002,19.412,19.625999999999998],"chargecurrent":[3.841,4.058,9.955],"chargestate":[6.0,6.0,6.0],"loadpower":[5.041936000000001,6.105225,4.102919999999999],"batterytemp":[34.0,30.0,38.0],"triggerrate":[null,null,null],"triggersremaining":[null,null,null],"crcerrors":[null,null,null]}