{"datalatency":[19.990174],"sensoruptime":[536.8252777777777,535.8280555555556,536.8252777777777],"battvoltage":[11.995999999999999,12.14,11.606],"arrayvoltage":[16.500999999999998,16.357,16.705],"chargecurrent":[2.201,2.346,11.448],"ledstate":[8.0,8.0,10.0],"loadpower":[23.8063,22.908951,22.057775999999997],"batterytemp":[40.0,49.0,51.0],"triggerrate":[0.0,1.2000000000000002,3.6],"triggersremaining":[11276.0,11288.0,11327.0],"crcerrors":[0.0,0.0,2.0]}