{"datalatency":[20.479752],"sensoruptime":[17.333055555555557,16.333333333333332,null],"battvoltage":[12.067,12.1,12.067],"arrayvoltage":[0.0,0.021,17.383],"chargecurrent":[0.005,0.002,10.453],"ledstate":[8.0,6.0,8.0],"loadpower":[23.873030999999994,23.668638,6.478731],"batterytemp":[30.0,30.0,52.0],"triggerrate":[0.0,0.0,null],"triggersremaining":[1675.0,1675.0,null],"crcerrors":[0.0,0.0,0.0]}