{"datalatency":[13.472953],"sensoruptime":[10.284722222222221,9.285,10.284722222222221],"battvoltage":[12.82,13.052,11.798],"arrayvoltage":[16.070999999999998,16.116,17.730999999999998],"chargecurrent":[3.904,6.547000000000001,10.419],"chargestate":[5.0,5.0,5.0],"loadpower":[23.361492,23.712,6.167125],"batterytemp":[49.0,46.0,49.0],"triggerrate":[0.0,0.0,15.600000000000001],"triggersremaining":[21424.0,21425.0,22145.0],"crcerrors":[0.0,0.0,0.0]}