{"datalatency":[14.582969],"sensoruptime":[12.207222222222223,11.210277777777778,49.00611111111111],"battvoltage":[11.481,11.53,11.42],"arrayvoltage":[0.0,0.0,19.531],"chargecurrent":[0.005,0.005,12.99],"ledstate":[10.0,10.0,10.0],"loadpower":[24.5946,24.189815999999997,5.941168],"batterytemp":[23.0,23.0,41.0],"triggerrate":[0.0,0.0,2.4000000000000004],"triggersremaining":[14584.0,14585.0,14653.0],"crcerrors":[0.0,0.0,0.0]}