{"datalatency":[8.390482],"sensoruptime":[46.256388888888885,45.25666666666667,46.256388888888885],"battvoltage":[12.228,12.259,12.112],"arrayvoltage":[12.890999999999998,0.5920000000000001,41.489],"chargecurrent":[0.0,0.0,11.902999999999999],"chargestate":[5.0,3.0,6.0],"loadpower":[14.10948,14.151267,9.02565],"batterytemp":[15.0,15.0,35.0],"triggerrate":[0.0,0.0,0.4],"triggersremaining":[21648.0,21648.0,21659.0],"crcerrors":[0.0,0.0,0.0]}