{"datalatency":[19.09674],"sensoruptime":[169.51611111111112,168.51638888888888,169.51611111111112],"battvoltage":[12.863,12.863,12.200999999999999],"arrayvoltage":[16.116,14.937999999999999,17.969],"chargecurrent":[3.4930000000000003,3.23,9.81],"ledstate":[6.0,6.0,6.0],"loadpower":[23.212175,23.398363999999997,21.942296000000002],"batterytemp":[45.0,52.0,55.0],"triggerrate":[0.4,2.4,4.6],"triggersremaining":[5985.0,6012.0,6192.0],"crcerrors":[0.0,0.0,0.0]}