{"datalatency":[20.514215],"sensoruptime":[13.83361111111111,12.83388888888889,13.83361111111111],"battvoltage":[12.173,12.186,12.1],"arrayvoltage":[0.021,0.107,17.383],"chargecurrent":[0.005,0.005,10.453],"ledstate":[6.0,6.0,6.0],"loadpower":[23.795136,23.865768000000003,6.478731],"batterytemp":[32.0,33.0,52.0],"triggerrate":[0.0,0.0,5.0],"triggersremaining":[1676.0,1676.0,1866.0],"crcerrors":[0.0,0.0,0.0]}