{"datalatency":[14.005934000000002],"sensoruptime":[10.38111111111111,9.383888888888889,61.55722222222222],"battvoltage":[12.445,12.520999999999999,12.1],"arrayvoltage":[3.11,13.62,18.439],"chargecurrent":[0.002,0.215,9.9],"ledstate":[6.0,6.0,8.0],"loadpower":[23.821628,23.553941000000002,5.933112000000001],"batterytemp":[35.0,43.0,52.0],"triggerrate":[0.0,0.0,1.2000000000000002],"triggersremaining":[14664.0,14665.0,20754.0],"crcerrors":[0.0,0.0,1.0]}