{"datalatency":[19.175497],"sensoruptime":[3.169722222222222,2.169722222222222,6.051944444444445],"battvoltage":[13.742,13.422,11.285],"arrayvoltage":[19.092,15.594000000000001,19.949],"chargecurrent":[3.034,3.16,9.745],"ledstate":[5.0,6.0,11.0],"loadpower":[25.808771999999994,26.246896,0.0],"batterytemp":[43.0,41.0,51.0],"triggerrate":[0.0,0.0,1.2000000000000002],"triggersremaining":[14567.0,14567.0,14570.0],"crcerrors":[0.0,0.0,0.0]}