{"datalatency":[14.470363],"sensoruptime":[95.55638888888889,94.55666666666667,95.55638888888889],"battvoltage":[12.1,12.067,11.995999999999999],"arrayvoltage":[16.36,14.99,17.337],"chargecurrent":[0.57,0.295,9.687000000000001],"ledstate":[8.0,8.0,8.0],"loadpower":[22.475114999999995,24.492468000000002,21.70458],"batterytemp":[29.0,28.0,58.0],"triggerrate":[0.0,0.0,2.4000000000000004],"triggersremaining":[13086.0,13086.0,13097.0],"crcerrors":[0.0,0.0,2.0]}