{"datalatency":[19.750307000000003],"sensoruptime":[null,null,null],"battvoltage":[12.027000000000001,12.1,11.572000000000001],"arrayvoltage":[18.607,17.526,18.805],"chargecurrent":[2.334,1.892,5.67],"chargestate":[5.0,5.0,6.0],"loadpower":[7.74774,8.999744,6.509968999999999],"batterytemp":[23.0,26.0,40.0],"triggerrate":[null,null,null],"triggersremaining":[null,null,null],"crcerrors":[null,null,null]}