{"datalatency":[8.247327],"sensoruptime":[102.07722222222222,101.09388888888888,102.07722222222222],"battvoltage":[11.725,11.745999999999999,11.725],"arrayvoltage":[1.135,1.141,34.863],"chargecurrent":[0.0,0.0,1.423],"chargestate":[3.0,3.0,5.0],"loadpower":[13.950942000000001,13.850768,12.790060000000002],"batterytemp":[13.0,13.0,16.0],"triggerrate":[0.2,0.0,0.8],"triggersremaining":[21943.0,21952.0,22048.0],"crcerrors":[0.0,0.0,0.0]}