{"datalatency":[8.196203],"sensoruptime":[83.74638888888889,82.76305555555555,83.74638888888889],"battvoltage":[11.99,12.03,11.99],"arrayvoltage":[0.7809999999999999,0.787,35.016],"chargecurrent":[0.0,0.0,2.8360000000000003],"chargestate":[3.0,3.0,5.0],"loadpower":[13.901005999999999,13.968000000000002,13.31694],"batterytemp":[12.0,12.0,20.0],"triggerrate":[0.0,0.0,4.4],"triggersremaining":[21988.0,21992.0,22193.0],"crcerrors":[0.0,0.0,0.0]}