{"datalatency":[8.198931],"sensoruptime":[6.751111111111111,5.768055555555556,11.270277777777778],"battvoltage":[14.139000000000001,14.175,11.154000000000002],"arrayvoltage":[40.283,39.760999999999996,42.251999999999995],"chargecurrent":[2.6039999999999996,2.227,2.7319999999999998],"chargestate":[6.0,6.0,6.0],"loadpower":[13.282622,13.285463000000002,0.0],"batterytemp":[30.0,29.0,30.0],"triggerrate":[0.0,0.4,0.8],"triggersremaining":[18379.0,18380.0,18400.0],"crcerrors":[0.0,0.0,0.0]}