{"datalatency":[37.697590000000005],"sensoruptime":[2.080277777777778,1.0822222222222222,9.396944444444445],"battvoltage":[14.386,14.355,10.477],"arrayvoltage":[41.943000000000005,41.26,43.57899999999999],"chargecurrent":[2.189,2.099,2.897],"chargestate":[6.0,6.0,6.0],"loadpower":[17.271881999999998,16.913092,0.0],"batterytemp":[22.0,23.0,26.0],"triggerrate":[56.0,57.0,58.6],"triggersremaining":[1942.0,5262.0,11629.0],"crcerrors":[7.0,6.0,7.0]}