{"datalatency":[8.151977],"sensoruptime":[0.0019444444444444444,null,null],"battvoltage":[11.154000000000002,12.491,11.154000000000002],"arrayvoltage":[26.656999999999996,0.7140000000000001,42.471000000000004],"chargecurrent":[0.075,0.0,5.733],"chargestate":[5.0,3.0,6.0],"loadpower":[15.445440000000001,0.0,0.0],"batterytemp":[3.0,3.0,28.0],"triggerrate":[null,null,null],"triggersremaining":[18392.0,null,null],"crcerrors":[0.0,null,0.0]}