{"datalatency":[8.048316],"sensoruptime":[null,null,62.22694444444444],"battvoltage":[12.415,12.415,11.456],"arrayvoltage":[0.7140000000000001,0.632,40.738],"chargecurrent":[0.0,0.0,11.615],"chargestate":[3.0,3.0,6.0],"loadpower":[0.0,0.0,0.0],"batterytemp":[14.0,15.0,34.0],"triggerrate":[null,null,0.2],"triggersremaining":[null,null,18413.0],"crcerrors":[0.0,null,0.0]}