{"datalatency":[8.540239],"sensoruptime":[36.42444444444445,35.44138888888889,36.42444444444445],"battvoltage":[12.491,12.527000000000001,12.112],"arrayvoltage":[0.583,0.583,41.489],"chargecurrent":[0.0,0.0,11.902999999999999],"chargestate":[3.0,3.0,6.0],"loadpower":[13.606320000000002,13.671718,9.02565],"batterytemp":[17.0,18.0,35.0],"triggerrate":[0.0,0.0,0.8],"triggersremaining":[21652.0,21653.0,21684.0],"crcerrors":[0.0,0.0,0.0]}