{"datalatency":[16.02766],"sensoruptime":[null,null,12.61],"battvoltage":[13.568,13.757,11.31],"arrayvoltage":[17.239,17.404,19.949],"chargecurrent":[4.561,3.9739999999999998,12.057],"ledstate":[5.0,5.0,11.0],"loadpower":[6.887040000000001,7.143048000000001,0.0],"batterytemp":[49.0,44.0,49.0],"triggerrate":[null,null,2.4000000000000004],"triggersremaining":[null,null,14635.0],"crcerrors":[0.0,null,0.0]}