{"datalatency":[15.633916000000001],"sensoruptime":[408.6791666666667,407.6822222222222,408.6791666666667],"battvoltage":[12.036,12.03,12.020999999999999],"arrayvoltage":[16.217,16.016,18.365],"chargecurrent":[0.623,0.452,10.873],"ledstate":[8.0,8.0,8.0],"loadpower":[23.111749999999997,23.051875,20.983984000000003],"batterytemp":[29.0,28.0,52.0],"triggerrate":[0.0,0.0,1.2000000000000002],"triggersremaining":[12598.0,12599.0,12606.0],"crcerrors":[0.0,0.0,2.0]}