{"datalatency":[11.948309],"sensoruptime":[25.733888888888888,24.736666666666668,25.733888888888888],"battvoltage":[12.595,12.14,11.892999999999999],"arrayvoltage":[16.989,16.452,19.733],"chargecurrent":[5.416,1.556,9.152999999999999],"ledstate":[8.0,8.0,8.0],"loadpower":[22.090894000000002,22.855344,21.57225],"batterytemp":[35.0,32.0,53.0],"triggerrate":[0.0,0.0,20.400000000000002],"triggersremaining":[13511.0,13511.0,14551.0],"crcerrors":[0.0,0.0,2.0]}