{"datalatency":[18.575355000000002],"sensoruptime":[75.69638888888889,74.71333333333334,75.69638888888889],"battvoltage":[12.741,13.280999999999999,12.216],"arrayvoltage":[17.145,16.837,17.965999999999998],"chargecurrent":[1.261,4.107,8.001],"ledstate":[6.0,5.0,6.0],"loadpower":[24.013264,23.111449,21.730287],"batterytemp":[56.0,58.0,58.0],"triggerrate":[0.0,0.2,0.6],"triggersremaining":[6306.0,6307.0,6320.0],"crcerrors":[0.0,0.0,0.0]}