{"datalatency":[20.906201000000003],"sensoruptime":[42.53194444444444,41.54888888888889,42.53194444444444],"battvoltage":[11.655,11.682,11.655],"arrayvoltage":[0.0,0.064,17.337],"chargecurrent":[0.005,0.002,10.720999999999998],"ledstate":[10.0,8.0,10.0],"loadpower":[24.550929999999997,23.707344,21.698432000000004],"batterytemp":[29.0,30.0,49.0],"triggerrate":[0.0,0.0,16.8],"triggersremaining":[41.0,41.0,1293.0],"crcerrors":[1.9999768521197672,0.0,2.0]}