{"datalatency":[10.161293],"sensoruptime":[12.117777777777778,11.118055555555555,null],"battvoltage":[12.177,12.329,11.798],"arrayvoltage":[13.235,17.429000000000002,17.526],"chargecurrent":[0.16899999999999998,1.208,10.419],"chargestate":[5.0,5.0,5.0],"loadpower":[23.768456000000004,23.25832,6.167125],"batterytemp":[38.0,47.0,49.0],"triggerrate":[0.0,0.0,null],"triggersremaining":[21412.0,21420.0,null],"crcerrors":[0.0,0.0,0.0]}