{"datalatency":[8.764891],"sensoruptime":[124.91222222222223,123.9125,124.91222222222223],"battvoltage":[12.454,12.894,12.073],"arrayvoltage":[32.126,33.051,40.521],"chargecurrent":[1.256,4.034,12.84],"chargestate":[5.0,5.0,6.0],"loadpower":[14.567994,11.131951999999998,8.207364000000002],"batterytemp":[31.0,29.0,33.0],"triggerrate":[0.6,0.4,1.0],"triggersremaining":[21408.0,21425.0,21523.0],"crcerrors":[0.0,0.0,0.0]}