{"datalatency":[8.03035],"sensoruptime":[55.42805555555555,54.444722222222225,55.42805555555555],"battvoltage":[13.29,14.102,11.645999999999999],"arrayvoltage":[27.829,40.366,40.738],"chargecurrent":[1.6980000000000002,3.138,11.615],"chargestate":[5.0,6.0,6.0],"loadpower":[14.4534,12.2325,9.041284000000001],"batterytemp":[26.0,31.0,34.0],"triggerrate":[0.0,0.0,0.4],"triggersremaining":[18410.0,18410.0,18419.0],"crcerrors":[0.0,0.0,0.0]}