{"datalatency":[7.485973],"sensoruptime":[173.4038888888889,172.40416666666667,173.4038888888889],"battvoltage":[14.290999999999999,14.290999999999999,12.183],"arrayvoltage":[42.365,42.688,43.121],"chargecurrent":[2.8480000000000003,3.0610000000000004,10.794],"chargestate":[6.0,6.0,6.0],"loadpower":[12.331824000000001,13.321764000000002,8.98432],"batterytemp":[25.0,25.0,30.0],"triggerrate":[0.0,0.0,0.8],"triggersremaining":[20368.0,20368.0,20444.0],"crcerrors":[0.0,0.0,0.0]}