{"datalatency":[8.15178],"sensoruptime":[7.3375,6.337777777777778,62.22694444444444],"battvoltage":[14.27,14.27,11.319],"arrayvoltage":[42.026,41.949,42.471000000000004],"chargecurrent":[2.6210000000000004,2.742,5.733],"chargestate":[6.0,6.0,6.0],"loadpower":[12.331824000000001,12.374250000000002,0.0],"batterytemp":[26.0,26.0,32.0],"triggerrate":[0.0,0.0,0.5],"triggersremaining":[18400.0,18400.0,18410.0],"crcerrors":[0.0,0.0,0.0]}