{"datalatency":[8.263818],"sensoruptime":[110.07611111111112,109.09277777777778,110.07611111111112],"battvoltage":[11.569,11.591,11.569],"arrayvoltage":[0.821,0.8270000000000001,34.863],"chargecurrent":[0.0,0.0,1.423],"chargestate":[3.0,3.0,5.0],"loadpower":[14.138950000000001,14.219744,12.790060000000002],"batterytemp":[15.0,14.0,16.0],"triggerrate":[0.0,0.0,0.6],"triggersremaining":[21935.0,21935.0,21974.0],"crcerrors":[0.0,0.0,0.0]}