{"datalatency":[8.765819],"sensoruptime":[121.7461111111111,120.76277777777777,121.7461111111111],"battvoltage":[12.375,12.415,12.073],"arrayvoltage":[32.126,32.272,41.65],"chargecurrent":[2.09,2.609,9.252],"chargestate":[5.0,5.0,6.0],"loadpower":[14.117180000000001,14.396544000000002,8.207364000000002],"batterytemp":[26.0,25.0,32.0],"triggerrate":[0.0,0.2,0.8],"triggersremaining":[21443.0,21446.0,21531.0],"crcerrors":[0.0,0.0,0.0]}