{"datalatency":[8.484035],"sensoruptime":[28.25888888888889,27.275833333333335,28.25888888888889],"battvoltage":[14.056,14.107999999999999,12.112],"arrayvoltage":[40.088,40.9,41.489],"chargecurrent":[3.7880000000000003,4.078,11.902999999999999],"chargestate":[6.0,6.0,6.0],"loadpower":[12.605177999999999,9.13725,9.067364],"batterytemp":[33.0,31.0,38.0],"triggerrate":[0.0,0.0,1.0],"triggersremaining":[21654.0,21655.0,21736.0],"crcerrors":[0.0,0.0,0.0]}