{"datalatency":[7.887137],"sensoruptime":[14.434166666666666,13.450833333333334,31.859444444444446],"battvoltage":[11.770999999999999,11.800999999999998,11.465],"arrayvoltage":[0.726,0.745,42.996],"chargecurrent":[0.0,0.0,15.002],"chargestate":[3.0,3.0,6.0],"loadpower":[13.634908000000001,13.701444,0.0],"batterytemp":[4.0,5.0,28.0],"triggerrate":[0.0,0.0,2.0],"triggersremaining":[18426.0,18427.0,18565.0],"crcerrors":[0.0,0.0,4.0]}