{"datalatency":[66.627696],"sensoruptime":[35.15111111111111,34.15138888888889,35.15111111111111],"battvoltage":[12.520999999999999,12.558,12.308],"arrayvoltage":[0.021,13.08,18.448],"chargecurrent":[0.005,0.002,9.011000000000001],"ledstate":[6.0,6.0,6.0],"loadpower":[23.904699,23.573933999999998,21.981199999999998],"batterytemp":[35.0,40.0,53.0],"triggerrate":[0.0,0.0,0.2],"triggersremaining":[7050.0,7050.0,7057.0],"crcerrors":[0.0,0.0,0.0]}