{"datalatency":[37.890849],"sensoruptime":[0.11,null,9.396944444444445],"battvoltage":[12.177,12.497,10.477],"arrayvoltage":[29.201999999999998,13.235,43.448],"chargecurrent":[0.331,0.005,5.0760000000000005],"chargestate":[5.0,5.0,8.0],"loadpower":[13.896594,0.0,0.0],"batterytemp":[9.0,8.0,26.0],"triggerrate":[0.0,null,19.2],"triggersremaining":[11441.0,null,11673.0],"crcerrors":[0.0,0.0,0.0]}