{"datalatency":[8.375499000000001],"sensoruptime":[56.42166666666667,55.42194444444444,56.42166666666667],"battvoltage":[12.642999999999999,12.642999999999999,12.18],"arrayvoltage":[21.115,28.516,40.146],"chargecurrent":[0.01,0.519,10.228],"chargestate":[5.0,5.0,6.0],"loadpower":[13.836461,13.87134,8.80245],"batterytemp":[24.0,26.0,34.0],"triggerrate":[0.0,0.0,0.2],"triggersremaining":[21645.0,21646.0,21653.0],"crcerrors":[0.0,0.0,0.0]}