{"datalatency":[37.785514],"sensoruptime":[3.5566666666666666,2.5569444444444445,7.746944444444445],"battvoltage":[12.149000000000001,12.753,10.802999999999999],"arrayvoltage":[32.321,31.393,38.15],"chargecurrent":[1.087,1.3430000000000002,3.1860000000000004],"chargestate":[5.0,5.0,6.0],"loadpower":[13.639752,13.977070000000001,0.0],"batterytemp":[27.0,27.0,28.0],"triggerrate":[0.0,0.0,null],"triggersremaining":[11687.0,11687.0,12014.0],"crcerrors":[0.0,0.0,0.0]}