{"datalatency":[22.227571],"sensoruptime":[311.69055555555553,310.6936111111111,311.69055555555553],"battvoltage":[12.283,12.274000000000001,12.183],"arrayvoltage":[15.575999999999999,13.864,18.463],"chargecurrent":[0.355,0.18100000000000002,9.376],"ledstate":[6.0,6.0,6.0],"loadpower":[22.491972000000004,23.686335,21.533700000000003],"batterytemp":[24.0,23.0,50.0],"triggerrate":[0.0,0.0,1.2000000000000002],"triggersremaining":[12629.0,12629.0,12640.0],"crcerrors":[0.0,0.0,2.0]}