{"datalatency":[9.654808000000001],"sensoruptime":[null,null,1.2466666666666666],"battvoltage":[14.062000000000001,14.722000000000001,10.352],"arrayvoltage":[42.163000000000004,43.555,45.523],"chargecurrent":[1.935,1.65,2.6889999999999996],"chargestate":[7.0,6.0,7.0],"loadpower":[19.593995999999997,14.339304,0.0],"batterytemp":[13.0,11.0,13.0],"triggerrate":[0.0,0.0,0.0],"triggersremaining":[null,null,0.0],"crcerrors":[2.0,0.0,1.0]}