{"datalatency":[19.994918000000002],"sensoruptime":[262.99611111111113,261.9963888888889,262.99611111111113],"battvoltage":[13.046,12.905999999999999,11.874],"arrayvoltage":[14.651,14.163,17.432000000000002],"chargecurrent":[8.627,8.023,8.97],"ledstate":[8.0,8.0,8.0],"loadpower":[23.407200000000003,23.010434999999998,22.057204000000002],"batterytemp":[55.0,53.0,55.0],"triggerrate":[0.0,0.0,5.0],"triggersremaining":[3308.0,3312.0,3871.0],"crcerrors":[0.0,0.0,0.0]}