{"datalatency":[37.693281],"sensoruptime":[0.9433333333333334,0.04833333333333333,9.396944444444445],"battvoltage":[12.067,10.477,10.477],"arrayvoltage":[34.183,28.467,43.448],"chargecurrent":[1.077,0.41100000000000003,5.0760000000000005],"chargestate":[5.0,5.0,8.0],"loadpower":[13.24895,13.810644,0.0],"batterytemp":[11.0,9.0,26.0],"triggerrate":[0.0,0.0,19.2],"triggersremaining":[11440.0,11441.0,11658.0],"crcerrors":[0.0,0.0,0.0]}