{"datalatency":[12.158297000000001],"sensoruptime":[50.94777777777778,49.95055555555555,50.94777777777778],"battvoltage":[12.411,11.645999999999999,11.499],"arrayvoltage":[16.012999999999998,16.750999999999998,18.410999999999998],"chargecurrent":[6.426,1.693,11.398],"ledstate":[10.0,10.0,10.0],"loadpower":[22.860450000000004,23.99958,21.727188],"batterytemp":[37.0,29.0,52.0],"triggerrate":[0.0,0.0,6.0],"triggersremaining":[20759.0,20759.0,21155.0],"crcerrors":[0.0,0.0,1.0]}