{"datalatency":[19.970158],"sensoruptime":[26.350277777777777,25.350277777777777,26.350277777777777],"battvoltage":[12.253,12.292,12.07],"arrayvoltage":[0.021,0.08199999999999999,18.872],"chargecurrent":[0.002,0.005,10.158],"ledstate":[6.0,6.0,8.0],"loadpower":[24.273903,24.326679999999996,22.619726999999994],"batterytemp":[25.0,26.0,50.0],"triggerrate":[0.0,0.0,1.2000035280103725],"triggersremaining":[22428.0,22428.0,22434.0],"crcerrors":[null,null,0.0]}