{"datalatency":[12.695824],"sensoruptime":[45.27638888888889,44.27916666666667,45.27638888888889],"battvoltage":[11.645999999999999,11.682,11.645999999999999],"arrayvoltage":[0.0,0.0,17.334],"chargecurrent":[0.002,0.002,11.398],"chargestate":[3.0,3.0,6.0],"loadpower":[23.178590000000003,24.355289999999997,21.713829000000004],"batterytemp":[25.0,25.0,52.0],"triggerrate":[0.0,0.0,6.0],"triggersremaining":[20760.0,20760.0,21171.0],"crcerrors":[0.0,0.0,1.0]}