{"datalatency":[8.726703],"sensoruptime":[105.08166666666666,104.08166666666666,105.08166666666666],"battvoltage":[12.512,12.567,12.03],"arrayvoltage":[0.851,21.21,41.65],"chargecurrent":[0.0,0.006999999999999999,11.832],"chargestate":[3.0,5.0,6.0],"loadpower":[13.709209,13.690404000000003,8.207364000000002],"batterytemp":[21.0,22.0,32.0],"triggerrate":[0.0,0.0,0.6],"triggersremaining":[21502.0,21505.0,21603.0],"crcerrors":[0.0,0.0,0.0]}