{"datalatency":[28.840403000000002],"sensoruptime":[23.148055555555555,22.148055555555555,null],"battvoltage":[12.253,12.125,12.064],"arrayvoltage":[17.038,16.500999999999998,20.032],"chargecurrent":[2.334,1.08,7.09],"chargestate":[5.0,5.0,7.0],"loadpower":[24.090696,24.04773,11.041264],"batterytemp":[30.0,29.0,47.0],"triggerrate":[null,null,null],"triggersremaining":[22488.0,22488.0,null],"crcerrors":[null,null,0.0]}