{"datalatency":[8.736325],"sensoruptime":[105.915,104.93166666666667,105.915],"battvoltage":[12.491,12.512,12.03],"arrayvoltage":[0.9490000000000001,0.98,41.65],"chargecurrent":[0.0,0.0,11.832],"chargestate":[3.0,3.0,6.0],"loadpower":[13.631240000000002,13.646724,8.207364000000002],"batterytemp":[21.0,21.0,32.0],"triggerrate":[0.0,0.0,0.6],"triggersremaining":[21501.0,21502.0,21602.0],"crcerrors":[0.0,0.0,0.0]}