{"datalatency":[9.997285],"sensoruptime":[null,null,4.153611111111111],"battvoltage":[14.12,14.09,12.704],"arrayvoltage":[41.06399999999999,41.058,44.955],"chargecurrent":[0.34299999999999997,0.345,2.194],"chargestate":[7.0,7.0,7.0],"loadpower":[0.0,0.0,0.0],"batterytemp":[11.0,12.0,21.0],"triggerrate":[null,null,59.0],"triggersremaining":[null,null,15417.0],"crcerrors":[2.0,null,5.0]}