{"datalatency":[31.748559000000004],"sensoruptime":[7.4991666666666665,6.4991666666666665,152.8761111111111],"battvoltage":[11.874,12.045,11.453],"arrayvoltage":[17.191,17.239,20.047],"chargecurrent":[1.6909999999999998,2.404,14.731],"chargestate":[5,5,6],"loadpower":[26.814564000000004,27.135108,0.0],"batterytemp":[23,26,38],"triggerrate":[null,null,null],"triggersremaining":[14672.0,14672.0,14692.0],"crcerrors":[null,null,0.0]}