{"datalatency":[77.253943],"sensoruptime":[6.3225,5.322777777777778,null],"battvoltage":[12.960999999999999,13.47,12.488],"arrayvoltage":[15.630999999999998,18.018,19.519000000000002],"chargecurrent":[3.708,3.15,8.175],"ledstate":[6.0,5.0,6.0],"loadpower":[22.94598,23.04897,6.0236],"batterytemp":[47.0,52.0,52.0],"triggerrate":[0.0,0.4,null],"triggersremaining":[7064.0,7064.0,null],"crcerrors":[0.0,0.0,0.0]}