{"datalatency":[8.396778000000001],"sensoruptime":[null,4.15,null],"battvoltage":[12.375,12.372,11.307],"arrayvoltage":[19.500999999999998,12.97,39.163000000000004],"chargecurrent":[0.006999999999999999,0.0,3.0660000000000003],"chargestate":[5.0,5.0,6.0],"loadpower":[13.652464,14.849832000000003,0.0],"batterytemp":[20.0,24.0,27.0],"triggerrate":[null,17.4,null],"triggersremaining":[null,18116.0,null],"crcerrors":[4.0,null,4.0]}