{"datalatency":[9.301641],"sensoruptime":[6.671944444444445,5.671944444444445,6.671944444444445],"battvoltage":[13.62,13.623,11.285],"arrayvoltage":[19.232,17.48,19.965],"chargecurrent":[3.095,3.09,7.916],"ledstate":[5.0,5.0,11.0],"loadpower":[26.075654000000004,25.613896,0.0],"batterytemp":[47.0,47.0,51.0],"triggerrate":[0.0,0.0,1.2000000000000002],"triggersremaining":[14566.0,14566.0,14569.0],"crcerrors":[0.0,0.0,0.0]}