{"datalatency":[37.746298],"sensoruptime":[2.5772222222222223,1.5988888888888888,9.396944444444445],"battvoltage":[14.417,14.359000000000002,10.477],"arrayvoltage":[41.66,40.512,43.57899999999999],"chargecurrent":[2.44,2.16,2.897],"chargestate":[6.0,6.0,6.0],"loadpower":[20.543607,17.379670999999995,0.0],"batterytemp":[21.0,23.0,26.0],"triggerrate":[56.2,55.4,58.6],"triggersremaining":[238.0,3540.0,11617.0],"crcerrors":[17.0,16.0,17.0]}