{"datalatency":[7.5254270000000005],"sensoruptime":[174.57055555555556,173.5872222222222,174.57055555555556],"battvoltage":[14.297,14.290999999999999,12.183],"arrayvoltage":[42.239,42.34,43.121],"chargecurrent":[2.544,2.8480000000000003,10.794],"chargestate":[6.0,6.0,6.0],"loadpower":[13.301939999999998,12.473244000000001,8.98432],"batterytemp":[25.0,25.0,29.0],"triggerrate":[0.0,0.0,0.8],"triggersremaining":[20368.0,20368.0,20433.0],"crcerrors":[0.0,0.0,0.0]}