{"datalatency":[77.545564],"sensoruptime":[50.64888888888889,49.66583333333333,50.64888888888889],"battvoltage":[13.559000000000001,13.364,12.274000000000001],"arrayvoltage":[15.939,14.895999999999999,18.448],"chargecurrent":[7.646,7.276,9.011000000000001],"ledstate":[5.0,6.0,6.0],"loadpower":[22.987524000000004,23.706048,21.948113000000003],"batterytemp":[49.0,46.0,53.0],"triggerrate":[0.0,0.0,0.2],"triggersremaining":[7046.0,7046.0,7052.0],"crcerrors":[0.0,0.0,0.0]}