{"datalatency":[7.153125],"sensoruptime":[16.046944444444446,15.049722222222222,null],"battvoltage":[12.198,12.231,12.1],"arrayvoltage":[0.0,0.021,18.439],"chargecurrent":[0.005,0.005,9.9],"ledstate":[6.0,6.0,8.0],"loadpower":[24.425312,24.591060000000002,5.933112000000001],"batterytemp":[28.0,29.0,52.0],"triggerrate":[0.0,0.0,null],"triggersremaining":[14662.0,14663.0,null],"crcerrors":[0.0,0.0,0.0]}