{"datalatency":[8.674912],"sensoruptime":[83.91777777777777,82.91805555555555,83.91777777777777],"battvoltage":[12.299000000000001,12.335,12.183],"arrayvoltage":[0.638,0.6409999999999999,38.708],"chargecurrent":[0.0,0.0,8.752],"chargestate":[3.0,3.0,6.0],"loadpower":[14.255415999999999,13.612647999999998,9.957479999999999],"batterytemp":[19.0,19.0,34.0],"triggerrate":[0.0,0.0,0.6],"triggersremaining":[21599.0,21600.0,21645.0],"crcerrors":[0.0,0.0,0.0]}