{"datalatency":[14.107103],"sensoruptime":[361.85277777777776,360.85305555555556,361.85277777777776],"battvoltage":[12.722999999999999,12.299000000000001,12.064],"arrayvoltage":[16.262999999999998,16.55,17.633],"chargecurrent":[4.053999999999999,2.3409999999999997,12.229000000000001],"ledstate":[8.0,8.0,8.0],"loadpower":[22.120514,23.01375,21.612250999999997],"batterytemp":[36.0,30.0,44.0],"triggerrate":[0.0,0.0,1.2000000000000002],"triggersremaining":[12616.0,12616.0,12622.0],"crcerrors":[0.0,0.0,2.0]}