{"datalatency":[37.560371],"sensoruptime":[null,6.7636111111111115,7.746944444444445],"battvoltage":[12.375,12.265,11.110999999999999],"arrayvoltage":[13.0,31.396,33.400999999999996],"chargecurrent":[0.0,0.47100000000000003,2.329],"chargestate":[5.0,5.0,5.0],"loadpower":[0.0,13.605211999999998,0.0],"batterytemp":[23.0,25.0,28.0],"triggerrate":[0.75,1.8,null],"triggersremaining":[null,11738.0,12014.0],"crcerrors":[1.0,0.0,0.0]}