{"datalatency":[8.669428],"sensoruptime":[90.25027777777778,89.26722222222222,90.25027777777778],"battvoltage":[12.161,12.183,12.158],"arrayvoltage":[0.7809999999999999,0.775,38.708],"chargecurrent":[0.0,0.0,8.752],"chargestate":[3.0,3.0,6.0],"loadpower":[14.120624,14.124109999999998,9.957479999999999],"batterytemp":[19.0,19.0,34.0],"triggerrate":[0.0,0.0,0.6],"triggersremaining":[21569.0,21572.0,21643.0],"crcerrors":[0.0,0.0,0.0]}