{"datalatency":[47.393459],"sensoruptime":[null,null,null],"battvoltage":[12.589,12.604000000000001,12.28],"arrayvoltage":[1.099,2.5269999999999997,44.098],"chargecurrent":[0.0,0.0,4.486000000000001],"chargestate":[3.0,3.0,8.0],"loadpower":[0.0,0.0,0.0],"batterytemp":[14.0,16.0,24.0],"triggerrate":[null,null,null],"triggersremaining":[null,null,null],"crcerrors":[null,null,null]}