{"datalatency":[19.613803],"sensoruptime":[2.715,1.715,20.196666666666665],"battvoltage":[13.739,13.51,11.224],"arrayvoltage":[15.378,16.895,19.305],"chargecurrent":[7.175,2.826,8.165],"ledstate":[6.0,6.0,11.0],"loadpower":[25.90148,26.3667,0.0],"batterytemp":[41.0,36.0,49.0],"triggerrate":[0.0,0.0,1.2000000000000002],"triggersremaining":[14559.0,14559.0,14564.0],"crcerrors":[0.0,0.0,0.0]}