{"datalatency":[19.493626000000003],"sensoruptime":[233.03555555555556,232.03555555555556,233.03555555555556],"battvoltage":[12.207,12.216,11.950999999999999],"arrayvoltage":[0.061,0.055,18.372],"chargecurrent":[0.005,0.005,8.75],"ledstate":[6.0,6.0,8.0],"loadpower":[23.269732000000005,23.700168,21.252608000000002],"batterytemp":[24.0,25.0,52.0],"triggerrate":[0.0,0.0,1.2000000000000002],"triggersremaining":[12678.0,12679.0,12685.0],"crcerrors":[0.0,0.0,2.0]}