{"datalatency":[7.952543],"sensoruptime":[33.76444444444444,32.78111111111111,33.76444444444444],"battvoltage":[12.106,12.145999999999999,11.49],"arrayvoltage":[0.745,11.591,42.148],"chargecurrent":[0.0,0.0,12.352],"chargestate":[3.0,5.0,6.0],"loadpower":[14.035798,14.223010000000002,8.277874],"batterytemp":[13.0,16.0,29.0],"triggerrate":[0.0,0.0,0.4],"triggersremaining":[18418.0,18418.0,18429.0],"crcerrors":[0.0,0.0,0.0]}