{"datalatency":[22.445729],"sensoruptime":[40.015,39.015,40.015],"battvoltage":[12.308,12.405,12.064],"arrayvoltage":[16.500999999999998,17.191,18.872],"chargecurrent":[1.544,2.9130000000000003,7.774],"ledstate":[8.0,8.0,8.0],"loadpower":[23.73724,23.389983,22.625028],"batterytemp":[34.0,30.0,50.0],"triggerrate":[0.0,1.1999999280000042,2.4000255842727283],"triggersremaining":[22341.0,22362.0,22431.0],"crcerrors":[null,null,0.0]}