{"datalatency":[25.920721],"sensoruptime":[null,null,null],"battvoltage":[12.619000000000002,12.613,11.99],"arrayvoltage":[21.619,13.217,42.218],"chargecurrent":[0.006999999999999999,0.0,2.839],"chargestate":[5.0,5.0,7.0],"loadpower":[0.0,0.0,0.0],"batterytemp":[8.0,8.0,32.0],"triggerrate":[null,null,null],"triggersremaining":[null,null,null],"crcerrors":[1.0,null,3.0]}