{"datalatency":[7.840212],"sensoruptime":[17.100277777777777,16.11722222222222,31.859444444444446],"battvoltage":[11.685,11.725,11.465],"arrayvoltage":[0.684,0.687,42.996],"chargecurrent":[0.0,0.0,15.002],"chargestate":[3.0,3.0,6.0],"loadpower":[13.604886,13.611816000000003,0.0],"batterytemp":[3.0,3.0,28.0],"triggerrate":[0.0,0.0,1.0],"triggersremaining":[18425.0,18425.0,18470.0],"crcerrors":[0.0,0.0,4.0]}