{"datalatency":[33.530251],"sensoruptime":[11.519166666666667,10.519444444444444,31.89388888888889],"battvoltage":[12.634,12.14,12.07],"arrayvoltage":[16.077,17.969,18.692],"chargecurrent":[1.6059999999999999,1.3769999999999998,11.344000000000001],"ledstate":[8.0,8.0,8.0],"loadpower":[24.437191999999996,24.006767999999997,7.371546],"batterytemp":[38.0,28.0,48.0],"triggerrate":[0.0,0.0,16.800115584795222],"triggersremaining":[22432.0,22432.0,22487.0],"crcerrors":[null,null,0.0]}