{"datalatency":[13.181529000000001],"sensoruptime":[null,null,61.55722222222222],"battvoltage":[12.17,12.177,11.499],"arrayvoltage":[0.0,0.021,18.410999999999998],"chargecurrent":[0.005,0.005,12.030999999999999],"ledstate":[8.0,8.0,10.0],"loadpower":[8.222864,7.699812000000001,7.201088000000002],"batterytemp":[26.0,27.0,56.0],"triggerrate":[null,null,1.2000000000000002],"triggersremaining":[null,null,20761.0],"crcerrors":[null,null,1.0]}