{"datalatency":[7.684903],"sensoruptime":[24.099166666666665,23.11611111111111,24.099166666666665],"battvoltage":[13.538,11.690999999999999,11.49],"arrayvoltage":[38.867,20.27,42.996],"chargecurrent":[6.9670000000000005,0.92,15.002],"chargestate":[5.0,5.0,6.0],"loadpower":[9.735256999999999,13.604886,9.117872],"batterytemp":[12.0,5.0,28.0],"triggerrate":[0.0,0.0,0.4],"triggersremaining":[18420.0,18421.0,18438.0],"crcerrors":[0.0,0.0,0.0]}