{"datalatency":[20.71743],"sensoruptime":[15.31611111111111,14.31611111111111,null],"battvoltage":[12.222000000000001,12.259,12.219000000000001],"arrayvoltage":[0.049,0.052000000000000005,20.032],"chargecurrent":[0.005,0.002,7.09],"chargestate":[3.0,3.0,7.0],"loadpower":[24.115104000000002,24.188216,11.041264],"batterytemp":[25.0,25.0,47.0],"triggerrate":[null,null,null],"triggersremaining":[22490.0,22490.0,null],"crcerrors":[null,null,0.0]}