{"datalatency":[22.689247],"sensoruptime":[18.981944444444444,17.982222222222223,null],"battvoltage":[12.1,12.14,12.1],"arrayvoltage":[0.0,0.0,20.032],"chargecurrent":[0.002,0.002,7.09],"chargestate":[3.0,3.0,7.0],"loadpower":[24.526552,25.001497000000004,11.041264],"batterytemp":[25.0,25.0,47.0],"triggerrate":[null,null,null],"triggersremaining":[22489.0,22489.0,null],"crcerrors":[null,null,0.0]}