{"datalatency":[11.418734],"sensoruptime":[37.11416666666667,36.11416666666667,37.11416666666667],"battvoltage":[12.027000000000001,12.064,11.652000000000001],"arrayvoltage":[0.214,13.004000000000001,17.334],"chargecurrent":[0.005,0.09699999999999999,11.398],"chargestate":[3.0,5.0,6.0],"loadpower":[24.087967999999996,24.077898,21.713829000000004],"batterytemp":[33.0,38.0,52.0],"triggerrate":[0.0,1.2000000000000002,8.4],"triggersremaining":[20912.0,20989.0,21360.0],"crcerrors":[0.0,0.0,0.0]}