{"datalatency":[8.720223],"sensoruptime":[90.91694444444444,89.9336111111111,90.91694444444444],"battvoltage":[12.145999999999999,12.17,12.145999999999999],"arrayvoltage":[0.76,0.76,38.708],"chargecurrent":[0.0,0.0,8.752],"chargestate":[3.0,3.0,6.0],"loadpower":[14.07763,14.124109999999998,9.957479999999999],"batterytemp":[19.0,19.0,34.0],"triggerrate":[0.0,0.2,0.6],"triggersremaining":[21565.0,21571.0,21643.0],"crcerrors":[0.0,0.0,0.0]}