{"datalatency":[72.808679],"sensoruptime":[16.35611111111111,15.356111111111112,76.74361111111111],"battvoltage":[12.177,12.14,12.14],"arrayvoltage":[14.499,13.04,17.526],"chargecurrent":[0.45899999999999996,0.06,8.977],"ledstate":[6.0,6.0,6.0],"loadpower":[23.40704,23.322144,21.808872],"batterytemp":[30.0,29.0,51.0],"triggerrate":[0.0,0.0,3.8],"triggersremaining":[6328.0,6329.0,6973.0],"crcerrors":[0.0,0.0,0.0]}