{"datalatency":[21.502090000000003],"sensoruptime":[324.68861111111113,323.68888888888887,324.68861111111113],"battvoltage":[12.35,12.375,12.253],"arrayvoltage":[0.107,13.193,18.753],"chargecurrent":[0.005,0.051,11.622],"ledstate":[6.0,6.0,6.0],"loadpower":[23.660957,23.577156000000002,20.870528999999998],"batterytemp":[28.0,30.0,44.0],"triggerrate":[0.0,0.0,1.2000000000000002],"triggersremaining":[12625.0,12626.0,12631.0],"crcerrors":[0.0,0.0,2.0]}