{"datalatency":[44.330838],"sensoruptime":[null,null,20.630555555555556],"battvoltage":[11.987,11.987,11.517000000000001],"arrayvoltage":[12.655999999999999,0.107,17.145],"chargecurrent":[0.022000000000000002,0.005,10.335],"ledstate":[8.0,8.0,10.0],"loadpower":[7.436475,8.011275,6.079374],"batterytemp":[28.0,28.0,53.0],"triggerrate":[null,null,1.6],"triggersremaining":[null,null,18.0],"crcerrors":[1.0,null,1.0]}