{"datalatency":[8.198641],"sensoruptime":[63.24916666666667,62.26583333333333,63.24916666666667],"battvoltage":[12.277000000000001,12.299000000000001,12.115],"arrayvoltage":[0.653,0.62,42.861999999999995],"chargecurrent":[0.0,0.0,7.356],"chargestate":[3.0,3.0,6.0],"loadpower":[13.975259999999999,13.776964,8.875646],"batterytemp":[13.0,13.0,30.0],"triggerrate":[0.0,0.2,0.8],"triggersremaining":[22165.0,22176.0,22230.0],"crcerrors":[0.0,0.0,0.0]}