{"datalatency":[13.775960000000001],"sensoruptime":[15.8775,14.8775,null],"battvoltage":[12.216,12.253,12.1],"arrayvoltage":[0.0,0.021,18.439],"chargecurrent":[0.005,0.002,9.9],"ledstate":[6.0,6.0,8.0],"loadpower":[23.36562,23.000839,5.933112000000001],"batterytemp":[28.0,29.0,52.0],"triggerrate":[0.0,0.0,null],"triggersremaining":[14663.0,14663.0,null],"crcerrors":[0.0,0.0,0.0]}