{"datalatency":[15.565701],"sensoruptime":[152.47611111111112,151.4763888888889,152.47611111111112],"battvoltage":[11.52,11.591,11.493],"arrayvoltage":[16.116,16.409000000000002,18.973],"chargecurrent":[0.396,0.7340000000000001,7.525],"chargestate":[5,5,6],"loadpower":[22.32471,22.783279999999998,21.429213],"batterytemp":[29,34,39],"triggerrate":[null,null,null],"triggersremaining":[14674.0,14675.0,15572.0],"crcerrors":[null,null,0.0]}