{"datalatency":[8.125761],"sensoruptime":[10.58388888888889,9.600833333333334,11.270277777777778],"battvoltage":[11.533,11.523,11.154000000000002],"arrayvoltage":[0.732,24.410999999999998,41.791000000000004],"chargecurrent":[0.0,0.040999999999999995,2.923],"chargestate":[3.0,5.0,6.0],"loadpower":[14.197170000000002,14.220552,0.0],"batterytemp":[16.0,21.0,32.0],"triggerrate":[0.0,0.0,0.8],"triggersremaining":[18373.0,18373.0,18392.0],"crcerrors":[0.0,0.0,0.0]}