{"datalatency":[7.712008000000001],"sensoruptime":[216.2313888888889,215.24805555555557,216.2313888888889],"battvoltage":[12.216,12.186,12.106],"arrayvoltage":[32.764,25.879,41.711000000000006],"chargecurrent":[0.551,0.08199999999999999,8.948],"chargestate":[5.0,5.0,6.0],"loadpower":[13.789152,14.124109999999998,9.02565],"batterytemp":[12.0,11.0,34.0],"triggerrate":[0.0,0.0,0.8],"triggersremaining":[20289.0,20290.0,20354.0],"crcerrors":[0.0,0.0,0.0]}