{"datalatency":[13.469561],"sensoruptime":[63.56111111111111,62.564166666666665,63.56111111111111],"battvoltage":[12.14,12.145999999999999,12.015],"arrayvoltage":[0.214,0.214,17.000999999999998],"chargecurrent":[0.005,0.005,10.545],"ledstate":[8.0,8.0,8.0],"loadpower":[23.4135,23.443424,21.262392999999996],"batterytemp":[29.0,30.0,52.0],"triggerrate":[0.0,0.0,6.0],"triggersremaining":[13105.0,13105.0,13494.0],"crcerrors":[0.0,0.0,2.0]}