{"datalatency":[8.799618],"sensoruptime":[122.9125,121.92944444444444,122.9125],"battvoltage":[12.192,12.299000000000001,12.073],"arrayvoltage":[31.393,32.074,40.955],"chargecurrent":[0.884,1.413,6.706],"chargestate":[5.0,5.0,6.0],"loadpower":[13.396656,14.05584,8.207364000000002],"batterytemp":[27.0,26.0,31.0],"triggerrate":[0.0,0.0,0.8],"triggersremaining":[21435.0,21442.0,21528.0],"crcerrors":[0.0,0.0,0.0]}