{"datalatency":[14.656952],"sensoruptime":[97.88944444444445,96.88944444444445,97.88944444444445],"battvoltage":[12.710999999999999,12.14,12.057],"arrayvoltage":[16.012999999999998,16.262999999999998,17.825],"chargecurrent":[5.675,1.389,9.687000000000001],"ledstate":[8.0,8.0,8.0],"loadpower":[22.234472,22.689175999999996,21.192338],"batterytemp":[38.0,32.0,58.0],"triggerrate":[0.0,0.0,2.4000000000000004],"triggersremaining":[13085.0,13085.0,13096.0],"crcerrors":[0.0,0.0,2.0]}