{"datalatency":[47.259111000000004],"sensoruptime":[null,null,null],"battvoltage":[12.534,12.549000000000001,12.28],"arrayvoltage":[0.787,0.888,44.098],"chargecurrent":[0.0,0.0,4.486000000000001],"chargestate":[3.0,3.0,8.0],"loadpower":[0.0,0.0,0.0],"batterytemp":[13.0,14.0,24.0],"triggerrate":[null,null,null],"triggersremaining":[null,null,null],"crcerrors":[null,null,null]}