{"datalatency":[19.208072],"sensoruptime":[8.186388888888889,7.186388888888889,31.89388888888889],"battvoltage":[12.106,12.119000000000002,12.073],"arrayvoltage":[15.68,13.083,18.692],"chargecurrent":[0.266,0.087,11.344000000000001],"ledstate":[6.0,6.0,8.0],"loadpower":[23.547653999999998,23.801272,7.371546],"batterytemp":[24.0,23.0,48.0],"triggerrate":[0.0,0.0,16.800115584795222],"triggersremaining":[22433.0,22433.0,22488.0],"crcerrors":[null,null,0.0]}