{"datalatency":[76.953826],"sensoruptime":[17.355833333333333,16.372777777777777,76.74361111111111],"battvoltage":[12.204,12.177,12.14],"arrayvoltage":[15.475,14.502,17.526],"chargecurrent":[0.821,0.51,8.977],"ledstate":[6.0,6.0,6.0],"loadpower":[22.625040000000006,24.607712,21.808872],"batterytemp":[31.0,30.0,51.0],"triggerrate":[0.0,0.0,3.8],"triggersremaining":[6328.0,6328.0,6903.0],"crcerrors":[0.0,0.0,0.0]}