{"datalatency":[7.802612000000001],"sensoruptime":[21.7275,20.74416666666667,227.69416666666666],"battvoltage":[11.725,11.734000000000002,11.685],"arrayvoltage":[1.01,2.42,34.238],"chargecurrent":[0.0,0.0,1.4709999999999999],"chargestate":[3.0,3.0,5.0],"loadpower":[14.430396,14.407008000000001,13.408536],"batterytemp":[18.0,18.0,20.0],"triggerrate":[0.0,0.0,24.0],"triggersremaining":[18579.0,18579.0,19761.0],"crcerrors":[2.0,0.0,3.0]}