{"datalatency":[18.644730000000003],"sensoruptime":[204.01055555555556,203.01055555555556,204.01055555555556],"battvoltage":[12.094000000000001,12.1,12.094000000000001],"arrayvoltage":[0.0,0.0,17.969],"chargecurrent":[0.005,0.002,8.96],"ledstate":[8.0,6.0,8.0],"loadpower":[24.306866999999997,23.801272,21.987524],"batterytemp":[31.0,31.0,57.0],"triggerrate":[0.2,0.0,2.4],"triggersremaining":[5632.0,5633.0,5813.0],"crcerrors":[0.0,0.0,0.0]}