{"datalatency":[17.714908],"sensoruptime":[106.69194444444445,105.70861111111111,106.69194444444445],"battvoltage":[12.369000000000002,12.392999999999999,12.222000000000001],"arrayvoltage":[0.018000000000000002,0.018000000000000002,18.340999999999998],"chargecurrent":[0.002,0.005,7.815],"ledstate":[6.0,6.0,6.0],"loadpower":[23.379444,23.84901,21.964412],"batterytemp":[30.0,31.0,55.0],"triggerrate":[0.0,0.0,0.4],"triggersremaining":[6291.0,6291.0,6299.0],"crcerrors":[0.0,0.0,0.0]}