{"datalatency":[73.49311300000001],"sensoruptime":[62.980555555555554,61.99722222222222,62.980555555555554],"battvoltage":[12.445,12.450999999999999,12.274000000000001],"arrayvoltage":[0.021,0.021,18.410999999999998],"chargecurrent":[0.005,0.005,7.945],"ledstate":[6.0,6.0,6.0],"loadpower":[23.176354999999997,23.722164000000003,21.948113000000003],"batterytemp":[29.0,30.0,55.0],"triggerrate":[0.0,0.0,0.4],"triggersremaining":[7040.0,7040.0,7049.0],"crcerrors":[0.0,0.0,0.0]}