{"datalatency":[7.940731],"sensoruptime":[2.591111111111111,1.5911111111111111,null],"battvoltage":[13.87,14.502,12.299000000000001],"arrayvoltage":[41.821000000000005,41.595,44.162],"chargecurrent":[1.493,2.3169999999999997,2.483],"chargestate":[7.0,6.0,7.0],"loadpower":[13.513374,13.638845,0.0],"batterytemp":[19.0,18.0,19.0],"triggerrate":[0.0,0.0,null],"triggersremaining":[22380.0,22380.0,null],"crcerrors":[0.0,0.0,0.0]}