{"datalatency":[20.842303],"sensoruptime":[49.18,48.180277777777775,49.18],"battvoltage":[11.847000000000001,11.884,11.838],"arrayvoltage":[1.208,0.0,17.78],"chargecurrent":[0.002,0.002,7.774],"ledstate":[8.0,8.0,8.0],"loadpower":[24.710069999999998,24.002616000000003,22.552155],"batterytemp":[27.0,27.0,40.0],"triggerrate":[3.6000019440010496,0.0,7.200004464002768],"triggersremaining":[22215.0,22301.0,22428.0],"crcerrors":[null,null,0.0]}