{"datalatency":[16.459844],"sensoruptime":[null,null,null],"battvoltage":[12.253,12.244000000000002,11.859000000000002],"arrayvoltage":[16.945999999999998,16.217,19.680999999999997],"chargecurrent":[0.413,0.275,9.955],"chargestate":[5.0,5.0,6.0],"loadpower":[5.13198,4.6619280000000005,0.0],"batterytemp":[13.0,11.0,38.0],"triggerrate":[null,null,null],"triggersremaining":[null,null,null],"crcerrors":[null,null,null]}