{"datalatency":[22.651822000000003],"sensoruptime":[47.346944444444446,46.34722222222222,47.346944444444446],"battvoltage":[11.911,11.950999999999999,11.911],"arrayvoltage":[0.0,0.0,17.78],"chargecurrent":[0.002,0.005,7.774],"ledstate":[8.0,8.0,8.0],"loadpower":[24.059777999999998,24.406734,22.552155],"batterytemp":[27.0,28.0,40.0],"triggerrate":[0.0,0.0,2.4000255842727283],"triggersremaining":[22311.0,22314.0,22429.0],"crcerrors":[null,null,0.0]}