{"datalatency":[20.993399],"sensoruptime":[6.3533333333333335,5.3533333333333335,31.89388888888889],"battvoltage":[12.14,12.177,12.064],"arrayvoltage":[1.712,0.0,18.692],"chargecurrent":[0.005,0.005,11.344000000000001],"ledstate":[6.0,6.0,8.0],"loadpower":[24.692608,24.182032000000007,7.371546],"batterytemp":[23.0,24.0,48.0],"triggerrate":[0.0,0.0,16.800115584795222],"triggersremaining":[22433.0,22433.0,22489.0],"crcerrors":[null,null,0.0]}