{"datalatency":[8.018382],"sensoruptime":[37.09722222222222,36.11416666666667,37.09722222222222],"battvoltage":[11.99,12.015,11.49],"arrayvoltage":[0.754,0.763,42.148],"chargecurrent":[0.0,0.0,12.352],"chargestate":[3.0,3.0,6.0],"loadpower":[13.901005999999999,13.968000000000002,8.277874],"batterytemp":[10.0,11.0,29.0],"triggerrate":[0.0,0.0,0.4],"triggersremaining":[18417.0,18417.0,18427.0],"crcerrors":[0.0,0.0,0.0]}