{"datalatency":[13.168866000000001],"sensoruptime":[57.56194444444444,56.562222222222225,57.56194444444444],"battvoltage":[12.485,12.793,12.015],"arrayvoltage":[15.142999999999999,15.234000000000002,17.526],"chargecurrent":[2.0780000000000003,5.587999999999999,10.545],"ledstate":[8.0,8.0,8.0],"loadpower":[24.551461000000003,22.711854000000002,21.262392999999996],"batterytemp":[51.0,51.0,52.0],"triggerrate":[0.0,0.0,6.0],"triggersremaining":[13111.0,13115.0,13508.0],"crcerrors":[0.0,0.0,2.0]}