{"datalatency":[38.161297000000005],"sensoruptime":[1.0327777777777778,0.049444444444444444,1.2],"battvoltage":[11.755,11.456,10.526],"arrayvoltage":[36.569,32.425,43.533],"chargecurrent":[0.7559999999999999,0.3,3.411],"chargestate":[5.0,5.0,7.0],"loadpower":[13.67093,13.777872,0.0],"batterytemp":[1.0,0.0,19.0],"triggerrate":[0.0,0.0,0.0],"triggersremaining":[0.0,0.0,0.0],"crcerrors":[0.0,0.0,0.0]}