{"datalatency":[21.4414],"sensoruptime":[63.86222222222222,62.87916666666667,63.86222222222222],"battvoltage":[11.569,11.606,11.569],"arrayvoltage":[0.107,0.131,16.992],"chargecurrent":[0.005,0.002,11.828],"ledstate":[10.0,10.0,10.0],"loadpower":[24.344278,23.798199999999998,22.068414],"batterytemp":[29.0,30.0,44.0],"triggerrate":[0.0,0.0,0.4],"triggersremaining":[32.0,32.0,42.0],"crcerrors":[0.0,0.0,2.0]}