{"datalatency":[25.329446],"sensoruptime":[41.18138888888889,40.181666666666665,41.18138888888889],"battvoltage":[12.1,12.270999999999999,12.064],"arrayvoltage":[15.332,16.452,18.668],"chargecurrent":[0.502,1.585,7.774],"ledstate":[8.0,8.0,8.0],"loadpower":[25.536068999999998,23.550450000000005,22.625028],"batterytemp":[33.0,34.0,49.0],"triggerrate":[0.0,0.0,2.4000255842727283],"triggersremaining":[22328.0,22337.0,22430.0],"crcerrors":[null,null,0.0]}