{"datalatency":[12.070109],"sensoruptime":[3.2830555555555554,2.2830555555555554,7.988333333333333],"battvoltage":[12.253,11.819,11.798],"arrayvoltage":[16.989,13.324000000000002,17.730999999999998],"chargecurrent":[3.128,0.145,11.344000000000001],"chargestate":[5.0,5.0,6.0],"loadpower":[22.449205999999997,23.259642,6.167125],"batterytemp":[28.0,24.0,47.0],"triggerrate":[0.0,0.0,15.600000000000001],"triggersremaining":[21431.0,21466.0,22150.0],"crcerrors":[0.0,0.0,0.0]}