{"datalatency":[37.588402],"sensoruptime":[null,null,null],"battvoltage":[12.375,12.372,10.287],"arrayvoltage":[0.943,0.9279999999999999,38.15],"chargecurrent":[0.0,0.002,3.1860000000000004],"chargestate":[3.0,3.0,6.0],"loadpower":[0.0,0.0,0.0],"batterytemp":[23.0,23.0,27.0],"triggerrate":[null,null,null],"triggersremaining":[null,null,null],"crcerrors":[0.0,null,0.0]}