{"datalatency":[14.191892000000001],"sensoruptime":[368.8519444444444,367.8519444444444,368.8519444444444],"battvoltage":[13.062000000000001,13.055,12.064],"arrayvoltage":[15.725999999999999,15.234000000000002,17.633],"chargecurrent":[6.431,7.206,10.61],"ledstate":[6.0,6.0,8.0],"loadpower":[22.587948,23.099152999999998,20.806074],"batterytemp":[51.0,48.0,52.0],"triggerrate":[0.0,0.0,4.800000000000001],"triggersremaining":[12610.0,12611.0,12620.0],"crcerrors":[0.0,0.0,2.0]}