{"datalatency":[16.408055],"sensoruptime":[null,null,null],"battvoltage":[12.241,12.253,11.481],"arrayvoltage":[0.057999999999999996,0.107,19.680999999999997],"chargecurrent":[0.002,0.005,9.955],"chargestate":[3.0,3.0,6.0],"loadpower":[6.083568,7.124262000000001,0.0],"batterytemp":[10.0,11.0,38.0],"triggerrate":[null,null,null],"triggersremaining":[null,null,null],"crcerrors":[null,null,null]}