{"datalatency":[38.089207],"sensoruptime":[0.0025,0.0002777777777777778,null],"battvoltage":[13.907,13.913,10.422],"arrayvoltage":[42.688,42.047,43.533],"chargecurrent":[1.8259999999999998,1.983,3.411],"chargestate":[7.0,7.0,7.0],"loadpower":[14.334572,16.98235,0.0],"batterytemp":[18.0,18.0,19.0],"triggerrate":[null,null,0.0],"triggersremaining":[0.0,0.0,null],"crcerrors":[0.0,0.0,0.0]}