{"datalatency":[59.917522000000005],"sensoruptime":[null,null,null],"battvoltage":[12.445,12.450999999999999,12.177],"arrayvoltage":[0.021,0.021,18.215999999999998],"chargecurrent":[0.005,0.013999999999999999,8.373],"ledstate":[6.0,6.0,6.0],"loadpower":[7.298171000000001,7.427874,5.838796],"batterytemp":[32.0,32.0,53.0],"triggerrate":[null,null,null],"triggersremaining":[null,null,null],"crcerrors":[null,null,null]}