{"datalatency":[37.886563],"sensoruptime":[2.9425,1.9597222222222221,9.396944444444445],"battvoltage":[14.468,14.633,10.477],"arrayvoltage":[39.624,38.107,43.231],"chargecurrent":[2.237,2.194,3.09],"chargestate":[6.0,6.0,8.0],"loadpower":[19.928126,14.127029,0.0],"batterytemp":[19.0,14.0,26.0],"triggerrate":[51.2,17.6,56.0],"triggersremaining":[8557.0,11287.0,11632.0],"crcerrors":[1.0,1.0,1.0]}