{"datalatency":[38.090249],"sensoruptime":[0.013333333333333334,null,1.1758333333333333],"battvoltage":[11.142000000000001,12.375,10.26],"arrayvoltage":[35.739000000000004,10.135,35.739000000000004],"chargecurrent":[0.507,0.0,1.672],"chargestate":[5.0,3.0,5.0],"loadpower":[13.790076000000001,0.0,0.0],"batterytemp":[5.0,4.0,19.0],"triggerrate":[0.0,null,0.0],"triggersremaining":[0.0,null,0.0],"crcerrors":[0.0,0.0,0.0]}