{"datalatency":[19.998251],"sensoruptime":[283.65972222222223,282.66,283.65972222222223],"battvoltage":[12.75,12.097000000000001,11.945],"arrayvoltage":[15.335,15.964,17.151],"chargecurrent":[6.129,1.686,9.39],"ledstate":[8.0,8.0,8.0],"loadpower":[23.123058,23.607909,21.841950000000004],"batterytemp":[41.0,33.0,58.0],"triggerrate":[0.0,0.0,0.8],"triggersremaining":[3276.0,3276.0,3315.0],"crcerrors":[0.0,0.0,0.0]}