{"datalatency":[11.226419],"sensoruptime":[12.799166666666666,11.799444444444445,null],"battvoltage":[11.758,11.800999999999998,11.569],"arrayvoltage":[0.0,0.021,19.736],"chargecurrent":[0.005,0.005,12.392999999999999],"chargestate":[3.0,3.0,6.0],"loadpower":[23.210095999999997,24.025537,6.808707000000001],"batterytemp":[24.0,24.0,44.0],"triggerrate":[0.0,0.0,null],"triggersremaining":[22151.0,22152.0,null],"crcerrors":[0.0,0.0,0.0]}