{"datalatency":[14.340863],"sensoruptime":[34.614444444444445,33.614444444444445,34.614444444444445],"battvoltage":[12.597999999999999,12.787,11.652000000000001],"arrayvoltage":[15.915,15.872,17.526],"chargecurrent":[3.3360000000000003,5.716,11.398],"chargestate":[5.0,5.0,6.0],"loadpower":[23.266740000000002,23.123058,21.713829000000004],"batterytemp":[52.0,48.0,52.0],"triggerrate":[0.0,0.0,8.4],"triggersremaining":[21048.0,21052.0,21423.0],"crcerrors":[0.0,0.0,0.0]}