{"datalatency":[12.733944000000001],"sensoruptime":[325.69138888888887,324.69138888888887,325.69138888888887],"battvoltage":[12.32,12.354000000000001,12.253],"arrayvoltage":[0.107,0.107,18.753],"chargecurrent":[0.005,0.005,11.622],"ledstate":[6.0,6.0,6.0],"loadpower":[23.61444,23.685591000000002,20.870528999999998],"batterytemp":[26.0,28.0,44.0],"triggerrate":[0.0,0.0,1.2000000000000002],"triggersremaining":[12625.0,12625.0,12631.0],"crcerrors":[0.0,0.0,2.0]}