{"datalatency":[7.797551],"sensoruptime":[31.559444444444445,30.559444444444445,31.559444444444445],"battvoltage":[11.493,11.517000000000001,11.493],"arrayvoltage":[0.818,0.8909999999999999,34.238],"chargecurrent":[0.0,0.0,1.4709999999999999],"chargestate":[3.0,3.0,5.0],"loadpower":[14.14781,14.193468000000001,13.408536],"batterytemp":[15.0,16.0,20.0],"triggerrate":[0.0,1.0,2.0],"triggersremaining":[18440.0,18446.0,18642.0],"crcerrors":[1.0,0.0,4.0]}