{"datalatency":[10.237836000000001],"sensoruptime":[null,null,null],"battvoltage":[12.799000000000001,12.796,12.796],"arrayvoltage":[21.105999999999998,1.431,44.205],"chargecurrent":[0.01,0.0,0.563],"chargestate":[5.0,3.0,7.0],"loadpower":[0.0,0.0,0.0],"batterytemp":[11.0,11.0,18.0],"triggerrate":[null,null,null],"triggersremaining":[null,null,null],"crcerrors":[null,null,null]}