{"datalatency":[12.709778],"sensoruptime":[41.89805555555556,40.89833333333333,41.89805555555556],"battvoltage":[12.14,12.14,12.033],"arrayvoltage":[0.0,0.107,17.526],"chargecurrent":[0.002,0.005,10.985],"ledstate":[6.0,6.0,8.0],"loadpower":[23.045446,23.176608,21.514706],"batterytemp":[29.0,29.0,50.0],"triggerrate":[0.0,0.0,2.4000000000000004],"triggersremaining":[13475.0,13481.0,13515.0],"crcerrors":[0.0,0.0,2.0]}