{"datalatency":[8.33802],"sensoruptime":[null,null,114.10888888888888],"battvoltage":[12.186,12.085,11.469000000000001],"arrayvoltage":[33.835,33.203,34.766],"chargecurrent":[2.326,1.631,2.718],"chargestate":[5.0,5.0,5.0],"loadpower":[0.0,0.0,0.0],"batterytemp":[19.0,17.0,19.0],"triggerrate":[null,null,0.6],"triggersremaining":[null,null,21956.0],"crcerrors":[0.0,null,0.0]}