{"datalatency":[10.151894],"sensoruptime":[null,null,null],"battvoltage":[12.741,12.755999999999998,12.567],"arrayvoltage":[0.995,0.9640000000000001,41.843],"chargecurrent":[0.002,0.002,0.611],"chargestate":[3.0,3.0,7.0],"loadpower":[0.0,0.0,0.0],"batterytemp":[11.0,11.0,12.0],"triggerrate":[null,null,null],"triggersremaining":[null,null,null],"crcerrors":[null,null,null]}