{"datalatency":[6.29912],"sensoruptime":[43.11277777777778,42.11277777777778,43.11277777777778],"battvoltage":[11.752,11.798,11.652000000000001],"arrayvoltage":[0.0,0.0,17.334],"chargecurrent":[0.005,0.005,11.398],"chargestate":[3.0,3.0,6.0],"loadpower":[24.713476999999997,23.624914999999998,21.713829000000004],"batterytemp":[25.0,26.0,52.0],"triggerrate":[0.0,0.0,6.0],"triggersremaining":[20761.0,20761.0,21172.0],"crcerrors":[0.0,0.0,1.0]}