{"datalatency":[47.288676],"sensoruptime":[null,null,null],"battvoltage":[14.517000000000001,13.751,12.491],"arrayvoltage":[40.726,31.497,44.098],"chargecurrent":[1.181,0.877,4.486000000000001],"chargestate":[6.0,5.0,8.0],"loadpower":[0.0,0.0,0.0],"batterytemp":[18.0,12.0,24.0],"triggerrate":[null,null,null],"triggersremaining":[null,null,null],"crcerrors":[null,null,null]}