{"datalatency":[8.065963],"sensoruptime":[44.596111111111114,43.59638888888889,44.596111111111114],"battvoltage":[11.749,11.770999999999999,11.49],"arrayvoltage":[0.647,0.644,42.148],"chargecurrent":[0.0,0.0,12.352],"chargestate":[3.0,3.0,6.0],"loadpower":[13.693578000000002,13.661868000000002,8.277874],"batterytemp":[6.0,6.0,29.0],"triggerrate":[0.0,0.0,0.4],"triggersremaining":[18412.0,18414.0,18422.0],"crcerrors":[0.0,0.0,0.0]}