{"datalatency":[71.254678],"sensoruptime":[13.988055555555556,12.988055555555556,null],"battvoltage":[12.418,12.445,12.408],"arrayvoltage":[0.018000000000000002,0.015,19.229],"chargecurrent":[0.005,0.005,8.175],"ledstate":[6.0,6.0,6.0],"loadpower":[23.199695999999996,23.761373,6.0236],"batterytemp":[31.0,32.0,54.0],"triggerrate":[0.0,0.0,null],"triggersremaining":[7056.0,7056.0,null],"crcerrors":[0.0,0.0,0.0]}