{"datalatency":[8.184190000000001],"sensoruptime":[78.58027777777778,77.58055555555555,78.58027777777778],"battvoltage":[12.106,12.106,12.106],"arrayvoltage":[0.845,0.7809999999999999,35.016],"chargecurrent":[0.0,0.0,2.8360000000000003],"chargestate":[3.0,3.0,5.0],"loadpower":[14.035798,14.85717,13.31694],"batterytemp":[11.0,11.0,20.0],"triggerrate":[0.4,0.2,4.4],"triggersremaining":[22036.0,22055.0,22204.0],"crcerrors":[0.0,0.0,0.0]}