{"datalatency":[78.549442],"sensoruptime":[96.01027777777777,95.01027777777777,96.01027777777777],"battvoltage":[13.44,13.44,12.222000000000001],"arrayvoltage":[17.267,16.846,18.109],"chargecurrent":[5.51,6.317,7.815],"ledstate":[5.0,5.0,6.0],"loadpower":[22.995430000000002,22.339565,21.964412],"batterytemp":[53.0,53.0,58.0],"triggerrate":[0.2,0.0,0.6],"triggersremaining":[6295.0,6296.0,6312.0],"crcerrors":[0.0,0.0,0.0]}