{"datalatency":[10.290292],"sensoruptime":[null,null,0.018333333333333333],"battvoltage":[14.713,11.38,10.595999999999998],"arrayvoltage":[42.798,34.082,44.562],"chargecurrent":[2.539,1.012,2.597],"chargestate":[6.0,5.0,7.0],"loadpower":[18.043557,18.86584,0.0],"batterytemp":[11.0,3.0,16.0],"triggerrate":[0.0,0.0,0.0],"triggersremaining":[null,null,0.0],"crcerrors":[0.0,0.0,1.0]}