{"datalatency":[19.871642],"sensoruptime":[250.66472222222222,249.68138888888888,250.66472222222222],"battvoltage":[11.96,11.987,11.950999999999999],"arrayvoltage":[0.021,0.018000000000000002,16.653],"chargecurrent":[0.002,0.002,9.992],"ledstate":[8.0,8.0,8.0],"loadpower":[23.87,24.284432,21.95131],"batterytemp":[29.0,29.0,50.0],"triggerrate":[0.0,0.0,8.0],"triggersremaining":[3319.0,3319.0,4165.0],"crcerrors":[0.0,0.0,0.0]}