{"datalatency":[12.342191000000001],"sensoruptime":[13.950833333333334,12.95111111111111,null],"battvoltage":[12.082,12.130999999999998,11.798],"arrayvoltage":[0.021,2.38,17.526],"chargecurrent":[0.002,0.002,10.419],"chargestate":[3.0,3.0,5.0],"loadpower":[24.198407999999997,23.535335999999997,6.167125],"batterytemp":[29.0,32.0,49.0],"triggerrate":[3.6,1.2000000000000002,null],"triggersremaining":[21287.0,21374.0,null],"crcerrors":[0.0,0.0,0.0]}