{"datalatency":[8.580865000000001],"sensoruptime":[109.41444444444444,108.43111111111111,109.41444444444444],"battvoltage":[12.375,12.415,12.03],"arrayvoltage":[1.105,1.212,41.65],"chargecurrent":[0.0,0.0,11.832],"chargestate":[3.0,3.0,6.0],"loadpower":[14.319040000000001,14.266368000000002,8.207364000000002],"batterytemp":[20.0,20.0,32.0],"triggerrate":[0.0,0.0,0.6],"triggersremaining":[21496.0,21500.0,21592.0],"crcerrors":[0.0,0.0,0.0]}