{"datalatency":[33.711407],"sensoruptime":[35.34888888888889,34.34916666666667,35.34888888888889],"battvoltage":[12.405,12.292,12.064],"arrayvoltage":[16.843,16.504,18.872],"chargecurrent":[2.283,2.37,10.158],"ledstate":[8.0,8.0,8.0],"loadpower":[23.685591000000002,24.836989,22.704083999999998],"batterytemp":[36.0,33.0,50.0],"triggerrate":[0.0,0.0,1.2000506661391244],"triggersremaining":[22426.0,22426.0,22432.0],"crcerrors":[null,null,0.0]}