{"datalatency":[31.509796],"sensoruptime":[7.3325,6.332777777777777,152.8761111111111],"battvoltage":[11.841,12.103,11.453],"arrayvoltage":[16.705,16.945999999999998,20.047],"chargecurrent":[1.114,2.515,14.731],"chargestate":[5,5,6],"loadpower":[26.924155,26.319384,0.0],"batterytemp":[24,26,38],"triggerrate":[null,null,null],"triggersremaining":[14672.0,14672.0,14697.0],"crcerrors":[null,null,0.0]}