{"datalatency":[20.297059],"sensoruptime":[297.32444444444445,296.32444444444445,297.32444444444445],"battvoltage":[12.145999999999999,12.177,11.945],"arrayvoltage":[0.021,0.015,17.093],"chargecurrent":[0.002,0.002,10.847000000000001],"ledstate":[6.0,6.0,8.0],"loadpower":[23.673856,23.914424000000004,21.841950000000004],"batterytemp":[32.0,32.0,54.0],"triggerrate":[0.0,0.0,1.4],"triggersremaining":[3213.0,3213.0,3278.0],"crcerrors":[0.0,0.0,0.0]}