{"datalatency":[8.081127],"sensoruptime":[49.26222222222222,48.26222222222222,49.26222222222222],"battvoltage":[14.081,14.294,11.645999999999999],"arrayvoltage":[39.760999999999996,36.516999999999996,42.148],"chargecurrent":[7.665,10.504000000000001,11.615],"chargestate":[6.0,5.0,6.0],"loadpower":[9.641523,10.336485999999999,8.277874],"batterytemp":[32.0,19.0,32.0],"triggerrate":[0.0,0.0,0.4],"triggersremaining":[18411.0,18411.0,18420.0],"crcerrors":[0.0,0.0,0.0]}