{"datalatency":[16.701149],"sensoruptime":[null,null,null],"battvoltage":[13.815,13.867,12.18],"arrayvoltage":[19.287,19.122,19.625999999999998],"chargecurrent":[3.247,3.5610000000000004,5.361000000000001],"chargestate":[6.0,6.0,6.0],"loadpower":[5.120952,5.093419999999999,4.102919999999999],"batterytemp":[41.0,39.0,41.0],"triggerrate":[null,null,null],"triggersremaining":[null,null,null],"crcerrors":[null,null,null]}