{"datalatency":[19.492140000000003],"sensoruptime":[517.6613888888888,516.6641666666667,517.6613888888888],"battvoltage":[11.758,11.767999999999999,11.758],"arrayvoltage":[0.049,0.107,17.145],"chargecurrent":[0.002,0.005,3.602],"ledstate":[8.0,8.0,8.0],"loadpower":[23.527237999999997,23.973585999999997,21.980286000000003],"batterytemp":[28.0,28.0,37.0],"triggerrate":[0.0,0.0,2.4000000000000004],"triggersremaining":[11322.0,11322.0,11431.0],"crcerrors":[0.0,0.0,2.0]}