{"datalatency":[16.190516000000002],"sensoruptime":[null,48.545,49.00611111111111],"battvoltage":[11.722000000000001,11.606,11.569],"arrayvoltage":[15.918,16.116,17.288],"chargecurrent":[0.473,0.73,9.298],"ledstate":[10.0,10.0,10.0],"loadpower":[7.13037,23.246648,6.48852],"batterytemp":[29.0,29.0,38.0],"triggerrate":[null,0.0,2.4000000000000004],"triggersremaining":[null,14649.0,14660.0],"crcerrors":[0.0,null,0.0]}