{"datalatency":[8.538573000000001],"sensoruptime":[26.759166666666665,25.77611111111111,26.759166666666665],"battvoltage":[14.084000000000001,14.059000000000001,12.112],"arrayvoltage":[40.546,39.696999999999996,41.489],"chargecurrent":[4.2860000000000005,5.008,11.902999999999999],"chargestate":[6.0,6.0,6.0],"loadpower":[9.0954,9.113015,9.067364],"batterytemp":[32.0,33.0,41.0],"triggerrate":[0.0,0.0,1.0],"triggersremaining":[21655.0,21655.0,21739.0],"crcerrors":[0.0,0.0,0.0]}