{"datalatency":[19.293832000000002],"sensoruptime":[256.8302777777778,255.84722222222223,256.8302777777778],"battvoltage":[11.884,11.88,11.874],"arrayvoltage":[13.623,12.888,16.653],"chargecurrent":[0.23399999999999999,0.106,9.992],"ledstate":[8.0,8.0,8.0],"loadpower":[23.718000000000004,24.346527000000002,21.95131],"batterytemp":[29.0,29.0,50.0],"triggerrate":[0.0,0.0,8.0],"triggersremaining":[3316.0,3317.0,4162.0],"crcerrors":[0.0,0.0,0.0]}