{"datalatency":[19.577643000000002],"sensoruptime":[518.9944444444444,517.9947222222222,518.9944444444444],"battvoltage":[11.74,11.758,11.728],"arrayvoltage":[0.049,0.034,17.145],"chargecurrent":[0.005,0.002,3.602],"ledstate":[8.0,8.0,8.0],"loadpower":[23.390586000000003,23.806912,21.980286000000003],"batterytemp":[28.0,28.0,37.0],"triggerrate":[0.0,0.0,3.6],"triggersremaining":[11313.0,11322.0,11431.0],"crcerrors":[0.0,0.0,2.0]}