{"datalatency":[26.352765],"sensoruptime":[40.348055555555554,39.348333333333336,40.348055555555554],"battvoltage":[12.292,12.445,12.064],"arrayvoltage":[16.605,17.239,18.872],"chargecurrent":[1.764,2.742,7.774],"ledstate":[8.0,8.0,8.0],"loadpower":[23.62513,23.537787,22.625028],"batterytemp":[34.0,32.0,50.0],"triggerrate":[0.0,1.200000264000058,2.4000255842727283],"triggersremaining":[22336.0,22351.0,22430.0],"crcerrors":[null,null,0.0]}