{"datalatency":[7.4492970000000005],"sensoruptime":[161.90583333333333,160.9061111111111,161.90583333333333],"battvoltage":[12.299000000000001,12.332,11.868],"arrayvoltage":[0.629,0.62,42.465],"chargecurrent":[0.0,0.0,15.0],"chargestate":[3.0,3.0,6.0],"loadpower":[13.813767999999998,14.068044,8.596613999999999],"batterytemp":[8.0,9.0,33.0],"triggerrate":[0.0,0.0,0.8],"triggersremaining":[20376.0,20377.0,20469.0],"crcerrors":[0.0,0.0,0.0]}