{"datalatency":[18.980923],"sensoruptime":[549.6566666666666,548.6566666666666,549.6566666666666],"battvoltage":[11.53,11.569,11.53],"arrayvoltage":[12.439,0.214,17.575],"chargecurrent":[0.057999999999999996,0.005,11.448],"ledstate":[10.0,10.0,10.0],"loadpower":[23.978394,23.37408,22.237292000000004],"batterytemp":[27.0,27.0,51.0],"triggerrate":[0.0,0.0,2.4000000000000004],"triggersremaining":[11255.0,11255.0,11311.0],"crcerrors":[0.0,0.0,2.0]}