{"datalatency":[15.578448000000002],"sensoruptime":[401.34722222222223,400.34722222222223,401.34722222222223],"battvoltage":[12.109000000000002,12.14,12.027000000000001],"arrayvoltage":[0.046,0.031,18.365],"chargecurrent":[0.002,0.002,10.873],"ledstate":[6.0,6.0,8.0],"loadpower":[23.656215999999997,23.673856,21.895564000000004],"batterytemp":[27.0,27.0,52.0],"triggerrate":[0.0,0.0,1.2000000000000002],"triggersremaining":[12600.0,12600.0,12608.0],"crcerrors":[0.0,0.0,2.0]}