{"datalatency":[7.675089000000001],"sensoruptime":[211.8986111111111,210.9152777777778,211.8986111111111],"battvoltage":[12.259,12.259,12.106],"arrayvoltage":[0.943,0.9640000000000001,41.711000000000006],"chargecurrent":[0.0,0.0,9.777000000000001],"chargestate":[3.0,3.0,6.0],"loadpower":[14.065649999999998,14.090112000000001,9.02565],"batterytemp":[13.0,13.0,34.0],"triggerrate":[0.2,0.2,0.8],"triggersremaining":[20309.0,20324.0,20357.0],"crcerrors":[0.0,0.0,0.0]}