{"datalatency":[21.095395],"sensoruptime":[56.3275,55.327777777777776,56.3275],"battvoltage":[12.253,12.634,11.874],"arrayvoltage":[15.234000000000002,15.335,16.500999999999998],"chargecurrent":[1.681,4.795,10.463],"ledstate":[6.0,6.0,8.0],"loadpower":[23.748450000000002,22.955040000000004,21.727188],"batterytemp":[47.0,47.0,50.0],"triggerrate":[0.0,0.0,1.2],"triggersremaining":[1507.0,1510.0,1554.0],"crcerrors":[0.0,0.0,0.0]}