{"datalatency":[74.871435],"sensoruptime":[10.321944444444444,9.321944444444444,null],"battvoltage":[12.546,12.582,12.488],"arrayvoltage":[8.258,13.62,19.229],"chargecurrent":[0.005,0.13,8.175],"ledstate":[6.0,4.0,6.0],"loadpower":[23.479392999999998,23.887584,6.0236],"batterytemp":[38.0,46.0,54.0],"triggerrate":[0.2,0.0,null],"triggersremaining":[7057.0,7060.0,null],"crcerrors":[0.0,0.0,0.0]}