{"datalatency":[7.727238000000001],"sensoruptime":[6.23,5.246944444444445,227.69416666666666],"battvoltage":[11.914000000000001,11.92,11.914000000000001],"arrayvoltage":[1.135,1.038,36.472],"chargecurrent":[0.0,0.0,3.503],"chargestate":[3.0,3.0,5.0],"loadpower":[13.836468000000002,13.839960000000003,9.995777999999998],"batterytemp":[16.0,16.0,18.0],"triggerrate":[0.0,0.0,24.0],"triggersremaining":[18654.0,18660.0,20328.0],"crcerrors":[2.0,0.0,3.0]}