{"datalatency":[8.679491],"sensoruptime":[72.91944444444445,71.93611111111112,72.91944444444445],"battvoltage":[12.262,12.299000000000001,12.183],"arrayvoltage":[31.497,31.885,40.146],"chargecurrent":[1.375,0.672,8.38],"chargestate":[5.0,5.0,6.0],"loadpower":[13.837624000000002,13.383996000000003,8.80245],"batterytemp":[21.0,19.0,34.0],"triggerrate":[0.0,0.0,0.4],"triggersremaining":[21638.0,21641.0,21647.0],"crcerrors":[0.0,0.0,0.0]}