{"datalatency":[15.073331000000001],"sensoruptime":[389.5155555555556,388.5183333333333,389.5155555555556],"battvoltage":[13.184000000000001,12.520999999999999,12.027000000000001],"arrayvoltage":[14.499,15.82,18.365],"chargecurrent":[10.185,2.988,10.873],"ledstate":[6.0,8.0,8.0],"loadpower":[23.396508,23.952949000000004,21.833703],"batterytemp":[44.0,42.0,52.0],"triggerrate":[0.0,0.0,1.2000000000000002],"triggersremaining":[12604.0,12605.0,12611.0],"crcerrors":[0.0,0.0,2.0]}