{"datalatency":[8.157160000000001],"sensoruptime":[5.951388888888889,4.968055555555556,114.10888888888888],"battvoltage":[11.786,11.807,11.469000000000001],"arrayvoltage":[0.7140000000000001,23.971999999999998,35.4],"chargecurrent":[0.0,0.043,6.643],"chargestate":[3.0,5.0,5.0],"loadpower":[13.701444,13.732872000000002,0.0],"batterytemp":[18.0,19.0,27.0],"triggerrate":[0.6,0.2,0.8],"triggersremaining":[21907.0,21919.0,21952.0],"crcerrors":[0.0,0.0,0.0]}