{"datalatency":[7.993481],"sensoruptime":[37.263888888888886,36.26416666666667,37.263888888888886],"battvoltage":[11.978,12.012,11.49],"arrayvoltage":[0.754,0.7659999999999999,42.148],"chargecurrent":[0.0,0.0,12.352],"chargestate":[3.0,3.0,6.0],"loadpower":[13.901005999999999,13.959852000000001,8.277874],"batterytemp":[10.0,10.0,29.0],"triggerrate":[0.0,0.0,0.4],"triggersremaining":[18417.0,18417.0,18427.0],"crcerrors":[0.0,0.0,0.0]}