{"datalatency":[9.284930000000001],"sensoruptime":[6.005277777777778,5.0055555555555555,6.051944444444445],"battvoltage":[12.558,12.872,11.285],"arrayvoltage":[15.527000000000001,14.395,19.519000000000002],"chargecurrent":[2.145,2.423,7.916],"ledstate":[6.0,6.0,11.0],"loadpower":[26.297121,27.063019999999998,0.0],"batterytemp":[46.0,45.0,51.0],"triggerrate":[0.0,0.0,1.2000000000000002],"triggersremaining":[14566.0,14566.0,14569.0],"crcerrors":[0.0,0.0,0.0]}