{"datalatency":[7.941477000000001],"sensoruptime":[10.60138888888889,9.60138888888889,31.859444444444446],"battvoltage":[11.902000000000001,11.923,11.465],"arrayvoltage":[1.089,1.08,42.996],"chargecurrent":[0.0,0.0,15.002],"chargestate":[3.0,3.0,6.0],"loadpower":[13.812694,13.812694,0.0],"batterytemp":[7.0,8.0,28.0],"triggerrate":[0.0,0.0,2.0],"triggersremaining":[18429.0,18429.0,18579.0],"crcerrors":[1.0,0.0,4.0]}