{"datalatency":[15.517567000000001],"sensoruptime":[124.88555555555556,123.88555555555556,124.88555555555556],"battvoltage":[12.253,12.482000000000001,12.079],"arrayvoltage":[16.012999999999998,16.452,16.895],"chargecurrent":[1.401,2.72,10.972000000000001],"ledstate":[8.0,8.0,8.0],"loadpower":[23.400107999999996,23.385590999999994,21.720998],"batterytemp":[38.0,41.0,54.0],"triggerrate":[0.0,0.0,1.2000000000000002],"triggersremaining":[13076.0,13077.0,13084.0],"crcerrors":[0.0,0.0,2.0]}