{"datalatency":[21.035359],"sensoruptime":[18.70388888888889,17.720833333333335,null],"battvoltage":[11.89,11.911,11.835],"arrayvoltage":[0.0,0.021,17.48],"chargecurrent":[0.002,0.005,11.001],"ledstate":[8.0,8.0,8.0],"loadpower":[24.061911000000002,23.798000000000002,6.678672000000001],"batterytemp":[32.0,32.0,51.0],"triggerrate":[0.0,0.2,null],"triggersremaining":[1293.0,1306.0,null],"crcerrors":[0.0,0.0,0.0]}