{"datalatency":[20.845694],"sensoruptime":[18.815277777777776,17.815555555555555,null],"battvoltage":[12.106,12.14,12.1],"arrayvoltage":[0.0,0.0,20.032],"chargecurrent":[0.005,0.005,7.09],"chargestate":[3.0,3.0,7.0],"loadpower":[24.417759999999998,24.728992,11.041264],"batterytemp":[25.0,25.0,47.0],"triggerrate":[null,null,null],"triggersremaining":[22489.0,22489.0,null],"crcerrors":[null,null,0.0]}