{"datalatency":[37.641169000000005],"sensoruptime":[1.11,0.12666666666666668,9.396944444444445],"battvoltage":[12.415,12.183,10.477],"arrayvoltage":[33.835,29.639,43.448],"chargecurrent":[1.23,0.336,5.0760000000000005],"chargestate":[5.0,5.0,8.0],"loadpower":[13.638080000000002,13.358344999999998,0.0],"batterytemp":[12.0,9.0,26.0],"triggerrate":[0.0,0.0,19.2],"triggersremaining":[11440.0,11441.0,11653.0],"crcerrors":[0.0,0.0,0.0]}