{"datalatency":[8.212234],"sensoruptime":[null,null,null],"battvoltage":[12.421,12.415,10.944],"arrayvoltage":[0.888,0.9520000000000001,41.791000000000004],"chargecurrent":[0.0,0.002,2.923],"chargestate":[3.0,3.0,6.0],"loadpower":[0.0,0.0,0.0],"batterytemp":[8.0,9.0,32.0],"triggerrate":[null,null,null],"triggersremaining":[null,null,null],"crcerrors":[0.0,null,0.0]}