{"datalatency":[72.06671],"sensoruptime":[35.48444444444444,34.50138888888889,35.48444444444444],"battvoltage":[12.520999999999999,12.549000000000001,12.308],"arrayvoltage":[0.021,4.095,18.448],"chargecurrent":[0.005,0.005,9.011000000000001],"ledstate":[6.0,6.0,6.0],"loadpower":[23.779609,23.692046,21.981199999999998],"batterytemp":[35.0,38.0,53.0],"triggerrate":[0.0,0.0,0.2],"triggersremaining":[7050.0,7050.0,7057.0],"crcerrors":[0.0,0.0,0.0]}