{"datalatency":[10.168394000000001],"sensoruptime":[null,null,null],"battvoltage":[14.783,14.85,12.72],"arrayvoltage":[39.52,37.399,44.955],"chargecurrent":[0.36200000000000004,0.055999999999999994,0.606],"chargestate":[6.0,6.0,7.0],"loadpower":[0.0,0.0,0.0],"batterytemp":[9.0,7.0,14.0],"triggerrate":[null,null,null],"triggersremaining":[null,null,null],"crcerrors":[null,null,null]}