{"datalatency":[14.227609000000001],"sensoruptime":[31.948055555555555,30.948333333333334,31.948055555555555],"battvoltage":[12.482000000000001,12.341,11.652000000000001],"arrayvoltage":[14.502,15.475,17.526],"chargecurrent":[2.138,2.597,11.398],"chargestate":[5.0,5.0,6.0],"loadpower":[23.635133,23.46708,21.713829000000004],"batterytemp":[50.0,48.0,50.0],"triggerrate":[0.0,0.0,8.4],"triggersremaining":[21056.0,21056.0,21428.0],"crcerrors":[0.0,0.0,0.0]}