{"datalatency":[8.647808000000001],"sensoruptime":[82.91805555555555,81.93472222222222,82.91805555555555],"battvoltage":[12.335,12.384,12.183],"arrayvoltage":[0.6409999999999999,0.726,38.708],"chargecurrent":[0.0,0.0,8.752],"chargestate":[3.0,3.0,6.0],"loadpower":[13.612647999999998,14.154912000000001,9.957479999999999],"batterytemp":[19.0,19.0,34.0],"triggerrate":[0.0,0.2,0.6],"triggersremaining":[21600.0,21602.0,21645.0],"crcerrors":[0.0,0.0,0.0]}