{"datalatency":[17.309492000000002],"sensoruptime":[173.54416666666665,172.54722222222222,173.54416666666665],"battvoltage":[12.780999999999999,12.634,11.795],"arrayvoltage":[15.142999999999999,15.524000000000001,17.245],"chargecurrent":[9.661,8.088,11.315],"ledstate":[8.0,8.0,8.0],"loadpower":[23.002920000000003,23.080890000000004,21.472317999999998],"batterytemp":[50.0,49.0,51.0],"triggerrate":[0.0,0.0,8.4],"triggersremaining":[12699.0,12700.0,12923.0],"crcerrors":[0.0,0.0,2.0]}