{"datalatency":[20.779667],"sensoruptime":[272.86305555555555,271.86611111111114,272.86305555555555],"battvoltage":[13.280999999999999,13.48,12.103],"arrayvoltage":[15.915,16.119,18.506],"chargecurrent":[5.218,6.8,9.074],"ledstate":[6.0,6.0,6.0],"loadpower":[22.825200000000002,22.800744,21.141912],"batterytemp":[47.0,46.0,54.0],"triggerrate":[0.0,0.0,2.4000000000000004],"triggersremaining":[12645.0,12649.0,12674.0],"crcerrors":[0.0,0.0,2.0]}