{"datalatency":[7.702362000000001],"sensoruptime":[222.0638888888889,221.08055555555555,222.0638888888889],"battvoltage":[12.145999999999999,12.145999999999999,12.07],"arrayvoltage":[26.465,30.618000000000002,41.711000000000006],"chargecurrent":[0.159,0.461,3.503],"chargestate":[5.0,5.0,6.0],"loadpower":[14.07763,14.124109999999998,9.49424],"batterytemp":[14.0,15.0,25.0],"triggerrate":[1.2,1.6,2.2],"triggersremaining":[20121.0,20195.0,20351.0],"crcerrors":[0.0,0.0,0.0]}