{"datalatency":[7.681627000000001],"sensoruptime":[219.23083333333332,218.23111111111112,219.23083333333332],"battvoltage":[12.796,12.238,12.097000000000001],"arrayvoltage":[36.472,33.499,41.711000000000006],"chargecurrent":[2.655,1.645,3.503],"chargestate":[5.0,5.0,6.0],"loadpower":[11.255143,13.924032,9.208645],"batterytemp":[18.0,15.0,30.0],"triggerrate":[0.2,0.0,1.0],"triggersremaining":[20269.0,20287.0,20353.0],"crcerrors":[0.0,0.0,0.0]}