{"datalatency":[15.098134000000002],"sensoruptime":[55.285833333333336,54.28888888888889,55.285833333333336],"battvoltage":[12.9,12.592,11.499],"arrayvoltage":[14.499,15.915,18.410999999999998],"chargecurrent":[7.7860000000000005,5.235,12.030999999999999],"ledstate":[8.0,8.0,10.0],"loadpower":[23.203799999999998,22.841434,21.764498],"batterytemp":[51.0,50.0,52.0],"triggerrate":[0.0,0.0,6.0],"triggersremaining":[20758.0,20758.0,21056.0],"crcerrors":[0.0,0.0,1.0]}