{"datalatency":[15.251721000000002],"sensoruptime":[115.22027777777778,114.22027777777778,115.22027777777778],"battvoltage":[12.14,12.149000000000001,12.057],"arrayvoltage":[0.0,0.0,17.825],"chargecurrent":[0.005,0.002,10.327],"ledstate":[6.0,6.0,8.0],"loadpower":[23.734496,23.443424,21.192338],"batterytemp":[30.0,30.0,54.0],"triggerrate":[0.0,0.0,1.2000000000000002],"triggersremaining":[13079.0,13079.0,13087.0],"crcerrors":[0.0,0.0,2.0]}