{"datalatency":[14.997474],"sensoruptime":[391.18194444444447,390.1847222222222,391.18194444444447],"battvoltage":[12.64,13.092,12.027000000000001],"arrayvoltage":[15.677,14.401,18.365],"chargecurrent":[2.766,8.247,10.873],"ledstate":[6.0,6.0,8.0],"loadpower":[23.017965,22.90308,21.833703],"batterytemp":[49.0,50.0,52.0],"triggerrate":[0.0,0.0,1.2000000000000002],"triggersremaining":[12603.0,12603.0,12611.0],"crcerrors":[0.0,0.0,2.0]}