{"datalatency":[17.372718000000003],"sensoruptime":[null,null,null],"battvoltage":[12.482000000000001,12.445,12.253],"arrayvoltage":[17.09,16.168,19.625999999999998],"chargecurrent":[0.447,0.278,5.361000000000001],"chargestate":[5.0,5.0,6.0],"loadpower":[4.625076000000001,5.390954999999999,4.102919999999999],"batterytemp":[16.0,14.0,45.0],"triggerrate":[null,null,null],"triggersremaining":[null,null,null],"crcerrors":[null,null,null]}