{"datalatency":[12.663605],"sensoruptime":[40.565,39.56777777777778,40.565],"battvoltage":[12.152000000000001,12.177,12.033],"arrayvoltage":[0.107,0.107,17.526],"chargecurrent":[0.005,0.005,10.985],"ledstate":[6.0,6.0,8.0],"loadpower":[23.200864,23.123764,21.514706],"batterytemp":[29.0,30.0,50.0],"triggerrate":[0.0,0.0,2.4000000000000004],"triggersremaining":[13484.0,13494.0,13515.0],"crcerrors":[0.0,0.0,2.0]}