{"datalatency":[75.610803],"sensoruptime":[36.48416666666667,35.48444444444444,36.48416666666667],"battvoltage":[12.488,12.520999999999999,12.308],"arrayvoltage":[0.021,0.021,18.448],"chargecurrent":[0.005,0.005,9.011000000000001],"ledstate":[6.0,6.0,6.0],"loadpower":[23.229747000000003,23.779609,21.981199999999998],"batterytemp":[33.0,35.0,53.0],"triggerrate":[0.0,0.0,0.2],"triggersremaining":[7049.0,7050.0,7056.0],"crcerrors":[0.0,0.0,0.0]}