{"datalatency":[78.032212],"sensoruptime":[39.185833333333335,38.185833333333335,39.185833333333335],"battvoltage":[12.222000000000001,12.253,12.14],"arrayvoltage":[13.083,0.006,17.337],"chargecurrent":[0.051,0.002,9.245],"ledstate":[6.0,6.0,6.0],"loadpower":[23.346252000000003,23.937021000000005,22.116975999999998],"batterytemp":[27.0,27.0,55.0],"triggerrate":[0.0,0.0,0.2],"triggersremaining":[6323.0,6323.0,6329.0],"crcerrors":[0.0,0.0,0.0]}