{"datalatency":[18.407854],"sensoruptime":[3.9875,2.9877777777777776,null],"battvoltage":[13.684000000000001,13.605,12.530999999999999],"arrayvoltage":[19.098,15.717,19.843],"chargecurrent":[4.037,3.73,6.841],"chargestate":[6.0,5.0,6.0],"loadpower":[24.409902000000002,24.609448,11.041264],"batterytemp":[45.0,44.0,45.0],"triggerrate":[null,null,null],"triggersremaining":[22493.0,22493.0,null],"crcerrors":[null,null,0.0]}