{"datalatency":[8.368476000000001],"sensoruptime":[1.0963888888888889,0.11333333333333333,null],"battvoltage":[13.647,12.561,11.478],"arrayvoltage":[33.493,27.49,37.939],"chargecurrent":[14.7,6.851,14.751],"chargestate":[5.0,5.0,5.0],"loadpower":[10.8864,14.440965,0.0],"batterytemp":[33.0,18.0,33.0],"triggerrate":[0.0,0.0,null],"triggersremaining":[21743.0,21746.0,null],"crcerrors":[0.0,0.0,0.0]}