{"datalatency":[8.177906],"sensoruptime":[72.74777777777778,71.74805555555555,72.74777777777778],"battvoltage":[12.344000000000001,12.604000000000001,12.145999999999999],"arrayvoltage":[30.719,32.617,42.861999999999995],"chargecurrent":[0.379,1.619,3.003],"chargestate":[5.0,5.0,6.0],"loadpower":[13.504336000000002,13.831010000000001,11.338008],"batterytemp":[17.0,20.0,28.0],"triggerrate":[0.0,0.2,4.4],"triggersremaining":[22078.0,22111.0,22213.0],"crcerrors":[0.0,0.0,0.0]}