{"datalatency":[7.979887000000001],"sensoruptime":[40.93,39.930277777777775,40.93],"battvoltage":[11.870999999999999,11.899000000000001,11.49],"arrayvoltage":[0.653,0.6809999999999999,42.148],"chargecurrent":[0.0,0.0,12.352],"chargestate":[3.0,3.0,6.0],"loadpower":[13.789908000000004,13.809208,8.277874],"batterytemp":[7.0,7.0,29.0],"triggerrate":[0.0,0.0,0.4],"triggersremaining":[18415.0,18417.0,18425.0],"crcerrors":[0.0,0.0,0.0]}