{"datalatency":[8.629446],"sensoruptime":[63.75388888888889,62.75416666666667,63.75388888888889],"battvoltage":[12.375,12.415,12.18],"arrayvoltage":[0.601,0.626,40.146],"chargecurrent":[0.0,0.0,10.228],"chargestate":[3.0,3.0,6.0],"loadpower":[13.541368,14.204448000000001,8.80245],"batterytemp":[15.0,16.0,34.0],"triggerrate":[0.0,0.0,0.2],"triggersremaining":[21644.0,21644.0,21651.0],"crcerrors":[0.0,0.0,0.0]}