{"datalatency":[7.846447],"sensoruptime":[3.1025,2.1191666666666666,31.859444444444446],"battvoltage":[13.449000000000002,12.567,11.465],"arrayvoltage":[34.668,34.473,41.821000000000005],"chargecurrent":[3.225,3.136,15.002],"chargestate":[5.0,5.0,6.0],"loadpower":[10.6688,10.706902,0.0],"batterytemp":[25.0,28.0,28.0],"triggerrate":[0.0,0.0,2.0],"triggersremaining":[18434.0,18434.0,18588.0],"crcerrors":[1.0,0.0,4.0]}