{"datalatency":[15.269188000000002],"sensoruptime":[116.22,115.22305555555556,116.22],"battvoltage":[12.106,12.14,12.057],"arrayvoltage":[0.0,0.0,17.825],"chargecurrent":[0.005,0.002,10.327],"ledstate":[6.0,6.0,8.0],"loadpower":[23.680391999999998,23.6496,21.192338],"batterytemp":[30.0,30.0,54.0],"triggerrate":[0.0,0.0,1.2000000000000002],"triggersremaining":[13078.0,13079.0,13086.0],"crcerrors":[0.0,0.0,2.0]}