{"datalatency":[60.889061000000005],"sensoruptime":[10.713055555555556,9.713055555555556,null],"battvoltage":[12.296,12.329,12.292],"arrayvoltage":[0.021,0.034,19.632],"chargecurrent":[0.005,0.002,7.9],"ledstate":[6.0,6.0,6.0],"loadpower":[23.28288,23.981199,5.802676],"batterytemp":[31.0,32.0,49.0],"triggerrate":[0.0,0.0,null],"triggersremaining":[22329.0,22329.0,null],"crcerrors":[0.0,0.0,0.0]}