{"datalatency":[16.638722],"sensoruptime":[152.7138888888889,151.7175,152.7138888888889],"battvoltage":[12.558,12.427,11.870999999999999],"arrayvoltage":[17.145,16.116,17.245],"chargecurrent":[5.155,4.184,12.144],"ledstate":[8.0,8.0,8.0],"loadpower":[22.31951,23.3662,21.472317999999998],"batterytemp":[44.0,48.0,51.0],"triggerrate":[1.2000000000000002,1.2000000000000002,8.4],"triggersremaining":[12724.0,12906.0,13013.0],"crcerrors":[0.0,0.0,2.0]}