{"datalatency":[7.630007000000001],"sensoruptime":[181.90277777777777,180.90277777777777,181.90277777777777],"battvoltage":[12.415,12.450999999999999,12.183],"arrayvoltage":[0.626,0.629,43.121],"chargecurrent":[0.0,0.0,10.794],"chargestate":[3.0,3.0,6.0],"loadpower":[13.585248,13.563732,8.98432],"batterytemp":[8.0,8.0,29.0],"triggerrate":[0.0,0.0,0.4],"triggersremaining":[20363.0,20363.0,20389.0],"crcerrors":[0.0,0.0,0.0]}