{"datalatency":[8.668504],"sensoruptime":[101.24888888888889,100.24888888888889,101.24888888888889],"battvoltage":[13.113,13.293,12.03],"arrayvoltage":[33.74,33.405,41.65],"chargecurrent":[2.94,3.628,11.832],"chargestate":[5.0,5.0,6.0],"loadpower":[14.436240000000002,13.187000000000001,9.0954],"batterytemp":[26.0,26.0,32.0],"triggerrate":[0.2,0.0,0.6],"triggersremaining":[21522.0,21524.0,21612.0],"crcerrors":[0.0,0.0,0.0]}