{"datalatency":[10.106107000000002],"sensoruptime":[null,null,null],"battvoltage":[12.710999999999999,12.759,10.595999999999998],"arrayvoltage":[13.217,13.280999999999999,43.347],"chargecurrent":[0.0,0.0,2.597],"chargestate":[5.0,5.0,7.0],"loadpower":[0.0,0.0,0.0],"batterytemp":[10.0,11.0,20.0],"triggerrate":[null,null,null],"triggersremaining":[null,null,null],"crcerrors":[0.0,null,1.0]}