{"datalatency":[10.207774],"sensoruptime":[null,null,0.018055555555555554],"battvoltage":[14.12,14.713,12.567],"arrayvoltage":[36.510999999999996,39.993,43.176],"chargecurrent":[0.534,0.602,2.22],"chargestate":[7.0,6.0,7.0],"loadpower":[0.0,0.0,0.0],"batterytemp":[11.0,11.0,20.0],"triggerrate":[null,null,null],"triggersremaining":[null,null,0.0],"crcerrors":[0.0,null,1.0]}