{"datalatency":[7.700772000000001],"sensoruptime":[209.73222222222222,208.7488888888889,209.73222222222222],"battvoltage":[12.299000000000001,12.335,12.106],"arrayvoltage":[0.983,0.9279999999999999,41.711000000000006],"chargecurrent":[0.0,0.0,9.777000000000001],"chargestate":[3.0,3.0,6.0],"loadpower":[13.568407999999998,13.464952,9.02565],"batterytemp":[13.0,13.0,34.0],"triggerrate":[0.0,0.0,0.6],"triggersremaining":[20331.0,20332.0,20359.0],"crcerrors":[0.0,0.0,0.0]}