{"datalatency":[8.479547],"sensoruptime":[null,null,null],"battvoltage":[12.512,12.5,11.307],"arrayvoltage":[0.7020000000000001,0.705,39.163000000000004],"chargecurrent":[0.0,0.0,3.0660000000000003],"chargestate":[3.0,3.0,6.0],"loadpower":[0.0,0.0,0.0],"batterytemp":[18.0,19.0,27.0],"triggerrate":[null,null,null],"triggersremaining":[null,null,null],"crcerrors":[4.0,null,4.0]}