{"datalatency":[21.160890000000002],"sensoruptime":[null,3.638333333333333,null],"battvoltage":[13.409,14.478,11.493],"arrayvoltage":[30.67,41.196000000000005,45.004],"chargecurrent":[0.43200000000000005,1.819,2.194],"chargestate":[5.0,6.0,6.0],"loadpower":[0.0,17.140199999999997,0.0],"batterytemp":[16.0,19.0,22.0],"triggerrate":[null,58.0,null],"triggersremaining":[null,15054.0,null],"crcerrors":[5.0,2.0,5.0]}