{"datalatency":[21.140663],"sensoruptime":[2.455277777777778,2.1222222222222222,null],"battvoltage":[14.41,14.383,11.493],"arrayvoltage":[42.221000000000004,38.733000000000004,45.004],"chargecurrent":[1.744,1.7730000000000001,2.116],"chargestate":[6.0,6.0,7.0],"loadpower":[15.030224,16.830408000000002,0.0],"batterytemp":[21.0,22.0,22.0],"triggerrate":[35.0,49.271428571428565,null],"triggersremaining":[15536.0,16283.0,null],"crcerrors":[3.0,0.5,3.0]}