{"datalatency":[8.724020000000001],"sensoruptime":[102.58194444444445,101.58222222222223,102.58194444444445],"battvoltage":[12.872,13.677999999999999,12.03],"arrayvoltage":[31.393,33.594,41.65],"chargecurrent":[1.645,3.909,11.832],"chargestate":[5.0,5.0,6.0],"loadpower":[14.214926,10.8792,8.207364000000002],"batterytemp":[27.0,29.0,32.0],"triggerrate":[0.0,0.0,0.6],"triggersremaining":[21515.0,21521.0,21610.0],"crcerrors":[0.0,0.0,0.0]}