{"datalatency":[37.78473],"sensoruptime":[0.22611111111111112,0.19916666666666666,2.6594444444444445],"battvoltage":[11.838,11.581,10.26],"arrayvoltage":[34.43,32.812,42.032],"chargecurrent":[0.703,0.94,2.546],"chargestate":[5.0,5.0,7.0],"loadpower":[13.814352000000001,13.546596,0.0],"batterytemp":[16.0,14.0,24.0],"triggerrate":[0.0,0.0,58.4],"triggersremaining":[0.0,0.0,5262.0],"crcerrors":[27.0,0.0,20.0]}