{"datalatency":[7.931701],"sensoruptime":[4.924166666666666,3.924166666666667,null],"battvoltage":[12.450999999999999,12.517999999999999,12.299000000000001],"arrayvoltage":[0.589,24.564,44.162],"chargecurrent":[0.0,0.022000000000000002,2.483],"chargestate":[3.0,7.0,7.0],"loadpower":[13.625836999999999,13.771694000000002,0.0],"batterytemp":[9.0,13.0,19.0],"triggerrate":[0.0,0.0,null],"triggersremaining":[22376.0,22378.0,null],"crcerrors":[0.0,0.0,0.0]}