{"datalatency":[15.146607000000001],"sensoruptime":[396.34777777777776,395.35083333333336,396.34777777777776],"battvoltage":[12.253,12.292,12.027000000000001],"arrayvoltage":[1.4980000000000002,13.321,18.365],"chargecurrent":[0.005,0.18100000000000002,10.873],"ledstate":[6.0,6.0,8.0],"loadpower":[23.514961,24.426780000000004,21.895564000000004],"batterytemp":[34.0,41.0,52.0],"triggerrate":[0.0,0.0,1.2000000000000002],"triggersremaining":[12601.0,12602.0,12609.0],"crcerrors":[0.0,0.0,2.0]}