{"datalatency":[19.388023],"sensoruptime":[217.3413888888889,216.34194444444444,217.3413888888889],"battvoltage":[12.975999999999999,13.116,12.03],"arrayvoltage":[15.869000000000002,14.697000000000001,16.995],"chargecurrent":[6.151,7.7620000000000005,8.74],"ledstate":[6.0,6.0,8.0],"loadpower":[22.803228,23.5386,22.120514],"batterytemp":[47.0,50.0,53.0],"triggerrate":[2.2,3.0,4.2],"triggersremaining":[5268.0,5404.0,5735.0],"crcerrors":[0.0,0.0,0.0]}