{"datalatency":[14.941586000000001],"sensoruptime":[387.6825,386.6852777777778,387.6825],"battvoltage":[12.520999999999999,12.863,12.027000000000001],"arrayvoltage":[15.14,15.231,18.365],"chargecurrent":[1.797,6.561,10.61],"ledstate":[8.0,8.0,8.0],"loadpower":[24.788372000000006,23.090828,20.806074],"batterytemp":[48.0,42.0,52.0],"triggerrate":[0.0,0.0,1.2000000000000002],"triggersremaining":[12606.0,12606.0,12612.0],"crcerrors":[0.0,0.0,2.0]}