{"datalatency":[37.637102000000006],"sensoruptime":[8.213611111111112,7.230555555555555,8.213611111111112],"battvoltage":[13.849,14.27,10.709000000000001],"arrayvoltage":[34.131,41.821000000000005,43.448],"chargecurrent":[1.969,2.483,5.0760000000000005],"chargestate":[5.0,6.0,8.0],"loadpower":[14.184099000000003,12.883362,0.0],"batterytemp":[24.0,26.0,26.0],"triggerrate":[0.4,0.0,2.8],"triggersremaining":[11607.0,11614.0,11684.0],"crcerrors":[0.0,0.0,0.0]}