{"datalatency":[12.995179],"sensoruptime":[0.3416666666666667,4.939444444444445,null],"battvoltage":[11.835,13.540999999999999,11.328],"arrayvoltage":[15.145999999999999,18.756,19.949],"chargecurrent":[1.365,2.81,9.745],"ledstate":[6.0,5.0,10.0],"loadpower":[24.404467999999998,23.522934,5.908896],"batterytemp":[51.0,50.0,51.0],"triggerrate":[0.0,0.0,null],"triggersremaining":[14569.0,14569.0,null],"crcerrors":[0.0,0.0,0.0]}