{"datalatency":[10.258788000000001],"sensoruptime":[11.006388888888889,10.006666666666666,14.684444444444445],"battvoltage":[11.74,11.987,11.45],"arrayvoltage":[1.8430000000000002,12.979000000000001,19.305],"chargecurrent":[0.005,0.155,7.371],"ledstate":[10.0,8.0,11.0],"loadpower":[27.338207999999998,27.653394999999996,0.0],"batterytemp":[31.0,40.0,49.0],"triggerrate":[0.0,0.0,1.2000000000000002],"triggersremaining":[14562.0,14562.0,14565.0],"crcerrors":[0.0,0.0,0.0]}