{"datalatency":[74.893635],"sensoruptime":[111.34138888888889,110.34138888888889,111.34138888888889],"battvoltage":[12.253,12.289000000000001,12.222000000000001],"arrayvoltage":[13.193,0.107,18.340999999999998],"chargecurrent":[0.065,0.002,7.815],"ledstate":[6.0,6.0,6.0],"loadpower":[23.833226999999997,23.478238,21.964412],"batterytemp":[29.0,29.0,55.0],"triggerrate":[0.0,0.0,0.4],"triggersremaining":[6290.0,6290.0,6298.0],"crcerrors":[0.0,0.0,0.0]}