{"datalatency":[6.9848300000000005],"sensoruptime":[156.90666666666667,155.90666666666667,156.90666666666667],"battvoltage":[12.439,12.457,11.868],"arrayvoltage":[0.61,0.61,42.465],"chargecurrent":[0.0,0.0,15.0],"chargestate":[3.0,3.0,6.0],"loadpower":[13.588574,13.567008000000003,8.596613999999999],"batterytemp":[11.0,11.0,33.0],"triggerrate":[0.0,0.0,1.2],"triggersremaining":[20395.0,20398.0,20500.0],"crcerrors":[0.0,0.0,0.0]}