{"datalatency":[21.645505],"sensoruptime":[52.86388888888889,51.88055555555555,52.86388888888889],"battvoltage":[12.097000000000001,12.106,11.572000000000001],"arrayvoltage":[16.55,16.55,17.337],"chargecurrent":[2.735,3.198,10.720999999999998],"ledstate":[8.0,8.0,10.0],"loadpower":[23.093584,22.666643999999998,21.973],"batterytemp":[39.0,39.0,49.0],"triggerrate":[0.0,0.0,16.8],"triggersremaining":[38.0,39.0,1283.0],"crcerrors":[1.9999768521197672,0.0,2.0]}