{"datalatency":[12.891915000000001],"sensoruptime":[332.6902777777778,331.69055555555553,332.6902777777778],"battvoltage":[12.149000000000001,12.177,12.14],"arrayvoltage":[0.107,0.0,18.753],"chargecurrent":[0.002,0.005,11.622],"ledstate":[6.0,6.0,6.0],"loadpower":[23.3464,23.605009999999996,20.870528999999998],"batterytemp":[24.0,25.0,44.0],"triggerrate":[0.0,0.0,1.2000000000000002],"triggersremaining":[12623.0,12624.0,12629.0],"crcerrors":[0.0,0.0,2.0]}