{"datalatency":[13.666721],"sensoruptime":[24.709444444444443,23.7125,24.709444444444443],"battvoltage":[12.177,12.325999999999999,12.054],"arrayvoltage":[16.608,16.55,18.340999999999998],"chargecurrent":[1.7269999999999999,2.4619999999999997,9.9],"ledstate":[8.0,8.0,8.0],"loadpower":[23.237248,23.344279999999998,21.60339],"batterytemp":[34.0,34.0,52.0],"triggerrate":[0.0,0.0,1.2000000000000002],"triggersremaining":[14660.0,14661.0,14672.0],"crcerrors":[0.0,0.0,0.0]}