{"datalatency":[13.822278],"sensoruptime":[359.35333333333335,358.35333333333335,359.35333333333335],"battvoltage":[12.1,12.1,12.064],"arrayvoltage":[15.82,16.500999999999998,17.633],"chargecurrent":[0.505,0.51,12.229000000000001],"ledstate":[8.0,8.0,8.0],"loadpower":[23.053562999999997,24.596090999999994,21.612250999999997],"batterytemp":[25.0,24.0,44.0],"triggerrate":[0.0,0.0,1.2000000000000002],"triggersremaining":[12617.0,12617.0,12623.0],"crcerrors":[0.0,0.0,2.0]}