{"datalatency":[58.444904],"sensoruptime":[null,null,20.630555555555556],"battvoltage":[12.064,12.082,11.517000000000001],"arrayvoltage":[0.027000000000000003,4.657,17.145],"chargecurrent":[0.002,0.005,10.335],"ledstate":[8.0,8.0,10.0],"loadpower":[7.423415999999999,7.627528,6.079374],"batterytemp":[32.0,35.0,53.0],"triggerrate":[null,null,1.6],"triggersremaining":[null,null,28.0],"crcerrors":[1.0,null,1.0]}