{"datalatency":[15.324525000000001],"sensoruptime":[114.88694444444444,113.88972222222222,114.88694444444444],"battvoltage":[12.14,12.177,12.057],"arrayvoltage":[0.0,0.0,17.825],"chargecurrent":[0.005,0.005,10.327],"ledstate":[6.0,6.0,8.0],"loadpower":[23.673856,23.40704,21.192338],"batterytemp":[30.0,30.0,54.0],"triggerrate":[0.0,0.0,1.2000000000000002],"triggersremaining":[13079.0,13079.0,13087.0],"crcerrors":[0.0,0.0,2.0]}