{"datalatency":[19.499119],"sensoruptime":[239.03472222222223,238.0375,239.03472222222223],"battvoltage":[12.1,12.103,11.950999999999999],"arrayvoltage":[15.527000000000001,13.864,18.372],"chargecurrent":[0.314,0.198,8.75],"ledstate":[8.0,6.0,8.0],"loadpower":[22.764338999999996,23.269399999999997,21.252608000000002],"batterytemp":[24.0,23.0,52.0],"triggerrate":[0.0,0.0,1.2000000000000002],"triggersremaining":[12677.0,12677.0,12684.0],"crcerrors":[0.0,0.0,2.0]}