{"datalatency":[8.146545],"sensoruptime":[5.918055555555555,4.934722222222222,11.270277777777778],"battvoltage":[14.172,14.27,11.154000000000002],"arrayvoltage":[40.085,40.088,42.273],"chargecurrent":[2.2680000000000002,2.2969999999999997,2.805],"chargestate":[6.0,6.0,6.0],"loadpower":[13.04418,13.426566,0.0],"batterytemp":[29.0,26.0,29.0],"triggerrate":[0.0,0.2,0.8],"triggersremaining":[18380.0,18384.0,18400.0],"crcerrors":[0.0,0.0,0.0]}