{"datalatency":[15.144772000000001],"sensoruptime":[109.88777777777777,108.88777777777777,109.88777777777777],"battvoltage":[12.253,12.277000000000001,12.057],"arrayvoltage":[0.021,0.107,17.825],"chargecurrent":[0.002,0.005,10.327],"ledstate":[6.0,6.0,8.0],"loadpower":[23.772022,23.661853,21.192338],"batterytemp":[32.0,33.0,54.0],"triggerrate":[0.0,0.0,1.2000000000000002],"triggersremaining":[13080.0,13080.0,13088.0],"crcerrors":[0.0,0.0,2.0]}