{"datalatency":[8.639184],"sensoruptime":[70.75305555555556,69.75305555555556,70.75305555555556],"battvoltage":[12.225,12.222000000000001,12.18],"arrayvoltage":[29.153000000000002,1.08,40.146],"chargecurrent":[0.316,0.0,10.228],"chargestate":[5.0,3.0,6.0],"loadpower":[13.478562,14.142719999999999,8.80245],"batterytemp":[16.0,16.0,34.0],"triggerrate":[0.0,0.0,0.2],"triggersremaining":[21641.0,21641.0,21648.0],"crcerrors":[0.0,0.0,0.0]}