{"datalatency":[12.726164],"sensoruptime":[45.23083333333334,44.23111111111111,45.23083333333334],"battvoltage":[12.064,12.07,12.033],"arrayvoltage":[3.989,0.0,17.526],"chargecurrent":[0.002,0.005,10.985],"ledstate":[8.0,8.0,8.0],"loadpower":[24.041999999999998,23.897132999999997,21.514706],"batterytemp":[30.0,30.0,50.0],"triggerrate":[2.4000000000000004,0.0,4.800000000000001],"triggersremaining":[13353.0,13425.0,13513.0],"crcerrors":[0.0,0.0,2.0]}