{"datalatency":[16.935814],"sensoruptime":[1.081388888888889,0.08166666666666667,7.133055555555556],"battvoltage":[13.739,13.852,11.328],"arrayvoltage":[18.042,17.05,19.949],"chargecurrent":[5.312,7.287999999999999,12.057],"ledstate":[5.0,5.0,10.0],"loadpower":[22.465765,22.804245,5.908896],"batterytemp":[43.0,40.0,50.0],"triggerrate":[0.0,0.0,0.0],"triggersremaining":[14570.0,14570.0,14570.0],"crcerrors":[0.0,0.0,0.0]}