{"datalatency":[14.41586],"sensoruptime":[377.85055555555556,376.85055555555556,377.85055555555556],"battvoltage":[12.130999999999998,12.145999999999999,12.064],"arrayvoltage":[0.0,0.07,17.78],"chargecurrent":[0.002,0.002,10.61],"ledstate":[6.0,6.0,8.0],"loadpower":[23.51116,23.613215999999998,20.806074],"batterytemp":[25.0,25.0,52.0],"triggerrate":[0.0,0.0,4.800000000000001],"triggersremaining":[12608.0,12608.0,12618.0],"crcerrors":[0.0,0.0,2.0]}