{"datalatency":[17.389760000000003],"sensoruptime":[null,null,null],"battvoltage":[12.445,12.405,12.216],"arrayvoltage":[14.398,13.083,19.625999999999998],"chargecurrent":[0.17600000000000002,0.01,5.361000000000001],"chargestate":[5.0,5.0,6.0],"loadpower":[6.1964999999999995,6.283251,4.102919999999999],"batterytemp":[13.0,13.0,45.0],"triggerrate":[null,null,null],"triggersremaining":[null,null,null],"crcerrors":[null,null,null]}