{"datalatency":[63.383399000000004],"sensoruptime":[15.321111111111112,14.321388888888889,null],"battvoltage":[12.405,12.408,12.392999999999999],"arrayvoltage":[0.021,0.018000000000000002,19.229],"chargecurrent":[0.002,0.005,8.175],"ledstate":[6.0,6.0,6.0],"loadpower":[23.396472,23.05098,6.0236],"batterytemp":[30.0,31.0,54.0],"triggerrate":[0.0,0.0,null],"triggersremaining":[7056.0,7056.0,null],"crcerrors":[0.0,0.0,0.0]}