{"datalatency":[21.996114000000002],"sensoruptime":[309.02444444444444,308.02444444444444,309.02444444444444],"battvoltage":[12.292,12.325999999999999,12.183],"arrayvoltage":[3.537,0.0,18.463],"chargecurrent":[0.005,0.002,9.376],"ledstate":[6.0,6.0,6.0],"loadpower":[23.55304,23.49164,21.533700000000003],"batterytemp":[22.0,22.0,50.0],"triggerrate":[0.0,0.0,1.2000000000000002],"triggersremaining":[12629.0,12629.0,12640.0],"crcerrors":[0.0,0.0,2.0]}