{"datalatency":[26.028059000000002],"sensoruptime":[null,null,6.267777777777778],"battvoltage":[14.749,14.719000000000001,11.99],"arrayvoltage":[39.871,41.388000000000005,44.974],"chargecurrent":[0.708,0.882,2.773],"chargestate":[6.0,6.0,7.0],"loadpower":[0.0,0.0,0.0],"batterytemp":[10.0,11.0,31.0],"triggerrate":[null,null,56.0],"triggersremaining":[null,null,18680.0],"crcerrors":[1.0,null,3.0]}