{"datalatency":[27.325014000000003],"sensoruptime":[18.018055555555556,17.018333333333334,31.89388888888889],"battvoltage":[13.434000000000001,13.052,12.07],"arrayvoltage":[15.558,13.925,18.872],"chargecurrent":[2.8819999999999997,2.8819999999999997,10.158],"ledstate":[6.0,6.0,8.0],"loadpower":[23.916287999999998,25.43385,7.371546],"batterytemp":[49.0,49.0,50.0],"triggerrate":[0.0,0.0,16.800115584795222],"triggersremaining":[22430.0,22430.0,22486.0],"crcerrors":[null,null,0.0]}