{"datalatency":[12.371858000000001],"sensoruptime":[5.118888888888889,4.121666666666667,7.988333333333333],"battvoltage":[12.335,12.085,11.798],"arrayvoltage":[17.145,17.145,17.730999999999998],"chargecurrent":[3.1310000000000002,2.249,11.344000000000001],"chargestate":[5.0,5.0,6.0],"loadpower":[22.205174,23.848929,6.167125],"batterytemp":[34.0,29.0,47.0],"triggerrate":[0.0,0.0,15.600000000000001],"triggersremaining":[21429.0,21429.0,22150.0],"crcerrors":[0.0,0.0,0.0]}