{"datalatency":[26.990190000000002],"sensoruptime":[null,null,57.48722222222222],"battvoltage":[12.787,12.485,11.639000000000001],"arrayvoltage":[15.575999999999999,16.971,17.78],"chargecurrent":[8.885,5.678999999999999,10.597999999999999],"ledstate":[8.0,10.0,10.0],"loadpower":[7.435050000000001,8.505714,6.942914999999999],"batterytemp":[41.0,34.0,41.0],"triggerrate":[null,null,7.200004464002768],"triggersremaining":[null,null,22425.0],"crcerrors":[null,null,0.0]}