{"datalatency":[25.937719],"sensoruptime":[4.37,3.370833333333333,null],"battvoltage":[12.241,12.555,12.155],"arrayvoltage":[24.658,28.011999999999997,42.218],"chargecurrent":[0.087,0.865,2.839],"chargestate":[5.0,5.0,7.0],"loadpower":[15.762510000000002,14.879556,0.0],"batterytemp":[26.0,27.0,32.0],"triggerrate":[18.8,17.4,null],"triggersremaining":[15412.0,16459.0,null],"crcerrors":[0.0,0.0,2.0]}