{"datalatency":[8.252834],"sensoruptime":[99.74416666666667,98.76083333333334,99.74416666666667],"battvoltage":[11.761,11.800999999999998,11.725],"arrayvoltage":[12.308,24.945,34.863],"chargecurrent":[0.0,0.06,1.423],"chargestate":[5.0,5.0,5.0],"loadpower":[13.693578000000002,13.701444,12.790060000000002],"batterytemp":[13.0,13.0,16.0],"triggerrate":[0.0,0.0,0.8],"triggersremaining":[21953.0,21953.0,22073.0],"crcerrors":[0.0,0.0,0.0]}