{"datalatency":[7.937093000000001],"sensoruptime":[21.433055555555555,20.44972222222222,null],"battvoltage":[11.542,11.569,11.542],"arrayvoltage":[0.7170000000000001,0.674,42.996],"chargecurrent":[0.0,0.0,15.002],"chargestate":[3.0,3.0,6.0],"loadpower":[14.17416,13.469514,0.0],"batterytemp":[2.0,2.0,28.0],"triggerrate":[0.0,0.2,null],"triggersremaining":[18422.0,18422.0,null],"crcerrors":[0.0,0.0,0.0]}