{"datalatency":[17.476944],"sensoruptime":[175.21055555555554,174.21083333333334,175.21055555555554],"battvoltage":[12.814,12.405,11.795],"arrayvoltage":[15.872,15.380999999999998,17.245],"chargecurrent":[8.612,2.909,11.315],"ledstate":[8.0,8.0,8.0],"loadpower":[23.263275,22.527793,21.720450999999997],"batterytemp":[51.0,50.0,51.0],"triggerrate":[1.2000000000000002,0.0,8.4],"triggersremaining":[12697.0,12699.0,12911.0],"crcerrors":[0.0,0.0,2.0]}