{"datalatency":[8.323987],"sensoruptime":[4.951388888888889,3.9516666666666667,114.10888888888888],"battvoltage":[11.81,11.85,11.469000000000001],"arrayvoltage":[24.069000000000003,30.322,35.4],"chargecurrent":[0.048,0.691,6.643],"chargestate":[5.0,5.0,5.0],"loadpower":[13.743348000000003,13.812694,0.0],"batterytemp":[19.0,21.0,27.0],"triggerrate":[0.2,0.0,0.6],"triggersremaining":[21919.0,21925.0,21953.0],"crcerrors":[0.0,0.0,0.0]}