{"datalatency":[7.115760000000001],"sensoruptime":[148.07444444444445,147.0913888888889,148.07444444444445],"battvoltage":[14.172,14.139000000000001,11.868],"arrayvoltage":[41.55,41.684,42.465],"chargecurrent":[4.793,6.107,15.0],"chargestate":[6.0,6.0,6.0],"loadpower":[9.120828000000001,9.097356,9.071276000000001],"batterytemp":[29.0,30.0,33.0],"triggerrate":[0.2,0.0,6.4],"triggersremaining":[20455.0,20460.0,21423.0],"crcerrors":[0.0,0.0,0.0]}