{"datalatency":[20.781841],"sensoruptime":[552.9894444444444,551.9894444444444,552.9894444444444],"battvoltage":[11.7,11.612,11.53],"arrayvoltage":[16.262999999999998,16.455,17.575],"chargecurrent":[1.8769999999999998,1.131,11.448],"ledstate":[10.0,10.0,10.0],"loadpower":[23.502960000000005,23.004013999999998,22.242600000000003],"batterytemp":[32.0,30.0,51.0],"triggerrate":[0.0,0.0,2.4000000000000004],"triggersremaining":[11254.0,11254.0,11310.0],"crcerrors":[0.0,0.0,2.0]}