{"datalatency":[7.783155000000001],"sensoruptime":[14.895,13.895277777777778,227.69416666666666],"battvoltage":[11.800999999999998,11.853,11.755],"arrayvoltage":[32.428000000000004,32.48,36.472],"chargecurrent":[0.867,1.314,3.503],"chargestate":[5.0,5.0,5.0],"loadpower":[13.790616,13.858011999999997,9.995777999999998],"batterytemp":[20.0,19.0,20.0],"triggerrate":[0.0,0.0,24.0],"triggersremaining":[18592.0,18603.0,20276.0],"crcerrors":[2.0,0.0,3.0]}