{"datalatency":[37.647989],"sensoruptime":[6.213888888888889,5.230833333333333,6.213888888888889],"battvoltage":[14.294,14.462,10.709000000000001],"arrayvoltage":[41.489,42.428999999999995,43.448],"chargecurrent":[2.346,2.781,5.0760000000000005],"chargestate":[6.0,8.0,8.0],"loadpower":[13.464446,12.427578,0.0],"batterytemp":[25.0,26.0,26.0],"triggerrate":[0.0,0.0,2.8],"triggersremaining":[11619.0,11629.0,11685.0],"crcerrors":[0.0,0.0,0.0]}