{"datalatency":[8.066543000000001],"sensoruptime":[null,null,null],"battvoltage":[12.512,12.517999999999999,11.319],"arrayvoltage":[0.674,0.6709999999999999,42.471000000000004],"chargecurrent":[0.0,0.002,5.733],"chargestate":[3.0,3.0,6.0],"loadpower":[0.0,0.0,0.0],"batterytemp":[3.0,3.0,28.0],"triggerrate":[null,null,null],"triggersremaining":[null,null,null],"crcerrors":[0.0,null,0.0]}