{"datalatency":[12.683423000000001],"sensoruptime":[46.27611111111111,45.27638888888889,46.27611111111111],"battvoltage":[11.606,11.645999999999999,11.606],"arrayvoltage":[10.699000000000002,0.0,17.334],"chargecurrent":[0.005,0.002,11.398],"chargestate":[3.0,3.0,6.0],"loadpower":[23.130030000000005,23.178590000000003,21.713829000000004],"batterytemp":[25.0,25.0,52.0],"triggerrate":[0.0,0.0,6.0],"triggersremaining":[20760.0,20760.0,21171.0],"crcerrors":[0.0,0.0,1.0]}