{"datalatency":[53.472144],"sensoruptime":[71.14583333333333,70.16277777777778,71.14583333333333],"battvoltage":[12.265,12.325999999999999,12.238],"arrayvoltage":[13.318,15.380999999999998,18.410999999999998],"chargecurrent":[0.159,0.589,7.945],"ledstate":[6.0,6.0,6.0],"loadpower":[23.747539999999997,23.074119999999997,21.948113000000003],"batterytemp":[30.0,30.0,55.0],"triggerrate":[2.2,1.4,3.2],"triggersremaining":[6802.0,6903.0,7047.0],"crcerrors":[0.0,0.0,0.0]}