{"datalatency":[21.898216],"sensoruptime":[305.69138888888887,304.69166666666666,305.69138888888887],"battvoltage":[12.369000000000002,12.405,12.183],"arrayvoltage":[0.0,0.073,18.463],"chargecurrent":[0.005,0.005,9.376],"ledstate":[6.0,6.0,6.0],"loadpower":[23.280588000000005,23.385590999999994,21.533700000000003],"batterytemp":[23.0,24.0,50.0],"triggerrate":[0.0,0.0,1.2000000000000002],"triggersremaining":[12630.0,12630.0,12641.0],"crcerrors":[0.0,0.0,2.0]}