{"datalatency":[22.213202000000003],"sensoruptime":[316.69,315.69,316.69],"battvoltage":[12.710999999999999,12.75,12.253],"arrayvoltage":[16.262999999999998,15.475,18.753],"chargecurrent":[2.553,1.7469999999999999,10.665999999999999],"ledstate":[6.0,6.0,6.0],"loadpower":[24.044330000000002,24.545234,20.870528999999998],"batterytemp":[39.0,41.0,50.0],"triggerrate":[0.0,0.0,1.2000000000000002],"triggersremaining":[12627.0,12628.0,12637.0],"crcerrors":[0.0,0.0,2.0]}