{"datalatency":[8.545584],"sensoruptime":[41.590555555555554,40.590555555555554,41.590555555555554],"battvoltage":[12.335,12.375,12.112],"arrayvoltage":[0.69,0.6809999999999999,41.489],"chargecurrent":[0.0,0.0,11.902999999999999],"chargestate":[3.0,3.0,6.0],"loadpower":[13.821883999999999,13.504336000000002,9.02565],"batterytemp":[16.0,16.0,35.0],"triggerrate":[0.0,0.0,0.4],"triggersremaining":[21650.0,21650.0,21667.0],"crcerrors":[0.0,0.0,0.0]}