{"datalatency":[11.495559],"sensoruptime":[11.284722222222221,10.2875,null],"battvoltage":[12.292,12.823,11.798],"arrayvoltage":[17.145,16.070999999999998,17.730999999999998],"chargecurrent":[1.056,3.904,10.419],"chargestate":[5.0,5.0,5.0],"loadpower":[23.563925,22.992089999999997,6.167125],"batterytemp":[46.0,49.0,49.0],"triggerrate":[0.0,0.0,null],"triggersremaining":[21420.0,21424.0,null],"crcerrors":[0.0,0.0,0.0]}