{"datalatency":[8.057471000000001],"sensoruptime":[90.24555555555555,89.24555555555555,90.24555555555555],"battvoltage":[11.877,11.905,11.877],"arrayvoltage":[12.479000000000001,0.8059999999999999,35.016],"chargecurrent":[0.0,0.0,2.8360000000000003],"chargestate":[5.0,3.0,5.0],"loadpower":[13.789908000000004,13.812694,13.31694],"batterytemp":[12.0,11.0,20.0],"triggerrate":[0.0,0.0,4.4],"triggersremaining":[21966.0,21967.0,22151.0],"crcerrors":[0.0,0.0,0.0]}