{"datalatency":[8.339139000000001],"sensoruptime":[null,null,null],"battvoltage":[13.970999999999998,14.290999999999999,11.362],"arrayvoltage":[32.074,39.328,40.985],"chargecurrent":[1.5,1.524,2.3480000000000003],"chargestate":[5.0,6.0,6.0],"loadpower":[0.0,0.0,0.0],"batterytemp":[25.0,25.0,27.0],"triggerrate":[null,null,null],"triggersremaining":[null,null,null],"crcerrors":[1.0,null,1.0]}