{"datalatency":[25.980696000000002],"sensoruptime":[null,null,null],"battvoltage":[12.725999999999999,12.744000000000002,12.491],"arrayvoltage":[1.157,1.138,43.881],"chargecurrent":[0.0,0.0,2.781],"chargestate":[3.0,3.0,7.0],"loadpower":[0.0,0.0,0.0],"batterytemp":[17.0,18.0,26.0],"triggerrate":[null,null,null],"triggersremaining":[null,null,null],"crcerrors":[0.0,null,0.0]}