{"datalatency":[20.369908000000002],"sensoruptime":[259.365,258.36805555555554,259.365],"battvoltage":[12.177,12.216,12.073],"arrayvoltage":[0.0,0.0,18.073],"chargecurrent":[0.005,0.002,9.937999999999999],"ledstate":[6.0,6.0,8.0],"loadpower":[23.391372000000004,23.108694,21.323016],"batterytemp":[23.0,24.0,55.0],"triggerrate":[0.0,0.0,1.2000000000000002],"triggersremaining":[12671.0,12671.0,12678.0],"crcerrors":[0.0,0.0,2.0]}