{"datalatency":[38.095527000000004],"sensoruptime":[0.006944444444444444,0.005277777777777778,1.8325],"battvoltage":[14.151,14.749,10.526],"arrayvoltage":[42.255,43.126999999999995,45.523],"chargecurrent":[1.6569999999999998,1.6909999999999998,2.6189999999999998],"chargestate":[7.0,6.0,7.0],"loadpower":[13.884370000000002,14.362487999999999,0.0],"batterytemp":[10.0,10.0,19.0],"triggerrate":[null,0.0,0.0],"triggersremaining":[0.0,0.0,0.0],"crcerrors":[6.0,0.0,1.0]}