{"datalatency":[15.546413000000001],"sensoruptime":[410.34555555555556,409.34583333333336,410.34555555555556],"battvoltage":[12.75,12.457,12.020999999999999],"arrayvoltage":[15.335,16.989,18.317],"chargecurrent":[5.94,4.532,10.873],"ledstate":[8.0,8.0,8.0],"loadpower":[23.250038,22.662738000000004,20.983984000000003],"batterytemp":[41.0,31.0,52.0],"triggerrate":[0.0,0.0,1.2000000000000002],"triggersremaining":[12598.0,12598.0,12606.0],"crcerrors":[0.0,0.0,2.0]}