{"datalatency":[25.830546000000002],"sensoruptime":[null,null,null],"battvoltage":[12.68,12.689,12.585],"arrayvoltage":[24.118000000000002,1.041,43.881],"chargecurrent":[0.017,0.0,2.781],"chargestate":[5.0,3.0,7.0],"loadpower":[0.0,0.0,0.0],"batterytemp":[21.0,21.0,26.0],"triggerrate":[null,null,null],"triggersremaining":[null,null,null],"crcerrors":[0.0,null,0.0]}