{"datalatency":[21.122621000000002],"sensoruptime":[2.955,2.1222222222222222,null],"battvoltage":[13.104000000000001,14.383,11.493],"arrayvoltage":[33.594,38.733000000000004,45.004],"chargecurrent":[1.225,1.7730000000000001,2.116],"chargestate":[5.0,6.0,7.0],"loadpower":[13.701293000000003,16.830408000000002,0.0],"batterytemp":[20.0,22.0,22.0],"triggerrate":[0.0,49.271428571428565,null],"triggersremaining":[15396.0,16283.0,null],"crcerrors":[3.0,0.0,3.0]}