{"datalatency":[7.828572],"sensoruptime":[16.39472222222222,15.411666666666667,227.69416666666666],"battvoltage":[11.783,11.770999999999999,11.755],"arrayvoltage":[32.077,31.982,34.238],"chargecurrent":[0.9690000000000001,0.889,1.4709999999999999],"chargestate":[5.0,5.0,5.0],"loadpower":[13.67005,13.790616,13.27326],"batterytemp":[20.0,20.0,20.0],"triggerrate":[0.0,0.0,24.0],"triggersremaining":[18585.0,18587.0,20231.0],"crcerrors":[2.0,0.0,3.0]}