{"datalatency":[13.388779000000001],"sensoruptime":[null,null,152.8761111111111],"battvoltage":[11.652000000000001,11.652000000000001,11.453],"arrayvoltage":[0.32,0.272,18.973],"chargecurrent":[0.002,0.005,7.525],"chargestate":[3,3,6],"loadpower":[0.0,0.0,0.0],"batterytemp":[23,24,39],"triggerrate":[null,null,null],"triggersremaining":[null,null,15436.0],"crcerrors":[null,null,0.0]}