{"datalatency":[19.248163],"sensoruptime":[228.20277777777778,227.20305555555555,228.20277777777778],"battvoltage":[12.311,12.369000000000002,11.950999999999999],"arrayvoltage":[6.454,16.214000000000002,18.372],"chargecurrent":[0.005,0.254,8.75],"ledstate":[6.0,6.0,8.0],"loadpower":[23.97056,22.552427,21.252608000000002],"batterytemp":[34.0,44.0,52.0],"triggerrate":[0.0,0.0,1.2000000000000002],"triggersremaining":[12680.0,12681.0,12686.0],"crcerrors":[0.0,0.0,2.0]}