{"datalatency":[11.347795000000001],"sensoruptime":[14.465555555555556,13.465833333333334,null],"battvoltage":[11.682,11.722000000000001,11.569],"arrayvoltage":[0.0,0.0,19.736],"chargecurrent":[0.005,0.002,12.392999999999999],"chargestate":[3.0,3.0,6.0],"loadpower":[22.972323,23.554484000000002,6.808707000000001],"batterytemp":[22.0,23.0,44.0],"triggerrate":[0.0,0.0,null],"triggersremaining":[22151.0,22151.0,null],"crcerrors":[0.0,0.0,0.0]}