{"datalatency":[7.767329],"sensoruptime":[22.89388888888889,21.894166666666667,227.69416666666666],"battvoltage":[11.685,11.725,11.685],"arrayvoltage":[1.0070000000000001,1.083,34.238],"chargecurrent":[0.0,0.0,1.4709999999999999],"chargestate":[3.0,3.0,5.0],"loadpower":[14.28105,14.091270000000002,13.408536],"batterytemp":[18.0,18.0,20.0],"triggerrate":[0.0,0.0,23.2],"triggersremaining":[18579.0,18579.0,19417.0],"crcerrors":[2.0,0.0,3.0]}