{"datalatency":[8.111972],"sensoruptime":[10.428055555555556,9.428333333333333,11.467222222222222],"battvoltage":[12.505999999999998,12.530999999999999,11.478],"arrayvoltage":[0.583,0.5920000000000001,38.565],"chargecurrent":[0.0,0.0,15.0],"chargestate":[3.0,3.0,6.0],"loadpower":[13.730906000000001,13.778163000000001,0.0],"batterytemp":[19.0,20.0,41.0],"triggerrate":[0.0,0.2,1.6],"triggersremaining":[21687.0,21701.0,21902.0],"crcerrors":[0.0,0.0,0.0]}