{"datalatency":[19.094923],"sensoruptime":[186.51333333333332,185.51361111111112,186.51333333333332],"battvoltage":[12.14,12.152000000000001,12.1],"arrayvoltage":[15.729000000000001,15.915,17.969],"chargecurrent":[0.754,0.8140000000000001,9.81],"ledstate":[6.0,6.0,6.0],"loadpower":[23.371903,23.176608,21.942296000000002],"batterytemp":[34.0,33.0,52.0],"triggerrate":[0.0,0.0,6.4],"triggersremaining":[5812.0,5812.0,6174.0],"crcerrors":[0.0,0.0,0.0]}