{"datalatency":[7.974189000000001],"sensoruptime":[8.59,7.59,null],"battvoltage":[12.323,12.335,12.32],"arrayvoltage":[0.595,0.586,44.162],"chargecurrent":[0.0,0.0,2.483],"chargestate":[3.0,3.0,7.0],"loadpower":[13.96958,13.735727999999998,0.0],"batterytemp":[4.0,5.0,19.0],"triggerrate":[0.0,0.0,null],"triggersremaining":[22357.0,22360.0,null],"crcerrors":[0.0,0.0,0.0]}