{"datalatency":[7.594814],"sensoruptime":[192.56805555555556,191.56805555555556,192.56805555555556],"battvoltage":[14.359000000000002,12.918,12.106],"arrayvoltage":[40.036,29.254,43.121],"chargecurrent":[7.245,3.273,9.777000000000001],"chargestate":[6.0,5.0,6.0],"loadpower":[9.268180000000001,11.596326000000001,8.98432],"batterytemp":[23.0,10.0,29.0],"triggerrate":[0.0,0.0,0.4],"triggersremaining":[20354.0,20355.0,20370.0],"crcerrors":[0.0,0.0,0.0]}