{"datalatency":[11.411893000000001],"sensoruptime":[8.403055555555556,7.403888888888889,10.618611111111111],"battvoltage":[12.299000000000001,12.399000000000001,11.264000000000001],"arrayvoltage":[14.937999999999999,16.748,19.733],"chargecurrent":[0.679,1.556,9.152999999999999],"ledstate":[6.0,6.0,11.0],"loadpower":[27.494919999999997,26.802333000000004,0.0],"batterytemp":[36.0,35.0,53.0],"triggerrate":[1.2000000000000002,2.4000000000000004,20.400000000000002],"triggersremaining":[13645.0,13804.0,14551.0],"crcerrors":[12.0,0.0,2.0]}