{"datalatency":[7.924511000000001],"sensoruptime":[35.75277777777778,34.753055555555555,35.75277777777778],"battvoltage":[12.335,12.375,12.07],"arrayvoltage":[0.613,0.598,41.821000000000005],"chargecurrent":[0.0,0.0,7.474],"chargestate":[3.0,3.0,6.0],"loadpower":[14.006503999999998,13.689496000000002,8.72505],"batterytemp":[3.0,4.0,28.0],"triggerrate":[0.2,0.0,1.4],"triggersremaining":[22244.0,22247.0,22345.0],"crcerrors":[0.0,0.0,0.0]}