{"datalatency":[15.022673000000001],"sensoruptime":[390.18194444444447,389.1822222222222,390.18194444444447],"battvoltage":[13.092,12.634,12.027000000000001],"arrayvoltage":[14.401,16.116,18.365],"chargecurrent":[8.26,3.648,10.873],"ledstate":[6.0,8.0,8.0],"loadpower":[23.19084,22.846266,21.833703],"batterytemp":[50.0,43.0,52.0],"triggerrate":[0.0,0.0,1.2000000000000002],"triggersremaining":[12603.0,12605.0,12611.0],"crcerrors":[0.0,0.0,2.0]}