{"datalatency":[8.040129],"sensoruptime":[10.50388888888889,9.50388888888889,62.22694444444444],"battvoltage":[11.572000000000001,11.562999999999999,11.319],"arrayvoltage":[0.909,34.183,42.471000000000004],"chargecurrent":[0.0,0.053,5.733],"chargestate":[3.0,5.0,6.0],"loadpower":[14.242828,14.162034,0.0],"batterytemp":[13.0,18.0,28.0],"triggerrate":[0.0,0.2,0.5],"triggersremaining":[18394.0,18397.0,18409.0],"crcerrors":[0.0,0.0,0.0]}