{"datalatency":[19.280136000000002],"sensoruptime":[223.67111111111112,222.67138888888888,223.67111111111112],"battvoltage":[12.177,12.200999999999999,12.03],"arrayvoltage":[0.021,0.034,16.995],"chargecurrent":[0.002,0.005,8.74],"ledstate":[6.0,6.0,8.0],"loadpower":[23.531534999999998,23.890096000000003,22.120514],"batterytemp":[31.0,32.0,55.0],"triggerrate":[0.0,0.0,17.6],"triggersremaining":[4166.0,4167.0,5634.0],"crcerrors":[0.0,0.0,0.0]}