{"datalatency":[25.492674],"sensoruptime":[22.0175,21.017777777777777,null],"battvoltage":[12.445,12.488,12.07],"arrayvoltage":[0.107,8.472000000000001,18.872],"chargecurrent":[0.005,0.002,10.158],"ledstate":[6.0,6.0,8.0],"loadpower":[24.294082,24.850717000000003,8.28036],"batterytemp":[30.0,34.0,50.0],"triggerrate":[0.0,0.0,null],"triggersremaining":[22429.0,22429.0,null],"crcerrors":[null,null,0.0]}