{"datalatency":[7.697297000000001],"sensoruptime":[7.229722222222223,6.246666666666667,227.69416666666666],"battvoltage":[11.899000000000001,11.914000000000001,11.899000000000001],"arrayvoltage":[1.328,1.056,36.472],"chargecurrent":[0.0,0.0,3.503],"chargestate":[3.0,3.0,5.0],"loadpower":[14.626602,13.836468000000002,9.995777999999998],"batterytemp":[16.0,16.0,18.0],"triggerrate":[0.2,0.0,24.0],"triggersremaining":[18647.0,18654.0,20318.0],"crcerrors":[2.0,0.0,3.0]}