{"datalatency":[13.254223000000001],"sensoruptime":[342.35555555555555,341.3586111111111,342.35555555555555],"battvoltage":[12.82,12.854000000000001,12.109000000000002],"arrayvoltage":[16.895,16.452,18.03],"chargecurrent":[3.5660000000000003,3.863,12.229000000000001],"ledstate":[6.0,6.0,6.0],"loadpower":[22.986674999999998,22.6884,21.638656000000005],"batterytemp":[39.0,42.0,44.0],"triggerrate":[0.0,0.0,1.2000000000000002],"triggersremaining":[12621.0,12621.0,12627.0],"crcerrors":[0.0,0.0,2.0]}