{"datalatency":[7.062169000000001],"sensoruptime":[152.90722222222223,151.92388888888888,152.90722222222223],"battvoltage":[12.589,12.72,11.868],"arrayvoltage":[2.7710000000000004,36.135999999999996,42.465],"chargecurrent":[0.0,0.672,15.0],"chargestate":[3.0,5.0,6.0],"loadpower":[13.704570000000002,13.87134,8.596613999999999],"batterytemp":[14.0,20.0,33.0],"triggerrate":[0.2,0.2,6.4],"triggersremaining":[20403.0,20410.0,21034.0],"crcerrors":[0.0,0.0,0.0]}