{"datalatency":[14.902606],"sensoruptime":[387.3491666666667,386.3491666666667,387.3491666666667],"battvoltage":[13.015999999999998,12.823,12.027000000000001],"arrayvoltage":[14.844000000000001,15.472000000000001,18.365],"chargecurrent":[8.222999999999999,6.087999999999999,10.61],"ledstate":[8.0,8.0,8.0],"loadpower":[22.614448,22.6884,20.806074],"batterytemp":[46.0,40.0,52.0],"triggerrate":[0.0,0.0,1.2000000000000002],"triggersremaining":[12606.0,12606.0,12612.0],"crcerrors":[0.0,0.0,2.0]}