{"datalatency":[8.665412],"sensoruptime":[94.74972222222222,93.76666666666667,94.74972222222222],"battvoltage":[12.14,12.106,12.03],"arrayvoltage":[26.468000000000004,1.63,38.708],"chargecurrent":[0.295,0.0,8.752],"chargestate":[5.0,3.0,6.0],"loadpower":[13.975403000000002,14.059956000000003,9.957479999999999],"batterytemp":[19.0,18.0,34.0],"triggerrate":[0.0,0.0,0.6],"triggersremaining":[21540.0,21547.0,21641.0],"crcerrors":[0.0,0.0,0.0]}