{"datalatency":[37.745019],"sensoruptime":[0.04472222222222222,1.7655555555555555,9.396944444444445],"battvoltage":[14.386,14.355,10.477],"arrayvoltage":[41.809,40.848,43.57899999999999],"chargecurrent":[2.082,2.119,2.897],"chargestate":[6.0,6.0,6.0],"loadpower":[12.562904,16.663680000000003,0.0],"batterytemp":[22.0,23.0,26.0],"triggerrate":[0.0,54.2,58.6],"triggersremaining":[0.0,3011.0,11615.0],"crcerrors":[20.0,19.0,20.0]}