{"datalatency":[63.67713500000001],"sensoruptime":[null,null,null],"battvoltage":[13.48,13.663,12.177],"arrayvoltage":[15.283,15.335,18.215999999999998],"chargecurrent":[4.848,6.281000000000001,8.373],"ledstate":[3.0,3.0,6.0],"loadpower":[6.568967999999999,6.431034000000001,5.838796],"batterytemp":[53.0,49.0,53.0],"triggerrate":[null,null,null],"triggersremaining":[null,null,null],"crcerrors":[null,null,null]}