{"datalatency":[26.346824],"sensoruptime":[43.8475,42.84777777777778,43.8475],"battvoltage":[12.103,12.14,12.042],"arrayvoltage":[16.214000000000002,16.702,17.78],"chargecurrent":[1.145,1.307,7.774],"ledstate":[8.0,8.0,8.0],"loadpower":[23.174072999999996,23.656215999999997,22.552155],"batterytemp":[34.0,32.0,42.0],"triggerrate":[0.0,0.0,2.4000255842727283],"triggersremaining":[22317.0,22317.0,22430.0],"crcerrors":[null,null,0.0]}