{"datalatency":[35.159284],"sensoruptime":[23.648055555555555,22.648055555555555,null],"battvoltage":[12.369000000000002,12.142999999999999,12.064],"arrayvoltage":[17.145,16.797,20.032],"chargecurrent":[2.892,1.5119999999999998,7.09],"chargestate":[5.0,5.0,7.0],"loadpower":[24.399977,23.898374999999998,11.041264],"batterytemp":[31.0,29.0,47.0],"triggerrate":[null,null,null],"triggersremaining":[22488.0,22488.0,null],"crcerrors":[null,null,0.0]}