{"datalatency":[18.339129],"sensoruptime":[203.20666666666668,202.20666666666668,203.20666666666668],"battvoltage":[12.231,12.436,11.800999999999998],"arrayvoltage":[13.629000000000001,17.477,18.445],"chargecurrent":[0.215,1.464,8.948],"ledstate":[8.0,8.0,8.0],"loadpower":[24.054084,23.472342,21.692814],"batterytemp":[43.0,50.0,51.0],"triggerrate":[0.0,0.0,1.2000000000000002],"triggersremaining":[12687.0,12687.0,12693.0],"crcerrors":[0.0,0.0,2.0]}