{"datalatency":[61.32683600000001],"sensoruptime":[5.380277777777778,4.3805555555555555,null],"battvoltage":[12.600999999999999,13.669,12.369000000000002],"arrayvoltage":[15.378,15.524000000000001,19.632],"chargecurrent":[1.396,5.515,7.9],"ledstate":[6.0,6.0,6.0],"loadpower":[24.126522,22.433522000000004,5.802676],"batterytemp":[43.0,44.0,52.0],"triggerrate":[0.0,0.2,null],"triggersremaining":[22330.0,22336.0,null],"crcerrors":[0.0,0.0,0.0]}