{"datalatency":[9.108396],"sensoruptime":[1.8391666666666666,0.8422222222222222,6.051944444444445],"battvoltage":[13.87,13.595999999999998,11.285],"arrayvoltage":[16.623,16.070999999999998,19.949],"chargecurrent":[7.54,5.841,9.745],"ledstate":[5.0,6.0,11.0],"loadpower":[26.126628,26.168954000000003,0.0],"batterytemp":[39.0,33.0,51.0],"triggerrate":[0.0,0.0,1.2000000000000002],"triggersremaining":[14567.0,14567.0,14570.0],"crcerrors":[0.0,0.0,0.0]}