{"datalatency":[25.798573],"sensoruptime":[null,null,null],"battvoltage":[12.878,12.689,12.642999999999999],"arrayvoltage":[26.421999999999997,13.324000000000002,43.881],"chargecurrent":[0.24600000000000002,0.0,2.781],"chargestate":[5.0,5.0,7.0],"loadpower":[0.0,0.0,0.0],"batterytemp":[22.0,21.0,26.0],"triggerrate":[null,null,null],"triggersremaining":[null,null,null],"crcerrors":[0.0,null,0.0]}