{"datalatency":[8.394884000000001],"sensoruptime":[null,null,5.101944444444444],"battvoltage":[14.331,14.279000000000002,11.362],"arrayvoltage":[32.413000000000004,38.614000000000004,40.985],"chargecurrent":[1.486,1.6059999999999999,2.324],"chargestate":[6.0,6.0,6.0],"loadpower":[0.0,0.0,0.0],"batterytemp":[24.0,25.0,27.0],"triggerrate":[null,null,6.2],"triggersremaining":[null,null,22496.0],"crcerrors":[1.0,null,1.0]}