{"datalatency":[19.237179],"sensoruptime":[168.51638888888888,167.53305555555556,168.51638888888888],"battvoltage":[12.863,13.321,12.200999999999999],"arrayvoltage":[14.937999999999999,14.401,17.969],"chargecurrent":[3.23,8.535,9.81],"ledstate":[6.0,6.0,6.0],"loadpower":[23.398363999999997,23.250823,21.942296000000002],"batterytemp":[52.0,48.0,55.0],"triggerrate":[2.4,0.2,4.6],"triggersremaining":[6012.0,6117.0,6205.0],"crcerrors":[0.0,0.0,0.0]}