{"datalatency":[17.995743],"sensoruptime":[193.87472222222223,192.87472222222223,193.87472222222223],"battvoltage":[12.558,11.835,11.800999999999998],"arrayvoltage":[16.699,16.116,18.445],"chargecurrent":[6.059,0.391,11.315],"ledstate":[8.0,8.0,8.0],"loadpower":[22.618766000000004,22.375916999999998,21.720450999999997],"batterytemp":[32.0,27.0,53.0],"triggerrate":[0.0,0.0,1.2000000000000002],"triggersremaining":[12689.0,12689.0,12701.0],"crcerrors":[0.0,0.0,2.0]}