{"datalatency":[8.037961000000001],"sensoruptime":[60.09388888888889,59.094166666666666,60.09388888888889],"battvoltage":[11.594000000000001,11.633,11.545],"arrayvoltage":[1.022,0.778,40.738],"chargecurrent":[0.0,0.0,11.615],"chargestate":[3.0,3.0,6.0],"loadpower":[13.847287999999999,13.845958000000001,9.041284000000001],"batterytemp":[15.0,15.0,34.0],"triggerrate":[0.0,0.0,0.4],"triggersremaining":[18408.0,18409.0,18417.0],"crcerrors":[0.0,0.0,0.0]}