{"datalatency":[7.570695000000001],"sensoruptime":[169.90444444444444,168.90472222222223,169.90444444444444],"battvoltage":[14.175,14.267000000000001,12.183],"arrayvoltage":[42.953,42.255,42.953],"chargecurrent":[4.232,6.479,10.794],"chargestate":[6.0,6.0,6.0],"loadpower":[9.120828000000001,9.194504,8.596613999999999],"batterytemp":[29.0,26.0,33.0],"triggerrate":[0.0,0.0,0.8],"triggersremaining":[20370.0,20370.0,20461.0],"crcerrors":[0.0,0.0,0.0]}