{"datalatency":[62.97234100000001],"sensoruptime":[6.999722222222222,5.999722222222222,67.845],"battvoltage":[12.338,12.772,11.462],"arrayvoltage":[15.82,14.844000000000001,17.288],"chargecurrent":[3.3139999999999996,7.779,10.940999999999999],"ledstate":[8.0,8.0,10.0],"loadpower":[25.03892,25.208502,22.430612],"batterytemp":[50.0,53.0,53.0],"triggerrate":[0.0,0.0,0.4],"triggersremaining":[30.0,30.0,37.0],"crcerrors":[0.0,0.0,2.0]}