{"datalatency":[7.059507000000001],"sensoruptime":[149.7411111111111,148.7411111111111,149.7411111111111],"battvoltage":[14.175,14.175,11.868],"arrayvoltage":[41.782,42.12,42.465],"chargecurrent":[3.911,4.336,15.0],"chargestate":[6.0,6.0,6.0],"loadpower":[11.04181,9.122784000000001,8.596613999999999],"batterytemp":[29.0,29.0,33.0],"triggerrate":[0.4,0.4,6.4],"triggersremaining":[20437.0,20449.0,21382.0],"crcerrors":[0.0,0.0,0.0]}