{"datalatency":[14.769834000000001],"sensoruptime":[102.22222222222223,101.22222222222223,102.22222222222223],"battvoltage":[13.129000000000001,12.975999999999999,12.057],"arrayvoltage":[14.745999999999999,14.895999999999999,17.825],"chargecurrent":[8.658,7.716,10.327],"ledstate":[6.0,8.0,8.0],"loadpower":[22.973119999999998,22.764446999999997,21.192338],"batterytemp":[53.0,51.0,58.0],"triggerrate":[0.0,0.0,2.4000000000000004],"triggersremaining":[13084.0,13084.0,13095.0],"crcerrors":[0.0,0.0,2.0]}