{"datalatency":[12.648137],"sensoruptime":[38.06527777777778,37.068333333333335,38.06527777777778],"battvoltage":[12.216,12.244000000000002,12.033],"arrayvoltage":[0.214,0.107,17.526],"chargecurrent":[0.005,0.005,10.985],"ledstate":[6.0,6.0,8.0],"loadpower":[23.260824,23.028948,21.514706],"batterytemp":[30.0,32.0,50.0],"triggerrate":[0.0,0.0,1.2000000000000002],"triggersremaining":[13504.0,13505.0,13516.0],"crcerrors":[0.0,0.0,2.0]}