{"datalatency":[7.501951],"sensoruptime":[10.229444444444445,9.24611111111111,227.69416666666666],"battvoltage":[11.838,11.862,11.838],"arrayvoltage":[11.267000000000001,1.251,36.472],"chargecurrent":[0.0,0.0,3.503],"chargestate":[3.0,3.0,5.0],"loadpower":[13.78227,13.825449000000003,9.995777999999998],"batterytemp":[16.0,16.0,18.0],"triggerrate":[0.2,0.0,24.0],"triggersremaining":[18622.0,18628.0,20291.0],"crcerrors":[2.0,0.0,3.0]}