{"datalatency":[19.322685],"sensoruptime":[228.17055555555555,227.17055555555555,228.17055555555555],"battvoltage":[12.064,12.085,12.03],"arrayvoltage":[0.0,0.0,16.995],"chargecurrent":[0.005,0.002,8.74],"ledstate":[8.0,8.0,8.0],"loadpower":[23.523551999999995,23.439194999999998,22.120514],"batterytemp":[30.0,30.0,55.0],"triggerrate":[0.0,0.0,17.6],"triggersremaining":[4164.0,4165.0,5632.0],"crcerrors":[0.0,0.0,0.0]}