{"datalatency":[20.875988],"sensoruptime":[276.8625,275.86277777777775,276.8625],"battvoltage":[12.405,12.445,12.103],"arrayvoltage":[0.107,13.08,18.506],"chargecurrent":[0.002,0.012,9.074],"ledstate":[6.0,6.0,6.0],"loadpower":[23.410376999999997,23.961468,21.141912],"batterytemp":[29.0,35.0,53.0],"triggerrate":[0.0,0.0,2.4000000000000004],"triggersremaining":[12642.0,12643.0,12672.0],"crcerrors":[0.0,0.0,2.0]}