{"datalatency":[8.117739],"sensoruptime":[null,null,5.101944444444444],"battvoltage":[12.835999999999999,13.025,11.362],"arrayvoltage":[18.515,28.61,40.985],"chargecurrent":[0.005,0.213,1.911],"chargestate":[5.0,5.0,6.0],"loadpower":[0.0,0.0,0.0],"batterytemp":[21.0,22.0,26.0],"triggerrate":[null,null,6.2],"triggersremaining":[null,null,22472.0],"crcerrors":[1.0,null,1.0]}