{"datalatency":[26.934419000000002],"sensoruptime":[null,56.681666666666665,57.48722222222222],"battvoltage":[11.954,11.722000000000001,11.639000000000001],"arrayvoltage":[16.702,16.748,17.78],"chargecurrent":[1.807,1.391,7.774],"ledstate":[10.0,10.0,10.0],"loadpower":[8.601908,23.91183,8.051463],"batterytemp":[29.0,27.0,40.0],"triggerrate":[null,0.0,7.200004464002768],"triggersremaining":[null,22178.0,22426.0],"crcerrors":[null,null,0.0]}