{"datalatency":[8.019655],"sensoruptime":[null,null,62.22694444444444],"battvoltage":[12.415,12.415,11.456],"arrayvoltage":[0.607,0.6990000000000001,40.738],"chargecurrent":[0.0,0.002,11.615],"chargestate":[3.0,3.0,6.0],"loadpower":[0.0,0.0,0.0],"batterytemp":[12.0,14.0,34.0],"triggerrate":[null,null,0.2],"triggersremaining":[null,null,18412.0],"crcerrors":[0.0,null,0.0]}