{"datalatency":[22.256744],"sensoruptime":[322.68916666666667,321.69194444444446,322.68916666666667],"battvoltage":[12.445,12.445,12.253],"arrayvoltage":[15.091,14.937999999999999,18.753],"chargecurrent":[0.49,0.418,11.622],"ledstate":[6.0,6.0,6.0],"loadpower":[24.315065999999998,24.177845999999995,20.870528999999998],"batterytemp":[33.0,35.0,45.0],"triggerrate":[0.0,0.0,1.2000000000000002],"triggersremaining":[12626.0,12626.0,12632.0],"crcerrors":[0.0,0.0,2.0]}