{"datalatency":[10.066534],"sensoruptime":[null,null,0.018333333333333333],"battvoltage":[13.970999999999998,13.970999999999998,10.595999999999998],"arrayvoltage":[39.38,41.602,43.347],"chargecurrent":[0.498,0.466,2.597],"chargestate":[7.0,7.0,7.0],"loadpower":[0.0,0.0,0.0],"batterytemp":[16.0,16.0,20.0],"triggerrate":[null,null,null],"triggersremaining":[null,null,0.0],"crcerrors":[0.0,null,1.0]}