{"datalatency":[74.035666],"sensoruptime":[36.8175,35.81777777777778,36.8175],"battvoltage":[12.482000000000001,12.520999999999999,12.308],"arrayvoltage":[0.021,0.021,18.448],"chargecurrent":[0.002,0.005,9.011000000000001],"ledstate":[6.0,6.0,6.0],"loadpower":[23.429251,23.570516999999995,21.981199999999998],"batterytemp":[33.0,34.0,53.0],"triggerrate":[0.0,0.0,0.2],"triggersremaining":[7049.0,7050.0,7056.0],"crcerrors":[0.0,0.0,0.0]}