{"datalatency":[8.908921000000001],"sensoruptime":[null,null,12.61],"battvoltage":[12.057,11.609000000000002,11.31],"arrayvoltage":[0.018000000000000002,1.285,19.949],"chargecurrent":[0.002,0.002,12.057],"ledstate":[10.0,10.0,11.0],"loadpower":[8.877165,8.904192000000002,0.0],"batterytemp":[25.0,25.0,50.0],"triggerrate":[null,null,2.4000000000000004],"triggersremaining":[null,null,14585.0],"crcerrors":[null,null,0.0]}