{"datalatency":[7.718505],"sensoruptime":[16.933611111111112,15.93388888888889,31.859444444444446],"battvoltage":[11.685,11.725,11.465],"arrayvoltage":[0.6809999999999999,0.684,42.996],"chargecurrent":[0.0,0.0,15.002],"chargestate":[3.0,3.0,6.0],"loadpower":[13.604886,13.611816000000003,0.0],"batterytemp":[3.0,3.0,28.0],"triggerrate":[0.0,0.0,2.0],"triggersremaining":[18425.0,18426.0,18478.0],"crcerrors":[0.0,0.0,4.0]}