{"datalatency":[20.409852],"sensoruptime":[550.6563888888888,549.6566666666666,550.6563888888888],"battvoltage":[11.569,11.53,11.53],"arrayvoltage":[16.262999999999998,12.439,17.575],"chargecurrent":[0.435,0.057999999999999996,11.448],"ledstate":[10.0,10.0,10.0],"loadpower":[22.538769000000002,23.978394,22.237292000000004],"batterytemp":[28.0,27.0,51.0],"triggerrate":[0.0,0.0,2.4000000000000004],"triggersremaining":[11255.0,11255.0,11311.0],"crcerrors":[0.0,0.0,2.0]}