{"datalatency":[17.935771000000003],"sensoruptime":[191.20833333333334,190.20833333333334,191.20833333333334],"battvoltage":[11.835,11.865,11.804],"arrayvoltage":[13.77,13.425,17.38],"chargecurrent":[0.21,0.13,11.315],"ledstate":[8.0,8.0,8.0],"loadpower":[23.366053,23.740584000000002,21.720450999999997],"batterytemp":[25.0,24.0,53.0],"triggerrate":[0.0,0.0,1.2000000000000002],"triggersremaining":[12690.0,12690.0,12702.0],"crcerrors":[0.0,0.0,2.0]}