{"datalatency":[11.213074],"sensoruptime":[7.8,6.800277777777778,null],"battvoltage":[11.987,12.061,11.569],"arrayvoltage":[12.677,14.937999999999999,19.736],"chargecurrent":[0.027000000000000003,0.43,12.392999999999999],"chargestate":[5.0,5.0,6.0],"loadpower":[23.339550000000003,22.606583999999998,6.808707000000001],"batterytemp":[29.0,33.0,44.0],"triggerrate":[0.0,0.0,null],"triggersremaining":[22161.0,22161.0,null],"crcerrors":[0.0,0.0,0.0]}