{"datalatency":[7.608092],"sensoruptime":[180.56972222222223,179.58638888888888,180.56972222222223],"battvoltage":[12.450999999999999,12.491,12.183],"arrayvoltage":[0.626,0.6409999999999999,43.121],"chargecurrent":[0.0,0.0,10.794],"chargestate":[3.0,3.0,6.0],"loadpower":[13.799731,13.606320000000002,8.98432],"batterytemp":[8.0,10.0,29.0],"triggerrate":[0.0,0.0,0.6],"triggersremaining":[20363.0,20364.0,20396.0],"crcerrors":[0.0,0.0,0.0]}