{"datalatency":[19.161665000000003],"sensoruptime":[226.8697222222222,225.87,226.8697222222222],"battvoltage":[12.369000000000002,12.863,11.950999999999999],"arrayvoltage":[16.553,16.214000000000002,18.372],"chargecurrent":[0.39399999999999996,3.3560000000000003,8.75],"ledstate":[6.0,6.0,8.0],"loadpower":[22.830192000000004,22.956675,21.252608000000002],"batterytemp":[47.0,51.0,52.0],"triggerrate":[0.0,0.0,1.2000000000000002],"triggersremaining":[12681.0,12681.0,12687.0],"crcerrors":[0.0,0.0,2.0]}