{"datalatency":[18.628733],"sensoruptime":[210.5388888888889,209.54166666666666,210.5388888888889],"battvoltage":[12.064,12.082,11.800999999999998],"arrayvoltage":[0.0,0.057999999999999996,18.445],"chargecurrent":[0.002,0.005,8.948],"ledstate":[8.0,8.0,8.0],"loadpower":[23.499449999999996,23.583806999999997,21.692814],"batterytemp":[24.0,24.0,51.0],"triggerrate":[0.0,0.0,1.2000000000000002],"triggersremaining":[12685.0,12685.0,12691.0],"crcerrors":[0.0,0.0,2.0]}