{"datalatency":[10.081378],"sensoruptime":[null,null,0.018333333333333333],"battvoltage":[13.970999999999998,14.001,10.595999999999998],"arrayvoltage":[39.938,41.931000000000004,43.347],"chargecurrent":[0.493,0.478,2.597],"chargestate":[7.0,7.0,7.0],"loadpower":[0.0,0.0,0.0],"batterytemp":[16.0,15.0,20.0],"triggerrate":[null,null,null],"triggersremaining":[null,null,0.0],"crcerrors":[0.0,null,1.0]}