{"datalatency":[7.515601],"sensoruptime":[165.07166666666666,164.0886111111111,165.07166666666666],"battvoltage":[12.222000000000001,12.25,11.868],"arrayvoltage":[0.629,0.635,42.465],"chargecurrent":[0.0,0.0,15.0],"chargestate":[3.0,3.0,6.0],"loadpower":[14.167103999999998,13.772105999999999,8.596613999999999],"batterytemp":[7.0,7.0,33.0],"triggerrate":[0.0,0.0,0.8],"triggersremaining":[20371.0,20371.0,20462.0],"crcerrors":[0.0,0.0,0.0]}