{"datalatency":[8.227065],"sensoruptime":[null,113.24222222222222,114.10888888888888],"battvoltage":[11.685,11.493,11.469000000000001],"arrayvoltage":[21.666999999999998,0.934,34.863],"chargecurrent":[0.0,0.0,1.423],"chargestate":[5.0,3.0,5.0],"loadpower":[0.0,14.12488,0.0],"batterytemp":[15.0,14.0,16.0],"triggerrate":[null,0.2,0.6],"triggersremaining":[null,21931.0,21966.0],"crcerrors":[0.0,0.0,0.0]}