{"datalatency":[7.724922],"sensoruptime":[35.26416666666667,34.26444444444444,35.26416666666667],"battvoltage":[12.036,12.07,11.49],"arrayvoltage":[0.7659999999999999,0.772,42.148],"chargecurrent":[0.0,0.0,12.352],"chargestate":[3.0,3.0,6.0],"loadpower":[13.943999999999999,14.049513000000003,8.277874],"batterytemp":[11.0,12.0,29.0],"triggerrate":[0.0,0.0,0.4],"triggersremaining":[18418.0,18418.0,18429.0],"crcerrors":[0.0,0.0,0.0]}