{"datalatency":[8.53321],"sensoruptime":[44.25666666666667,43.25694444444444,44.25666666666667],"battvoltage":[12.283,12.299000000000001,12.112],"arrayvoltage":[0.595,0.644,41.489],"chargecurrent":[0.0,0.0,11.902999999999999],"chargestate":[3.0,3.0,6.0],"loadpower":[13.924179999999998,14.230879999999997,9.02565],"batterytemp":[16.0,16.0,35.0],"triggerrate":[0.0,0.0,0.4],"triggersremaining":[21648.0,21649.0,21659.0],"crcerrors":[0.0,0.0,0.0]}