{"datalatency":[13.207635000000002],"sensoruptime":[8.618333333333334,7.621388888888889,8.618333333333334],"battvoltage":[12.863,13.015999999999998,11.798],"arrayvoltage":[15.677,14.844000000000001,17.730999999999998],"chargecurrent":[4.595,8.057,10.419],"chargestate":[5.0,5.0,5.0],"loadpower":[22.8417,25.908066000000005,6.167125],"batterytemp":[47.0,45.0,47.0],"triggerrate":[0.0,0.0,15.600000000000001],"triggersremaining":[21426.0,21428.0,22147.0],"crcerrors":[0.0,0.0,0.0]}