{"datalatency":[8.481817000000001],"sensoruptime":[35.42472222222222,34.44138888888889,35.42472222222222],"battvoltage":[12.527000000000001,12.567,12.112],"arrayvoltage":[0.5920000000000001,0.568,41.489],"chargecurrent":[0.0,0.0,11.902999999999999],"chargestate":[3.0,3.0,6.0],"loadpower":[14.184095,13.690404000000003,9.02565],"batterytemp":[18.0,19.0,35.0],"triggerrate":[0.0,0.0,0.8],"triggersremaining":[21653.0,21653.0,21686.0],"crcerrors":[0.0,0.0,0.0]}