{"datalatency":[6.911728],"sensoruptime":[null,null,61.55722222222222],"battvoltage":[12.106,12.1,11.499],"arrayvoltage":[13.474,10.402999999999999,18.410999999999998],"chargecurrent":[0.147,0.005,12.030999999999999],"ledstate":[8.0,8.0,10.0],"loadpower":[8.848415999999999,8.642919999999998,7.179776000000001],"batterytemp":[25.0,25.0,56.0],"triggerrate":[null,null,1.2000000000000002],"triggersremaining":[null,null,20760.0],"crcerrors":[null,null,1.0]}