{"datalatency":[13.447375000000001],"sensoruptime":[62.894444444444446,61.89472222222222,62.894444444444446],"battvoltage":[12.14,12.177,12.015],"arrayvoltage":[0.214,0.107,17.000999999999998],"chargecurrent":[0.005,0.002,10.545],"ledstate":[8.0,8.0,8.0],"loadpower":[23.322144,23.829276000000004,21.262392999999996],"batterytemp":[30.0,31.0,52.0],"triggerrate":[0.0,0.0,6.0],"triggersremaining":[13105.0,13105.0,13498.0],"crcerrors":[0.0,0.0,2.0]}