{"datalatency":[26.026829000000003],"sensoruptime":[37.515277777777776,36.51555555555556,37.515277777777776],"battvoltage":[12.283,12.75,12.064],"arrayvoltage":[16.262999999999998,16.895,18.872],"chargecurrent":[0.773,4.774,10.158],"ledstate":[8.0,8.0,8.0],"loadpower":[23.747539999999997,23.589306000000004,22.704083999999998],"batterytemp":[37.0,39.0,50.0],"triggerrate":[0.0,0.0,2.400006864019631],"triggersremaining":[22399.0,22425.0,22431.0],"crcerrors":[null,null,0.0]}