{"datalatency":[20.663469000000003],"sensoruptime":[551.6561111111112,550.6563888888888,551.6561111111112],"battvoltage":[11.615,11.569,11.53],"arrayvoltage":[16.214000000000002,16.262999999999998,17.575],"chargecurrent":[1.123,0.435,11.448],"ledstate":[10.0,10.0,10.0],"loadpower":[23.362188,22.538769000000002,22.242600000000003],"batterytemp":[29.0,28.0,51.0],"triggerrate":[0.0,0.0,2.4000000000000004],"triggersremaining":[11255.0,11255.0,11311.0],"crcerrors":[0.0,0.0,2.0]}