{"datalatency":[20.516160000000003],"sensoruptime":[11.334166666666667,10.350833333333334,11.918333333333333],"battvoltage":[12.216,12.292,12.1],"arrayvoltage":[11.687999999999999,14.937999999999999,17.383],"chargecurrent":[0.0,0.495,10.453],"ledstate":[6.0,6.0,6.0],"loadpower":[23.907636000000004,24.273903,6.478731],"batterytemp":[37.0,44.0,52.0],"triggerrate":[0.0,0.0,5.0],"triggersremaining":[1677.0,1677.0,1875.0],"crcerrors":[0.0,0.0,0.0]}