{"datalatency":[18.562208000000002],"sensoruptime":[213.37166666666667,212.37194444444444,213.37166666666667],"battvoltage":[11.995999999999999,12.027000000000001,11.800999999999998],"arrayvoltage":[12.57,0.0,18.445],"chargecurrent":[0.005,0.005,8.948],"ledstate":[8.0,8.0,8.0],"loadpower":[23.291375,23.584135999999997,21.692814],"batterytemp":[23.0,23.0,51.0],"triggerrate":[0.0,0.0,1.2000000000000002],"triggersremaining":[12684.0,12684.0,12690.0],"crcerrors":[0.0,0.0,2.0]}