{"datalatency":[8.061148000000001],"sensoruptime":[30.253611111111113,29.270555555555557,30.253611111111113],"battvoltage":[12.527000000000001,12.573,12.07],"arrayvoltage":[0.562,0.5770000000000001,41.821000000000005],"chargecurrent":[0.0,0.0,7.474],"chargestate":[3.0,3.0,6.0],"loadpower":[13.646724,13.723164,8.72505],"batterytemp":[8.0,10.0,28.0],"triggerrate":[0.2,0.0,1.4],"triggersremaining":[22252.0,22254.0,22376.0],"crcerrors":[0.0,0.0,0.0]}