{"datalatency":[38.028895000000006],"sensoruptime":[0.7094444444444444,0.06722222222222222,3.008888888888889],"battvoltage":[12.216,11.187999999999999,10.269],"arrayvoltage":[30.084,27.151,43.57899999999999],"chargecurrent":[0.36700000000000005,0.205,2.897],"chargestate":[5.0,5.0,7.0],"loadpower":[13.984224000000001,13.804920000000001,0.0],"batterytemp":[12.0,12.0,24.0],"triggerrate":[0.0,0.0,58.6],"triggersremaining":[0.0,0.0,11440.0],"crcerrors":[28.0,0.0,20.0]}