{"datalatency":[7.696047],"sensoruptime":[0.014444444444444444,226.72861111111112,227.69416666666666],"battvoltage":[12.005999999999998,12.050999999999998,12.003],"arrayvoltage":[1.294,1.556,36.472],"chargecurrent":[0.0,0.0,3.503],"chargestate":[3.0,3.0,5.0],"loadpower":[18.889305999999998,13.989318,9.995777999999998],"batterytemp":[15.0,14.0,18.0],"triggerrate":[5.666666666666667,2.6,24.0],"triggersremaining":[19239.0,19446.0,20348.0],"crcerrors":[0.0,0.0,1.0]}