{"datalatency":[19.170878000000002],"sensoruptime":[510.6625,509.66277777777776,510.6625],"battvoltage":[12.325999999999999,12.253,11.85],"arrayvoltage":[16.65,17.087,17.145],"chargecurrent":[2.7760000000000002,3.31,8.992],"ledstate":[8.0,8.0,8.0],"loadpower":[22.710600000000003,22.895646,20.930414],"batterytemp":[37.0,34.0,51.0],"triggerrate":[0.0,0.0,2.4000000000000004],"triggersremaining":[11343.0,11344.0,11444.0],"crcerrors":[0.0,0.0,2.0]}