{"datalatency":[19.438211000000003],"sensoruptime":[163.51694444444445,162.5338888888889,163.51694444444445],"battvoltage":[12.975999999999999,12.253,12.200999999999999],"arrayvoltage":[15.036,15.380999999999998,17.969],"chargecurrent":[5.16,0.773,9.651],"ledstate":[6.0,6.0,6.0],"loadpower":[22.984206,23.883228,21.942296000000002],"batterytemp":[41.0,34.0,55.0],"triggerrate":[0.0,0.0,1.6],"triggersremaining":[6174.0,6174.0,6257.0],"crcerrors":[0.0,0.0,0.0]}