{"datalatency":[19.672812],"sensoruptime":[525.8266666666667,524.8269444444444,525.8266666666667],"battvoltage":[11.620999999999999,11.645999999999999,11.612],"arrayvoltage":[12.439,0.42700000000000005,17.145],"chargecurrent":[0.048,0.002,3.602],"ledstate":[10.0,10.0,10.0],"loadpower":[23.698136,23.490544,21.980286000000003],"batterytemp":[28.0,28.0,37.0],"triggerrate":[0.0,0.0,3.6],"triggersremaining":[11311.0,11311.0,11429.0],"crcerrors":[0.0,0.0,2.0]}