{"datalatency":[8.267721],"sensoruptime":[null,null,114.10888888888888],"battvoltage":[11.685,11.685,11.469000000000001],"arrayvoltage":[10.940999999999999,0.607,35.4],"chargecurrent":[0.0,0.0,6.643],"chargestate":[3.0,3.0,5.0],"loadpower":[0.0,0.0,0.0],"batterytemp":[11.0,11.0,27.0],"triggerrate":[null,null,1.6],"triggersremaining":[null,null,21930.0],"crcerrors":[0.0,null,0.0]}