{"datalatency":[77.901819],"sensoruptime":[152.83527777777778,151.83527777777778,152.83527777777778],"battvoltage":[12.369000000000002,12.387,12.253],"arrayvoltage":[0.015,0.061,18.066],"chargecurrent":[0.002,0.005,9.651],"ledstate":[6.0,6.0,6.0],"loadpower":[23.47735,23.614227000000003,22.10415],"batterytemp":[33.0,34.0,55.0],"triggerrate":[0.0,0.0,1.6],"triggersremaining":[6176.0,6177.0,6259.0],"crcerrors":[0.0,0.0,0.0]}