{"datalatency":[10.172917],"sensoruptime":[null,null,null],"battvoltage":[14.038,14.690999999999999,12.72],"arrayvoltage":[41.367,41.187,42.59],"chargecurrent":[0.013999999999999999,0.278,0.606],"chargestate":[7.0,6.0,7.0],"loadpower":[0.0,0.0,0.0],"batterytemp":[14.0,12.0,14.0],"triggerrate":[null,null,null],"triggersremaining":[null,null,null],"crcerrors":[null,null,null]}