{"datalatency":[37.621254],"sensoruptime":[3.881111111111111,2.897777777777778,5.173333333333333],"battvoltage":[14.465,14.465,10.287],"arrayvoltage":[41.605,41.605,43.448],"chargecurrent":[2.957,3.148,5.0760000000000005],"chargestate":[8.0,8.0,8.0],"loadpower":[11.495868000000002,11.243097,0.0],"batterytemp":[26.0,26.0,27.0],"triggerrate":[0.0,0.0,2.8],"triggersremaining":[11632.0,11634.0,11687.0],"crcerrors":[0.0,0.0,0.0]}