{"datalatency":[18.568805],"sensoruptime":[113.69083333333333,112.69111111111111,113.69083333333333],"battvoltage":[12.253,12.253,12.225],"arrayvoltage":[15.915,13.62,18.340999999999998],"chargecurrent":[0.382,0.237,7.815],"ledstate":[6.0,6.0,6.0],"loadpower":[22.5774,23.852478,21.964412],"batterytemp":[32.0,30.0,55.0],"triggerrate":[0.0,0.0,0.4],"triggersremaining":[6289.0,6289.0,6297.0],"crcerrors":[0.0,0.0,0.0]}