{"datalatency":[8.102106000000001],"sensoruptime":[4.004722222222222,3.004722222222222,62.22694444444444],"battvoltage":[14.27,14.215,11.319],"arrayvoltage":[42.255,42.172,42.471000000000004],"chargecurrent":[2.718,2.795,5.872999999999999],"chargestate":[6.0,6.0,6.0],"loadpower":[12.232830000000002,12.289096,0.0],"batterytemp":[26.0,28.0,32.0],"triggerrate":[0.2,0.0,0.5],"triggersremaining":[18400.0,18401.0,18411.0],"crcerrors":[0.0,0.0,0.0]}