{"datalatency":[27.716154000000003],"sensoruptime":[31.516111111111112,30.519166666666667,31.516111111111112],"battvoltage":[12.1,12.07,12.064],"arrayvoltage":[14.45,8.062999999999999,18.872],"chargecurrent":[0.266,0.002,10.158],"ledstate":[8.0,8.0,8.0],"loadpower":[24.692498999999994,27.741401999999997,22.619726999999994],"batterytemp":[25.0,24.0,50.0],"triggerrate":[0.0,0.0,1.2000506661391244],"triggersremaining":[22427.0,22427.0,22433.0],"crcerrors":[null,null,0.0]}