{"datalatency":[7.4809790000000005],"sensoruptime":[null,null,12.61],"battvoltage":[12.14,12.216,11.31],"arrayvoltage":[1.285,12.869000000000002,19.949],"chargecurrent":[0.005,0.012,12.057],"ledstate":[10.0,10.0,11.0],"loadpower":[7.968096,8.225496000000001,0.0],"batterytemp":[28.0,34.0,50.0],"triggerrate":[null,null,2.4000000000000004],"triggersremaining":[null,null,14586.0],"crcerrors":[null,null,0.0]}