{"datalatency":[29.216709],"sensoruptime":[19.184722222222224,18.184722222222224,null],"battvoltage":[12.905999999999999,13.583,12.07],"arrayvoltage":[15.964,16.01,18.872],"chargecurrent":[2.039,3.81,10.158],"ledstate":[6.0,5.0,8.0],"loadpower":[24.480008999999995,23.707756,7.432594000000002],"batterytemp":[46.0,49.0,50.0],"triggerrate":[0.0,0.0,null],"triggersremaining":[22430.0,22430.0,null],"crcerrors":[null,null,0.0]}