{"datalatency":[8.655812000000001],"sensoruptime":[78.9186111111111,77.93527777777778,78.9186111111111],"battvoltage":[12.561,12.759,12.183],"arrayvoltage":[24.658,33.047,38.708],"chargecurrent":[0.08,1.778,8.752],"chargestate":[5.0,5.0,6.0],"loadpower":[13.815774000000003,14.023464000000002,9.957479999999999],"batterytemp":[24.0,28.0,34.0],"triggerrate":[0.0,0.0,0.6],"triggersremaining":[21609.0,21610.0,21646.0],"crcerrors":[0.0,0.0,0.0]}