{"datalatency":[26.020314000000003],"sensoruptime":[4.036944444444444,3.0544444444444445,null],"battvoltage":[12.25,12.677,12.204],"arrayvoltage":[26.855,28.754,42.218],"chargecurrent":[0.215,1.022,2.839],"chargestate":[5.0,5.0,7.0],"loadpower":[14.619944,15.234647999999998,0.0],"batterytemp":[26.0,27.0,32.0],"triggerrate":[18.8,14.4,null],"triggersremaining":[15790.0,16778.0,null],"crcerrors":[0.0,0.0,2.0]}