{"datalatency":[7.910661],"sensoruptime":[37.419444444444444,36.43611111111111,37.419444444444444],"battvoltage":[12.267999999999999,12.317,12.07],"arrayvoltage":[0.616,0.607,41.821000000000005],"chargecurrent":[0.0,0.0,7.474],"chargestate":[3.0,3.0,6.0],"loadpower":[13.980033,13.664189000000002,8.72505],"batterytemp":[3.0,3.0,28.0],"triggerrate":[0.0,0.0,1.4],"triggersremaining":[22236.0,22240.0,22328.0],"crcerrors":[0.0,0.0,0.0]}