{"datalatency":[12.820085],"sensoruptime":[38.61333333333334,37.61638888888889,38.61333333333334],"battvoltage":[11.950999999999999,11.987,11.652000000000001],"arrayvoltage":[0.107,0.107,17.334],"chargecurrent":[0.002,0.002,11.398],"chargestate":[3.0,3.0,6.0],"loadpower":[23.41647,23.746425000000002,21.713829000000004],"batterytemp":[29.0,31.0,52.0],"triggerrate":[0.0,0.0,6.0],"triggersremaining":[20788.0,20865.0,21186.0],"crcerrors":[6.0,0.0,1.0]}