{"datalatency":[9.889990000000001],"sensoruptime":[9.383333333333333,8.386388888888888,20.196666666666665],"battvoltage":[13.565,13.585999999999999,11.224],"arrayvoltage":[17.81,18.155,19.736],"chargecurrent":[2.29,3.795,8.165],"ledstate":[5.0,5.0,11.0],"loadpower":[22.939980000000002,25.548166000000002,0.0],"batterytemp":[49.0,48.0,50.0],"triggerrate":[0.0,0.0,1.2000000000000002],"triggersremaining":[14557.0,14557.0,14562.0],"crcerrors":[0.0,0.0,0.0]}