{"datalatency":[11.61815],"sensoruptime":[18.06833333333333,17.07111111111111,null],"battvoltage":[12.1,12.125,11.264000000000001],"arrayvoltage":[0.0,0.107,19.733],"chargecurrent":[0.005,0.002,9.152999999999999],"ledstate":[6.0,6.0,11.0],"loadpower":[23.571599999999997,23.825447999999998,0.0],"batterytemp":[28.0,29.0,53.0],"triggerrate":[0.0,0.0,null],"triggersremaining":[13515.0,13515.0,null],"crcerrors":[0.0,0.0,2.0]}