{"datalatency":[7.827664],"sensoruptime":[8.89638888888889,7.913055555555555,227.69416666666666],"battvoltage":[11.874,11.877,11.874],"arrayvoltage":[0.861,1.294,36.472],"chargecurrent":[0.0,0.0,3.503],"chargestate":[3.0,3.0,5.0],"loadpower":[13.789908000000004,13.766214,9.995777999999998],"batterytemp":[16.0,16.0,18.0],"triggerrate":[0.0,0.2,24.0],"triggersremaining":[18632.0,18640.0,20295.0],"crcerrors":[2.0,0.0,3.0]}