{"datalatency":[37.906137],"sensoruptime":[null,0.0225,1.8325],"battvoltage":[14.85,13.87,10.526],"arrayvoltage":[40.591,36.67,42.896],"chargecurrent":[2.131,2.21,2.6189999999999998],"chargestate":[6.0,5.0,7.0],"loadpower":[19.580167,14.196303000000004,0.0],"batterytemp":[7.0,4.0,19.0],"triggerrate":[null,0.0,0.0],"triggersremaining":[null,0.0,0.0],"crcerrors":[5.0,3.0,1.0]}