{"datalatency":[17.769447],"sensoruptime":[189.54194444444445,188.54194444444445,189.54194444444445],"battvoltage":[11.859000000000002,11.88,11.795],"arrayvoltage":[12.64,0.021,17.38],"chargecurrent":[0.036000000000000004,0.005,11.315],"ledstate":[8.0,8.0,8.0],"loadpower":[25.218459,23.551974000000005,21.720450999999997],"batterytemp":[24.0,24.0,53.0],"triggerrate":[0.0,0.0,1.2000000000000002],"triggersremaining":[12690.0,12690.0,12703.0],"crcerrors":[0.0,0.0,2.0]}