{"datalatency":[16.153011],"sensoruptime":[140.21666666666667,139.21666666666667,140.21666666666667],"battvoltage":[11.905,11.911,11.899000000000001],"arrayvoltage":[0.0,0.0,16.898],"chargecurrent":[0.002,0.002,10.972000000000001],"ledstate":[8.0,8.0,8.0],"loadpower":[23.611269000000004,23.20305,21.720998],"batterytemp":[29.0,29.0,42.0],"triggerrate":[0.0,0.0,3.6],"triggersremaining":[12945.0,12946.0,13078.0],"crcerrors":[0.0,0.0,2.0]}