{"datalatency":[76.513935],"sensoruptime":[7.024166666666667,6.024166666666667,76.74361111111111],"battvoltage":[12.338,12.375,12.216],"arrayvoltage":[0.076,1.285,17.526],"chargecurrent":[0.005,0.002,8.977],"ledstate":[6.0,6.0,6.0],"loadpower":[23.205228,23.577156000000002,21.808872],"batterytemp":[30.0,33.0,51.0],"triggerrate":[0.0,0.0,3.8],"triggersremaining":[6331.0,6331.0,7041.0],"crcerrors":[0.0,0.0,0.0]}