{"datalatency":[7.829147000000001],"sensoruptime":[6.768611111111111,5.768611111111111,31.859444444444446],"battvoltage":[12.686,11.694,11.465],"arrayvoltage":[34.567,34.134,42.996],"chargecurrent":[1.766,0.56,15.002],"chargestate":[5.0,5.0,6.0],"loadpower":[13.957450000000001,13.686492000000001,0.0],"batterytemp":[16.0,17.0,28.0],"triggerrate":[0.0,0.0,2.0],"triggersremaining":[18432.0,18432.0,18582.0],"crcerrors":[1.0,0.0,4.0]}