{"datalatency":[7.73052],"sensoruptime":[226.39527777777778,225.41194444444446,226.39527777777778],"battvoltage":[12.054,12.07,12.012],"arrayvoltage":[1.074,1.0590000000000002,36.472],"chargecurrent":[0.0,0.0,3.503],"chargestate":[3.0,3.0,5.0],"loadpower":[13.989318,13.989318,9.995777999999998],"batterytemp":[14.0,14.0,18.0],"triggerrate":[18.4,1.4,24.0],"triggersremaining":[19483.0,19786.0,20349.0],"crcerrors":[0.0,0.0,0.0]}