{"datalatency":[21.69847],"sensoruptime":[27.03611111111111,26.052777777777777,27.03611111111111],"battvoltage":[12.485,11.945,11.798],"arrayvoltage":[16.195999999999998,16.168,17.48],"chargecurrent":[4.81,1.66,11.001],"ledstate":[8.0,8.0,8.0],"loadpower":[22.713555,23.250646,21.806852],"batterytemp":[39.0,35.0,51.0],"triggerrate":[0.0,0.0,0.8],"triggersremaining":[1284.0,1284.0,1331.0],"crcerrors":[0.0,0.0,0.0]}