{"datalatency":[18.872061000000002],"sensoruptime":[142.18694444444444,141.20361111111112,142.18694444444444],"battvoltage":[13.202,12.607000000000001,12.253],"arrayvoltage":[14.655,15.329,18.066],"chargecurrent":[8.359,1.413,9.651],"ledstate":[6.0,6.0,6.0],"loadpower":[23.186016,24.200955,22.084208000000004],"batterytemp":[49.0,50.0,57.0],"triggerrate":[0.6,0.0,0.6],"triggersremaining":[6249.0,6255.0,6283.0],"crcerrors":[0.0,0.0,0.0]}