{"datalatency":[13.310621000000001],"sensoruptime":[340.85583333333335,339.85583333333335,340.85583333333335],"battvoltage":[13.357999999999999,12.75,12.109000000000002],"arrayvoltage":[15.380999999999998,16.653,18.03],"chargecurrent":[10.253,3.464,11.622],"ledstate":[6.0,6.0,6.0],"loadpower":[22.825079999999996,22.576346000000004,21.638656000000005],"batterytemp":[41.0,40.0,44.0],"triggerrate":[0.0,0.0,1.2000000000000002],"triggersremaining":[12621.0,12622.0,12627.0],"crcerrors":[0.0,0.0,2.0]}