{"datalatency":[7.8218250000000005],"sensoruptime":[8.207777777777778,7.210833333333333,49.00611111111111],"battvoltage":[11.661,11.569,11.444],"arrayvoltage":[0.021,0.021,19.531],"chargecurrent":[0.002,0.005,12.99],"ledstate":[10.0,10.0,10.0],"loadpower":[23.102548,27.741153999999998,5.941168],"batterytemp":[24.0,24.0,41.0],"triggerrate":[0.0,0.0,2.4000000000000004],"triggersremaining":[14585.0,14586.0,14654.0],"crcerrors":[0.0,0.0,0.0]}