{"datalatency":[19.149779000000002],"sensoruptime":[191.01277777777779,190.01305555555555,191.01277777777779],"battvoltage":[13.22,12.630999999999998,12.1],"arrayvoltage":[14.056,14.056,17.969],"chargecurrent":[8.315,2.44,9.504],"ledstate":[6.0,6.0,6.0],"loadpower":[24.677680000000002,23.98701,21.987524],"batterytemp":[55.0,52.0,55.0],"triggerrate":[0.6,0.0,6.4],"triggersremaining":[5803.0,5811.0,6126.0],"crcerrors":[0.0,0.0,0.0]}