{"datalatency":[8.154408],"sensoruptime":[62.91583333333333,61.916111111111114,62.91583333333333],"battvoltage":[12.286,12.32,12.115],"arrayvoltage":[0.647,0.638,42.861999999999995],"chargecurrent":[0.0,0.0,7.356],"chargestate":[3.0,3.0,6.0],"loadpower":[14.16954,14.240356,8.875646],"batterytemp":[13.0,13.0,30.0],"triggerrate":[0.4,0.0,0.4],"triggersremaining":[22171.0,22177.0,22231.0],"crcerrors":[0.0,0.0,0.0]}