{"datalatency":[20.752498000000003],"sensoruptime":[47.51361111111111,46.513888888888886,47.51361111111111],"battvoltage":[11.911,11.948,11.911],"arrayvoltage":[0.0,0.0,17.78],"chargecurrent":[0.002,0.005,7.774],"ledstate":[8.0,8.0,8.0],"loadpower":[24.202566000000004,24.786209999999997,22.552155],"batterytemp":[27.0,28.0,40.0],"triggerrate":[0.0,0.0,2.4000255842727283],"triggersremaining":[22309.0,22313.0,22429.0],"crcerrors":[null,null,0.0]}