{"datalatency":[14.748244000000001],"sensoruptime":[98.88916666666667,97.88944444444445,98.88916666666667],"battvoltage":[12.823,12.710999999999999,12.057],"arrayvoltage":[15.378,16.012999999999998,17.825],"chargecurrent":[7.441,5.675,9.687000000000001],"ledstate":[8.0,8.0,8.0],"loadpower":[22.560650000000003,22.234472,21.192338],"batterytemp":[45.0,38.0,58.0],"triggerrate":[0.0,0.0,2.4000000000000004],"triggersremaining":[13085.0,13085.0,13096.0],"crcerrors":[0.0,0.0,2.0]}