{"datalatency":[31.085421],"sensoruptime":[0.5480555555555555,null,57.48722222222222],"battvoltage":[12.415,12.787,11.639000000000001],"arrayvoltage":[15.677,15.575999999999999,17.78],"chargecurrent":[3.24,8.885,12.089],"ledstate":[8.0,8.0,10.0],"loadpower":[23.255874000000002,7.435050000000001,6.942914999999999],"batterytemp":[43.0,41.0,44.0],"triggerrate":[0.0,null,7.200004464002768],"triggersremaining":[22178.0,null,22399.0],"crcerrors":[null,null,0.0]}