{"datalatency":[10.283659],"sensoruptime":[null,null,null],"battvoltage":[13.812000000000001,13.696,12.735],"arrayvoltage":[37.811,41.278,44.855],"chargecurrent":[0.43200000000000005,0.57,0.609],"chargestate":[7.0,7.0,7.0],"loadpower":[0.0,0.0,0.0],"batterytemp":[21.0,25.0,25.0],"triggerrate":[null,null,null],"triggersremaining":[null,null,null],"crcerrors":[null,null,null]}