{"datalatency":[8.102120000000001],"sensoruptime":[8.3375,7.354166666666667,62.22694444444444],"battvoltage":[14.267000000000001,14.267000000000001,11.319],"arrayvoltage":[41.342,41.931000000000004,42.471000000000004],"chargecurrent":[2.638,2.5580000000000003,5.733],"chargestate":[6.0,6.0,6.0],"loadpower":[12.331824000000001,12.331824000000001,0.0],"batterytemp":[26.0,26.0,29.0],"triggerrate":[0.0,0.0,0.5],"triggersremaining":[18399.0,18400.0,18410.0],"crcerrors":[0.0,0.0,0.0]}