{"datalatency":[75.78442000000001],"sensoruptime":[83.84527777777778,82.86222222222223,83.84527777777778],"battvoltage":[12.341,12.369000000000002,12.216],"arrayvoltage":[0.0,0.021,17.965999999999998],"chargecurrent":[0.005,0.005,8.001],"ledstate":[6.0,6.0,6.0],"loadpower":[23.032790000000002,24.472203,21.730287],"batterytemp":[29.0,30.0,58.0],"triggerrate":[0.0,0.0,0.6],"triggersremaining":[6299.0,6299.0,6318.0],"crcerrors":[0.0,0.0,0.0]}