{"datalatency":[13.644754],"sensoruptime":[354.3538888888889,353.3541666666667,354.3538888888889],"battvoltage":[12.134,12.142999999999999,12.109000000000002],"arrayvoltage":[0.0,0.067,17.633],"chargecurrent":[0.002,0.005,12.229000000000001],"ledstate":[6.0,6.0,6.0],"loadpower":[24.212264,23.904287999999998,21.612250999999997],"batterytemp":[24.0,24.0,44.0],"triggerrate":[0.0,0.0,1.2000000000000002],"triggersremaining":[12618.0,12618.0,12624.0],"crcerrors":[0.0,0.0,2.0]}