{"datalatency":[37.686013],"sensoruptime":[null,7.613611111111111,7.746944444444445],"battvoltage":[12.415,11.345999999999998,11.110999999999999],"arrayvoltage":[1.01,20.694000000000003,33.400999999999996],"chargecurrent":[0.0,0.0,2.329],"chargestate":[3.0,5.0,6.0],"loadpower":[0.0,14.073371999999999,0.0],"batterytemp":[21.0,23.0,28.0],"triggerrate":[null,0.2,null],"triggersremaining":[null,11690.0,12014.0],"crcerrors":[1.0,0.0,0.0]}