{"datalatency":[7.590089000000001],"sensoruptime":[193.9011111111111,192.9177777777778,193.9011111111111],"battvoltage":[14.023,14.235999999999999,12.106],"arrayvoltage":[40.433,40.305,43.121],"chargecurrent":[4.022,5.977,9.777000000000001],"chargestate":[6.0,6.0,6.0],"loadpower":[9.086815,9.21323,8.98432],"batterytemp":[34.0,27.0,34.0],"triggerrate":[0.0,0.0,0.4],"triggersremaining":[20353.0,20354.0,20370.0],"crcerrors":[0.0,0.0,0.0]}