{"datalatency":[7.5797490000000005],"sensoruptime":[178.07,177.07,178.07],"battvoltage":[12.534,12.589,12.183],"arrayvoltage":[0.65,0.8390000000000001,43.121],"chargecurrent":[0.0,0.0,10.794],"chargestate":[3.0,3.0,6.0],"loadpower":[13.715478000000003,13.729716000000002,8.98432],"batterytemp":[11.0,12.0,29.0],"triggerrate":[0.0,0.0,0.6],"triggersremaining":[20364.0,20364.0,20400.0],"crcerrors":[0.0,0.0,0.0]}