{"datalatency":[22.614137000000003],"sensoruptime":[330.3547222222222,329.3547222222222,330.3547222222222],"battvoltage":[12.195,12.216,12.186],"arrayvoltage":[0.0,0.064,18.753],"chargecurrent":[0.005,0.005,11.622],"ledstate":[6.0,6.0,6.0],"loadpower":[23.829276000000004,23.938361999999998,20.870528999999998],"batterytemp":[26.0,26.0,44.0],"triggerrate":[0.0,0.0,1.2000000000000002],"triggersremaining":[12624.0,12624.0,12630.0],"crcerrors":[0.0,0.0,2.0]}