{"datalatency":[16.019562],"sensoruptime":[0.9147222222222222,null,7.133055555555556],"battvoltage":[13.779000000000002,13.87,11.328],"arrayvoltage":[18.066,19.305,19.949],"chargecurrent":[5.353,2.7319999999999998,12.057],"ledstate":[5.0,5.0,10.0],"loadpower":[22.388054999999998,6.842880000000001,5.908896],"batterytemp":[42.0,39.0,50.0],"triggerrate":[0.0,null,0.0],"triggersremaining":[14570.0,null,14570.0],"crcerrors":[0.0,0.0,0.0]}