{"datalatency":[14.172475],"sensoruptime":[null,null,12.61],"battvoltage":[12.145999999999999,12.198,11.31],"arrayvoltage":[1.248,13.083,19.949],"chargecurrent":[0.002,0.06,12.057],"ledstate":[10.0,10.0,11.0],"loadpower":[8.158080000000002,8.383968,0.0],"batterytemp":[28.0,36.0,50.0],"triggerrate":[null,null,2.4000000000000004],"triggersremaining":[null,null,14586.0],"crcerrors":[null,null,0.0]}