{"datalatency":[42.885178],"sensoruptime":[null,null,null],"battvoltage":[12.216,12.234000000000002,11.987],"arrayvoltage":[0.021,0.128,18.362000000000002],"chargecurrent":[0.005,0.002,9.487],"ledstate":[6.0,6.0,8.0],"loadpower":[7.578684,7.445024999999999,5.89088],"batterytemp":[28.0,28.0,52.0],"triggerrate":[null,null,null],"triggersremaining":[null,null,null],"crcerrors":[null,null,null]}