{"datalatency":[15.041355000000001],"sensoruptime":[114.55361111111111,113.55388888888889,114.55361111111111],"battvoltage":[12.14,12.177,12.057],"arrayvoltage":[0.0,0.107,17.825],"chargecurrent":[0.005,0.005,10.327],"ledstate":[6.0,6.0,8.0],"loadpower":[23.795136,23.622488,21.192338],"batterytemp":[30.0,30.0,54.0],"triggerrate":[0.0,0.0,1.2000000000000002],"triggersremaining":[13079.0,13079.0,13087.0],"crcerrors":[0.0,0.0,2.0]}