{"datalatency":[7.640967000000001],"sensoruptime":[212.56527777777777,211.56527777777777,212.56527777777777],"battvoltage":[12.222000000000001,12.259,12.106],"arrayvoltage":[0.922,0.998,41.711000000000006],"chargecurrent":[0.0,0.0,9.777000000000001],"chargestate":[3.0,3.0,6.0],"loadpower":[14.191505999999999,14.383655999999998,9.02565],"batterytemp":[13.0,13.0,34.0],"triggerrate":[0.4,0.2,0.8],"triggersremaining":[20299.0,20317.0,20356.0],"crcerrors":[0.0,0.0,0.0]}