{"datalatency":[8.131484],"sensoruptime":[1.1202777777777777,0.12055555555555555,null],"battvoltage":[11.914000000000001,12.009,10.944],"arrayvoltage":[0.9279999999999999,0.867,41.791000000000004],"chargecurrent":[0.0,0.0,2.923],"chargestate":[3.0,3.0,6.0],"loadpower":[13.836468000000002,13.925408000000001,0.0],"batterytemp":[12.0,12.0,32.0],"triggerrate":[0.0,0.0,null],"triggersremaining":[18371.0,18372.0,null],"crcerrors":[0.0,0.0,0.0]}