{"datalatency":[19.995731000000003],"sensoruptime":[250.19972222222222,249.20277777777778,250.19972222222222],"battvoltage":[12.625,13.092,12.073],"arrayvoltage":[17.429000000000002,15.770999999999999,18.073],"chargecurrent":[1.599,4.868,9.937999999999999],"ledstate":[6.0,6.0,8.0],"loadpower":[23.408100000000005,22.42905,21.323016],"batterytemp":[51.0,53.0,55.0],"triggerrate":[0.0,0.0,1.2000000000000002],"triggersremaining":[12674.0,12674.0,12681.0],"crcerrors":[0.0,0.0,2.0]}