{"datalatency":[18.095740000000003],"sensoruptime":[198.2072222222222,197.21027777777778,198.2072222222222],"battvoltage":[12.975999999999999,12.909,11.800999999999998],"arrayvoltage":[15.335,15.091,18.445],"chargecurrent":[8.6,8.802999999999999,10.17],"ledstate":[8.0,8.0,8.0],"loadpower":[22.727908,22.636595999999997,21.692814],"batterytemp":[48.0,47.0,53.0],"triggerrate":[0.0,0.0,1.2000000000000002],"triggersremaining":[12688.0,12688.0,12699.0],"crcerrors":[0.0,0.0,2.0]}