{"datalatency":[7.572596000000001],"sensoruptime":[176.0702777777778,175.08694444444444,176.0702777777778],"battvoltage":[12.753,14.355,12.183],"arrayvoltage":[26.566,30.53,43.121],"chargecurrent":[0.534,2.399,10.794],"chargestate":[5.0,6.0,6.0],"loadpower":[13.351904,14.603289000000002,8.98432],"batterytemp":[17.0,23.0,29.0],"triggerrate":[0.0,0.0,0.6],"triggersremaining":[20367.0,20368.0,20409.0],"crcerrors":[0.0,0.0,0.0]}