{"datalatency":[18.385281000000003],"sensoruptime":[96.69333333333333,95.69361111111111,96.69333333333333],"battvoltage":[13.44,13.437000000000001,12.222000000000001],"arrayvoltage":[17.697,17.276,18.109],"chargecurrent":[5.003,5.737,7.815],"ledstate":[5.0,5.0,6.0],"loadpower":[23.033472,23.022199999999998,21.964412],"batterytemp":[53.0,53.0,58.0],"triggerrate":[0.0,0.0,0.6],"triggersremaining":[6295.0,6296.0,6312.0],"crcerrors":[0.0,0.0,0.0]}