{"datalatency":[76.856368],"sensoruptime":[55.516666666666666,54.53333333333333,55.516666666666666],"battvoltage":[12.445,12.445,12.216],"arrayvoltage":[0.021,0.021,17.917],"chargecurrent":[0.005,0.002,9.262],"ledstate":[6.0,6.0,6.0],"loadpower":[23.267291999999994,24.356247,21.796613999999998],"batterytemp":[31.0,33.0,58.0],"triggerrate":[0.0,0.0,0.2],"triggersremaining":[6319.0,6319.0,6325.0],"crcerrors":[0.0,0.0,0.0]}