{"datalatency":[10.591654],"sensoruptime":[null,null,0.018333333333333333],"battvoltage":[13.585999999999999,13.409,12.567],"arrayvoltage":[30.307,30.084,43.347],"chargecurrent":[0.365,0.33799999999999997,2.227],"chargestate":[5.0,5.0,7.0],"loadpower":[0.0,0.0,0.0],"batterytemp":[10.0,11.0,20.0],"triggerrate":[null,null,0.0],"triggersremaining":[null,null,0.0],"crcerrors":[0.0,null,1.0]}