{"datalatency":[20.817033000000002],"sensoruptime":[17.315555555555555,16.315833333333334,null],"battvoltage":[12.161,12.189,12.152000000000001],"arrayvoltage":[0.0,0.04,20.032],"chargecurrent":[0.005,0.002,7.09],"chargestate":[3.0,3.0,7.0],"loadpower":[24.19536,24.948364000000005,11.041264],"batterytemp":[25.0,25.0,47.0],"triggerrate":[null,null,null],"triggersremaining":[22489.0,22489.0,null],"crcerrors":[null,null,0.0]}