{"datalatency":[8.297482],"sensoruptime":[103.24361111111111,102.24388888888889,103.24361111111111],"battvoltage":[11.71,11.725,11.707],"arrayvoltage":[1.111,1.126,34.863],"chargecurrent":[0.0,0.0,1.423],"chargestate":[3.0,3.0,5.0],"loadpower":[13.680755999999999,13.611816000000003,12.790060000000002],"batterytemp":[13.0,13.0,16.0],"triggerrate":[0.0,0.0,0.6],"triggersremaining":[21942.0,21943.0,22031.0],"crcerrors":[0.0,0.0,0.0]}