{"datalatency":[11.201053],"sensoruptime":[10.466388888888888,9.466388888888888,null],"battvoltage":[11.874,11.911,11.569],"arrayvoltage":[0.037000000000000005,0.098,19.736],"chargecurrent":[0.002,0.005,12.392999999999999],"chargestate":[3.0,3.0,6.0],"loadpower":[23.202191999999997,23.161511999999995,6.808707000000001],"batterytemp":[25.0,26.0,44.0],"triggerrate":[0.0,0.0,null],"triggersremaining":[22160.0,22160.0,null],"crcerrors":[0.0,0.0,0.0]}