{"datalatency":[13.7345],"sensoruptime":[10.902777777777779,9.905555555555555,10.902777777777779],"battvoltage":[12.262,12.597999999999999,11.264000000000001],"arrayvoltage":[14.114,16.409000000000002,19.733],"chargecurrent":[0.28300000000000003,3.247,9.152999999999999],"ledstate":[6.0,6.0,11.0],"loadpower":[26.734344,25.468324000000003,0.0],"batterytemp":[40.0,41.0,53.0],"triggerrate":[0.0,0.0,20.400000000000002],"triggersremaining":[13537.0,13554.0,14551.0],"crcerrors":[0.0,0.0,2.0]}