{"datalatency":[10.054342],"sensoruptime":[0.009722222222222222,null,null],"battvoltage":[13.907,14.517000000000001,10.595999999999998],"arrayvoltage":[42.31,41.931000000000004,43.369],"chargecurrent":[1.5919999999999999,1.913,2.597],"chargestate":[7.0,6.0,7.0],"loadpower":[14.292494000000001,19.191249000000003,0.0],"batterytemp":[18.0,18.0,18.0],"triggerrate":[null,null,null],"triggersremaining":[0.0,null,null],"crcerrors":[0.0,0.0,1.0]}