{"datalatency":[10.282298],"sensoruptime":[null,null,null],"battvoltage":[13.812000000000001,13.87,12.735],"arrayvoltage":[42.148,41.412,44.855],"chargecurrent":[0.35,0.32899999999999996,0.609],"chargestate":[7.0,7.0,7.0],"loadpower":[0.0,0.0,0.0],"batterytemp":[21.0,19.0,21.0],"triggerrate":[null,null,null],"triggersremaining":[null,null,null],"crcerrors":[null,null,null]}