{"datalatency":[10.372057],"sensoruptime":[null,null,null],"battvoltage":[13.720999999999998,13.754000000000001,12.759],"arrayvoltage":[37.457,40.527,43.158],"chargecurrent":[0.196,0.159,0.597],"chargestate":[7.0,7.0,7.0],"loadpower":[0.0,0.0,0.0],"batterytemp":[24.0,23.0,25.0],"triggerrate":[null,null,null],"triggersremaining":[null,null,null],"crcerrors":[null,null,null]}