{"datalatency":[47.436333000000005],"sensoruptime":[null,null,null],"battvoltage":[12.517999999999999,12.517999999999999,12.283],"arrayvoltage":[13.217,0.787,44.098],"chargecurrent":[0.0,0.0,4.486000000000001],"chargestate":[5.0,3.0,8.0],"loadpower":[0.0,0.0,0.0],"batterytemp":[11.0,11.0,24.0],"triggerrate":[null,null,null],"triggersremaining":[null,null,null],"crcerrors":[null,null,null]}