{"datalatency":[8.119162000000001],"sensoruptime":[97.24444444444444,96.26138888888889,97.24444444444444],"battvoltage":[11.835,11.877,11.812999999999999],"arrayvoltage":[25.583000000000002,32.523,35.016],"chargecurrent":[0.092,0.534,1.423],"chargestate":[5.0,5.0,5.0],"loadpower":[13.72322,13.769699999999998,12.913230000000002],"batterytemp":[13.0,14.0,16.0],"triggerrate":[0.0,0.0,0.8],"triggersremaining":[21953.0,21954.0,22077.0],"crcerrors":[0.0,0.0,0.0]}