{"datalatency":[20.420571000000002],"sensoruptime":[261.0313888888889,260.0316666666667,261.0313888888889],"battvoltage":[12.14,12.177,12.073],"arrayvoltage":[4.556,0.0,18.073],"chargecurrent":[0.005,0.002,9.937999999999999],"ledstate":[6.0,6.0,8.0],"loadpower":[23.795136,23.46494,21.323016],"batterytemp":[23.0,23.0,55.0],"triggerrate":[0.0,0.0,1.2000000000000002],"triggersremaining":[12670.0,12670.0,12677.0],"crcerrors":[0.0,0.0,2.0]}