{"datalatency":[8.479929],"sensoruptime":[30.591944444444444,29.592222222222222,30.591944444444444],"battvoltage":[14.059000000000001,14.05,12.112],"arrayvoltage":[36.533,39.655,41.489],"chargecurrent":[3.194,3.525,11.902999999999999],"chargestate":[6.0,6.0,6.0],"loadpower":[10.141649999999998,9.0954,9.02565],"batterytemp":[33.0,33.0,37.0],"triggerrate":[0.0,0.0,1.0],"triggersremaining":[21654.0,21654.0,21728.0],"crcerrors":[0.0,0.0,0.0]}