{"datalatency":[7.9765630000000005],"sensoruptime":[58.249722222222225,57.266666666666666,58.249722222222225],"battvoltage":[12.436,12.450999999999999,12.115],"arrayvoltage":[0.653,0.653,42.861999999999995],"chargecurrent":[0.0,0.0,7.356],"chargestate":[3.0,3.0,6.0],"loadpower":[13.712784000000001,14.010887999999998,8.875646],"batterytemp":[13.0,12.0,30.0],"triggerrate":[0.0,0.2,0.6],"triggersremaining":[22202.0,22202.0,22247.0],"crcerrors":[0.0,0.0,0.0]}