{"datalatency":[8.626984],"sensoruptime":[60.42111111111111,59.42138888888889,60.42111111111111],"battvoltage":[12.491,12.527000000000001,12.18],"arrayvoltage":[0.5770000000000001,0.568,40.146],"chargecurrent":[0.0,0.0,10.228],"chargestate":[3.0,3.0,6.0],"loadpower":[13.818140000000001,13.646724,8.80245],"batterytemp":[18.0,18.0,34.0],"triggerrate":[0.0,0.0,0.2],"triggersremaining":[21644.0,21645.0,21652.0],"crcerrors":[0.0,0.0,0.0]}