{"datalatency":[15.464594000000002],"sensoruptime":[152.14277777777778,151.14305555555555,152.14277777777778],"battvoltage":[11.533,11.649000000000001,11.508],"arrayvoltage":[16.070999999999998,16.708,18.973],"chargecurrent":[0.49,1.411,7.525],"chargestate":[5,5,6],"loadpower":[22.882562999999998,23.449134,21.429213],"batterytemp":[30,37,39],"triggerrate":[null,null,null],"triggersremaining":[14674.0,14675.0,15572.0],"crcerrors":[null,null,0.0]}