{"datalatency":[8.687356000000001],"sensoruptime":[66.42027777777778,65.42055555555555,66.42027777777778],"battvoltage":[12.299000000000001,12.335,12.18],"arrayvoltage":[0.644,0.598,40.146],"chargecurrent":[0.0,0.0,10.228],"chargestate":[3.0,3.0,6.0],"loadpower":[13.421192,13.821883999999999,8.80245],"batterytemp":[14.0,14.0,34.0],"triggerrate":[0.0,0.0,0.2],"triggersremaining":[21643.0,21643.0,21650.0],"crcerrors":[0.0,0.0,0.0]}