{"datalatency":[15.301654000000001],"sensoruptime":[16.210833333333333,15.210833333333333,null],"battvoltage":[12.195,12.228,12.1],"arrayvoltage":[0.0,0.018000000000000002,18.439],"chargecurrent":[0.002,0.005,9.9],"ledstate":[6.0,6.0,8.0],"loadpower":[23.208912000000005,23.382864,5.933112000000001],"batterytemp":[28.0,29.0,52.0],"triggerrate":[0.0,0.0,null],"triggersremaining":[14662.0,14663.0,null],"crcerrors":[0.0,0.0,0.0]}