{"datalatency":[8.48558],"sensoruptime":[29.25888888888889,28.25888888888889,29.25888888888889],"battvoltage":[14.023,14.056,12.112],"arrayvoltage":[38.809,40.088,41.489],"chargecurrent":[3.471,3.7880000000000003,11.902999999999999],"chargestate":[6.0,6.0,6.0],"loadpower":[9.045196,12.605177999999999,9.02565],"batterytemp":[34.0,33.0,38.0],"triggerrate":[0.0,0.0,1.0],"triggersremaining":[21654.0,21654.0,21734.0],"crcerrors":[0.0,0.0,0.0]}