{"datalatency":[8.617232000000001],"sensoruptime":[68.08666666666667,67.08694444444444,68.08666666666667],"battvoltage":[12.259,12.286,12.18],"arrayvoltage":[0.6559999999999999,0.638,40.146],"chargecurrent":[0.0,0.0,10.228],"chargestate":[3.0,3.0,6.0],"loadpower":[13.918878,14.108199999999998,8.80245],"batterytemp":[15.0,14.0,34.0],"triggerrate":[0.0,0.0,0.2],"triggersremaining":[21641.0,21643.0,21648.0],"crcerrors":[0.0,0.0,0.0]}