{"datalatency":[13.108143],"sensoruptime":[56.562222222222225,55.565,56.562222222222225],"battvoltage":[12.793,12.863,12.015],"arrayvoltage":[15.234000000000002,14.800999999999998,17.526],"chargecurrent":[5.587999999999999,8.257,10.545],"ledstate":[8.0,8.0,8.0],"loadpower":[22.711854000000002,22.386058,21.262392999999996],"batterytemp":[51.0,51.0,52.0],"triggerrate":[0.0,0.0,6.0],"triggersremaining":[13115.0,13120.0,13508.0],"crcerrors":[0.0,0.0,2.0]}