{"datalatency":[13.416625000000002],"sensoruptime":[null,5.410277777777778,null],"battvoltage":[12.186,11.526,11.285],"arrayvoltage":[0.021,0.021,19.949],"chargecurrent":[0.002,0.002,9.745],"ledstate":[11.0,10.0,11.0],"loadpower":[0.0,23.573745000000002,0.0],"batterytemp":[26.0,26.0,51.0],"triggerrate":[null,0.0,null],"triggersremaining":[null,14567.0,null],"crcerrors":[0.0,null,0.0]}