{"datalatency":[17.556624],"sensoruptime":[459.83722222222224,458.84,459.83722222222224],"battvoltage":[13.062000000000001,12.595,11.984000000000002],"arrayvoltage":[14.844000000000001,16.452,17.487000000000002],"chargecurrent":[9.385,3.923,10.864],"ledstate":[8.0,8.0,8.0],"loadpower":[22.530441999999997,22.723401999999997,21.481326],"batterytemp":[45.0,40.0,49.0],"triggerrate":[0.0,0.0,16.8],"triggersremaining":[11706.0,11706.0,12455.0],"crcerrors":[0.0,0.0,2.0]}