{"datalatency":[28.840568],"sensoruptime":[26.6475,25.647777777777776,26.6475],"battvoltage":[13.29,13.144,12.064],"arrayvoltage":[15.912,15.725999999999999,20.032],"chargecurrent":[7.269,8.46,11.282],"chargestate":[5.0,5.0,7.0],"loadpower":[23.552960000000002,26.71232,22.619726999999994],"batterytemp":[43.0,41.0,47.0],"triggerrate":[null,null,null],"triggersremaining":[22487.0,22487.0,22493.0],"crcerrors":[null,null,0.0]}