{"datalatency":[17.175072],"sensoruptime":[170.21138888888888,169.21166666666667,170.21138888888888],"battvoltage":[12.469000000000001,12.054,11.795],"arrayvoltage":[15.770999999999999,16.214000000000002,17.245],"chargecurrent":[6.274,2.64,12.144],"ledstate":[8.0,8.0,8.0],"loadpower":[22.394150999999997,22.807785000000003,21.472317999999998],"batterytemp":[41.0,36.0,51.0],"triggerrate":[0.0,0.0,8.4],"triggersremaining":[12701.0,12701.0,12944.0],"crcerrors":[0.0,0.0,2.0]}