{"datalatency":[14.452471000000001],"sensoruptime":[89.39055555555555,88.39083333333333,89.39055555555555],"battvoltage":[12.167,12.177,11.984000000000002],"arrayvoltage":[0.107,0.18899999999999997,17.337],"chargecurrent":[0.002,0.002,9.687000000000001],"ledstate":[8.0,8.0,8.0],"loadpower":[23.491936,23.914424000000004,21.70458],"batterytemp":[29.0,29.0,58.0],"triggerrate":[0.0,0.0,4.800000000000001],"triggersremaining":[13087.0,13087.0,13104.0],"crcerrors":[0.0,0.0,2.0]}