{"datalatency":[14.902155],"sensoruptime":[1.2277777777777779,0.23055555555555557,null],"battvoltage":[11.707,11.783,11.328],"arrayvoltage":[7.059,13.382,19.949],"chargecurrent":[0.002,0.215,9.745],"ledstate":[10.0,10.0,10.0],"loadpower":[23.621004,24.47391,5.908896],"batterytemp":[33.0,41.0,51.0],"triggerrate":[0.0,0.0,null],"triggersremaining":[14568.0,14568.0,null],"crcerrors":[0.0,0.0,0.0]}