{"datalatency":[71.484125],"sensoruptime":[157.33444444444444,156.3347222222222,157.33444444444444],"battvoltage":[12.244000000000002,12.253,12.228],"arrayvoltage":[0.0,0.0,18.066],"chargecurrent":[0.002,0.005,9.651],"ledstate":[6.0,6.0,6.0],"loadpower":[23.260824,23.710817,22.10415],"batterytemp":[30.0,31.0,55.0],"triggerrate":[0.0,0.0,1.6],"triggersremaining":[6175.0,6175.0,6258.0],"crcerrors":[0.0,0.0,0.0]}