{"datalatency":[7.807354],"sensoruptime":[25.726944444444445,24.74361111111111,25.726944444444445],"battvoltage":[11.63,11.645999999999999,11.63],"arrayvoltage":[1.022,1.215,34.238],"chargecurrent":[0.0,0.0,1.4709999999999999],"chargestate":[3.0,3.0,5.0],"loadpower":[14.115870000000001,14.336612,13.408536],"batterytemp":[17.0,17.0,20.0],"triggerrate":[0.0,0.0,0.8],"triggersremaining":[18578.0,18578.0,18685.0],"crcerrors":[0.0,0.0,3.0]}