{"datalatency":[7.892847000000001],"sensoruptime":[26.254166666666666,25.270833333333332,26.254166666666666],"battvoltage":[14.297,14.297,12.07],"arrayvoltage":[41.431000000000004,41.04600000000001,42.638999999999996],"chargecurrent":[2.4130000000000003,2.747,7.474],"chargestate":[6.0,6.0,7.0],"loadpower":[12.916157999999998,13.398209999999999,8.72505],"batterytemp":[25.0,25.0,28.0],"triggerrate":[0.0,0.0,1.4],"triggersremaining":[22256.0,22256.0,22380.0],"crcerrors":[0.0,0.0,0.0]}