{"datalatency":[8.015916],"sensoruptime":[3.171388888888889,2.171666666666667,62.22694444444444],"battvoltage":[14.215,14.297,11.319],"arrayvoltage":[42.148,42.471000000000004,42.471000000000004],"chargecurrent":[2.7880000000000003,3.3360000000000003,5.981],"chargestate":[6.0,6.0,6.0],"loadpower":[12.294328,11.228976,0.0],"batterytemp":[28.0,25.0,34.0],"triggerrate":[0.0,0.0,0.5],"triggersremaining":[18401.0,18401.0,18411.0],"crcerrors":[0.0,0.0,0.0]}