{"datalatency":[38.144871],"sensoruptime":[0.03277777777777778,null,1.2],"battvoltage":[11.475,12.491,10.526],"arrayvoltage":[32.428000000000004,13.065,43.533],"chargecurrent":[0.29,0.0,3.411],"chargestate":[5.0,5.0,7.0],"loadpower":[13.826079000000002,0.0,0.0],"batterytemp":[0.0,-1.0,19.0],"triggerrate":[0.0,null,0.0],"triggersremaining":[0.0,null,0.0],"crcerrors":[0.0,0.0,0.0]}