{"datalatency":[19.911710000000003],"sensoruptime":[285.65944444444443,284.65972222222223,285.65944444444443],"battvoltage":[13.015999999999998,12.878,11.945],"arrayvoltage":[14.749,15.036,17.151],"chargecurrent":[8.131,7.305,9.39],"ledstate":[8.0,8.0,8.0],"loadpower":[22.754641999999997,22.630611,21.841950000000004],"batterytemp":[50.0,46.0,58.0],"triggerrate":[0.0,0.0,0.8],"triggersremaining":[3275.0,3275.0,3314.0],"crcerrors":[0.0,0.0,0.0]}