{"datalatency":[25.747850000000003],"sensoruptime":[0.19166666666666668,null,null],"battvoltage":[14.359000000000002,14.545,12.491],"arrayvoltage":[41.605,40.414,43.881],"chargecurrent":[2.563,1.16,3.073],"chargestate":[6.0,6.0,8.0],"loadpower":[11.422886,0.0,0.0],"batterytemp":[23.0,17.0,24.0],"triggerrate":[0.0,null,null],"triggersremaining":[19695.0,null,null],"crcerrors":[0.0,0.0,0.0]}