{"datalatency":[15.055364],"sensoruptime":[109.55444444444444,108.55444444444444,109.55444444444444],"battvoltage":[12.253,12.292,12.057],"arrayvoltage":[0.021,0.308,17.825],"chargecurrent":[0.005,0.005,10.327],"ledstate":[6.0,6.0,8.0],"loadpower":[23.208935999999998,23.686335,21.192338],"batterytemp":[32.0,33.0,54.0],"triggerrate":[0.0,0.0,1.2000000000000002],"triggersremaining":[13080.0,13080.0,13088.0],"crcerrors":[0.0,0.0,2.0]}