{"datalatency":[53.40355400000001],"sensoruptime":[40.150555555555556,39.150555555555556,40.150555555555556],"battvoltage":[12.405,12.424000000000001,12.308],"arrayvoltage":[0.0,0.046,18.448],"chargecurrent":[0.005,0.002,9.011000000000001],"ledstate":[6.0,6.0,6.0],"loadpower":[23.199719999999996,23.286447,21.981199999999998],"batterytemp":[30.0,30.0,53.0],"triggerrate":[0.0,0.0,0.2],"triggersremaining":[7048.0,7049.0,7055.0],"crcerrors":[0.0,0.0,0.0]}