{"datalatency":[7.571122000000001],"sensoruptime":[15.061666666666667,14.078333333333333,227.69416666666666],"battvoltage":[11.812999999999999,11.838,11.755],"arrayvoltage":[32.224000000000004,32.382,36.472],"chargecurrent":[1.218,1.169,3.503],"chargestate":[5.0,5.0,5.0],"loadpower":[13.847553999999999,13.854526,9.995777999999998],"batterytemp":[20.0,20.0,20.0],"triggerrate":[0.6,0.0,24.0],"triggersremaining":[18588.0,18601.0,20271.0],"crcerrors":[2.0,0.0,3.0]}