{"datalatency":[19.28696],"sensoruptime":[208.01,207.01,208.01],"battvoltage":[12.067,12.036,12.03],"arrayvoltage":[14.453,12.579,17.969],"chargecurrent":[0.428,0.005,8.96],"ledstate":[8.0,8.0,8.0],"loadpower":[23.99985,23.795772,21.987524],"batterytemp":[31.0,30.0,57.0],"triggerrate":[0.2,0.0,2.4],"triggersremaining":[5631.0,5632.0,5812.0],"crcerrors":[0.0,0.0,0.0]}