{"datalatency":[10.092874],"sensoruptime":[null,null,null],"battvoltage":[12.732000000000001,13.437000000000001,10.595999999999998],"arrayvoltage":[13.239,29.584,43.347],"chargecurrent":[0.0,0.254,2.597],"chargestate":[5.0,7.0,7.0],"loadpower":[0.0,0.0,0.0],"batterytemp":[11.0,14.0,20.0],"triggerrate":[null,null,null],"triggersremaining":[null,null,null],"crcerrors":[0.0,null,1.0]}