{"datalatency":[9.402626],"sensoruptime":[7.338333333333333,6.338611111111111,7.338333333333333],"battvoltage":[13.589,13.687000000000001,11.285],"arrayvoltage":[18.866,19.519000000000002,19.965],"chargecurrent":[2.8510000000000004,3.1189999999999998,7.916],"ledstate":[5.0,5.0,11.0],"loadpower":[25.950885,25.833368000000004,0.0],"batterytemp":[48.0,45.0,51.0],"triggerrate":[0.0,0.0,1.2000000000000002],"triggersremaining":[14566.0,14566.0,14569.0],"crcerrors":[0.0,0.0,0.0]}