{"datalatency":[12.362871],"sensoruptime":[27.279444444444444,26.279444444444444,27.279444444444444],"battvoltage":[11.758,12.106,11.682],"arrayvoltage":[16.016,16.986,17.526],"chargecurrent":[0.746,3.2319999999999998,10.419],"chargestate":[5.0,5.0,6.0],"loadpower":[22.629631000000003,22.519944000000002,21.71104],"batterytemp":[32.0,32.0,49.0],"triggerrate":[1.2000000000000002,0.0,8.4],"triggersremaining":[21142.0,21155.0,21431.0],"crcerrors":[0.0,0.0,0.0]}