{"datalatency":[47.448567000000004],"sensoruptime":[null,null,null],"battvoltage":[13.140999999999998,13.834000000000001,12.28],"arrayvoltage":[29.428,31.439,44.098],"chargecurrent":[0.36,1.208,4.486000000000001],"chargestate":[5.0,5.0,8.0],"loadpower":[0.0,0.0,0.0],"batterytemp":[18.0,21.0,24.0],"triggerrate":[null,null,null],"triggersremaining":[null,null,null],"crcerrors":[null,null,null]}