{"datalatency":[8.107313000000001],"sensoruptime":[94.9113888888889,93.92833333333333,94.9113888888889],"battvoltage":[11.877,11.877,11.815999999999999],"arrayvoltage":[29.15,32.224000000000004,35.016],"chargecurrent":[0.345,0.976,2.174],"chargestate":[5.0,5.0,5.0],"loadpower":[13.766214,13.063596,12.913230000000002],"batterytemp":[14.0,16.0,20.0],"triggerrate":[0.0,0.0,4.4],"triggersremaining":[21955.0,21956.0,22113.0],"crcerrors":[0.0,0.0,0.0]}