{"datalatency":[7.939387000000001],"sensoruptime":[37.25277777777778,36.269444444444446,37.25277777777778],"battvoltage":[12.283,12.32,12.07],"arrayvoltage":[0.616,0.604,41.821000000000005],"chargecurrent":[0.0,0.0,7.474],"chargestate":[3.0,3.0,6.0],"loadpower":[14.194075999999999,13.501876,8.72505],"batterytemp":[3.0,3.0,28.0],"triggerrate":[0.0,0.0,1.4],"triggersremaining":[22236.0,22240.0,22328.0],"crcerrors":[0.0,0.0,0.0]}