{"datalatency":[22.900854000000002],"sensoruptime":[1.883888888888889,0.8869444444444444,57.48722222222222],"battvoltage":[12.997,12.329,11.639000000000001],"arrayvoltage":[16.165,15.479000000000001,17.78],"chargecurrent":[10.366,2.295,12.284],"ledstate":[8.0,8.0,10.0],"loadpower":[23.937082,24.341072000000004,6.942914999999999],"batterytemp":[46.0,45.0,48.0],"triggerrate":[0.0,0.0,7.200004464002768],"triggersremaining":[22178.0,22178.0,22370.0],"crcerrors":[null,null,0.0]}