{"datalatency":[21.220331],"sensoruptime":[8.019722222222223,7.019722222222223,31.89388888888889],"battvoltage":[12.1,12.115,12.073],"arrayvoltage":[14.011,12.880999999999998,18.692],"chargecurrent":[0.23399999999999999,0.039,11.344000000000001],"ledstate":[6.0,6.0,8.0],"loadpower":[24.877104000000003,24.913368,7.371546],"batterytemp":[24.0,23.0,48.0],"triggerrate":[0.0,0.0,16.800115584795222],"triggersremaining":[22433.0,22433.0,22488.0],"crcerrors":[null,null,0.0]}