{"datalatency":[8.039464],"sensoruptime":[27.420555555555556,26.4375,27.420555555555556],"battvoltage":[12.759,14.290999999999999,12.07],"arrayvoltage":[36.23,41.17100000000001,41.821000000000005],"chargecurrent":[0.701,2.302,7.474],"chargestate":[5.0,6.0,7.0],"loadpower":[13.943748000000001,13.406679,8.72505],"batterytemp":[18.0,25.0,28.0],"triggerrate":[0.0,0.0,1.4],"triggersremaining":[22255.0,22256.0,22380.0],"crcerrors":[0.0,0.0,0.0]}