{"datalatency":[76.76029100000001],"sensoruptime":[23.32,22.32027777777778,null],"battvoltage":[12.405,12.36,12.308],"arrayvoltage":[15.729000000000001,14.937999999999999,19.229],"chargecurrent":[1.317,0.519,8.175],"ledstate":[6.0,6.0,6.0],"loadpower":[23.727744,23.77181,6.0236],"batterytemp":[34.0,32.0,54.0],"triggerrate":[0.0,0.0,null],"triggersremaining":[7053.0,7053.0,null],"crcerrors":[0.0,0.0,0.0]}