{"datalatency":[8.121481000000001],"sensoruptime":[113.9088888888889,112.9088888888889,113.9088888888889],"battvoltage":[11.49,11.495999999999999,11.49],"arrayvoltage":[12.036,0.9059999999999999,34.863],"chargecurrent":[0.0,0.0,1.423],"chargestate":[3.0,3.0,5.0],"loadpower":[14.14781,14.14781,12.790060000000002],"batterytemp":[14.0,14.0,16.0],"triggerrate":[0.0,0.0,0.6],"triggersremaining":[21930.0,21932.0,21966.0],"crcerrors":[0.0,0.0,0.0]}