{"datalatency":[11.290545],"sensoruptime":[9.402777777777779,8.403055555555556,10.618611111111111],"battvoltage":[12.375,12.299000000000001,11.264000000000001],"arrayvoltage":[16.168,14.937999999999999,19.733],"chargecurrent":[2.0269999999999997,0.679,9.152999999999999],"ledstate":[6.0,6.0,11.0],"loadpower":[26.070849999999997,27.494919999999997,0.0],"batterytemp":[35.0,36.0,53.0],"triggerrate":[0.0,1.2000000000000002,20.400000000000002],"triggersremaining":[13562.0,13645.0,14551.0],"crcerrors":[12.0,0.0,2.0]}