{"datalatency":[13.775148000000002],"sensoruptime":[null,null,18.859444444444446],"battvoltage":[11.987,11.987,11.456],"arrayvoltage":[12.784,0.0,17.825],"chargecurrent":[0.043,0.002,11.344000000000001],"chargestate":[5.0,3.0,6.0],"loadpower":[7.867575,8.478299999999999,0.0],"batterytemp":[25.0,25.0,47.0],"triggerrate":[null,null,1.2000000000000002],"triggersremaining":[null,null,22150.0],"crcerrors":[null,null,0.0]}