{"datalatency":[15.888458000000002],"sensoruptime":[416.84472222222223,415.845,416.84472222222223],"battvoltage":[12.717,13.015999999999998,12.020999999999999],"arrayvoltage":[14.499,14.844000000000001,18.317],"chargecurrent":[3.822,6.511,9.984],"ledstate":[6.0,6.0,8.0],"loadpower":[23.310742,23.146095,20.983984000000003],"batterytemp":[56.0,53.0,57.0],"triggerrate":[0.0,0.0,1.2000000000000002],"triggersremaining":[12596.0,12597.0,12602.0],"crcerrors":[0.0,0.0,2.0]}