{"datalatency":[12.520272],"sensoruptime":[38.231944444444444,37.23222222222222,38.231944444444444],"battvoltage":[12.216,12.238,12.033],"arrayvoltage":[0.214,0.128,17.526],"chargecurrent":[0.005,0.005,10.985],"ledstate":[6.0,6.0,8.0],"loadpower":[23.553720000000002,23.114376000000004,21.514706],"batterytemp":[30.0,31.0,50.0],"triggerrate":[0.0,0.0,1.2000000000000002],"triggersremaining":[13504.0,13505.0,13516.0],"crcerrors":[0.0,0.0,2.0]}