{"datalatency":[8.352061],"sensoruptime":[null,null,null],"battvoltage":[12.72,12.729000000000001,12.530999999999999],"arrayvoltage":[0.9159999999999999,0.946,40.985],"chargecurrent":[0.002,0.002,1.911],"chargestate":[3.0,3.0,6.0],"loadpower":[0.0,0.0,0.0],"batterytemp":[21.0,20.0,26.0],"triggerrate":[null,null,null],"triggersremaining":[null,null,null],"crcerrors":[null,null,null]}