{"datalatency":[7.5522990000000005],"sensoruptime":[3.397222222222222,2.397222222222222,227.69416666666666],"battvoltage":[11.954,11.984000000000002,11.954],"arrayvoltage":[1.028,1.016,36.472],"chargecurrent":[0.0,0.0,3.503],"chargestate":[3.0,3.0,5.0],"loadpower":[13.854526,14.247932999999998,9.995777999999998],"batterytemp":[15.0,15.0,18.0],"triggerrate":[0.0,0.0,24.0],"triggersremaining":[18672.0,18677.0,20334.0],"crcerrors":[2.0,0.0,3.0]}