{"datalatency":[8.114004000000001],"sensoruptime":[46.75138888888889,45.768055555555556,46.75138888888889],"battvoltage":[14.175,14.175,12.115],"arrayvoltage":[41.519,40.952,41.931000000000004],"chargecurrent":[3.573,4.237,7.356],"chargestate":[6.0,6.0,6.0],"loadpower":[10.407292,8.875646,8.875646],"batterytemp":[29.0,29.0,30.0],"triggerrate":[0.0,0.0,0.6],"triggersremaining":[22214.0,22215.0,22257.0],"crcerrors":[0.0,0.0,0.0]}