{"datalatency":[20.105475000000002],"sensoruptime":[288.1591666666667,287.17583333333334,288.1591666666667],"battvoltage":[12.445,12.445,11.945],"arrayvoltage":[15.091,14.892999999999999,17.151],"chargecurrent":[1.263,1.406,10.847000000000001],"ledstate":[6.0,6.0,8.0],"loadpower":[25.058645999999996,24.674462999999996,21.841950000000004],"batterytemp":[52.0,51.0,58.0],"triggerrate":[0.0,0.0,0.6],"triggersremaining":[3274.0,3275.0,3294.0],"crcerrors":[0.0,0.0,0.0]}