{"datalatency":[38.017058000000006],"sensoruptime":[null,0.008055555555555555,1.1758333333333333],"battvoltage":[11.151,11.425999999999998,10.26],"arrayvoltage":[26.416,29.688000000000002,34.711],"chargecurrent":[0.17600000000000002,0.225,1.672],"chargestate":[5.0,5.0,7.0],"loadpower":[14.799743999999999,14.103386,0.0],"batterytemp":[18.0,19.0,20.0],"triggerrate":[0.0,0.0,0.0],"triggersremaining":[null,0.0,0.0],"crcerrors":[0.0,0.0,0.0]}