{"datalatency":[25.281101000000003],"sensoruptime":[4.214166666666666,3.214166666666667,57.48722222222222],"battvoltage":[12.436,12.177,11.639000000000001],"arrayvoltage":[17.038,16.84,17.78],"chargecurrent":[3.194,1.36,12.284],"ledstate":[8.0,8.0,10.0],"loadpower":[23.057423999999997,23.734496,6.942914999999999],"batterytemp":[35.0,38.0,48.0],"triggerrate":[0.0,0.0,7.200004464002768],"triggersremaining":[22175.0,22178.0,22327.0],"crcerrors":[null,null,0.0]}