{"datalatency":[8.078751],"sensoruptime":[6.9511111111111115,5.951388888888889,114.10888888888888],"battvoltage":[11.761,11.786,11.469000000000001],"arrayvoltage":[0.6679999999999999,0.7140000000000001,35.4],"chargecurrent":[0.0,0.0,6.643],"chargestate":[3.0,3.0,5.0],"loadpower":[13.658376000000004,13.701444,0.0],"batterytemp":[18.0,18.0,27.0],"triggerrate":[0.0,0.6,0.8],"triggersremaining":[21902.0,21907.0,21946.0],"crcerrors":[0.0,0.0,0.0]}