{"datalatency":[8.168059000000001],"sensoruptime":[null,null,114.10888888888888],"battvoltage":[11.856,11.685,11.469000000000001],"arrayvoltage":[31.936999999999998,23.337,34.863],"chargecurrent":[0.534,0.028999999999999998,1.423],"chargestate":[5.0,5.0,5.0],"loadpower":[0.0,0.0,0.0],"batterytemp":[16.0,15.0,16.0],"triggerrate":[null,null,0.6],"triggersremaining":[null,null,21963.0],"crcerrors":[0.0,null,0.0]}