{"datalatency":[15.427227],"sensoruptime":[397.01444444444445,396.01444444444445,397.01444444444445],"battvoltage":[12.225,12.253,12.027000000000001],"arrayvoltage":[0.107,10.937999999999999,18.365],"chargecurrent":[0.002,0.0,10.873],"ledstate":[6.0,6.0,8.0],"loadpower":[24.054084,24.041324,21.895564000000004],"batterytemp":[31.0,35.0,52.0],"triggerrate":[0.0,0.0,1.2000000000000002],"triggersremaining":[12601.0,12601.0,12609.0],"crcerrors":[0.0,0.0,2.0]}