{"datalatency":[24.109089],"sensoruptime":[28.15,27.153055555555557,28.15],"battvoltage":[12.905999999999999,13.547,12.064],"arrayvoltage":[14.603,14.937999999999999,19.925],"chargecurrent":[2.082,9.649,11.344000000000001],"chargestate":[5.0,5.0,7.0],"loadpower":[24.583962999999997,25.24837,22.619726999999994],"batterytemp":[46.0,45.0,47.0],"triggerrate":[null,null,null],"triggersremaining":[22486.0,22487.0,22492.0],"crcerrors":[null,null,0.0]}