{"datalatency":[10.187423],"sensoruptime":[null,null,null],"battvoltage":[14.85,13.025,12.72],"arrayvoltage":[36.719,27.969,44.955],"chargecurrent":[0.17600000000000002,0.17600000000000002,0.606],"chargestate":[6.0,5.0,7.0],"loadpower":[0.0,0.0,0.0],"batterytemp":[7.0,5.0,14.0],"triggerrate":[null,null,null],"triggersremaining":[null,null,null],"crcerrors":[null,null,null]}