{"datalatency":[8.351436],"sensoruptime":[null,null,null],"battvoltage":[12.402000000000001,12.357000000000001,11.307],"arrayvoltage":[26.980999999999998,22.136999999999997,39.163000000000004],"chargecurrent":[0.391,0.017,3.0660000000000003],"chargestate":[5.0,5.0,6.0],"loadpower":[13.337568,13.985752000000002,0.0],"batterytemp":[20.0,20.0,27.0],"triggerrate":[null,null,null],"triggersremaining":[null,null,null],"crcerrors":[4.0,null,4.0]}