{"datalatency":[7.664366],"sensoruptime":[201.73333333333332,200.73333333333332,201.73333333333332],"battvoltage":[12.567,12.604000000000001,12.106],"arrayvoltage":[0.65,3.299,41.711000000000006],"chargecurrent":[0.0,0.0,9.777000000000001],"chargestate":[3.0,3.0,6.0],"loadpower":[13.690404000000003,13.729716000000002,9.02565],"batterytemp":[13.0,15.0,34.0],"triggerrate":[0.0,0.0,0.4],"triggersremaining":[20349.0,20349.0,20364.0],"crcerrors":[0.0,0.0,0.0]}