{"datalatency":[19.851015],"sensoruptime":[262.49611111111113,261.4963888888889,262.49611111111113],"battvoltage":[12.589,12.9,11.874],"arrayvoltage":[14.212,14.502,17.432000000000002],"chargecurrent":[8.262,8.003,9.992],"ledstate":[8.0,8.0,8.0],"loadpower":[23.360634,23.418059999999997,22.057204000000002],"batterytemp":[55.0,51.0,55.0],"triggerrate":[0.0,0.0,8.0],"triggersremaining":[3310.0,3314.0,4039.0],"crcerrors":[0.0,0.0,0.0]}