{"datalatency":[6.660254],"sensoruptime":[50.111666666666665,49.11194444444445,50.111666666666665],"battvoltage":[11.722000000000001,11.536,11.499],"arrayvoltage":[16.989,16.119,17.334],"chargecurrent":[2.251,0.435,11.398],"chargestate":[5.0,5.0,6.0],"loadpower":[23.53839,22.584036,21.727188],"batterytemp":[29.0,28.0,52.0],"triggerrate":[0.0,0.0,6.0],"triggersremaining":[20759.0,20759.0,21155.0],"crcerrors":[0.0,0.0,1.0]}