{"datalatency":[12.655056],"sensoruptime":[null,null,12.61],"battvoltage":[13.12,13.568,11.31],"arrayvoltage":[17.084,17.239,19.949],"chargecurrent":[2.367,4.561,12.057],"ledstate":[6.0,5.0,11.0],"loadpower":[8.64666,6.887040000000001,0.0],"batterytemp":[48.0,49.0,50.0],"triggerrate":[null,null,2.4000000000000004],"triggersremaining":[null,null,14619.0],"crcerrors":[null,null,0.0]}