{"datalatency":[10.358664000000001],"sensoruptime":[null,null,null],"battvoltage":[13.843,14.575,12.759],"arrayvoltage":[40.643,41.394,44.855],"chargecurrent":[0.17600000000000002,0.297,0.609],"chargestate":[7.0,6.0,7.0],"loadpower":[0.0,0.0,0.0],"batterytemp":[20.0,16.0,25.0],"triggerrate":[null,null,null],"triggersremaining":[null,null,null],"crcerrors":[null,null,null]}