{"datalatency":[8.218671],"sensoruptime":[86.57916666666667,85.57944444444445,86.57916666666667],"battvoltage":[11.954,11.975,11.954],"arrayvoltage":[0.754,0.769,35.016],"chargecurrent":[0.0,0.0,2.8360000000000003],"chargestate":[3.0,3.0,5.0],"loadpower":[13.878372000000002,13.871955999999997,13.31694],"batterytemp":[11.0,11.0,20.0],"triggerrate":[0.0,0.0,4.4],"triggersremaining":[21974.0,21977.0,22175.0],"crcerrors":[0.0,0.0,0.0]}