{"datalatency":[8.639861],"sensoruptime":[71.58611111111111,70.60305555555556,71.58611111111111],"battvoltage":[12.262,12.222000000000001,12.183],"arrayvoltage":[32.91,25.241,40.146],"chargecurrent":[0.48100000000000004,0.085,10.228],"chargestate":[5.0,5.0,6.0],"loadpower":[14.166308000000003,13.984224000000001,8.80245],"batterytemp":[19.0,16.0,34.0],"triggerrate":[0.0,0.0,0.2],"triggersremaining":[21641.0,21641.0,21648.0],"crcerrors":[0.0,0.0,0.0]}