{"datalatency":[10.300864],"sensoruptime":[0.009166666666666667,0.007222222222222222,0.018333333333333333],"battvoltage":[14.658,13.66,10.595999999999998],"arrayvoltage":[42.596000000000004,37.491,44.098],"chargecurrent":[1.795,1.8840000000000001,2.597],"chargestate":[6.0,5.0,7.0],"loadpower":[14.998655,14.021440000000002,0.0],"batterytemp":[13.0,6.0,16.0],"triggerrate":[null,0.0,null],"triggersremaining":[0.0,0.0,0.0],"crcerrors":[0.0,0.0,1.0]}