{"datalatency":[10.346236000000001],"sensoruptime":[null,null,null],"battvoltage":[14.749,12.958,12.759],"arrayvoltage":[42.803999999999995,29.144000000000002,44.855],"chargecurrent":[0.312,0.22899999999999998,0.609],"chargestate":[6.0,5.0,7.0],"loadpower":[0.0,0.0,0.0],"batterytemp":[10.0,5.0,25.0],"triggerrate":[null,null,null],"triggersremaining":[null,null,null],"crcerrors":[null,null,null]}