{"datalatency":[10.149889],"sensoruptime":[9.173333333333334,8.176388888888889,14.684444444444445],"battvoltage":[11.981,13.565,11.425999999999998],"arrayvoltage":[17.331,18.768,19.305],"chargecurrent":[0.51,2.66,7.371],"ledstate":[8.0,5.0,11.0],"loadpower":[26.119148000000003,25.468211999999998,0.0],"batterytemp":[47.0,49.0,49.0],"triggerrate":[0.0,0.0,1.2000000000000002],"triggersremaining":[14562.0,14562.0,14565.0],"crcerrors":[0.0,0.0,0.0]}