{"datalatency":[6.807337],"sensoruptime":[null,null,61.55722222222222],"battvoltage":[12.18,12.216,11.499],"arrayvoltage":[0.021,0.018000000000000002,18.410999999999998],"chargecurrent":[0.005,0.005,12.030999999999999],"ledstate":[8.0,8.0,10.0],"loadpower":[8.113388000000002,7.725132,7.238484],"batterytemp":[27.0,28.0,56.0],"triggerrate":[null,null,1.2000000000000002],"triggersremaining":[null,null,20761.0],"crcerrors":[0.0,null,1.0]}