{"datalatency":[10.123441000000001],"sensoruptime":[null,null,null],"battvoltage":[13.196,14.117,12.567],"arrayvoltage":[27.423000000000002,35.419000000000004,41.843],"chargecurrent":[0.172,0.483,0.611],"chargestate":[5.0,7.0,7.0],"loadpower":[0.0,0.0,0.0],"batterytemp":[10.0,11.0,14.0],"triggerrate":[null,null,null],"triggersremaining":[null,null,null],"crcerrors":[null,null,null]}