{"datalatency":[8.107079],"sensoruptime":[null,11.170277777777779,62.22694444444444],"battvoltage":[12.564,11.514000000000001,11.319],"arrayvoltage":[0.848,0.797,42.471000000000004],"chargecurrent":[0.002,0.0,5.733],"chargestate":[3.0,3.0,6.0],"loadpower":[0.0,14.167553999999999,0.0],"batterytemp":[11.0,12.0,28.0],"triggerrate":[null,0.0,0.5],"triggersremaining":[null,18392.0,18409.0],"crcerrors":[0.0,0.0,0.0]}