{"datalatency":[18.896092],"sensoruptime":[255.83055555555555,254.83055555555555,255.83055555555555],"battvoltage":[11.884,11.892999999999999,11.874],"arrayvoltage":[12.869000000000002,7.7,16.653],"chargecurrent":[0.10099999999999999,0.012,9.992],"ledstate":[8.0,8.0,8.0],"loadpower":[23.777295000000002,23.860308000000003,21.95131],"batterytemp":[29.0,28.0,50.0],"triggerrate":[0.0,0.0,8.0],"triggersremaining":[3317.0,3318.0,4163.0],"crcerrors":[0.0,0.0,0.0]}