{"datalatency":[18.34328],"sensoruptime":[74.69666666666667,73.69666666666667,74.69666666666667],"battvoltage":[13.280999999999999,13.321,12.216],"arrayvoltage":[16.945999999999998,17.48,17.965999999999998],"chargecurrent":[4.085,4.489,8.001],"ledstate":[5.0,5.0,6.0],"loadpower":[23.053411999999998,23.010448000000004,21.730287],"batterytemp":[58.0,57.0,58.0],"triggerrate":[0.2,0.0,0.6],"triggersremaining":[6307.0,6309.0,6320.0],"crcerrors":[0.0,0.0,0.0]}