{"datalatency":[8.307472],"sensoruptime":[108.74305555555556,107.75972222222222,108.74305555555556],"battvoltage":[11.594000000000001,11.609000000000002,11.594000000000001],"arrayvoltage":[0.848,0.912,34.863],"chargecurrent":[0.0,0.0,1.423],"chargestate":[3.0,3.0,5.0],"loadpower":[14.070915000000001,14.267792,12.790060000000002],"batterytemp":[14.0,14.0,16.0],"triggerrate":[0.0,0.0,0.6],"triggersremaining":[21935.0,21937.0,21982.0],"crcerrors":[0.0,0.0,0.0]}