{"datalatency":[7.989782000000001],"sensoruptime":[17.58861111111111,16.58888888888889,null],"battvoltage":[12.145999999999999,12.167,12.145999999999999],"arrayvoltage":[12.195,0.687,44.162],"chargecurrent":[0.0,0.0,2.483],"chargestate":[3.0,3.0,7.0],"loadpower":[14.07763,14.039024999999999,0.0],"batterytemp":[0.0,0.0,19.0],"triggerrate":[0.0,0.4,null],"triggersremaining":[22271.0,22276.0,null],"crcerrors":[0.0,0.0,0.0]}