{"datalatency":[19.764592],"sensoruptime":[269.4952777777778,268.51194444444445,269.4952777777778],"battvoltage":[12.183,12.219000000000001,11.874],"arrayvoltage":[4.181,13.3,17.432000000000002],"chargecurrent":[0.002,0.18100000000000002,9.39],"ledstate":[8.0,8.0,8.0],"loadpower":[23.975244,24.261552000000005,22.057204000000002],"batterytemp":[37.0,44.0,58.0],"triggerrate":[0.0,0.0,2.4],"triggersremaining":[3279.0,3283.0,3469.0],"crcerrors":[0.0,0.0,0.0]}