{"datalatency":[7.631882],"sensoruptime":[199.40027777777777,198.40055555555554,199.40027777777777],"battvoltage":[13.248,14.331,12.106],"arrayvoltage":[35.104,34.659,41.711000000000006],"chargecurrent":[1.6840000000000002,2.438,9.777000000000001],"chargestate":[5.0,6.0,6.0],"loadpower":[13.792526,14.683790000000002,9.02565],"batterytemp":[24.0,24.0,34.0],"triggerrate":[0.0,0.0,0.4],"triggersremaining":[20351.0,20351.0,20368.0],"crcerrors":[0.0,0.0,0.0]}