{"datalatency":[8.740122000000001],"sensoruptime":[111.58083333333333,110.5975,111.58083333333333],"battvoltage":[12.32,12.341,12.03],"arrayvoltage":[1.0590000000000002,1.083,41.65],"chargecurrent":[0.0,0.0,11.832],"chargestate":[3.0,3.0,6.0],"loadpower":[14.301896,14.305382,8.207364000000002],"batterytemp":[21.0,21.0,32.0],"triggerrate":[0.0,0.0,0.6],"triggersremaining":[21487.0,21492.0,21577.0],"crcerrors":[0.0,0.0,0.0]}