{"datalatency":[7.554577],"sensoruptime":[13.72861111111111,12.745555555555555,227.69416666666666],"battvoltage":[11.800999999999998,11.815999999999999,11.755],"arrayvoltage":[32.034,33.691,36.472],"chargecurrent":[1.022,0.693,3.503],"chargestate":[5.0,5.0,5.0],"loadpower":[13.836468000000002,13.766214,9.995777999999998],"batterytemp":[19.0,18.0,19.0],"triggerrate":[0.2,0.0,24.0],"triggersremaining":[18605.0,18611.0,20288.0],"crcerrors":[2.0,0.0,3.0]}