{"datalatency":[30.152451000000003],"sensoruptime":[4.151388888888889,3.151666666666667,null],"battvoltage":[13.092,13.739,12.530999999999999],"arrayvoltage":[19.217,19.186,20.032],"chargecurrent":[2.674,4.16,6.841],"chargestate":[7.0,6.0,7.0],"loadpower":[24.25998,23.416610000000006,11.041264],"batterytemp":[45.0,43.0,45.0],"triggerrate":[null,null,null],"triggersremaining":[22492.0,22493.0,null],"crcerrors":[null,null,0.0]}