{"datalatency":[32.316885],"sensoruptime":[null,null,null],"battvoltage":[12.454,12.454,12.392999999999999],"arrayvoltage":[0.0,0.0,18.924],"chargecurrent":[0.005,0.005,5.16],"chargestate":[3.0,3.0,5.0],"loadpower":[11.749184999999999,11.749184999999999,4.0982199999999995],"batterytemp":[24.0,24.0,38.0],"triggerrate":[null,null,null],"triggersremaining":[null,null,null],"crcerrors":[null,null,null]}