{"datalatency":[7.320404000000001],"sensoruptime":[180.73638888888888,179.75305555555556,180.73638888888888],"battvoltage":[12.450999999999999,12.491,12.183],"arrayvoltage":[0.629,0.644,43.121],"chargecurrent":[0.0,0.0,10.794],"chargestate":[3.0,3.0,6.0],"loadpower":[13.563732,13.631240000000002,8.98432],"batterytemp":[8.0,9.0,29.0],"triggerrate":[0.0,0.0,0.6],"triggersremaining":[20363.0,20364.0,20395.0],"crcerrors":[0.0,0.0,0.0]}