{"datalatency":[21.348305],"sensoruptime":[55.030277777777776,54.030277777777776,55.030277777777776],"battvoltage":[12.186,12.219000000000001,11.572000000000001],"arrayvoltage":[16.016,16.653,16.992],"chargecurrent":[3.3169999999999997,4.155,11.668],"ledstate":[8.0,8.0,10.0],"loadpower":[23.256762000000002,23.3464,22.068414],"batterytemp":[42.0,39.0,46.0],"triggerrate":[0.0,0.0,16.8],"triggersremaining":[38.0,38.0,665.0],"crcerrors":[0.0,0.0,2.0]}