{"datalatency":[8.784811000000001],"sensoruptime":[117.74666666666667,116.76333333333334,117.74666666666667],"battvoltage":[12.183,12.189,12.03],"arrayvoltage":[0.9740000000000001,0.8390000000000001,41.65],"chargecurrent":[0.0,0.0,11.832],"chargestate":[3.0,3.0,6.0],"loadpower":[14.124109999999998,14.124109999999998,8.207364000000002],"batterytemp":[21.0,21.0,32.0],"triggerrate":[0.0,0.0,0.6],"triggersremaining":[21469.0,21470.0,21547.0],"crcerrors":[0.0,0.0,0.0]}