{"datalatency":[11.477731],"sensoruptime":[13.04888888888889,12.051666666666666,20.196666666666665],"battvoltage":[11.67,11.731,11.224],"arrayvoltage":[0.107,0.32,19.736],"chargecurrent":[0.002,0.002,8.165],"ledstate":[10.0,8.0,11.0],"loadpower":[24.098940000000002,23.214981,0.0],"batterytemp":[29.0,32.0,50.0],"triggerrate":[0.0,0.0,1.2000000000000002],"triggersremaining":[14556.0,14556.0,14561.0],"crcerrors":[0.0,0.0,0.0]}