{"datalatency":[77.523922],"sensoruptime":[30.15222222222222,29.1525,30.15222222222222],"battvoltage":[13.280999999999999,13.443,12.308],"arrayvoltage":[15.445,17.374000000000002,19.15],"chargecurrent":[3.8169999999999997,5.187,9.011000000000001],"ledstate":[6.0,5.0,6.0],"loadpower":[22.667155,22.446644999999997,21.981199999999998],"batterytemp":[53.0,53.0,54.0],"triggerrate":[0.0,0.0,0.2],"triggersremaining":[7051.0,7051.0,7064.0],"crcerrors":[0.0,0.0,0.0]}