{"datalatency":[8.731571],"sensoruptime":[100.74888888888889,99.76583333333333,100.74888888888889],"battvoltage":[12.875,13.034,12.03],"arrayvoltage":[33.150999999999996,33.789,41.65],"chargecurrent":[1.899,2.073,11.832],"chargestate":[5.0,5.0,6.0],"loadpower":[14.150136000000002,12.259484999999998,9.0954],"batterytemp":[27.0,28.0,34.0],"triggerrate":[0.0,0.0,0.6],"triggersremaining":[21523.0,21527.0,21615.0],"crcerrors":[0.0,0.0,0.0]}