{"datalatency":[20.029854],"sensoruptime":[254.69916666666666,253.69916666666666,254.69916666666666],"battvoltage":[12.292,12.329,12.073],"arrayvoltage":[0.107,0.107,18.073],"chargecurrent":[0.005,0.005,9.937999999999999],"ledstate":[6.0,6.0,8.0],"loadpower":[25.38855,23.558794000000002,21.323016],"batterytemp":[27.0,28.0,55.0],"triggerrate":[0.0,0.0,1.2000000000000002],"triggersremaining":[12672.0,12672.0,12680.0],"crcerrors":[0.0,0.0,2.0]}