{"datalatency":[12.798009],"sensoruptime":[47.230555555555554,46.23083333333334,47.230555555555554],"battvoltage":[12.061,12.027000000000001,12.015],"arrayvoltage":[14.800999999999998,10.985999999999999,17.526],"chargecurrent":[0.365,0.005,10.985],"ledstate":[8.0,8.0,8.0],"loadpower":[22.40238,24.228203999999998,21.514706],"batterytemp":[28.0,28.0,50.0],"triggerrate":[0.0,2.4000000000000004,6.0],"triggersremaining":[13160.0,13213.0,13513.0],"crcerrors":[0.0,0.0,2.0]}