{"datalatency":[7.8871720000000005],"sensoruptime":[27.393333333333334,26.41,27.393333333333334],"battvoltage":[11.594000000000001,11.609000000000002,11.588],"arrayvoltage":[1.065,0.858,34.238],"chargecurrent":[0.0,0.0,1.4709999999999999],"chargestate":[3.0,3.0,5.0],"loadpower":[14.290954,14.290954,13.408536],"batterytemp":[17.0,17.0,20.0],"triggerrate":[0.4,0.0,1.0],"triggersremaining":[18543.0,18565.0,18672.0],"crcerrors":[1.0,0.0,4.0]}