{"datalatency":[8.246026],"sensoruptime":[null,null,5.101944444444444],"battvoltage":[13.065,13.602,11.362],"arrayvoltage":[29.739,30.719,40.985],"chargecurrent":[0.512,1.324,2.3169999999999997],"chargestate":[5.0,5.0,6.0],"loadpower":[0.0,0.0,0.0],"batterytemp":[23.0,24.0,27.0],"triggerrate":[null,null,6.2],"triggersremaining":[null,null,22493.0],"crcerrors":[1.0,null,1.0]}