{"datalatency":[10.333694000000001],"sensoruptime":[0.008333333333333333,0.006944444444444444,0.018333333333333333],"battvoltage":[13.907,14.514000000000001,10.595999999999998],"arrayvoltage":[41.931000000000004,41.605,43.369],"chargecurrent":[1.631,1.565,2.597],"chargestate":[7.0,6.0,7.0],"loadpower":[14.699248,14.27397,0.0],"batterytemp":[18.0,18.0,18.0],"triggerrate":[null,null,null],"triggersremaining":[0.0,0.0,0.0],"crcerrors":[0.0,0.0,1.0]}