{"datalatency":[38.146027000000004],"sensoruptime":[0.49666666666666665,0.025555555555555557,1.8325],"battvoltage":[12.07,14.249,10.526],"arrayvoltage":[31.299,38.138000000000005,45.523],"chargecurrent":[0.43200000000000005,1.645,2.6189999999999998],"chargestate":[7.0,7.0,7.0],"loadpower":[13.989318,14.640992000000002,0.0],"batterytemp":[3.0,7.0,18.0],"triggerrate":[0.0,0.0,0.0],"triggersremaining":[0.0,0.0,0.0],"crcerrors":[7.0,1.0,1.0]}