{"datalatency":[12.137749000000001],"sensoruptime":[51.280833333333334,50.28111111111111,51.280833333333334],"battvoltage":[12.445,12.335,11.499],"arrayvoltage":[15.628,16.748,18.410999999999998],"chargecurrent":[6.752000000000001,5.544,11.398],"ledstate":[10.0,10.0,10.0],"loadpower":[23.088159,22.449994,21.727188],"batterytemp":[40.0,31.0,52.0],"triggerrate":[0.0,0.0,6.0],"triggersremaining":[20759.0,20759.0,21141.0],"crcerrors":[0.0,0.0,1.0]}