{"datalatency":[8.201083],"sensoruptime":[10.784166666666666,9.800833333333333,114.10888888888888],"battvoltage":[11.6,11.645999999999999,11.469000000000001],"arrayvoltage":[0.565,0.626,35.4],"chargecurrent":[0.0,0.0,6.643],"chargestate":[3.0,3.0,5.0],"loadpower":[14.151981999999999,14.290140000000001,0.0],"batterytemp":[16.0,17.0,27.0],"triggerrate":[0.2,0.4,1.6],"triggersremaining":[21820.0,21844.0,21938.0],"crcerrors":[0.0,0.0,0.0]}