{"datalatency":[30.42038],"sensoruptime":[2.821111111111111,1.823888888888889,null],"battvoltage":[13.718,13.806,12.530999999999999],"arrayvoltage":[19.119,18.93,19.625999999999998],"chargecurrent":[4.273,4.368,6.841],"chargestate":[6.0,6.0,6.0],"loadpower":[23.810886000000004,23.647810999999997,11.041264],"batterytemp":[44.0,41.0,44.0],"triggerrate":[null,null,null],"triggersremaining":[22493.0,22493.0,null],"crcerrors":[0.0,null,0.0]}