{"datalatency":[19.344545],"sensoruptime":[238.03472222222223,237.035,238.03472222222223],"battvoltage":[12.103,12.109000000000002,11.950999999999999],"arrayvoltage":[13.860999999999999,5.334,18.372],"chargecurrent":[0.196,0.002,8.75],"ledstate":[6.0,6.0,8.0],"loadpower":[23.450719999999997,23.51116,21.252608000000002],"batterytemp":[23.0,22.0,52.0],"triggerrate":[0.0,0.0,1.2000000000000002],"triggersremaining":[12677.0,12677.0,12684.0],"crcerrors":[0.0,0.0,2.0]}