{"datalatency":[38.159088000000004],"sensoruptime":[0.013055555555555556,null,1.8325],"battvoltage":[14.151,14.154000000000002,10.526],"arrayvoltage":[41.821000000000005,43.468999999999994,45.523],"chargecurrent":[1.681,2.017,2.6189999999999998],"chargestate":[7.0,7.0,7.0],"loadpower":[14.525845000000002,19.319589999999998,0.0],"batterytemp":[10.0,10.0,19.0],"triggerrate":[null,null,null],"triggersremaining":[0.0,null,0.0],"crcerrors":[6.0,0.0,1.0]}