{"datalatency":[7.9714730000000005],"sensoruptime":[6.923611111111111,5.9238888888888885,null],"battvoltage":[12.375,12.415,12.375],"arrayvoltage":[0.5710000000000001,0.568,44.162],"chargecurrent":[0.002,0.0,2.483],"chargestate":[3.0,3.0,7.0],"loadpower":[13.837624000000002,13.733856,0.0],"batterytemp":[6.0,7.0,19.0],"triggerrate":[0.4,0.0,null],"triggersremaining":[22373.0,22376.0,null],"crcerrors":[0.0,0.0,0.0]}