{"datalatency":[21.723344],"sensoruptime":[60.19611111111111,59.19611111111111,60.19611111111111],"battvoltage":[11.722000000000001,11.767999999999999,11.572000000000001],"arrayvoltage":[12.674000000000001,15.228,16.992],"chargecurrent":[0.10400000000000001,0.527,11.828],"ledstate":[8.0,8.0,10.0],"loadpower":[23.952522,23.245334,22.068414],"batterytemp":[35.0,38.0,44.0],"triggerrate":[0.0,0.0,0.4],"triggersremaining":[34.0,37.0,45.0],"crcerrors":[0.0,0.0,2.0]}