{"datalatency":[35.473935000000004],"sensoruptime":[null,null,null],"battvoltage":[12.674000000000001,13.585999999999999,11.481],"arrayvoltage":[18.454,18.555,19.680999999999997],"chargecurrent":[1.4709999999999999,5.1770000000000005,9.955],"chargestate":[5.0,5.0,5.0],"loadpower":[11.065249999999999,10.8008,0.0],"batterytemp":[38.0,38.0,38.0],"triggerrate":[null,null,null],"triggersremaining":[null,null,null],"crcerrors":[null,null,null]}