{"datalatency":[7.834017],"sensoruptime":[26.226666666666667,25.226944444444445,26.226666666666667],"battvoltage":[11.609000000000002,11.645999999999999,11.609000000000002],"arrayvoltage":[0.754,1.294,34.238],"chargecurrent":[0.0,0.0,1.4709999999999999],"chargestate":[3.0,3.0,5.0],"loadpower":[14.325697,14.034544,13.408536],"batterytemp":[17.0,17.0,20.0],"triggerrate":[0.6,0.0,0.8],"triggersremaining":[18569.0,18578.0,18679.0],"crcerrors":[0.0,0.0,3.0]}