{"datalatency":[16.590663],"sensoruptime":[null,null,null],"battvoltage":[13.992,14.081,12.18],"arrayvoltage":[19.418,19.598,19.625999999999998],"chargecurrent":[3.798,3.935,9.955],"chargestate":[6.0,6.0,6.0],"loadpower":[5.025284,5.737149000000001,4.102919999999999],"batterytemp":[35.0,32.0,38.0],"triggerrate":[null,null,null],"triggersremaining":[null,null,null],"crcerrors":[null,null,null]}