{"datalatency":[7.870920000000001],"sensoruptime":[9.268055555555556,8.268333333333333,31.859444444444446],"battvoltage":[11.948,12.020999999999999,11.465],"arrayvoltage":[1.0070000000000001,26.169,42.996],"chargecurrent":[0.0,0.092,15.002],"chargestate":[3.0,5.0,6.0],"loadpower":[13.878372000000002,13.911464,0.0],"batterytemp":[8.0,10.0,28.0],"triggerrate":[0.0,0.2,2.0],"triggersremaining":[18429.0,18429.0,18579.0],"crcerrors":[1.0,0.0,4.0]}