{"datalatency":[16.611728],"sensoruptime":[439.50666666666666,438.50694444444446,439.50666666666666],"battvoltage":[12.787,12.369000000000002,12.027000000000001],"arrayvoltage":[16.553,15.915,17.242],"chargecurrent":[4.619,1.399,10.864],"ledstate":[6.0,6.0,8.0],"loadpower":[22.60244,23.476202,21.481326],"batterytemp":[39.0,43.0,57.0],"triggerrate":[1.2000000000000002,15.600000000000001,16.8],"triggersremaining":[11756.0,11928.0,12597.0],"crcerrors":[0.0,0.0,2.0]}