{"datalatency":[12.104854000000001],"sensoruptime":[24.567222222222224,23.5675,24.567222222222224],"battvoltage":[12.216,12.1,11.319],"arrayvoltage":[16.65,16.504,19.733],"chargecurrent":[2.271,0.8959999999999999,9.152999999999999],"ledstate":[8.0,8.0,10.0],"loadpower":[22.856156000000002,22.824593999999998,21.825804],"batterytemp":[31.0,29.0,53.0],"triggerrate":[0.0,0.0,20.400000000000002],"triggersremaining":[13511.0,13512.0,14551.0],"crcerrors":[0.0,0.0,2.0]}