{"datalatency":[8.177373000000001],"sensoruptime":[2.120277777777778,1.1202777777777777,null],"battvoltage":[11.908,11.914000000000001,10.944],"arrayvoltage":[0.98,0.9279999999999999,41.791000000000004],"chargecurrent":[0.0,0.0,2.923],"chargestate":[3.0,3.0,6.0],"loadpower":[13.832976000000002,13.836468000000002,0.0],"batterytemp":[11.0,12.0,32.0],"triggerrate":[0.0,0.0,null],"triggersremaining":[18371.0,18371.0,null],"crcerrors":[0.0,0.0,0.0]}