{"datalatency":[8.026829000000001],"sensoruptime":[12.75611111111111,11.772777777777778,null],"battvoltage":[12.244000000000002,12.259,12.231],"arrayvoltage":[0.635,0.659,44.162],"chargecurrent":[0.0,0.0,2.483],"chargestate":[3.0,3.0,7.0],"loadpower":[14.212421999999998,14.090112000000001,0.0],"batterytemp":[1.0,2.0,19.0],"triggerrate":[0.4,0.0,null],"triggersremaining":[22331.0,22345.0,null],"crcerrors":[0.0,0.0,0.0]}