{"datalatency":[8.041717],"sensoruptime":[56.416666666666664,55.41694444444445,56.416666666666664],"battvoltage":[12.491,12.527000000000001,12.115],"arrayvoltage":[0.647,0.6409999999999999,42.861999999999995],"chargecurrent":[0.0,0.0,7.356],"chargestate":[3.0,3.0,6.0],"loadpower":[13.581400000000002,13.646724,8.875646],"batterytemp":[12.0,12.0,30.0],"triggerrate":[0.0,0.0,0.6],"triggersremaining":[22203.0,22204.0,22248.0],"crcerrors":[0.0,0.0,0.0]}