{"datalatency":[8.648652],"sensoruptime":[78.58527777777778,77.58527777777778,78.58527777777778],"battvoltage":[12.604000000000001,12.83,12.183],"arrayvoltage":[28.235,33.005,38.708],"chargecurrent":[0.631,1.696,8.752],"chargestate":[5.0,5.0,6.0],"loadpower":[13.773396,14.106456,9.957479999999999],"batterytemp":[26.0,30.0,34.0],"triggerrate":[0.0,0.2,0.6],"triggersremaining":[21610.0,21610.0,21646.0],"crcerrors":[0.0,0.0,0.0]}