{"datalatency":[14.337576],"sensoruptime":[372.5180555555556,371.5208333333333,372.5180555555556],"battvoltage":[12.292,12.329,12.064],"arrayvoltage":[0.32,13.3,17.78],"chargecurrent":[0.005,0.099,10.61],"ledstate":[6.0,6.0,8.0],"loadpower":[23.734060999999997,23.668284,20.806074],"batterytemp":[31.0,37.0,52.0],"triggerrate":[0.0,0.0,4.800000000000001],"triggersremaining":[12609.0,12610.0,12619.0],"crcerrors":[0.0,0.0,2.0]}