{"datalatency":[8.025003],"sensoruptime":[59.08305555555555,58.09972222222222,59.08305555555555],"battvoltage":[12.415,12.436,12.115],"arrayvoltage":[0.665,0.6679999999999999,42.861999999999995],"chargecurrent":[0.0,0.0,7.356],"chargestate":[3.0,3.0,6.0],"loadpower":[14.154912000000001,13.588574,8.875646],"batterytemp":[13.0,13.0,30.0],"triggerrate":[0.2,0.0,0.6],"triggersremaining":[22197.0,22202.0,22246.0],"crcerrors":[0.0,0.0,0.0]}