{"datalatency":[8.614058],"sensoruptime":[63.92055555555555,62.9375,63.92055555555555],"battvoltage":[12.375,12.415,12.18],"arrayvoltage":[0.595,0.607,40.146],"chargecurrent":[0.0,0.0,10.228],"chargestate":[3.0,3.0,6.0],"loadpower":[14.010440000000001,13.647168,8.80245],"batterytemp":[15.0,16.0,34.0],"triggerrate":[0.0,0.0,0.2],"triggersremaining":[21644.0,21644.0,21651.0],"crcerrors":[0.0,0.0,0.0]}