{"datalatency":[38.157995],"sensoruptime":[0.013055555555555556,1.7158333333333333,1.8325],"battvoltage":[14.902000000000001,12.982000000000001,10.526],"arrayvoltage":[40.262,35.891999999999996,43.121],"chargecurrent":[2.07,1.655,2.529],"chargestate":[6.0,5.0,7.0],"loadpower":[14.582477999999998,13.384704,0.0],"batterytemp":[5.0,3.0,19.0],"triggerrate":[null,0.0,0.0],"triggersremaining":[0.0,0.0,0.0],"crcerrors":[4.0,4.0,1.0]}