{"datalatency":[7.6005460000000005],"sensoruptime":[186.40222222222224,185.40222222222224,186.40222222222224],"battvoltage":[12.259,12.299000000000001,12.183],"arrayvoltage":[0.662,0.647,43.121],"chargecurrent":[0.0,0.0,10.794],"chargestate":[3.0,3.0,6.0],"loadpower":[13.833261,14.194075999999999,8.98432],"batterytemp":[5.0,5.0,29.0],"triggerrate":[0.0,0.0,0.4],"triggersremaining":[20357.0,20359.0,20372.0],"crcerrors":[0.0,0.0,0.0]}