{"datalatency":[37.575301],"sensoruptime":[0.025833333333333333,4.223333333333334,7.746944444444445],"battvoltage":[12.134,12.167,10.287],"arrayvoltage":[31.744,31.842,38.15],"chargecurrent":[0.539,1.114,3.1860000000000004],"chargestate":[5.0,5.0,6.0],"loadpower":[14.124109999999998,13.671,0.0],"batterytemp":[26.0,26.0,28.0],"triggerrate":[0.0,0.0,3.0],"triggersremaining":[11685.0,11686.0,11963.0],"crcerrors":[0.0,0.0,0.0]}