{"datalatency":[20.417469],"sensoruptime":[541.4911111111111,540.4941666666666,541.4911111111111],"battvoltage":[11.758,11.798,11.606],"arrayvoltage":[0.046,0.7509999999999999,17.575],"chargecurrent":[0.002,0.002,11.448],"ledstate":[8.0,8.0,10.0],"loadpower":[24.061407,23.779976,22.237292000000004],"batterytemp":[31.0,33.0,51.0],"triggerrate":[0.0,0.0,3.6],"triggersremaining":[11264.0,11268.0,11322.0],"crcerrors":[0.0,0.0,2.0]}