{"datalatency":[14.828326],"sensoruptime":[386.3491666666667,385.3522222222222,386.3491666666667],"battvoltage":[12.823,12.543,12.027000000000001],"arrayvoltage":[15.472000000000001,16.989,18.365],"chargecurrent":[6.087999999999999,4.592,10.61],"ledstate":[8.0,8.0,8.0],"loadpower":[22.6884,22.534031999999996,20.806074],"batterytemp":[40.0,31.0,52.0],"triggerrate":[0.0,0.0,4.800000000000001],"triggersremaining":[12606.0,12606.0,12616.0],"crcerrors":[0.0,0.0,2.0]}