{"datalatency":[8.178688000000001],"sensoruptime":[3.285,2.285277777777778,114.10888888888888],"battvoltage":[11.954,12.36,11.469000000000001],"arrayvoltage":[32.91,34.238,35.4],"chargecurrent":[1.237,2.718,6.643],"chargestate":[5.0,5.0,5.0],"loadpower":[13.929123000000002,11.263136,0.0],"batterytemp":[24.0,26.0,27.0],"triggerrate":[0.0,0.0,0.6],"triggersremaining":[21927.0,21927.0,21953.0],"crcerrors":[0.0,0.0,0.0]}