{"datalatency":[7.9907200000000005],"sensoruptime":[46.7625,45.7625,46.7625],"battvoltage":[11.725,11.719000000000001,11.56],"arrayvoltage":[35.69,2.133,42.148],"chargecurrent":[0.43700000000000006,0.0,12.352],"chargestate":[5.0,3.0,6.0],"loadpower":[13.634908000000001,13.588428,8.277874],"batterytemp":[6.0,6.0,29.0],"triggerrate":[0.0,0.0,0.4],"triggersremaining":[18412.0,18412.0,18421.0],"crcerrors":[0.0,0.0,0.0]}