{"datalatency":[20.194365],"sensoruptime":[255.36555555555555,254.36583333333334,255.36555555555555],"battvoltage":[12.283,12.296,12.073],"arrayvoltage":[0.037000000000000005,0.107,18.073],"chargecurrent":[0.002,0.002,9.937999999999999],"ledstate":[6.0,6.0,8.0],"loadpower":[23.772022,23.52848,21.323016],"batterytemp":[26.0,27.0,55.0],"triggerrate":[0.0,0.0,1.2000000000000002],"triggersremaining":[12672.0,12672.0,12680.0],"crcerrors":[0.0,0.0,2.0]}