{"datalatency":[12.00206],"sensoruptime":[6.115833333333334,5.1161111111111115,7.988333333333333],"battvoltage":[12.482000000000001,12.335,11.798],"arrayvoltage":[16.653,17.142,17.730999999999998],"chargecurrent":[4.121,3.1310000000000002,11.344000000000001],"chargestate":[5.0,5.0,6.0],"loadpower":[22.518081,21.997076999999997,6.167125],"batterytemp":[36.0,34.0,47.0],"triggerrate":[0.0,0.0,15.600000000000001],"triggersremaining":[21429.0,21429.0,22150.0],"crcerrors":[0.0,0.0,0.0]}