{"datalatency":[8.516007],"sensoruptime":[27.759166666666665,26.759166666666665,27.759166666666665],"battvoltage":[14.081,14.084000000000001,12.112],"arrayvoltage":[39.336999999999996,40.546,41.489],"chargecurrent":[3.88,4.2860000000000005,11.902999999999999],"chargestate":[6.0,6.0,6.0],"loadpower":[9.428172,9.0954,9.067364],"batterytemp":[32.0,32.0,38.0],"triggerrate":[0.0,0.0,1.0],"triggersremaining":[21655.0,21655.0,21737.0],"crcerrors":[0.0,0.0,0.0]}