{"datalatency":[19.739551000000002],"sensoruptime":[245.3672222222222,244.37,245.3672222222222],"battvoltage":[12.985,12.75,12.073],"arrayvoltage":[15.677,14.892999999999999,18.073],"chargecurrent":[9.937999999999999,2.346,9.937999999999999],"ledstate":[6.0,6.0,8.0],"loadpower":[22.873788,23.150208000000003,21.323016],"batterytemp":[46.0,47.0,52.0],"triggerrate":[0.0,0.0,1.2000000000000002],"triggersremaining":[12675.0,12675.0,12682.0],"crcerrors":[0.0,0.0,2.0]}