{"datalatency":[38.053944],"sensoruptime":[0.004722222222222222,0.029166666666666667,1.1758333333333333],"battvoltage":[11.914000000000001,11.627,10.26],"arrayvoltage":[25.635,30.392,41.495],"chargecurrent":[0.121,0.705,2.474],"chargestate":[5.0,5.0,7.0],"loadpower":[14.668558,13.882423999999999,0.0],"batterytemp":[18.0,19.0,22.0],"triggerrate":[0.0,0.0,0.0],"triggersremaining":[0.0,0.0,0.0],"crcerrors":[1.0,0.0,1.0]}