{"datalatency":[16.522221000000002],"sensoruptime":[152.38083333333333,151.38416666666666,152.38083333333333],"battvoltage":[12.142999999999999,12.186,11.870999999999999],"arrayvoltage":[14.940999999999999,14.895999999999999,17.215],"chargecurrent":[1.2009999999999998,1.024,12.144],"ledstate":[8.0,8.0,8.0],"loadpower":[23.6496,24.242852000000003,21.472317999999998],"batterytemp":[45.0,50.0,51.0],"triggerrate":[3.6,1.2000000000000002,8.4],"triggersremaining":[12790.0,12908.0,13034.0],"crcerrors":[0.0,0.0,2.0]}