{"datalatency":[7.037851000000001],"sensoruptime":[152.40722222222223,151.42416666666668,152.40722222222223],"battvoltage":[12.637,13.181,11.868],"arrayvoltage":[21.471999999999998,37.494,42.465],"chargecurrent":[0.01,2.198,15.0],"chargestate":[5.0,5.0,6.0],"loadpower":[13.741630000000002,13.798959,8.596613999999999],"batterytemp":[17.0,23.0,33.0],"triggerrate":[0.2,0.2,6.4],"triggersremaining":[20407.0,20423.0,21076.0],"crcerrors":[0.0,0.0,0.0]}