{"datalatency":[21.936601000000003],"sensoruptime":[356.68416666666667,355.68694444444446,356.68416666666667],"battvoltage":[12.085,12.1,12.079],"arrayvoltage":[0.107,0.0,17.633],"chargecurrent":[0.005,0.005,12.229000000000001],"ledstate":[8.0,6.0,8.0],"loadpower":[23.607909,23.765007999999998,21.612250999999997],"batterytemp":[23.0,23.0,44.0],"triggerrate":[0.0,0.0,1.2000000000000002],"triggersremaining":[12617.0,12618.0,12623.0],"crcerrors":[0.0,0.0,2.0]}