{"datalatency":[10.19495],"sensoruptime":[null,null,null],"battvoltage":[14.001,14.038,12.72],"arrayvoltage":[41.193000000000005,41.342,42.108000000000004],"chargecurrent":[0.198,0.013999999999999999,0.56],"chargestate":[7.0,7.0,7.0],"loadpower":[0.0,0.0,0.0],"batterytemp":[15.0,14.0,15.0],"triggerrate":[null,null,null],"triggersremaining":[null,null,null],"crcerrors":[null,null,null]}