{"datalatency":[7.572962],"sensoruptime":[174.9036111111111,173.9038888888889,174.9036111111111],"battvoltage":[14.294,14.304,12.183],"arrayvoltage":[41.785,42.535,43.121],"chargecurrent":[2.471,2.947,10.794],"chargestate":[6.0,6.0,6.0],"loadpower":[13.33872,13.284786,8.98432],"batterytemp":[25.0,25.0,29.0],"triggerrate":[0.0,0.0,0.8],"triggersremaining":[20368.0,20368.0,20431.0],"crcerrors":[0.0,0.0,0.0]}