{"datalatency":[14.653597000000001],"sensoruptime":[null,60.78777777777778,61.55722222222222],"battvoltage":[12.253,12.216,11.499],"arrayvoltage":[0.021,8.041,18.410999999999998],"chargecurrent":[0.005,0.002,12.030999999999999],"ledstate":[8.0,8.0,10.0],"loadpower":[7.981132,23.665212,7.601661],"batterytemp":[32.0,36.0,56.0],"triggerrate":[null,0.0,4.800000000000001],"triggersremaining":[null,20754.0,20847.0],"crcerrors":[0.0,null,1.0]}