{"datalatency":[8.744655],"sensoruptime":[118.91305555555556,117.91333333333333,118.91305555555556],"battvoltage":[12.109000000000002,12.183,12.07],"arrayvoltage":[22.705,1.639,41.65],"chargecurrent":[0.006999999999999999,0.0,11.832],"chargestate":[5.0,3.0,6.0],"loadpower":[14.101860000000002,14.124109999999998,8.207364000000002],"batterytemp":[21.0,21.0,32.0],"triggerrate":[0.0,0.0,0.6],"triggersremaining":[21462.0,21469.0,21539.0],"crcerrors":[0.0,0.0,0.0]}