{"datalatency":[38.135426],"sensoruptime":[0.006388888888888889,null,1.2],"battvoltage":[13.87,13.876,10.535],"arrayvoltage":[42.047,42.56,43.533],"chargecurrent":[1.6840000000000002,1.8019999999999998,3.411],"chargestate":[7.0,7.0,7.0],"loadpower":[14.156868000000001,15.013416,0.0],"batterytemp":[19.0,19.0,19.0],"triggerrate":[null,null,0.0],"triggersremaining":[0.0,null,0.0],"crcerrors":[0.0,0.0,0.0]}