{"datalatency":[15.725293],"sensoruptime":[10.880833333333333,9.88111111111111,61.55722222222222],"battvoltage":[12.408,12.46,12.1],"arrayvoltage":[0.107,13.104000000000001,18.439],"chargecurrent":[0.005,0.017,9.9],"ledstate":[6.0,6.0,8.0],"loadpower":[23.769773999999998,24.12002,5.933112000000001],"batterytemp":[33.0,38.0,52.0],"triggerrate":[0.0,0.0,1.2000000000000002],"triggersremaining":[14664.0,14665.0,20754.0],"crcerrors":[0.0,0.0,1.0]}