{"datalatency":[18.972018000000002],"sensoruptime":[279.66027777777776,278.66055555555556,279.66027777777776],"battvoltage":[11.963,11.987,11.874],"arrayvoltage":[12.869000000000002,1.501,17.432000000000002],"chargecurrent":[0.075,0.002,9.39],"ledstate":[8.0,8.0,8.0],"loadpower":[23.619365000000002,24.192244999999996,22.057204000000002],"batterytemp":[29.0,29.0,58.0],"triggerrate":[0.0,0.0,0.8],"triggersremaining":[3277.0,3277.0,3317.0],"crcerrors":[0.0,0.0,0.0]}