{"datalatency":[37.673626000000006],"sensoruptime":[null,null,null],"battvoltage":[12.558,12.567,10.665999999999999],"arrayvoltage":[0.653,0.6990000000000001,43.448],"chargecurrent":[0.0,0.0,5.0760000000000005],"chargestate":[3.0,3.0,8.0],"loadpower":[0.0,0.0,0.0],"batterytemp":[12.0,13.0,26.0],"triggerrate":[null,null,null],"triggersremaining":[null,null,null],"crcerrors":[0.0,null,0.0]}