{"datalatency":[37.765394],"sensoruptime":[null,null,null],"battvoltage":[12.491,12.491,10.477],"arrayvoltage":[0.638,0.6809999999999999,43.57899999999999],"chargecurrent":[0.0,0.0,2.897],"chargestate":[3.0,3.0,7.0],"loadpower":[0.0,0.0,0.0],"batterytemp":[14.0,15.0,24.0],"triggerrate":[null,null,null],"triggersremaining":[null,null,null],"crcerrors":[28.0,null,20.0]}