{"datalatency":[19.179897],"sensoruptime":[188.01333333333332,187.03,188.01333333333332],"battvoltage":[12.975999999999999,12.787,12.1],"arrayvoltage":[14.937999999999999,15.915,17.969],"chargecurrent":[6.341,4.537,9.81],"ledstate":[6.0,6.0,6.0],"loadpower":[23.113476,22.335782000000002,21.987524],"batterytemp":[45.0,36.0,52.0],"triggerrate":[0.2,0.0,6.4],"triggersremaining":[5811.0,5812.0,6173.0],"crcerrors":[0.0,0.0,0.0]}