{"datalatency":[22.368065],"sensoruptime":[317.3563888888889,316.3566666666667,317.3563888888889],"battvoltage":[12.975999999999999,12.802,12.253],"arrayvoltage":[16.895,16.357,18.753],"chargecurrent":[4.445,2.278,10.665999999999999],"ledstate":[6.0,6.0,6.0],"loadpower":[22.520576999999996,22.520784,20.870528999999998],"batterytemp":[38.0,41.0,50.0],"triggerrate":[0.0,0.0,1.2000000000000002],"triggersremaining":[12627.0,12627.0,12636.0],"crcerrors":[0.0,0.0,2.0]}