{"datalatency":[8.63061],"sensoruptime":[75.08583333333333,74.1025,75.08583333333333],"battvoltage":[12.875,12.573,12.183],"arrayvoltage":[34.427,32.617,40.088],"chargecurrent":[2.28,1.882,6.209],"chargestate":[5.0,5.0,6.0],"loadpower":[12.100724999999999,13.85551,8.80245],"batterytemp":[29.0,26.0,34.0],"triggerrate":[0.0,0.0,0.6],"triggersremaining":[21628.0,21633.0,21647.0],"crcerrors":[0.0,0.0,0.0]}