{"datalatency":[19.605044],"sensoruptime":[239.335,238.33555555555554,239.335],"battvoltage":[12.222000000000001,13.015999999999998,11.993],"arrayvoltage":[14.45,16.022000000000002,16.500999999999998],"chargecurrent":[0.37,9.017999999999999,9.992],"ledstate":[6.0,6.0,8.0],"loadpower":[25.070004,23.561039,21.95131],"batterytemp":[45.0,46.0,55.0],"triggerrate":[2.2,2.4,17.6],"triggersremaining":[3824.0,4059.0,5525.0],"crcerrors":[0.0,0.0,0.0]}