{"datalatency":[16.346315],"sensoruptime":[null,null,null],"battvoltage":[12.216,12.234000000000002,11.606],"arrayvoltage":[0.107,0.024,19.680999999999997],"chargecurrent":[0.005,0.002,9.955],"chargestate":[3.0,3.0,6.0],"loadpower":[5.772492,6.04098,0.0],"batterytemp":[10.0,10.0,38.0],"triggerrate":[null,null,null],"triggersremaining":[null,null,null],"crcerrors":[null,null,null]}