{"datalatency":[20.204906],"sensoruptime":[320.65,319.6502777777778,320.65],"battvoltage":[12.064,12.1,11.987],"arrayvoltage":[0.021,0.024,18.167],"chargecurrent":[0.005,0.005,9.62],"ledstate":[8.0,8.0,8.0],"loadpower":[23.692265999999996,23.939244,22.125905999999997],"batterytemp":[29.0,30.0,55.0],"triggerrate":[0.0,0.0,14.8],"triggersremaining":[1913.0,1921.0,3213.0],"crcerrors":[0.0,0.0,0.0]}