{"datalatency":[8.597432000000001],"sensoruptime":[54.25527777777778,53.25555555555555,54.25527777777778],"battvoltage":[13.181,13.147,12.18],"arrayvoltage":[31.982,32.126,40.146],"chargecurrent":[1.95,2.109,10.228],"chargestate":[5.0,5.0,6.0],"loadpower":[14.45667,14.473368000000002,8.80245],"batterytemp":[28.0,31.0,34.0],"triggerrate":[0.0,0.0,0.2],"triggersremaining":[21646.0,21646.0,21654.0],"crcerrors":[0.0,0.0,0.0]}