{"datalatency":[16.557291],"sensoruptime":[null,null,null],"battvoltage":[12.244000000000002,12.216,11.734000000000002],"arrayvoltage":[14.800999999999998,14.307,19.680999999999997],"chargecurrent":[0.24600000000000002,0.13,9.955],"chargestate":[5.0,5.0,6.0],"loadpower":[5.30874,6.203640000000001,0.0],"batterytemp":[11.0,10.0,38.0],"triggerrate":[null,null,null],"triggersremaining":[null,null,null],"crcerrors":[null,null,null]}