{"datalatency":[8.218293000000001],"sensoruptime":[null,null,null],"battvoltage":[12.323,12.299000000000001,11.307],"arrayvoltage":[2.411,25.54,39.163000000000004],"chargecurrent":[0.0,0.13,3.0660000000000003],"chargestate":[3.0,5.0,6.0],"loadpower":[13.41572,18.610555999999995,0.0],"batterytemp":[21.0,22.0,27.0],"triggerrate":[null,null,null],"triggersremaining":[null,null,null],"crcerrors":[4.0,null,4.0]}