{"datalatency":[16.684214],"sensoruptime":[442.17305555555555,441.1761111111111,442.17305555555555],"battvoltage":[12.549000000000001,13.015999999999998,12.027000000000001],"arrayvoltage":[17.087,16.116,17.242],"chargecurrent":[1.979,6.107,10.864],"ledstate":[6.0,6.0,8.0],"loadpower":[23.686363999999998,22.777291000000005,21.481326],"batterytemp":[47.0,43.0,49.0],"triggerrate":[0.0,0.0,16.8],"triggersremaining":[11719.0,11723.0,12596.0],"crcerrors":[0.0,0.0,2.0]}