{"datalatency":[23.920693],"sensoruptime":[null,null,null],"battvoltage":[11.682,11.722000000000001,11.572000000000001],"arrayvoltage":[0.107,2.191,19.342],"chargecurrent":[0.002,0.002,5.67],"chargestate":[3.0,3.0,6.0],"loadpower":[8.90421,8.347091,6.509968999999999],"batterytemp":[17.0,19.0,26.0],"triggerrate":[null,null,null],"triggersremaining":[null,null,null],"crcerrors":[null,null,null]}