{"datalatency":[37.602528],"sensoruptime":[6.0472222222222225,5.0475,6.0472222222222225],"battvoltage":[14.290999999999999,14.495999999999999,10.709000000000001],"arrayvoltage":[41.69,42.09,43.448],"chargecurrent":[2.3819999999999997,2.8,5.0760000000000005],"chargestate":[6.0,8.0,8.0],"loadpower":[14.431269999999998,13.373268000000001,0.0],"batterytemp":[25.0,25.0,26.0],"triggerrate":[1.6,0.0,2.8],"triggersremaining":[11621.0,11629.0,11685.0],"crcerrors":[0.0,0.0,0.0]}