{"datalatency":[13.366786000000001],"sensoruptime":[346.68833333333333,345.6911111111111,346.68833333333333],"battvoltage":[12.445,12.642999999999999,12.109000000000002],"arrayvoltage":[17.575,15.527000000000001,17.633],"chargecurrent":[1.056,1.6769999999999998,12.229000000000001],"ledstate":[6.0,6.0,6.0],"loadpower":[23.596272,23.842958,21.612250999999997],"batterytemp":[37.0,44.0,44.0],"triggerrate":[0.0,0.0,1.2000000000000002],"triggersremaining":[12620.0,12620.0,12626.0],"crcerrors":[0.0,0.0,2.0]}