{"datalatency":[47.463164000000006],"sensoruptime":[null,null,null],"battvoltage":[14.328,14.383,12.28],"arrayvoltage":[41.891000000000005,41.498000000000005,44.098],"chargecurrent":[1.875,1.964,4.486000000000001],"chargestate":[6.0,6.0,8.0],"loadpower":[0.0,0.0,0.0],"batterytemp":[24.0,22.0,24.0],"triggerrate":[null,null,null],"triggersremaining":[null,null,null],"crcerrors":[null,null,null]}