{"datalatency":[8.2255],"sensoruptime":[4.7025,3.702777777777778,4.7025],"battvoltage":[12.415,11.53,10.427999999999999],"arrayvoltage":[0.784,0.7170000000000001,43.015],"chargecurrent":[0.0,0.0,3.5439999999999996],"chargestate":[3.0,3.0,6.0],"loadpower":[14.154912000000001,14.285484,0.0],"batterytemp":[17.0,18.0,27.0],"triggerrate":[2.6,3.8,4.2],"triggersremaining":[22206.0,22379.0,22496.0],"crcerrors":[0.0,0.0,0.0]}