{"datalatency":[55.689406000000005],"sensoruptime":[null,null,null],"battvoltage":[13.202,12.982000000000001,12.488],"arrayvoltage":[17.288,16.016,20.914],"chargecurrent":[1.732,1.474,4.172],"ledstate":[6.0,6.0,6.0],"loadpower":[6.893744,6.833609000000001,5.666772999999999],"batterytemp":[35.0,33.0,46.0],"triggerrate":[null,null,null],"triggersremaining":[null,null,null],"crcerrors":[null,null,null]}