{"datalatency":[10.262423],"sensoruptime":[null,null,null],"battvoltage":[13.907,14.565999999999999,12.735],"arrayvoltage":[42.818999999999996,40.417,44.485],"chargecurrent":[0.304,0.249,0.563],"chargestate":[7.0,6.0,7.0],"loadpower":[0.0,0.0,0.0],"batterytemp":[18.0,16.0,18.0],"triggerrate":[null,null,null],"triggersremaining":[null,null,null],"crcerrors":[null,null,null]}