{"datalatency":[8.392368000000001],"sensoruptime":[null,null,null],"battvoltage":[12.299000000000001,12.341,11.307],"arrayvoltage":[25.54,27.744,39.163000000000004],"chargecurrent":[0.13,0.58,3.0660000000000003],"chargestate":[5.0,5.0,6.0],"loadpower":[18.610555999999995,13.882464,0.0],"batterytemp":[22.0,21.0,27.0],"triggerrate":[null,null,null],"triggersremaining":[null,null,null],"crcerrors":[4.0,null,4.0]}