{"datalatency":[10.955148000000001],"sensoruptime":[4.0633333333333335,3.066388888888889,null],"battvoltage":[11.453,11.606,11.328],"arrayvoltage":[0.107,0.107,19.949],"chargecurrent":[0.002,0.002,9.745],"ledstate":[10.0,10.0,10.0],"loadpower":[23.823209999999996,23.929219999999997,5.908896],"batterytemp":[27.0,28.0,51.0],"triggerrate":[0.0,0.0,null],"triggersremaining":[14567.0,14568.0,null],"crcerrors":[0.0,0.0,0.0]}