{"datalatency":[11.910962000000001],"sensoruptime":[null,null,null],"battvoltage":[12.027000000000001,11.987,11.682],"arrayvoltage":[16.455,12.784,17.825],"chargecurrent":[0.326,0.043,11.344000000000001],"chargestate":[5.0,5.0,6.0],"loadpower":[7.090976000000001,7.867575,0.0],"batterytemp":[26.0,25.0,47.0],"triggerrate":[null,null,null],"triggersremaining":[null,null,null],"crcerrors":[null,null,0.0]}