{"datalatency":[7.998514],"sensoruptime":[44.42944444444444,43.429722222222225,44.42944444444444],"battvoltage":[11.761,11.786,11.49],"arrayvoltage":[0.665,0.65,42.148],"chargecurrent":[0.0,0.0,12.352],"chargestate":[3.0,3.0,6.0],"loadpower":[13.658376000000004,13.701444,8.277874],"batterytemp":[6.0,7.0,29.0],"triggerrate":[0.0,0.0,0.4],"triggersremaining":[18412.0,18414.0,18422.0],"crcerrors":[0.0,0.0,0.0]}