{"datalatency":[13.978505],"sensoruptime":[35.9475,34.95055555555555,35.9475],"battvoltage":[12.07,12.457,11.652000000000001],"arrayvoltage":[13.083,17.038,17.334],"chargecurrent":[0.133,2.384,11.398],"chargestate":[5.0,5.0,6.0],"loadpower":[24.198407999999997,23.194088999999998,21.713829000000004],"batterytemp":[40.0,51.0,52.0],"triggerrate":[3.6,1.2000000000000002,8.4],"triggersremaining":[21001.0,21042.0,21414.0],"crcerrors":[0.0,0.0,0.0]}