{"datalatency":[21.254492000000003],"sensoruptime":[49.53111111111111,48.547777777777775,49.53111111111111],"battvoltage":[11.728,11.645999999999999,11.572000000000001],"arrayvoltage":[16.452,16.266,17.337],"chargecurrent":[1.7930000000000001,0.705,10.720999999999998],"ledstate":[10.0,10.0,10.0],"loadpower":[25.709010000000003,23.634049,21.698432000000004],"batterytemp":[33.0,31.0,49.0],"triggerrate":[0.0,0.0,16.8],"triggersremaining":[39.0,39.0,1284.0],"crcerrors":[1.9999768521197672,0.0,2.0]}