{"datalatency":[12.252892000000001],"sensoruptime":[18.280555555555555,17.28361111111111,null],"battvoltage":[11.911,11.950999999999999,11.798],"arrayvoltage":[0.0,0.0,17.526],"chargecurrent":[0.005,0.002,10.419],"chargestate":[3.0,3.0,5.0],"loadpower":[23.298386999999998,24.197853999999996,6.167125],"batterytemp":[26.0,26.0,49.0],"triggerrate":[0.0,0.0,null],"triggersremaining":[21172.0,21172.0,null],"crcerrors":[0.0,0.0,0.0]}