{"datalatency":[19.264101],"sensoruptime":[208.50972222222222,207.51,208.50972222222222],"battvoltage":[12.067,12.061,12.03],"arrayvoltage":[14.940999999999999,13.083,17.969],"chargecurrent":[0.495,0.145,8.96],"ledstate":[8.0,8.0,8.0],"loadpower":[22.569048,23.96394,21.987524],"batterytemp":[32.0,30.0,57.0],"triggerrate":[0.0,0.0,2.4],"triggersremaining":[5631.0,5632.0,5812.0],"crcerrors":[0.0,0.0,0.0]}