{"datalatency":[38.133983],"sensoruptime":[null,0.0075,1.1758333333333333],"battvoltage":[14.6,14.713,10.26],"arrayvoltage":[43.378,31.836,43.533],"chargecurrent":[2.679,2.843,3.266],"chargestate":[6.0,6.0,6.0],"loadpower":[18.439667999999998,14.925492,0.0],"batterytemp":[15.0,11.0,19.0],"triggerrate":[0.0,0.0,0.0],"triggersremaining":[null,0.0,0.0],"crcerrors":[0.0,0.0,0.0]}