{"datalatency":[15.492987000000001],"sensoruptime":[401.6802777777778,400.68333333333334,401.6802777777778],"battvoltage":[12.1,12.14,12.027000000000001],"arrayvoltage":[0.0,0.031,18.365],"chargecurrent":[0.002,0.002,10.873],"ledstate":[6.0,6.0,8.0],"loadpower":[23.571599999999997,23.668,21.895564000000004],"batterytemp":[26.0,27.0,52.0],"triggerrate":[0.0,0.0,1.2000000000000002],"triggersremaining":[12600.0,12600.0,12608.0],"crcerrors":[0.0,0.0,2.0]}