{"datalatency":[8.368916],"sensoruptime":[8.784444444444444,7.801111111111111,114.10888888888888],"battvoltage":[11.685,11.725,11.469000000000001],"arrayvoltage":[0.568,0.6809999999999999,35.4],"chargecurrent":[0.0,0.0,6.643],"chargestate":[3.0,3.0,5.0],"loadpower":[14.22276,13.670286,0.0],"batterytemp":[18.0,18.0,27.0],"triggerrate":[0.4,0.6,1.2],"triggersremaining":[21872.0,21880.0,21941.0],"crcerrors":[0.0,0.0,0.0]}