{"datalatency":[15.247525000000001],"sensoruptime":[60.118611111111115,59.12138888888889,60.118611111111115],"battvoltage":[12.253,12.329,11.499],"arrayvoltage":[13.214,17.239,18.410999999999998],"chargecurrent":[0.121,0.696,12.030999999999999],"ledstate":[8.0,8.0,10.0],"loadpower":[23.992223999999997,23.67584,21.764498],"batterytemp":[42.0,53.0,56.0],"triggerrate":[0.0,0.0,6.0],"triggersremaining":[20754.0,20755.0,20988.0],"crcerrors":[0.0,0.0,1.0]}