{"datalatency":[37.860341000000005],"sensoruptime":[0.12555555555555556,8.546944444444444,null],"battvoltage":[11.456,14.355,10.703],"arrayvoltage":[31.79,40.088,43.448],"chargecurrent":[0.24600000000000002,2.372,5.0760000000000005],"chargestate":[5.0,6.0,8.0],"loadpower":[14.107088000000001,12.43036,0.0],"batterytemp":[18.0,23.0,26.0],"triggerrate":[0.0,0.0,null],"triggersremaining":[11441.0,11594.0,null],"crcerrors":[0.0,0.0,0.0]}