{"datalatency":[37.797734000000005],"sensoruptime":[0.06027777777777778,0.5758333333333333,2.6594444444444445],"battvoltage":[12.145999999999999,11.591,10.26],"arrayvoltage":[32.913000000000004,32.721,41.821000000000005],"chargecurrent":[0.56,0.684,2.546],"chargestate":[5.0,5.0,7.0],"loadpower":[14.235111999999997,13.519860000000001,0.0],"batterytemp":[18.0,16.0,23.0],"triggerrate":[0.0,0.0,57.4],"triggersremaining":[0.0,0.0,806.0],"crcerrors":[18.0,0.0,20.0]}