{"datalatency":[21.179871000000002],"sensoruptime":[null,3.953611111111111,null],"battvoltage":[13.104000000000001,14.45,11.493],"arrayvoltage":[26.465,42.361000000000004,45.004],"chargecurrent":[0.121,1.9080000000000001,2.194],"chargestate":[5.0,6.0,6.0],"loadpower":[0.0,17.446474,0.0],"batterytemp":[15.0,20.0,22.0],"triggerrate":[null,59.0,null],"triggersremaining":[null,14327.0,null],"crcerrors":[5.0,0.0,5.0]}