{"datalatency":[61.187628000000004],"sensoruptime":[8.713333333333333,7.73,null],"battvoltage":[12.335,12.392999999999999,12.329],"arrayvoltage":[0.021,5.89,19.632],"chargecurrent":[0.005,0.006999999999999999,7.9],"ledstate":[6.0,6.0,6.0],"loadpower":[26.395331000000002,23.490657000000002,5.802676],"batterytemp":[33.0,35.0,49.0],"triggerrate":[0.0,0.0,null],"triggersremaining":[22329.0,22330.0,null],"crcerrors":[0.0,0.0,0.0]}