{"datalatency":[7.612992],"sensoruptime":[187.90194444444444,186.91861111111112,187.90194444444444],"battvoltage":[12.222000000000001,12.244000000000002,12.183],"arrayvoltage":[0.6809999999999999,0.6679999999999999,43.121],"chargecurrent":[0.0,0.0,10.794],"chargestate":[3.0,3.0,6.0],"loadpower":[14.106144,14.126805000000001,8.98432],"batterytemp":[4.0,4.0,29.0],"triggerrate":[0.0,0.0,0.4],"triggersremaining":[20357.0,20357.0,20372.0],"crcerrors":[0.0,0.0,0.0]}