{"datalatency":[62.052351],"sensoruptime":[null,null,null],"battvoltage":[13.280999999999999,13.138,11.987],"arrayvoltage":[14.499,17.087,18.362000000000002],"chargecurrent":[8.193999999999999,6.952999999999999,10.335],"ledstate":[6.0,6.0,8.0],"loadpower":[6.6545000000000005,6.4746,5.903471999999999],"batterytemp":[50.0,49.0,53.0],"triggerrate":[null,null,null],"triggersremaining":[null,null,null],"crcerrors":[null,null,null]}