{"datalatency":[7.6868050000000006],"sensoruptime":[5.563611111111111,4.580277777777778,227.69416666666666],"battvoltage":[11.914000000000001,11.954,11.914000000000001],"arrayvoltage":[0.848,0.961,36.472],"chargecurrent":[0.0,0.0,3.503],"chargestate":[3.0,3.0,5.0],"loadpower":[13.812694,13.854526,9.995777999999998],"batterytemp":[16.0,16.0,18.0],"triggerrate":[0.0,0.0,24.0],"triggersremaining":[18659.0,18664.0,20331.0],"crcerrors":[2.0,0.0,3.0]}