{"datalatency":[14.172315000000001],"sensoruptime":[374.18444444444447,373.1872222222222,374.18444444444447],"battvoltage":[12.225,12.253,12.064],"arrayvoltage":[0.064,0.064,17.78],"chargecurrent":[0.002,0.002,10.61],"ledstate":[6.0,6.0,8.0],"loadpower":[23.761188,24.102529,20.806074],"batterytemp":[28.0,29.0,52.0],"triggerrate":[0.0,0.0,4.800000000000001],"triggersremaining":[12609.0,12609.0,12619.0],"crcerrors":[0.0,0.0,2.0]}