{"datalatency":[7.861743000000001],"sensoruptime":[56.76111111111111,55.778055555555554,56.76111111111111],"battvoltage":[11.761,12.380999999999998,11.645999999999999],"arrayvoltage":[11.05,34.619,40.738],"chargecurrent":[0.0,0.887,11.615],"chargestate":[5.0,5.0,6.0],"loadpower":[13.916524,14.07216,9.041284000000001],"batterytemp":[19.0,24.0,34.0],"triggerrate":[0.0,0.0,0.4],"triggersremaining":[18409.0,18410.0,18418.0],"crcerrors":[0.0,0.0,0.0]}