{"datalatency":[17.054418000000002],"sensoruptime":[450.0052777777778,449.0052777777778,450.0052777777778],"battvoltage":[12.064,12.1,12.027000000000001],"arrayvoltage":[0.0,0.021,17.487000000000002],"chargecurrent":[0.005,0.002,10.864],"ledstate":[8.0,6.0,8.0],"loadpower":[23.897132999999997,23.716655999999997,21.481326],"batterytemp":[28.0,28.0,49.0],"triggerrate":[0.0,0.0,16.8],"triggersremaining":[11710.0,11710.0,12594.0],"crcerrors":[0.0,0.0,2.0]}