{"datalatency":[8.188609000000001],"sensoruptime":[61.74944444444444,60.76611111111111,61.74944444444444],"battvoltage":[12.335,12.357000000000001,12.115],"arrayvoltage":[0.632,0.616,42.861999999999995],"chargecurrent":[0.0,0.0,7.356],"chargestate":[3.0,3.0,6.0],"loadpower":[14.240356,13.541368,8.875646],"batterytemp":[13.0,13.0,30.0],"triggerrate":[0.0,0.2,0.6],"triggersremaining":[22179.0,22187.0,22235.0],"crcerrors":[0.0,0.0,0.0]}