{"datalatency":[12.140862],"sensoruptime":[47.61194444444445,46.615,47.61194444444445],"battvoltage":[11.606,11.594000000000001,11.569],"arrayvoltage":[15.82,12.225,17.334],"chargecurrent":[0.39399999999999996,0.013999999999999999,11.398],"chargestate":[5.0,5.0,6.0],"loadpower":[22.437868,24.170968000000002,21.713829000000004],"batterytemp":[26.0,25.0,52.0],"triggerrate":[0.0,0.0,6.0],"triggersremaining":[20760.0,20760.0,21171.0],"crcerrors":[0.0,0.0,1.0]}