{"datalatency":[8.027435],"sensoruptime":[59.76083333333333,58.7775,59.76083333333333],"battvoltage":[11.639000000000001,11.636,11.557],"arrayvoltage":[0.94,0.772,40.738],"chargecurrent":[0.0,0.0,11.615],"chargestate":[3.0,3.0,6.0],"loadpower":[13.887952,14.42583,9.041284000000001],"batterytemp":[14.0,15.0,34.0],"triggerrate":[0.0,0.0,0.4],"triggersremaining":[18409.0,18409.0,18418.0],"crcerrors":[0.0,0.0,0.0]}