{"datalatency":[12.009271],"sensoruptime":[4.6161111111111115,3.6191666666666666,7.988333333333333],"battvoltage":[12.369000000000002,12.103,11.798],"arrayvoltage":[17.09,16.748,17.730999999999998],"chargecurrent":[3.6889999999999996,2.278,11.344000000000001],"chargestate":[5.0,5.0,6.0],"loadpower":[22.52152,24.162254999999995,6.167125],"batterytemp":[32.0,29.0,47.0],"triggerrate":[0.0,0.0,15.600000000000001],"triggersremaining":[21429.0,21430.0,22150.0],"crcerrors":[0.0,0.0,0.0]}