{"datalatency":[8.026879000000001],"sensoruptime":[1.005,0.005277777777777778,62.22694444444444],"battvoltage":[13.251,11.401,11.319],"arrayvoltage":[18.848,35.013000000000005,40.738],"chargecurrent":[1.8090000000000002,0.473,11.615],"chargestate":[5.0,5.0,6.0],"loadpower":[13.414230000000002,14.099683999999998,0.0],"batterytemp":[13.0,11.0,34.0],"triggerrate":[0.0,0.0,0.5],"triggersremaining":[18401.0,18407.0,18412.0],"crcerrors":[0.0,0.0,0.0]}