{"datalatency":[11.164654],"sensoruptime":[8.133333333333333,7.136111111111111,null],"battvoltage":[11.963,12.027000000000001,11.569],"arrayvoltage":[12.332,16.312,19.736],"chargecurrent":[0.0,0.374,12.392999999999999],"chargestate":[5.0,5.0,6.0],"loadpower":[23.29712,23.201385999999996,6.808707000000001],"batterytemp":[28.0,32.0,44.0],"triggerrate":[0.0,0.0,null],"triggersremaining":[22160.0,22161.0,null],"crcerrors":[0.0,0.0,0.0]}