{"datalatency":[16.910194],"sensoruptime":[null,null,null],"battvoltage":[12.710999999999999,13.168,12.18],"arrayvoltage":[14.99,18.167,19.625999999999998],"chargecurrent":[0.321,1.534,5.361000000000001],"chargestate":[5.0,5.0,6.0],"loadpower":[6.433323,5.8384,4.102919999999999],"batterytemp":[35.0,40.0,45.0],"triggerrate":[null,null,null],"triggersremaining":[null,null,null],"crcerrors":[null,null,null]}