{"datalatency":[18.862786],"sensoruptime":[124.18944444444445,123.18944444444445,124.18944444444445],"battvoltage":[12.579,13.248,12.216],"arrayvoltage":[15.380999999999998,15.14,18.167],"chargecurrent":[0.45399999999999996,3.633,7.931],"ledstate":[6.0,6.0,6.0],"loadpower":[23.699393999999998,23.937544,21.885253],"batterytemp":[49.0,57.0,57.0],"triggerrate":[0.0,0.0,0.4],"triggersremaining":[6279.0,6282.0,6292.0],"crcerrors":[0.0,0.0,0.0]}