{"datalatency":[8.071669],"sensoruptime":[32.25333333333333,31.253611111111113,32.25333333333333],"battvoltage":[12.457,12.494000000000002,12.07],"arrayvoltage":[0.568,0.574,41.821000000000005],"chargecurrent":[0.0,0.0,7.474],"chargestate":[3.0,3.0,6.0],"loadpower":[13.601702000000001,13.606320000000002,8.72505],"batterytemp":[5.0,7.0,28.0],"triggerrate":[0.0,0.0,1.4],"triggersremaining":[22248.0,22249.0,22357.0],"crcerrors":[0.0,0.0,0.0]}