{"datalatency":[7.593797],"sensoruptime":[6.435277777777777,5.435277777777777,31.859444444444446],"battvoltage":[13.293,12.753,11.465],"arrayvoltage":[35.687,35.989000000000004,42.996],"chargecurrent":[2.358,2.2230000000000003,15.002],"chargestate":[5.0,5.0,6.0],"loadpower":[11.535688,12.827421000000001,0.0],"batterytemp":[15.0,19.0,28.0],"triggerrate":[0.0,0.0,2.0],"triggersremaining":[18432.0,18432.0,18582.0],"crcerrors":[1.0,0.0,4.0]}