{"datalatency":[38.112482],"sensoruptime":[null,0.07138888888888889,null],"battvoltage":[12.592,12.845,10.535],"arrayvoltage":[2.338,37.061,43.533],"chargecurrent":[0.0,1.314,3.411],"chargestate":[3.0,7.0,7.0],"loadpower":[0.0,13.201145000000002,0.0],"batterytemp":[9.0,14.0,19.0],"triggerrate":[null,0.0,null],"triggersremaining":[null,0.0,null],"crcerrors":[0.0,0.0,0.0]}