{"datalatency":[4.317469],"sensoruptime":[16.78361111111111,15.786666666666667,null],"battvoltage":[11.966,11.993,11.798],"arrayvoltage":[0.0,0.018000000000000002,17.526],"chargecurrent":[0.005,0.002,10.419],"chargestate":[3.0,3.0,5.0],"loadpower":[23.905805,24.536775,6.167125],"batterytemp":[26.0,27.0,49.0],"triggerrate":[0.0,0.0,null],"triggersremaining":[21172.0,21175.0,null],"crcerrors":[0.0,0.0,0.0]}