{"datalatency":[8.038593],"sensoruptime":[30.086944444444445,29.087222222222223,30.086944444444445],"battvoltage":[12.54,12.589,12.07],"arrayvoltage":[0.562,0.5770000000000001,41.821000000000005],"chargecurrent":[0.0,0.0,7.474],"chargestate":[3.0,3.0,6.0],"loadpower":[13.690404000000003,13.729716000000002,8.72505],"batterytemp":[8.0,11.0,28.0],"triggerrate":[0.0,0.0,1.4],"triggersremaining":[22253.0,22254.0,22376.0],"crcerrors":[0.0,0.0,0.0]}