{"datalatency":[21.310239000000003],"sensoruptime":[46.03138888888889,45.031666666666666,46.03138888888889],"battvoltage":[11.606,11.606,11.603],"arrayvoltage":[0.7020000000000001,0.0,17.337],"chargecurrent":[0.005,0.005,10.720999999999998],"ledstate":[10.0,10.0,10.0],"loadpower":[23.531346000000006,24.17349,21.698432000000004],"batterytemp":[29.0,29.0,49.0],"triggerrate":[0.0,0.0,16.8],"triggersremaining":[40.0,40.0,1285.0],"crcerrors":[1.9999768521197672,0.0,2.0]}