{"datalatency":[60.12798900000001],"sensoruptime":[null,null,null],"battvoltage":[12.9,13.162,11.987],"arrayvoltage":[16.354,15.380999999999998,18.362000000000002],"chargecurrent":[2.6239999999999997,6.37,9.487],"ledstate":[6.0,6.0,8.0],"loadpower":[7.145156,8.055679999999999,5.903471999999999],"batterytemp":[45.0,48.0,53.0],"triggerrate":[null,null,null],"triggersremaining":[null,null,null],"crcerrors":[null,null,null]}