{"datalatency":[74.13939400000001],"sensoruptime":[15.022777777777778,14.023055555555555,76.74361111111111],"battvoltage":[12.14,12.142999999999999,12.14],"arrayvoltage":[13.043,0.0,17.526],"chargecurrent":[0.005,0.002,8.977],"ledstate":[6.0,6.0,6.0],"loadpower":[23.115968,23.46768,21.808872],"batterytemp":[29.0,29.0,51.0],"triggerrate":[0.0,0.0,3.8],"triggersremaining":[6329.0,6329.0,7026.0],"crcerrors":[0.0,0.0,0.0]}