{"datalatency":[13.24525],"sensoruptime":[350.6877777777778,349.6877777777778,350.6877777777778],"battvoltage":[12.244000000000002,12.265,12.109000000000002],"arrayvoltage":[0.064,0.073,17.633],"chargecurrent":[0.005,0.002,12.229000000000001],"ledstate":[6.0,6.0,6.0],"loadpower":[23.883228,24.016842,21.612250999999997],"batterytemp":[25.0,26.0,44.0],"triggerrate":[0.0,0.0,1.2000000000000002],"triggersremaining":[12619.0,12619.0,12625.0],"crcerrors":[0.0,0.0,2.0]}