{"datalatency":[23.260682000000003],"sensoruptime":[20.017777777777777,19.020833333333332,null],"battvoltage":[12.597999999999999,13.052,12.07],"arrayvoltage":[15.091,16.116,18.872],"chargecurrent":[0.435,2.45,10.158],"ledstate":[6.0,6.0,8.0],"loadpower":[24.251418,25.071712000000005,8.28036],"batterytemp":[41.0,46.0,50.0],"triggerrate":[0.0,0.0,null],"triggersremaining":[22430.0,22430.0,null],"crcerrors":[null,null,0.0]}