{"datalatency":[15.749909],"sensoruptime":[416.17805555555555,415.17833333333334,416.17805555555555],"battvoltage":[12.982000000000001,12.520999999999999,12.020999999999999],"arrayvoltage":[14.749,15.68,18.317],"chargecurrent":[6.066,1.841,9.984],"ledstate":[6.0,6.0,8.0],"loadpower":[23.596518,23.029069,20.983984000000003],"batterytemp":[55.0,48.0,55.0],"triggerrate":[0.0,0.0,1.2000000000000002],"triggersremaining":[12596.0,12597.0,12602.0],"crcerrors":[0.0,0.0,2.0]}