{"datalatency":[11.457036],"sensoruptime":[10.95138888888889,9.95138888888889,null],"battvoltage":[12.567,12.9,11.798],"arrayvoltage":[17.334,16.016,17.730999999999998],"chargecurrent":[2.261,4.788,10.419],"chargestate":[5.0,5.0,5.0],"loadpower":[23.828259000000003,23.216336,6.167125],"batterytemp":[48.0,49.0,49.0],"triggerrate":[2.4000000000000004,0.0,null],"triggersremaining":[21420.0,21424.0,null],"crcerrors":[0.0,0.0,0.0]}