{"datalatency":[37.640891],"sensoruptime":[3.381111111111111,2.397777777777778,5.173333333333333],"battvoltage":[14.465,14.557,10.287],"arrayvoltage":[41.821000000000005,42.59,43.448],"chargecurrent":[3.022,3.298,5.0760000000000005],"chargestate":[8.0,8.0,8.0],"loadpower":[11.495868000000002,10.890776,0.0],"batterytemp":[25.0,23.0,27.0],"triggerrate":[0.2,0.0,2.8],"triggersremaining":[11633.0,11636.0,11687.0],"crcerrors":[0.0,0.0,0.0]}