{"datalatency":[20.924043],"sensoruptime":[47.846944444444446,46.84722222222222,47.846944444444446],"battvoltage":[11.908,11.929,11.902000000000001],"arrayvoltage":[0.0,0.0,17.78],"chargecurrent":[0.005,0.005,7.774],"ledstate":[8.0,8.0,8.0],"loadpower":[23.978898,24.178768,22.552155],"batterytemp":[27.0,28.0,40.0],"triggerrate":[0.0,0.0,2.4000255842727283],"triggersremaining":[22307.0,22313.0,22429.0],"crcerrors":[null,null,0.0]}