{"datalatency":[38.000897],"sensoruptime":[0.35,0.5594444444444444,3.008888888888889],"battvoltage":[12.222000000000001,12.225,10.269],"arrayvoltage":[32.721,32.379,43.57899999999999],"chargecurrent":[0.531,0.41100000000000003,2.546],"chargestate":[5.0,5.0,7.0],"loadpower":[13.520928,14.167103999999998,0.0],"batterytemp":[13.0,12.0,24.0],"triggerrate":[0.0,0.0,58.6],"triggersremaining":[0.0,0.0,10918.0],"crcerrors":[27.0,0.0,20.0]}