{"datalatency":[16.06199],"sensoruptime":[137.21694444444444,136.21722222222223,137.21694444444444],"battvoltage":[11.950999999999999,11.954,11.948],"arrayvoltage":[0.021,0.0,16.898],"chargecurrent":[0.002,0.002,10.972000000000001],"ledstate":[8.0,8.0,8.0],"loadpower":[23.988575,23.726780000000005,21.720998],"batterytemp":[29.0,30.0,42.0],"triggerrate":[0.0,0.0,3.6],"triggersremaining":[12946.0,12946.0,13079.0],"crcerrors":[0.0,0.0,2.0]}