{"datalatency":[17.941444],"sensoruptime":[205.0102777777778,204.02722222222224,205.0102777777778],"battvoltage":[12.07,12.097000000000001,12.064],"arrayvoltage":[0.0,0.0,17.969],"chargecurrent":[0.005,0.002,8.96],"ledstate":[8.0,8.0,8.0],"loadpower":[23.547653999999998,23.818704,21.987524],"batterytemp":[30.0,31.0,57.0],"triggerrate":[0.0,0.2,2.4],"triggersremaining":[5632.0,5632.0,5813.0],"crcerrors":[0.0,0.0,0.0]}