{"datalatency":[61.98053],"sensoruptime":[null,null,null],"battvoltage":[13.663,12.708,12.369000000000002],"arrayvoltage":[15.68,16.553,18.118],"chargecurrent":[5.167000000000001,1.4980000000000002,8.373],"ledstate":[6.0,6.0,6.0],"loadpower":[6.779772,8.230300000000002,5.880731999999999],"batterytemp":[36.0,32.0,53.0],"triggerrate":[null,null,null],"triggersremaining":[null,null,null],"crcerrors":[null,null,null]}