{"datalatency":[8.44181],"sensoruptime":[67.75333333333333,66.75361111111111,67.75333333333333],"battvoltage":[12.262,12.299000000000001,12.18],"arrayvoltage":[0.684,0.723,40.146],"chargecurrent":[0.0,0.0,10.228],"chargestate":[3.0,3.0,6.0],"loadpower":[14.187959999999999,13.813767999999998,8.80245],"batterytemp":[15.0,14.0,34.0],"triggerrate":[0.0,0.0,0.2],"triggersremaining":[21643.0,21643.0,21649.0],"crcerrors":[0.0,0.0,0.0]}