{"datalatency":[8.685867],"sensoruptime":[101.91555555555556,100.91555555555556,101.91555555555556],"battvoltage":[13.37,12.958,12.03],"arrayvoltage":[33.258,33.154,41.65],"chargecurrent":[3.16,2.351,11.832],"chargestate":[5.0,5.0,6.0],"loadpower":[14.867823,14.207060000000002,9.0954],"batterytemp":[27.0,26.0,32.0],"triggerrate":[0.2,0.0,0.6],"triggersremaining":[21518.0,21523.0,21610.0],"crcerrors":[0.0,0.0,0.0]}