{"datalatency":[8.742753],"sensoruptime":[106.24805555555555,105.265,106.24805555555555],"battvoltage":[12.475999999999999,12.497,12.03],"arrayvoltage":[0.763,0.943,41.65],"chargecurrent":[0.002,0.0,11.832],"chargestate":[3.0,3.0,6.0],"loadpower":[13.96766,13.846392999999999,8.207364000000002],"batterytemp":[21.0,21.0,32.0],"triggerrate":[0.0,0.0,0.6],"triggersremaining":[21501.0,21502.0,21601.0],"crcerrors":[0.0,0.0,0.0]}