{"datalatency":[35.194631],"sensoruptime":[null,null,null],"battvoltage":[13.015999999999998,13.074000000000002,11.481],"arrayvoltage":[18.604,18.359,19.680999999999997],"chargecurrent":[3.005,3.841,9.955],"chargestate":[5.0,5.0,5.0],"loadpower":[10.806324,10.903948,0.0],"batterytemp":[38.0,36.0,38.0],"triggerrate":[null,null,null],"triggersremaining":[null,null,null],"crcerrors":[null,null,null]}