{"datalatency":[21.521652000000003],"sensoruptime":[21.351111111111113,20.351111111111113,null],"battvoltage":[12.482000000000001,12.543,12.07],"arrayvoltage":[0.6409999999999999,13.62,18.872],"chargecurrent":[0.005,0.191,10.158],"ledstate":[6.0,6.0,8.0],"loadpower":[24.825779,25.055527,8.28036],"batterytemp":[32.0,38.0,50.0],"triggerrate":[0.0,0.0,null],"triggersremaining":[22429.0,22429.0,null],"crcerrors":[null,null,0.0]}