{"datalatency":[5.019821],"sensoruptime":[null,null,12.61],"battvoltage":[12.075999999999999,11.606,11.31],"arrayvoltage":[0.012,0.021,19.949],"chargecurrent":[0.002,0.005,12.057],"ledstate":[10.0,10.0,11.0],"loadpower":[8.480991999999999,7.953484,0.0],"batterytemp":[25.0,25.0,50.0],"triggerrate":[null,null,2.4000000000000004],"triggersremaining":[null,null,14585.0],"crcerrors":[null,null,0.0]}