{"datalatency":[19.701969000000002],"sensoruptime":[null,null,null],"battvoltage":[11.844000000000001,12.119000000000002,11.572000000000001],"arrayvoltage":[16.312,17.191,18.805],"chargecurrent":[0.527,1.7180000000000002,5.67],"chargestate":[5.0,5.0,6.0],"loadpower":[7.058331,8.908856,6.509968999999999],"batterytemp":[24.0,26.0,40.0],"triggerrate":[null,null,null],"triggersremaining":[null,null,null],"crcerrors":[null,null,null]}