{"datalatency":[8.471587000000001],"sensoruptime":[77.75194444444445,76.75222222222222,77.75194444444445],"battvoltage":[12.717,14.035,12.183],"arrayvoltage":[32.477,33.643,38.708],"chargecurrent":[1.355,8.491,8.752],"chargestate":[5.0,5.0,6.0],"loadpower":[13.979784,11.191200000000002,9.957479999999999],"batterytemp":[29.0,33.0,34.0],"triggerrate":[0.0,0.0,0.6],"triggersremaining":[21610.0,21615.0,21646.0],"crcerrors":[0.0,0.0,0.0]}