{"datalatency":[37.583827],"sensoruptime":[null,null,null],"battvoltage":[12.344000000000001,12.344000000000001,10.287],"arrayvoltage":[0.742,0.812,38.15],"chargecurrent":[0.0,0.0,3.1860000000000004],"chargestate":[3.0,3.0,6.0],"loadpower":[0.0,0.0,0.0],"batterytemp":[16.0,17.0,27.0],"triggerrate":[null,null,null],"triggersremaining":[null,null,null],"crcerrors":[0.0,null,0.0]}