{"datalatency":[8.612049],"sensoruptime":[80.585,79.60166666666667,80.585],"battvoltage":[12.450999999999999,12.527000000000001,12.183],"arrayvoltage":[10.132,21.581999999999997,38.708],"chargecurrent":[0.0,0.012,8.752],"chargestate":[3.0,5.0,6.0],"loadpower":[13.865184,13.646724,9.957479999999999],"batterytemp":[20.0,22.0,34.0],"triggerrate":[0.0,0.0,0.6],"triggersremaining":[21603.0,21604.0,21645.0],"crcerrors":[0.0,0.0,0.0]}