{"datalatency":[62.875888],"sensoruptime":[14.321388888888889,13.321388888888889,null],"battvoltage":[12.408,12.442,12.405],"arrayvoltage":[0.018000000000000002,0.015,19.229],"chargecurrent":[0.005,0.005,8.175],"ledstate":[6.0,6.0,6.0],"loadpower":[23.05098,23.472342,6.0236],"batterytemp":[31.0,32.0,54.0],"triggerrate":[0.0,0.0,null],"triggersremaining":[7056.0,7056.0,null],"crcerrors":[0.0,0.0,0.0]}