{"datalatency":[8.587553],"sensoruptime":[59.588055555555556,58.60472222222222,59.588055555555556],"battvoltage":[12.524000000000001,12.543,12.18],"arrayvoltage":[0.568,0.555,40.146],"chargecurrent":[0.0,0.0,10.228],"chargestate":[3.0,3.0,6.0],"loadpower":[13.796688000000001,13.665330000000003,8.80245],"batterytemp":[18.0,19.0,34.0],"triggerrate":[0.0,0.0,0.2],"triggersremaining":[21645.0,21645.0,21653.0],"crcerrors":[0.0,0.0,0.0]}