{"datalatency":[25.964100000000002],"sensoruptime":[4.7027777777777775,3.7202777777777776,null],"battvoltage":[12.222000000000001,12.299000000000001,12.075999999999999],"arrayvoltage":[12.817,27.737,42.218],"chargecurrent":[0.0,0.469,2.839],"chargestate":[5.0,5.0,7.0],"loadpower":[14.167103999999998,13.733856,0.0],"batterytemp":[25.0,26.0,32.0],"triggerrate":[23.8,16.4,null],"triggersremaining":[14967.0,16111.0,null],"crcerrors":[0.0,0.0,2.0]}