{"datalatency":[4.551921],"sensoruptime":[48.945277777777775,47.945277777777775,48.945277777777775],"battvoltage":[11.53,11.597000000000001,11.511],"arrayvoltage":[16.016,16.019000000000002,17.334],"chargecurrent":[0.389,0.43700000000000006,11.398],"chargestate":[5.0,5.0,6.0],"loadpower":[23.403642,23.402544000000002,21.713829000000004],"batterytemp":[27.0,27.0,52.0],"triggerrate":[0.0,0.0,6.0],"triggersremaining":[20759.0,20760.0,21158.0],"crcerrors":[0.0,0.0,1.0]}