{"datalatency":[7.677176],"sensoruptime":[215.39805555555554,214.415,215.39805555555554],"battvoltage":[12.183,12.192,12.130999999999998],"arrayvoltage":[24.17,12.802,41.711000000000006],"chargecurrent":[0.017,0.0,9.777000000000001],"chargestate":[5.0,3.0,6.0],"loadpower":[14.124109999999998,14.167103999999998,9.02565],"batterytemp":[12.0,11.0,34.0],"triggerrate":[0.0,0.0,0.8],"triggersremaining":[20290.0,20291.0,20355.0],"crcerrors":[0.0,0.0,0.0]}