{"datalatency":[19.101787],"sensoruptime":[175.34833333333333,174.36527777777778,175.34833333333333],"battvoltage":[12.253,12.292,12.200999999999999],"arrayvoltage":[0.021,0.015,17.969],"chargecurrent":[0.005,0.005,9.81],"ledstate":[6.0,6.0,6.0],"loadpower":[23.918913999999997,23.7618,21.942296000000002],"batterytemp":[32.0,34.0,52.0],"triggerrate":[0.0,0.0,6.4],"triggersremaining":[5815.0,5815.0,6177.0],"crcerrors":[0.0,0.0,0.0]}