{"datalatency":[12.204016000000001],"sensoruptime":[29.066666666666666,28.066666666666666,29.066666666666666],"battvoltage":[12.445,12.634,12.033],"arrayvoltage":[15.524000000000001,16.354,17.38],"chargecurrent":[2.1790000000000003,3.9789999999999996,10.26],"ledstate":[8.0,8.0,8.0],"loadpower":[22.889153,22.005684,21.514706],"batterytemp":[47.0,42.0,51.0],"triggerrate":[0.0,0.0,20.400000000000002],"triggersremaining":[13509.0,13510.0,14507.0],"crcerrors":[0.0,0.0,2.0]}