{"datalatency":[7.577882000000001],"sensoruptime":[27.06,26.076666666666668,27.06],"battvoltage":[11.609000000000002,11.615,11.606],"arrayvoltage":[0.9740000000000001,1.022,34.238],"chargecurrent":[0.0,0.0,1.4709999999999999],"chargestate":[3.0,3.0,5.0],"loadpower":[14.290954,14.267792,13.408536],"batterytemp":[17.0,17.0,20.0],"triggerrate":[0.0,0.2,0.8],"triggersremaining":[18555.0,18574.0,18672.0],"crcerrors":[1.0,1.0,4.0]}