{"datalatency":[7.917066],"sensoruptime":[0.021944444444444444,10.767222222222221,null],"battvoltage":[11.110999999999999,11.493,10.944],"arrayvoltage":[0.833,0.754,41.791000000000004],"chargecurrent":[0.0,0.0,2.923],"chargestate":[3.0,3.0,6.0],"loadpower":[13.866084,14.182205000000002,0.0],"batterytemp":[13.0,15.0,32.0],"triggerrate":[null,0.0,null],"triggersremaining":[18372.0,18373.0,null],"crcerrors":[0.0,0.0,0.0]}