{"datalatency":[7.755504],"sensoruptime":[224.89555555555555,223.89694444444444,224.89555555555555],"battvoltage":[12.067,12.088,12.036],"arrayvoltage":[1.2819999999999998,12.674000000000001,36.472],"chargecurrent":[0.0,0.0,3.503],"chargestate":[3.0,5.0,5.0],"loadpower":[15.466259999999998,17.082624,9.995777999999998],"batterytemp":[14.0,15.0,18.0],"triggerrate":[2.4,1.4,4.4],"triggersremaining":[19824.0,19938.0,20349.0],"crcerrors":[0.0,0.0,0.0]}