{"datalatency":[37.680524000000005],"sensoruptime":[null,null,null],"battvoltage":[12.534,12.567,10.665999999999999],"arrayvoltage":[0.6990000000000001,0.613,43.448],"chargecurrent":[0.0,0.0,5.0760000000000005],"chargestate":[3.0,3.0,8.0],"loadpower":[0.0,0.0,0.0],"batterytemp":[12.0,12.0,26.0],"triggerrate":[null,null,null],"triggersremaining":[null,null,null],"crcerrors":[0.0,null,0.0]}