{"datalatency":[8.049281],"sensoruptime":[18.755277777777778,17.771944444444443,null],"battvoltage":[12.668,12.145999999999999,12.07],"arrayvoltage":[19.394000000000002,12.784,44.162],"chargecurrent":[2.21,0.0,2.483],"chargestate":[5.0,5.0,7.0],"loadpower":[13.773396,14.0534,0.0],"batterytemp":[3.0,0.0,19.0],"triggerrate":[0.2,0.0,null],"triggersremaining":[22269.0,22271.0,null],"crcerrors":[0.0,0.0,0.0]}