{"datalatency":[8.279290000000001],"sensoruptime":[98.74416666666667,97.74444444444444,98.74416666666667],"battvoltage":[11.800999999999998,11.800999999999998,11.798],"arrayvoltage":[25.146,27.151,34.863],"chargecurrent":[0.065,0.203,1.423],"chargestate":[5.0,5.0,5.0],"loadpower":[13.701444,13.746840000000002,12.913230000000002],"batterytemp":[13.0,13.0,16.0],"triggerrate":[0.0,0.0,0.8],"triggersremaining":[21953.0,21953.0,22076.0],"crcerrors":[0.0,0.0,0.0]}