{"datalatency":[23.500222],"sensoruptime":[7.046944444444445,6.0472222222222225,57.48722222222222],"battvoltage":[11.99,12.064,11.639000000000001],"arrayvoltage":[13.232000000000001,14.45,17.242],"chargecurrent":[0.10099999999999999,0.495,12.284],"ledstate":[8.0,8.0,10.0],"loadpower":[23.985925,25.213188000000002,6.942914999999999],"batterytemp":[28.0,31.0,48.0],"triggerrate":[0.0,1.2000000000000002,7.200004464002768],"triggersremaining":[22170.0,22172.0,22317.0],"crcerrors":[null,null,0.0]}