{"datalatency":[8.262832000000001],"sensoruptime":[101.91055555555556,100.92722222222223,101.91055555555556],"battvoltage":[11.725,11.745999999999999,11.725],"arrayvoltage":[1.1540000000000001,1.129,34.863],"chargecurrent":[0.0,0.0,1.423],"chargestate":[3.0,3.0,5.0],"loadpower":[14.465478000000003,13.658376000000004,12.790060000000002],"batterytemp":[13.0,13.0,16.0],"triggerrate":[0.4,0.0,0.8],"triggersremaining":[21946.0,21952.0,22050.0],"crcerrors":[0.0,0.0,0.0]}