{"datalatency":[15.449785],"sensoruptime":[51.78638888888889,50.78666666666667,51.78638888888889],"battvoltage":[12.517999999999999,12.405,11.499],"arrayvoltage":[15.036,16.262999999999998,18.410999999999998],"chargecurrent":[7.351,6.245,11.398],"ledstate":[10.0,10.0,10.0],"loadpower":[22.805801000000002,22.256819,21.727188],"batterytemp":[44.0,36.0,52.0],"triggerrate":[0.0,0.0,6.0],"triggersremaining":[20759.0,20759.0,21111.0],"crcerrors":[0.0,0.0,1.0]}