{"datalatency":[8.269991000000001],"sensoruptime":[0.09666666666666666,null,null],"battvoltage":[12.72,12.125,11.478],"arrayvoltage":[27.49,18.793,37.939],"chargecurrent":[6.699,1.1740000000000002,6.699],"chargestate":[5.0,5.0,5.0],"loadpower":[14.71924,0.0,0.0],"batterytemp":[18.0,13.0,27.0],"triggerrate":[0.0,null,null],"triggersremaining":[21746.0,null,null],"crcerrors":[0.0,0.0,0.0]}