{"datalatency":[31.301437000000004],"sensoruptime":[4.499722222222222,3.499722222222222,152.8761111111111],"battvoltage":[12.064,12.335,11.453],"arrayvoltage":[17.09,17.38,18.973],"chargecurrent":[2.186,4.638,14.731],"chargestate":[5,5,6],"loadpower":[26.234208000000002,26.690938999999997,0.0],"batterytemp":[25,29,39],"triggerrate":[null,null,null],"triggersremaining":[14672.0,14673.0,15185.0],"crcerrors":[null,null,0.0]}