{"datalatency":[16.846461],"sensoruptime":[158.71305555555554,157.71333333333334,158.71305555555554],"battvoltage":[11.950999999999999,11.987,11.870999999999999],"arrayvoltage":[0.021,0.067,17.245],"chargecurrent":[0.005,0.005,12.144],"ledstate":[8.0,8.0,8.0],"loadpower":[24.192244999999996,23.806387,21.472317999999998],"batterytemp":[30.0,30.0,51.0],"triggerrate":[0.0,0.0,8.4],"triggersremaining":[12705.0,12705.0,12947.0],"crcerrors":[0.0,0.0,2.0]}