{"datalatency":[16.911504],"sensoruptime":[null,null,null],"battvoltage":[12.79,13.022,12.18],"arrayvoltage":[17.288,18.121,19.625999999999998],"chargecurrent":[0.512,1.196,5.361000000000001],"chargestate":[5.0,5.0,6.0],"loadpower":[5.55147,6.93399,4.102919999999999],"batterytemp":[39.0,41.0,45.0],"triggerrate":[null,null,null],"triggersremaining":[null,null,null],"crcerrors":[null,null,null]}