{"datalatency":[76.928781],"sensoruptime":[128.3388888888889,127.35555555555555,128.3388888888889],"battvoltage":[12.439,12.448,12.216],"arrayvoltage":[0.015,0.009000000000000001,18.167],"chargecurrent":[0.005,0.005,7.931],"ledstate":[6.0,6.0,6.0],"loadpower":[23.508504000000002,23.572968,21.885253],"batterytemp":[33.0,34.0,57.0],"triggerrate":[0.0,0.0,0.6],"triggersremaining":[6259.0,6261.0,6291.0],"crcerrors":[0.0,0.0,0.0]}