{"datalatency":[20.695469000000003],"sensoruptime":[13.81638888888889,12.819166666666666,null],"battvoltage":[12.292,12.292,12.286],"arrayvoltage":[0.034,0.021,20.032],"chargecurrent":[0.005,0.005,7.09],"chargestate":[3.0,3.0,7.0],"loadpower":[24.236813,27.703679999999995,11.041264],"batterytemp":[25.0,27.0,47.0],"triggerrate":[null,null,null],"triggersremaining":[22490.0,22490.0,null],"crcerrors":[null,null,0.0]}