{"datalatency":[7.792324000000001],"sensoruptime":[2.897222222222222,1.9141666666666666,227.69416666666666],"battvoltage":[11.975,11.99,11.96],"arrayvoltage":[0.983,0.9159999999999999,36.472],"chargecurrent":[0.0,0.0,3.503],"chargestate":[3.0,3.0,5.0],"loadpower":[13.921440000000002,14.224007,9.995777999999998],"batterytemp":[15.0,15.0,18.0],"triggerrate":[0.2,0.2,24.0],"triggersremaining":[18673.0,18683.0,20338.0],"crcerrors":[2.0,0.0,3.0]}