{"datalatency":[75.676884],"sensoruptime":[127.67222222222222,126.6725,127.67222222222222],"battvoltage":[12.445,12.469000000000001,12.216],"arrayvoltage":[0.012,0.0,18.167],"chargecurrent":[0.002,0.012,7.931],"ledstate":[6.0,6.0,6.0],"loadpower":[23.970824,24.269216,21.885253],"batterytemp":[34.0,35.0,57.0],"triggerrate":[0.0,0.2,0.6],"triggersremaining":[6261.0,6263.0,6292.0],"crcerrors":[0.0,0.0,0.0]}