{"datalatency":[12.385663000000001],"sensoruptime":[28.279166666666665,27.282222222222224,28.279166666666665],"battvoltage":[11.786,11.755,11.682],"arrayvoltage":[16.797,16.019000000000002,17.526],"chargecurrent":[1.4909999999999999,0.7879999999999999,10.419],"chargestate":[5.0,5.0,6.0],"loadpower":[23.069143999999998,26.395199999999996,21.71104],"batterytemp":[31.0,32.0,49.0],"triggerrate":[1.2000000000000002,1.2000000000000002,8.4],"triggersremaining":[21080.0,21142.0,21429.0],"crcerrors":[0.0,0.0,0.0]}