{"datalatency":[51.556456000000004],"sensoruptime":[null,null,null],"battvoltage":[12.655999999999999,12.674000000000001,12.520999999999999],"arrayvoltage":[0.021,0.021,20.914],"chargecurrent":[0.005,0.005,4.172],"ledstate":[6.0,6.0,6.0],"loadpower":[7.278925,7.521228,5.666772999999999],"batterytemp":[31.0,32.0,46.0],"triggerrate":[null,null,null],"triggersremaining":[null,null,null],"crcerrors":[null,null,null]}