{"datalatency":[63.452756],"sensoruptime":[null,null,null],"battvoltage":[13.705,13.765999999999998,12.177],"arrayvoltage":[14.844000000000001,15.842,18.215999999999998],"chargecurrent":[6.225,6.641,8.373],"ledstate":[3.0,3.0,6.0],"loadpower":[7.481292000000001,7.263170000000001,5.838796],"batterytemp":[51.0,49.0,51.0],"triggerrate":[null,null,null],"triggersremaining":[null,null,null],"crcerrors":[null,null,null]}