{"datalatency":[19.695314],"sensoruptime":[242.20083333333332,241.20388888888888,242.20083333333332],"battvoltage":[12.823,12.207,12.073],"arrayvoltage":[16.012999999999998,17.133,18.073],"chargecurrent":[6.143,1.7080000000000002,8.75],"ledstate":[8.0,8.0,8.0],"loadpower":[24.1703,22.250312,21.252608000000002],"batterytemp":[38.0,28.0,52.0],"triggerrate":[0.0,0.0,1.2000000000000002],"triggersremaining":[12676.0,12676.0,12683.0],"crcerrors":[0.0,0.0,2.0]}