{"datalatency":[47.386036000000004],"sensoruptime":[null,null,null],"battvoltage":[12.912,13.147,12.28],"arrayvoltage":[26.898000000000003,29.541,44.098],"chargecurrent":[0.162,0.374,4.486000000000001],"chargestate":[5.0,5.0,8.0],"loadpower":[0.0,0.0,0.0],"batterytemp":[17.0,20.0,24.0],"triggerrate":[null,null,null],"triggersremaining":[null,null,null],"crcerrors":[null,null,null]}