{"datalatency":[60.356922000000004],"sensoruptime":[14.7125,13.7125,null],"battvoltage":[12.216,12.253,12.216],"arrayvoltage":[0.0,0.018000000000000002,19.632],"chargecurrent":[0.005,0.005,7.9],"ledstate":[6.0,6.0,6.0],"loadpower":[23.492700000000003,23.596131000000003,5.802676],"batterytemp":[29.0,30.0,49.0],"triggerrate":[0.0,0.0,null],"triggersremaining":[22328.0,22328.0,null],"crcerrors":[0.0,0.0,0.0]}