{"datalatency":[8.154691],"sensoruptime":[6.7844444444444445,5.801388888888889,114.10888888888888],"battvoltage":[11.761,11.792,11.469000000000001],"arrayvoltage":[0.708,0.7140000000000001,35.4],"chargecurrent":[0.0,0.0,6.643],"chargestate":[3.0,3.0,5.0],"loadpower":[13.658376000000004,13.654359999999999,0.0],"batterytemp":[18.0,18.0,27.0],"triggerrate":[0.2,0.2,0.8],"triggersremaining":[21904.0,21913.0,21948.0],"crcerrors":[0.0,0.0,0.0]}