{"datalatency":[10.272397],"sensoruptime":[null,null,null],"battvoltage":[14.658,12.912,12.735],"arrayvoltage":[36.795,26.999000000000002,44.205],"chargecurrent":[0.34299999999999997,0.157,0.563],"chargestate":[6.0,5.0,7.0],"loadpower":[0.0,0.0,0.0],"batterytemp":[13.0,11.0,18.0],"triggerrate":[null,null,null],"triggersremaining":[null,null,null],"crcerrors":[null,null,null]}