{"datalatency":[11.267755000000001],"sensoruptime":[11.632777777777777,10.633055555555556,null],"battvoltage":[11.815999999999999,11.870999999999999,11.569],"arrayvoltage":[0.021,0.021,19.736],"chargecurrent":[0.002,0.005,12.392999999999999],"chargestate":[3.0,3.0,6.0],"loadpower":[23.459953,23.445009000000002,6.808707000000001],"batterytemp":[24.0,24.0,44.0],"triggerrate":[0.0,0.0,null],"triggersremaining":[22152.0,22160.0,null],"crcerrors":[0.0,0.0,0.0]}