{"datalatency":[63.574718000000004],"sensoruptime":[0.8811111111111111,null,null],"battvoltage":[13.687000000000001,14.044,12.369000000000002],"arrayvoltage":[17.609,19.199,19.632],"chargecurrent":[5.375,4.88,8.035],"ledstate":[5.0,5.0,6.0],"loadpower":[22.925976000000002,6.435099000000001,5.802676],"batterytemp":[45.0,40.0,53.0],"triggerrate":[0.4,null,null],"triggersremaining":[22494.0,null,null],"crcerrors":[0.0,0.0,0.0]}