{"datalatency":[9.229399],"sensoruptime":[4.1722222222222225,3.1725,6.051944444444445],"battvoltage":[12.405,13.742,11.285],"arrayvoltage":[15.475,19.092,19.519000000000002],"chargecurrent":[1.921,3.029,9.745],"ledstate":[6.0,5.0,11.0],"loadpower":[26.927313000000005,25.827692,0.0],"batterytemp":[44.0,43.0,51.0],"triggerrate":[0.0,0.0,1.2000000000000002],"triggersremaining":[14566.0,14567.0,14570.0],"crcerrors":[0.0,0.0,0.0]}