{"datalatency":[30.909009],"sensoruptime":[28.81388888888889,27.816666666666666,28.81388888888889],"battvoltage":[13.205,13.684000000000001,12.064],"arrayvoltage":[16.452,17.859,19.925],"chargecurrent":[4.457,9.607999999999999,11.344000000000001],"chargestate":[5.0,6.0,7.0],"loadpower":[23.561169999999997,23.947026000000005,22.619726999999994],"batterytemp":[44.0,45.0,47.0],"triggerrate":[null,null,null],"triggersremaining":[22486.0,22487.0,22492.0],"crcerrors":[null,null,0.0]}