{"datalatency":[15.384651000000002],"sensoruptime":[null,null,7.133055555555556],"battvoltage":[13.87,13.162,11.328],"arrayvoltage":[19.305,16.608,19.949],"chargecurrent":[2.7319999999999998,2.471,12.057],"ledstate":[5.0,6.0,10.0],"loadpower":[6.842880000000001,8.291970999999998,5.908896],"batterytemp":[39.0,32.0,50.0],"triggerrate":[null,null,1.2000000000000002],"triggersremaining":[null,null,14572.0],"crcerrors":[null,null,0.0]}