{"datalatency":[7.511621000000001],"sensoruptime":[5.396944444444444,4.413611111111111,227.69416666666666],"battvoltage":[11.914000000000001,11.954,11.914000000000001],"arrayvoltage":[0.867,0.958,36.472],"chargecurrent":[0.0,0.0,3.503],"chargestate":[3.0,3.0,5.0],"loadpower":[13.872129000000001,13.878372000000002,9.995777999999998],"batterytemp":[16.0,16.0,18.0],"triggerrate":[0.2,0.2,24.0],"triggersremaining":[18659.0,18664.0,20332.0],"crcerrors":[2.0,0.0,3.0]}