{"datalatency":[21.393161000000003],"sensoruptime":[null,null,null],"battvoltage":[11.713,11.731,11.572000000000001],"arrayvoltage":[0.128,12.332,19.342],"chargecurrent":[0.005,0.006999999999999999,5.67],"chargestate":[3.0,5.0,6.0],"loadpower":[9.016074,8.969859999999999,6.509968999999999],"batterytemp":[18.0,21.0,26.0],"triggerrate":[null,null,null],"triggersremaining":[null,null,null],"crcerrors":[null,null,null]}