{"datalatency":[15.177581000000002],"sensoruptime":[null,61.45166666666667,61.55722222222222],"battvoltage":[12.234000000000002,12.177,11.499],"arrayvoltage":[0.021,0.021,18.410999999999998],"chargecurrent":[0.005,0.002,12.030999999999999],"ledstate":[8.0,8.0,10.0],"loadpower":[7.979176,23.658980000000003,7.393564],"batterytemp":[30.0,33.0,56.0],"triggerrate":[null,0.0,2.4000000000000004],"triggersremaining":[null,20754.0,20791.0],"crcerrors":[0.0,null,1.0]}