{"datalatency":[16.546274],"sensoruptime":[null,null,null],"battvoltage":[13.585999999999999,12.253,12.18],"arrayvoltage":[17.914,16.945999999999998,19.4],"chargecurrent":[5.297999999999999,0.413,9.955],"chargestate":[5.0,5.0,6.0],"loadpower":[4.887362,5.955552,4.51215],"batterytemp":[18.0,13.0,38.0],"triggerrate":[null,null,null],"triggersremaining":[null,null,null],"crcerrors":[null,null,null]}