{"datalatency":[77.43158100000001],"sensoruptime":[54.516666666666666,53.51694444444445,54.516666666666666],"battvoltage":[12.448,12.482000000000001,12.216],"arrayvoltage":[0.021,8.496,17.917],"chargecurrent":[0.002,0.005,9.262],"ledstate":[6.0,6.0,6.0],"loadpower":[23.908659,24.214798000000002,21.796613999999998],"batterytemp":[33.0,38.0,58.0],"triggerrate":[0.0,0.0,0.2],"triggersremaining":[6319.0,6319.0,6325.0],"crcerrors":[0.0,0.0,0.0]}