{"datalatency":[22.067083],"sensoruptime":[49.013333333333335,48.01361111111111,49.013333333333335],"battvoltage":[11.870999999999999,11.895999999999999,11.847000000000001],"arrayvoltage":[0.0,0.0,17.78],"chargecurrent":[0.005,0.002,7.774],"ledstate":[8.0,8.0,8.0],"loadpower":[23.882460000000002,23.777295000000002,22.552155],"batterytemp":[26.0,27.0,40.0],"triggerrate":[1.200000216000039,1.1999998080000307,6.000001920000614],"triggersremaining":[22248.0,22303.0,22428.0],"crcerrors":[null,null,0.0]}