{"datalatency":[10.717697000000001],"sensoruptime":[null,null,61.55722222222222],"battvoltage":[12.14,12.112,11.499],"arrayvoltage":[16.553,14.453,18.410999999999998],"chargecurrent":[0.406,0.266,12.030999999999999],"ledstate":[8.0,8.0,10.0],"loadpower":[7.216536,8.703359999999998,6.16488],"batterytemp":[28.0,26.0,56.0],"triggerrate":[null,null,1.2000000000000002],"triggersremaining":[null,null,20759.0],"crcerrors":[null,null,1.0]}