{"datalatency":[25.981784],"sensoruptime":[2.371111111111111,1.3725,null],"battvoltage":[13.455,13.513,12.642999999999999],"arrayvoltage":[30.719,38.165,42.218],"chargecurrent":[1.896,1.962,2.839],"chargestate":[7.0,7.0,7.0],"loadpower":[14.756420000000002,14.804939999999998,0.0],"batterytemp":[28.0,31.0,32.0],"triggerrate":[14.8,10.4,null],"triggersremaining":[17352.0,18235.0,null],"crcerrors":[0.0,0.0,2.0]}