{"datalatency":[11.419042000000001],"sensoruptime":[12.382222222222222,11.3825,20.196666666666665],"battvoltage":[11.716,11.761,11.224],"arrayvoltage":[0.107,11.774000000000001,19.736],"chargecurrent":[0.002,0.0,8.165],"ledstate":[8.0,8.0,11.0],"loadpower":[23.358618,23.767832000000002,0.0],"batterytemp":[31.0,35.0,50.0],"triggerrate":[0.0,0.0,1.2000000000000002],"triggersremaining":[14556.0,14557.0,14562.0],"crcerrors":[0.0,0.0,0.0]}