{"datalatency":[17.428098000000002],"sensoruptime":[176.21055555555554,175.21055555555554,176.21055555555554],"battvoltage":[12.787,12.814,11.795],"arrayvoltage":[15.817,15.872,17.245],"chargecurrent":[7.421,8.612,11.315],"ledstate":[8.0,8.0,8.0],"loadpower":[22.737329999999996,23.263275,21.720450999999997],"batterytemp":[51.0,51.0,51.0],"triggerrate":[0.0,1.2000000000000002,8.4],"triggersremaining":[12694.0,12697.0,12835.0],"crcerrors":[0.0,0.0,2.0]}