{"datalatency":[7.953597],"sensoruptime":[38.76361111111111,37.78055555555556,38.76361111111111],"battvoltage":[11.923,11.954,11.49],"arrayvoltage":[0.726,0.745,42.148],"chargecurrent":[0.0,0.0,12.352],"chargestate":[3.0,3.0,6.0],"loadpower":[13.812694,13.914141,8.277874],"batterytemp":[8.0,9.0,29.0],"triggerrate":[0.0,0.0,0.4],"triggersremaining":[18417.0,18417.0,18426.0],"crcerrors":[0.0,0.0,0.0]}