{"datalatency":[19.578030000000002],"sensoruptime":[234.03527777777776,233.03555555555556,234.03527777777776],"battvoltage":[12.177,12.207,11.950999999999999],"arrayvoltage":[0.0,0.061,18.372],"chargecurrent":[0.002,0.005,8.75],"ledstate":[6.0,6.0,8.0],"loadpower":[23.269732000000005,23.269732000000005,21.252608000000002],"batterytemp":[24.0,24.0,52.0],"triggerrate":[0.0,0.0,1.2000000000000002],"triggersremaining":[12678.0,12678.0,12685.0],"crcerrors":[0.0,0.0,2.0]}