{"datalatency":[7.588592],"sensoruptime":[173.9038888888889,172.92055555555555,173.9038888888889],"battvoltage":[14.304,14.328,12.183],"arrayvoltage":[42.535,41.949,43.121],"chargecurrent":[2.947,3.1860000000000004,10.794],"chargestate":[6.0,6.0,6.0],"loadpower":[13.284786,10.746539999999998,8.98432],"batterytemp":[25.0,24.0,30.0],"triggerrate":[0.0,0.0,0.8],"triggersremaining":[20368.0,20368.0,20436.0],"crcerrors":[0.0,0.0,0.0]}