{"datalatency":[7.644777],"sensoruptime":[204.23305555555555,203.23305555555555,204.23305555555555],"battvoltage":[12.491,12.517999999999999,12.106],"arrayvoltage":[0.65,0.711,41.711000000000006],"chargecurrent":[0.0,0.0,9.777000000000001],"chargestate":[3.0,3.0,6.0],"loadpower":[13.880440000000002,13.671718,9.02565],"batterytemp":[12.0,12.0,34.0],"triggerrate":[0.0,0.0,0.4],"triggersremaining":[20344.0,20349.0,20363.0],"crcerrors":[0.0,0.0,0.0]}