{"datalatency":[37.790852],"sensoruptime":[null,null,3.008888888888889],"battvoltage":[12.600999999999999,12.520999999999999,10.460999999999999],"arrayvoltage":[25.293000000000003,13.097999999999999,43.57899999999999],"chargecurrent":[0.068,0.0,2.897],"chargestate":[5.0,5.0,7.0],"loadpower":[0.0,0.0,0.0],"batterytemp":[13.0,13.0,24.0],"triggerrate":[0.0,null,58.6],"triggersremaining":[null,null,11441.0],"crcerrors":[28.0,0.0,20.0]}