{"datalatency":[12.297279000000001],"sensoruptime":[11.049166666666666,10.049166666666666,20.196666666666665],"battvoltage":[11.786,11.85,11.224],"arrayvoltage":[12.75,14.456,19.736],"chargecurrent":[0.08900000000000001,0.58,8.165],"ledstate":[8.0,8.0,11.0],"loadpower":[23.580804999999998,24.275192,0.0],"batterytemp":[37.0,47.0,50.0],"triggerrate":[0.0,0.0,1.2000000000000002],"triggersremaining":[14557.0,14557.0,14562.0],"crcerrors":[0.0,0.0,0.0]}