{"datalatency":[8.549652],"sensoruptime":[49.089444444444446,48.10611111111111,49.089444444444446],"battvoltage":[14.175,13.147,12.18],"arrayvoltage":[39.774,38.086,41.489],"chargecurrent":[8.296,4.042,10.228],"chargestate":[6.0,5.0,6.0],"loadpower":[9.144952,9.446638,9.02565],"batterytemp":[29.0,22.0,35.0],"triggerrate":[0.0,0.0,0.2],"triggersremaining":[21647.0,21647.0,21656.0],"crcerrors":[0.0,0.0,0.0]}