{"datalatency":[16.863517],"sensoruptime":[163.54583333333332,162.54583333333332,163.54583333333332],"battvoltage":[11.835,11.85,11.835],"arrayvoltage":[0.0,0.0,17.245],"chargecurrent":[0.005,0.005,12.144],"ledstate":[8.0,8.0,8.0],"loadpower":[23.622354000000005,23.646,21.472317999999998],"batterytemp":[30.0,30.0,51.0],"triggerrate":[0.0,0.0,8.4],"triggersremaining":[12704.0,12704.0,12946.0],"crcerrors":[0.0,0.0,2.0]}