{"datalatency":[8.452218],"sensoruptime":[null,null,null],"battvoltage":[12.755999999999998,12.759,12.530999999999999],"arrayvoltage":[1.0959999999999999,1.08,40.985],"chargecurrent":[0.002,0.0,1.911],"chargestate":[3.0,3.0,6.0],"loadpower":[0.0,0.0,0.0],"batterytemp":[20.0,20.0,26.0],"triggerrate":[null,null,null],"triggersremaining":[null,null,null],"crcerrors":[null,null,null]}