{"datalatency":[20.258496],"sensoruptime":[323.14972222222224,322.15,323.14972222222224],"battvoltage":[11.987,12.027000000000001,11.987],"arrayvoltage":[0.0,0.003,18.167],"chargecurrent":[0.005,0.002,9.62],"ledstate":[8.0,8.0,8.0],"loadpower":[24.009874999999997,23.567544,22.125905999999997],"batterytemp":[29.0,29.0,55.0],"triggerrate":[0.0,0.0,14.8],"triggersremaining":[1909.0,1909.0,3213.0],"crcerrors":[0.0,0.0,0.0]}