{"datalatency":[7.915183000000001],"sensoruptime":[10.768055555555556,9.784722222222221,31.859444444444446],"battvoltage":[11.899000000000001,11.914000000000001,11.465],"arrayvoltage":[1.065,1.062,42.996],"chargecurrent":[0.0,0.0,15.002],"chargestate":[3.0,3.0,6.0],"loadpower":[13.776672,13.979111999999999,0.0],"batterytemp":[7.0,8.0,28.0],"triggerrate":[0.0,0.0,2.0],"triggersremaining":[18429.0,18429.0,18579.0],"crcerrors":[1.0,0.0,4.0]}