{"datalatency":[8.059497],"sensoruptime":[null,null,5.101944444444444],"battvoltage":[12.725999999999999,12.604000000000001,11.362],"arrayvoltage":[28.961,22.705,43.015],"chargecurrent":[0.447,0.024,3.5439999999999996],"chargestate":[5.0,5.0,6.0],"loadpower":[0.0,0.0,0.0],"batterytemp":[20.0,19.0,27.0],"triggerrate":[null,null,6.2],"triggersremaining":[null,null,22496.0],"crcerrors":[1.0,null,1.0]}