{"datalatency":[8.042136000000001],"sensoruptime":[27.920555555555556,26.9375,27.920555555555556],"battvoltage":[12.642999999999999,14.468,12.07],"arrayvoltage":[24.362,29.44,41.821000000000005],"chargecurrent":[0.017,2.008,7.474],"chargestate":[5.0,6.0,7.0],"loadpower":[13.776672000000001,14.758702,8.72505],"batterytemp":[15.0,20.0,28.0],"triggerrate":[0.0,0.0,1.4],"triggersremaining":[22255.0,22255.0,22378.0],"crcerrors":[0.0,0.0,0.0]}