{"datalatency":[19.992435],"sensoruptime":[301.8236111111111,300.8238888888889,301.8236111111111],"battvoltage":[12.061,12.07,11.945],"arrayvoltage":[0.0,0.0,17.093],"chargecurrent":[0.005,0.005,10.847000000000001],"ledstate":[8.0,8.0,8.0],"loadpower":[24.024,23.848929,21.841950000000004],"batterytemp":[29.0,30.0,54.0],"triggerrate":[0.0,0.0,1.4],"triggersremaining":[3212.0,3212.0,3277.0],"crcerrors":[0.0,0.0,0.0]}