{"datalatency":[7.1652640000000005],"sensoruptime":[12.214166666666667,11.214166666666667,null],"battvoltage":[12.357000000000001,12.405,12.1],"arrayvoltage":[0.021,0.08199999999999999,18.439],"chargecurrent":[0.002,0.005,9.9],"ledstate":[6.0,6.0,8.0],"loadpower":[24.670951000000002,24.117489,5.933112000000001],"batterytemp":[30.0,32.0,52.0],"triggerrate":[0.0,0.0,null],"triggersremaining":[14663.0,14664.0,null],"crcerrors":[0.0,0.0,0.0]}