{"datalatency":[15.323055],"sensoruptime":[398.3475,397.34777777777776,398.3475],"battvoltage":[12.200999999999999,12.216,12.027000000000001],"arrayvoltage":[0.021,0.107,18.365],"chargecurrent":[0.005,0.002,10.873],"ledstate":[6.0,6.0,8.0],"loadpower":[23.658980000000003,23.553720000000002,21.895564000000004],"batterytemp":[29.0,30.0,52.0],"triggerrate":[0.0,0.0,1.2000000000000002],"triggersremaining":[12601.0,12601.0,12609.0],"crcerrors":[0.0,0.0,2.0]}