{"datalatency":[7.6059030000000005],"sensoruptime":[8.601666666666667,7.618333333333333,31.859444444444446],"battvoltage":[11.96,12.219000000000001,11.465],"arrayvoltage":[12.567,35.891999999999996,42.996],"chargecurrent":[0.0,1.3530000000000002,15.002],"chargestate":[5.0,5.0,6.0],"loadpower":[13.861498,13.772651999999999,0.0],"batterytemp":[9.0,13.0,28.0],"triggerrate":[0.0,0.0,2.0],"triggersremaining":[18429.0,18431.0,18579.0],"crcerrors":[1.0,0.0,4.0]}