{"datalatency":[19.057669],"sensoruptime":[170.01611111111112,169.01611111111112,170.01611111111112],"battvoltage":[12.46,12.520999999999999,12.200999999999999],"arrayvoltage":[15.14,15.380999999999998,17.969],"chargecurrent":[0.821,0.877,9.81],"ledstate":[6.0,6.0,6.0],"loadpower":[24.480577,23.641224,21.942296000000002],"batterytemp":[43.0,48.0,55.0],"triggerrate":[5.2,0.2,6.4],"triggersremaining":[5854.0,5999.0,6188.0],"crcerrors":[0.0,0.0,0.0]}