{"datalatency":[12.914588],"sensoruptime":[51.396388888888886,50.39666666666667,51.396388888888886],"battvoltage":[12.863,12.710999999999999,12.015],"arrayvoltage":[15.872,16.357,17.526],"chargecurrent":[9.31,7.711,10.985],"ledstate":[8.0,8.0,8.0],"loadpower":[22.014452000000002,21.803964,21.262392999999996],"batterytemp":[42.0,35.0,50.0],"triggerrate":[0.0,1.2000000000000002,6.0],"triggersremaining":[13144.0,13151.0,13511.0],"crcerrors":[0.0,0.0,2.0]}