{"datalatency":[18.884149],"sensoruptime":[148.8525,147.8527777777778,148.8525],"battvoltage":[12.479000000000001,12.645999999999999,12.253],"arrayvoltage":[13.513,17.145,18.066],"chargecurrent":[0.159,1.4909999999999999,9.651],"ledstate":[6.0,6.0,6.0],"loadpower":[24.542742,24.103443,22.10415],"batterytemp":[44.0,51.0,55.0],"triggerrate":[0.0,0.0,1.6],"triggersremaining":[6181.0,6185.0,6275.0],"crcerrors":[0.0,0.0,0.0]}