{"datalatency":[11.518264],"sensoruptime":[null,null,12.61],"battvoltage":[12.784,13.547,11.31],"arrayvoltage":[17.462,16.875999999999998,19.949],"chargecurrent":[1.061,4.112,12.057],"ledstate":[6.0,5.0,11.0],"loadpower":[7.395,7.000791,0.0],"batterytemp":[46.0,50.0,50.0],"triggerrate":[null,null,2.4000000000000004],"triggersremaining":[null,null,14614.0],"crcerrors":[null,null,0.0]}