{"datalatency":[49.146595000000005],"sensoruptime":[null,null,20.630555555555556],"battvoltage":[12.048,12.064,11.517000000000001],"arrayvoltage":[0.214,0.052000000000000005,17.145],"chargecurrent":[0.002,0.002,10.335],"ledstate":[8.0,8.0,10.0],"loadpower":[7.54017,7.628282999999999,6.079374],"batterytemp":[30.0,30.0,53.0],"triggerrate":[null,null,1.6],"triggersremaining":[null,null,27.0],"crcerrors":[1.0,null,1.0]}