{"datalatency":[15.990099],"sensoruptime":[419.1777777777778,418.18055555555554,419.1777777777778],"battvoltage":[12.329,12.46,12.020999999999999],"arrayvoltage":[15.335,17.191,18.317],"chargecurrent":[0.324,1.6840000000000002,9.984],"ledstate":[6.0,6.0,8.0],"loadpower":[23.172359999999998,23.610267,20.983984000000003],"batterytemp":[44.0,48.0,57.0],"triggerrate":[0.0,0.0,1.2000000000000002],"triggersremaining":[12596.0,12596.0,12602.0],"crcerrors":[0.0,0.0,2.0]}