{"datalatency":[8.020089],"sensoruptime":[89.41222222222223,88.4125,89.41222222222223],"battvoltage":[11.899000000000001,11.914000000000001,11.899000000000001],"arrayvoltage":[0.858,0.772,35.016],"chargecurrent":[0.0,0.0,2.8360000000000003],"chargestate":[3.0,3.0,5.0],"loadpower":[13.836468000000002,13.812694,13.31694],"batterytemp":[11.0,11.0,20.0],"triggerrate":[0.0,0.4,4.4],"triggersremaining":[21967.0,21970.0,22151.0],"crcerrors":[0.0,0.0,0.0]}