{"datalatency":[37.569666000000005],"sensoruptime":[1.3588888888888888,0.37583333333333335,7.746944444444445],"battvoltage":[11.800999999999998,12.106,10.287],"arrayvoltage":[32.574,32.034,38.15],"chargecurrent":[0.633,0.507,3.1860000000000004],"chargestate":[5.0,5.0,6.0],"loadpower":[13.72322,14.039284,0.0],"batterytemp":[25.0,25.0,27.0],"triggerrate":[0.0,0.0,2.4],"triggersremaining":[11684.0,11685.0,11829.0],"crcerrors":[0.0,0.0,0.0]}