{"datalatency":[8.226715],"sensoruptime":[92.41194444444444,91.42861111111111,92.41194444444444],"battvoltage":[11.877,11.877,11.815999999999999],"arrayvoltage":[32.272,27.103,35.016],"chargecurrent":[0.966,0.18100000000000002,2.8360000000000003],"chargestate":[5.0,5.0,5.0],"loadpower":[13.697635,13.789908000000004,12.913230000000002],"batterytemp":[14.0,12.0,20.0],"triggerrate":[0.2,0.0,4.4],"triggersremaining":[21957.0,21962.0,22132.0],"crcerrors":[0.0,0.0,0.0]}