{"datalatency":[24.334978000000003],"sensoruptime":[38.34861111111111,37.34861111111111,38.34861111111111],"battvoltage":[12.1,12.292,12.064],"arrayvoltage":[14.554,15.575999999999999,18.872],"chargecurrent":[0.28300000000000003,0.7170000000000001,9.112],"ledstate":[8.0,8.0,8.0],"loadpower":[24.846234000000003,23.432682,22.68586],"batterytemp":[30.0,38.0,50.0],"triggerrate":[2.4000028320033415,0.0,2.400006864019631],"triggersremaining":[22386.0,22402.0,22431.0],"crcerrors":[null,null,0.0]}