{"datalatency":[7.639285],"sensoruptime":[196.90055555555554,195.9175,196.90055555555554],"battvoltage":[14.175,14.175,12.106],"arrayvoltage":[40.521,40.564,42.77],"chargecurrent":[2.877,2.909,9.777000000000001],"chargestate":[6.0,6.0,6.0],"loadpower":[11.280932,12.515877,9.02565],"batterytemp":[29.0,29.0,34.0],"triggerrate":[0.0,0.0,0.4],"triggersremaining":[20351.0,20352.0,20368.0],"crcerrors":[0.0,0.0,0.0]}