{"datalatency":[37.761604000000005],"sensoruptime":[0.5802777777777778,0.004722222222222222,null],"battvoltage":[11.603,11.429,10.477],"arrayvoltage":[0.7140000000000001,12.784,43.57899999999999],"chargecurrent":[0.0,0.0,2.897],"chargestate":[3.0,5.0,7.0],"loadpower":[14.267792,13.256796000000003,0.0],"batterytemp":[15.0,17.0,24.0],"triggerrate":[0.0,0.0,null],"triggersremaining":[0.0,0.0,null],"crcerrors":[28.0,0.0,20.0]}