{"datalatency":[8.087504000000001],"sensoruptime":[52.583888888888886,51.58416666666667,52.583888888888886],"battvoltage":[12.628,12.755999999999998,12.115],"arrayvoltage":[0.6559999999999999,31.296,42.861999999999995],"chargecurrent":[0.0,0.33799999999999997,7.356],"chargestate":[3.0,5.0,6.0],"loadpower":[13.74817,13.896792,8.875646],"batterytemp":[15.0,19.0,30.0],"triggerrate":[0.0,0.0,0.6],"triggersremaining":[22207.0,22210.0,22254.0],"crcerrors":[0.0,0.0,0.0]}