{"datalatency":[78.081293],"sensoruptime":[101.00944444444444,100.0261111111111,101.00944444444444],"battvoltage":[12.509,12.530999999999999,12.222000000000001],"arrayvoltage":[13.193,13.821,18.340999999999998],"chargecurrent":[0.019,0.244,7.815],"ledstate":[6.0,6.0,6.0],"loadpower":[23.952949000000004,24.717784,21.964412],"batterytemp":[41.0,49.0,55.0],"triggerrate":[0.0,0.4,0.4],"triggersremaining":[6292.0,6292.0,6303.0],"crcerrors":[0.0,0.0,0.0]}