{"datalatency":[36.834486000000005],"sensoruptime":[null,null,20.630555555555556],"battvoltage":[12.027000000000001,12.027000000000001,11.517000000000001],"arrayvoltage":[0.107,0.214,17.145],"chargecurrent":[0.002,0.002,10.335],"ledstate":[8.0,8.0,10.0],"loadpower":[7.579572000000001,7.8078,6.079374],"batterytemp":[28.0,29.0,53.0],"triggerrate":[null,null,1.6],"triggersremaining":[null,null,27.0],"crcerrors":[1.0,null,1.0]}