{"datalatency":[77.189615],"sensoruptime":[5.357777777777778,4.357777777777778,76.74361111111111],"battvoltage":[12.405,12.482000000000001,12.216],"arrayvoltage":[13.083,16.016,17.526],"chargecurrent":[0.019,0.599,8.977],"ledstate":[6.0,6.0,6.0],"loadpower":[23.534307,23.009448,21.808872],"batterytemp":[36.0,46.0,51.0],"triggerrate":[0.0,0.0,3.8],"triggersremaining":[6332.0,6332.0,7041.0],"crcerrors":[0.0,0.0,0.0]}