{"datalatency":[38.050732],"sensoruptime":[0.15305555555555556,0.5755555555555556,1.1758333333333333],"battvoltage":[14.633,14.41,10.26],"arrayvoltage":[43.213,31.393,43.533],"chargecurrent":[2.505,2.293,3.266],"chargestate":[6.0,5.0,6.0],"loadpower":[13.865984999999998,14.621409000000002,0.0],"batterytemp":[14.0,8.0,19.0],"triggerrate":[0.0,0.0,0.0],"triggersremaining":[0.0,0.0,0.0],"crcerrors":[0.0,0.0,0.0]}