{"datalatency":[17.696502000000002],"sensoruptime":[5.541666666666667,4.541666666666667,49.00611111111111],"battvoltage":[11.615,11.661,11.523],"arrayvoltage":[0.534,12.119000000000002,19.531],"chargecurrent":[0.005,0.0,12.99],"ledstate":[10.0,10.0,10.0],"loadpower":[24.204289999999997,24.069452000000002,5.941168],"batterytemp":[25.0,26.0,41.0],"triggerrate":[0.0,0.0,2.4000000000000004],"triggersremaining":[14592.0,14605.0,14655.0],"crcerrors":[0.0,0.0,0.0]}