{"datalatency":[7.5735790000000005],"sensoruptime":[null,null,12.61],"battvoltage":[13.663,12.784,11.31],"arrayvoltage":[18.768,15.332,19.949],"chargecurrent":[3.2489999999999997,2.1959999999999997,12.057],"ledstate":[5.0,6.0,11.0],"loadpower":[7.177472,7.166427,0.0],"batterytemp":[46.0,41.0,46.0],"triggerrate":[null,null,2.4000000000000004],"triggersremaining":[null,null,14646.0],"crcerrors":[0.0,null,0.0]}