{"datalatency":[9.569737],"sensoruptime":[9.838055555555556,8.838333333333333,9.838055555555556],"battvoltage":[11.874,12.997,11.285],"arrayvoltage":[13.379000000000001,16.653,19.965],"chargecurrent":[0.222,2.474,7.916],"ledstate":[10.0,6.0,11.0],"loadpower":[27.619611000000006,25.727637,0.0],"batterytemp":[42.0,48.0,51.0],"triggerrate":[0.0,0.0,1.2000000000000002],"triggersremaining":[14565.0,14565.0,14568.0],"crcerrors":[0.0,0.0,0.0]}