{"datalatency":[8.712421],"sensoruptime":[96.74944444444445,95.74972222222222,96.74944444444445],"battvoltage":[13.293,12.448,12.03],"arrayvoltage":[34.912,36.722,38.708],"chargecurrent":[7.1579999999999995,2.5,8.752],"chargestate":[5.0,5.0,6.0],"loadpower":[10.549600000000002,13.815774000000003,9.260525999999999],"batterytemp":[29.0,23.0,34.0],"triggerrate":[0.0,0.0,0.6],"triggersremaining":[21534.0,21539.0,21639.0],"crcerrors":[0.0,0.0,0.0]}