{"datalatency":[18.799576000000002],"sensoruptime":[141.68694444444444,140.68694444444444,141.68694444444444],"battvoltage":[13.431,13.210999999999999,12.253],"arrayvoltage":[14.844000000000001,14.7,18.066],"chargecurrent":[8.668,7.053999999999999,9.651],"ledstate":[6.0,6.0,6.0],"loadpower":[23.703252000000003,23.053411999999998,22.084208000000004],"batterytemp":[49.0,49.0,57.0],"triggerrate":[0.0,0.0,0.6],"triggersremaining":[6254.0,6256.0,6283.0],"crcerrors":[0.0,0.0,0.0]}