{"datalatency":[15.332421],"sensoruptime":[402.0136111111111,401.0138888888889,402.0136111111111],"battvoltage":[12.1,12.125,12.027000000000001],"arrayvoltage":[0.0,0.043,18.365],"chargecurrent":[0.002,0.005,10.873],"ledstate":[6.0,6.0,8.0],"loadpower":[23.807709,24.381496,21.895564000000004],"batterytemp":[26.0,27.0,52.0],"triggerrate":[0.0,0.0,1.2000000000000002],"triggersremaining":[12600.0,12600.0,12608.0],"crcerrors":[0.0,0.0,2.0]}