{"datalatency":[15.114348000000001],"sensoruptime":[110.55416666666666,109.55444444444444,110.55416666666666],"battvoltage":[12.238,12.253,12.057],"arrayvoltage":[0.021,0.021,17.825],"chargecurrent":[0.005,0.005,10.327],"ledstate":[6.0,6.0,8.0],"loadpower":[23.797800000000002,23.208935999999998,21.192338],"batterytemp":[31.0,32.0,54.0],"triggerrate":[0.0,0.0,1.2000000000000002],"triggersremaining":[13080.0,13080.0,13088.0],"crcerrors":[0.0,0.0,2.0]}