{"datalatency":[11.736006000000001],"sensoruptime":[13.402222222222223,12.405277777777778,null],"battvoltage":[12.186,12.216,11.264000000000001],"arrayvoltage":[0.107,0.32,19.733],"chargecurrent":[0.002,0.002,9.152999999999999],"ledstate":[6.0,6.0,11.0],"loadpower":[26.566176000000006,26.653536000000003,0.0],"batterytemp":[31.0,33.0,53.0],"triggerrate":[0.0,0.0,null],"triggersremaining":[13517.0,13517.0,null],"crcerrors":[0.0,0.0,2.0]}