{"datalatency":[18.546697],"sensoruptime":[117.19055555555556,116.20722222222223,117.19055555555556],"battvoltage":[13.280999999999999,13.138,12.216],"arrayvoltage":[14.499,14.892999999999999,18.340999999999998],"chargecurrent":[7.2620000000000005,6.332000000000001,7.815],"ledstate":[6.0,6.0,6.0],"loadpower":[23.411808,22.632,21.885253],"batterytemp":[50.0,46.0,55.0],"triggerrate":[0.0,0.0,0.4],"triggersremaining":[6283.0,6284.0,6296.0],"crcerrors":[0.0,0.0,0.0]}