{"datalatency":[7.047248000000001],"sensoruptime":[152.5738888888889,151.57416666666666,152.5738888888889],"battvoltage":[12.604000000000001,12.909,11.868],"arrayvoltage":[13.217,29.044,42.465],"chargecurrent":[0.0,1.157,15.0],"chargestate":[5.0,5.0,6.0],"loadpower":[13.729716000000002,14.114410000000003,8.596613999999999],"batterytemp":[16.0,22.0,33.0],"triggerrate":[0.0,0.4,6.4],"triggersremaining":[20407.0,20417.0,21060.0],"crcerrors":[0.0,0.0,0.0]}