{"datalatency":[24.786478000000002],"sensoruptime":[1.4877777777777779,0.49083333333333334,null],"battvoltage":[13.867,13.208,12.530999999999999],"arrayvoltage":[18.102999999999998,16.748,19.199],"chargecurrent":[4.699,4.522,6.841],"chargestate":[6.0,5.0,6.0],"loadpower":[24.34536,23.430403,11.041264],"batterytemp":[39.0,29.0,39.0],"triggerrate":[null,null,null],"triggersremaining":[22493.0,22494.0,null],"crcerrors":[0.0,null,0.0]}