{"datalatency":[8.230223],"sensoruptime":[null,null,11.33388888888889],"battvoltage":[14.383,14.404000000000002,10.427999999999999],"arrayvoltage":[41.388000000000005,41.821000000000005,43.015],"chargecurrent":[1.4280000000000002,1.7009999999999998,3.5439999999999996],"chargestate":[6.0,6.0,6.0],"loadpower":[0.0,0.0,0.0],"batterytemp":[22.0,21.0,32.0],"triggerrate":[null,null,0.8],"triggersremaining":[null,null,18390.0],"crcerrors":[0.0,null,0.0]}