{"datalatency":[77.730647],"sensoruptime":[1.3583333333333334,0.35833333333333334,76.74361111111111],"battvoltage":[13.327,13.452,12.216],"arrayvoltage":[15.231,15.82,18.146],"chargecurrent":[6.997999999999999,8.477,8.977],"ledstate":[6.0,6.0,6.0],"loadpower":[22.638609,22.567425000000004,21.808872],"batterytemp":[45.0,33.0,55.0],"triggerrate":[0.0,0.0,3.8],"triggersremaining":[6342.0,6345.0,7045.0],"crcerrors":[0.0,0.0,0.0]}