{"datalatency":[11.795984],"sensoruptime":[null,null,18.859444444444446],"battvoltage":[12.14,12.177,11.456],"arrayvoltage":[9.76,14.499,17.825],"chargecurrent":[0.002,0.326,11.344000000000001],"chargestate":[3.0,5.0,6.0],"loadpower":[7.592128,8.928376000000002,0.0],"batterytemp":[29.0,34.0,47.0],"triggerrate":[null,null,9.600000000000001],"triggersremaining":[null,null,22160.0],"crcerrors":[0.0,null,0.0]}