{"datalatency":[10.284646],"sensoruptime":[null,null,0.018333333333333333],"battvoltage":[14.658,14.713,10.595999999999998],"arrayvoltage":[42.471000000000004,42.798,43.89],"chargecurrent":[1.923,2.539,2.597],"chargestate":[6.0,6.0,7.0],"loadpower":[19.309618,18.043557,0.0],"batterytemp":[13.0,11.0,16.0],"triggerrate":[null,0.0,0.0],"triggersremaining":[null,null,0.0],"crcerrors":[0.0,0.0,1.0]}