{"datalatency":[8.356860000000001],"sensoruptime":[null,null,5.101944444444444],"battvoltage":[13.100999999999999,12.619000000000002,11.362],"arrayvoltage":[33.591,26.569000000000003,43.015],"chargecurrent":[1.896,0.184,3.5439999999999996],"chargestate":[5.0,5.0,6.0],"loadpower":[0.0,0.0,0.0],"batterytemp":[20.0,19.0,27.0],"triggerrate":[null,null,6.2],"triggersremaining":[null,null,22496.0],"crcerrors":[1.0,null,1.0]}