{"datalatency":[25.455296],"sensoruptime":[19.851388888888888,18.854166666666668,null],"battvoltage":[12.597999999999999,13.129000000000001,12.07],"arrayvoltage":[15.335,16.016,18.872],"chargecurrent":[0.556,2.662,10.158],"ledstate":[6.0,6.0,8.0],"loadpower":[24.213779999999996,25.937640000000002,7.432594000000002],"batterytemp":[42.0,47.0,50.0],"triggerrate":[0.0,0.0,null],"triggersremaining":[22430.0,22430.0,null],"crcerrors":[null,null,0.0]}