{"datalatency":[7.943615],"sensoruptime":[30.43166666666667,29.448333333333334,30.43166666666667],"battvoltage":[14.215,14.206,11.49],"arrayvoltage":[41.675,41.605,42.148],"chargecurrent":[3.363,3.667,12.352],"chargestate":[6.0,6.0,6.0],"loadpower":[12.265552,9.361736,8.277874],"batterytemp":[28.0,28.0,29.0],"triggerrate":[0.0,0.0,0.4],"triggersremaining":[18419.0,18419.0,18432.0],"crcerrors":[0.0,0.0,0.0]}