{"datalatency":[73.83038900000001],"sensoruptime":[11.321666666666667,10.321944444444444,null],"battvoltage":[12.491,12.546,12.488],"arrayvoltage":[0.018000000000000002,8.258,19.229],"chargecurrent":[0.005,0.005,8.175],"ledstate":[6.0,6.0,6.0],"loadpower":[23.341968,23.479392999999998,6.0236],"batterytemp":[34.0,38.0,54.0],"triggerrate":[0.0,0.2,null],"triggersremaining":[7057.0,7057.0,null],"crcerrors":[0.0,0.0,0.0]}