{"datalatency":[20.165931],"sensoruptime":[29.683055555555555,28.683333333333334,29.683055555555555],"battvoltage":[12.130999999999998,12.161,12.07],"arrayvoltage":[0.0,0.043,18.872],"chargecurrent":[0.002,0.002,10.158],"ledstate":[6.0,6.0,8.0],"loadpower":[23.861711999999997,24.353024,22.619726999999994],"batterytemp":[24.0,25.0,50.0],"triggerrate":[0.0,0.0,1.2000506661391244],"triggersremaining":[22427.0,22427.0,22433.0],"crcerrors":[null,null,0.0]}