{"datalatency":[8.432979000000001],"sensoruptime":[57.58833333333333,56.605,57.58833333333333],"battvoltage":[12.573,12.604000000000001,12.18],"arrayvoltage":[0.555,11.917,40.146],"chargecurrent":[0.0,0.0,10.228],"chargestate":[3.0,5.0,6.0],"loadpower":[13.776126,13.729716000000002,8.80245],"batterytemp":[20.0,24.0,34.0],"triggerrate":[0.0,0.0,0.2],"triggersremaining":[21645.0,21645.0,21653.0],"crcerrors":[0.0,0.0,0.0]}