{"datalatency":[7.942278000000001],"sensoruptime":[8.923333333333334,7.94,null],"battvoltage":[12.323,12.335,12.32],"arrayvoltage":[0.595,0.589,44.162],"chargecurrent":[0.0,0.0,2.483],"chargestate":[3.0,3.0,7.0],"loadpower":[14.21574,14.1542,0.0],"batterytemp":[4.0,5.0,19.0],"triggerrate":[0.0,0.0,null],"triggersremaining":[22356.0,22359.0,null],"crcerrors":[0.0,0.0,0.0]}