{"datalatency":[8.398755000000001],"sensoruptime":[38.424166666666665,37.42444444444445,38.424166666666665],"battvoltage":[12.436,12.46,12.112],"arrayvoltage":[0.5770000000000001,0.595,41.489],"chargecurrent":[0.0,0.0,11.902999999999999],"chargestate":[3.0,3.0,6.0],"loadpower":[14.135097999999997,13.570284000000001,9.02565],"batterytemp":[16.0,17.0,35.0],"triggerrate":[0.0,0.0,0.4],"triggersremaining":[21651.0,21651.0,21670.0],"crcerrors":[0.0,0.0,0.0]}