{"datalatency":[37.574487000000005],"sensoruptime":[2.2144444444444447,1.2147222222222223,5.173333333333333],"battvoltage":[13.745,13.535,10.287],"arrayvoltage":[35.498000000000005,28.805999999999997,37.805],"chargecurrent":[3.79,3.728,4.324],"chargestate":[5.0,5.0,6.0],"loadpower":[9.936029999999999,13.911051000000002,0.0],"batterytemp":[21.0,19.0,27.0],"triggerrate":[0.0,0.0,1.4],"triggersremaining":[11651.0,11664.0,11687.0],"crcerrors":[0.0,0.0,0.0]}