{"datalatency":[8.094116],"sensoruptime":[10.836944444444445,9.837222222222222,62.22694444444444],"battvoltage":[11.536,11.578,11.319],"arrayvoltage":[0.772,12.890999999999998,42.471000000000004],"chargecurrent":[0.0,0.0,5.733],"chargestate":[3.0,5.0,6.0],"loadpower":[14.200871999999999,14.162034,0.0],"batterytemp":[13.0,16.0,28.0],"triggerrate":[0.0,0.0,0.5],"triggersremaining":[18392.0,18395.0,18409.0],"crcerrors":[0.0,0.0,0.0]}