{"datalatency":[37.688162000000005],"sensoruptime":[0.5825,2.6258333333333335,9.396944444444445],"battvoltage":[14.38,14.514000000000001,10.477],"arrayvoltage":[42.34,39.141999999999996,43.57899999999999],"chargecurrent":[2.114,2.008,2.9789999999999996],"chargestate":[6.0,6.0,8.0],"loadpower":[17.927841,15.628044,0.0],"batterytemp":[22.0,18.0,26.0],"triggerrate":[54.2,44.4,58.6],"triggersremaining":[6734.0,9466.0,11630.0],"crcerrors":[1.0,0.0,1.0]}