{"datalatency":[35.378687],"sensoruptime":[16.851666666666667,15.851944444444445,31.89388888888889],"battvoltage":[13.562000000000001,13.585999999999999,12.07],"arrayvoltage":[18.347,18.069000000000003,18.637],"chargecurrent":[4.119,5.196000000000001,10.158],"ledstate":[5.0,5.0,8.0],"loadpower":[23.287529999999997,23.451237,7.371546],"batterytemp":[49.0,48.0,49.0],"triggerrate":[0.0,0.0,16.800115584795222],"triggersremaining":[22430.0,22431.0,22486.0],"crcerrors":[null,null,0.0]}