{"datalatency":[7.639089],"sensoruptime":[209.56555555555556,208.5825,209.56555555555556],"battvoltage":[12.299000000000001,12.335,12.106],"arrayvoltage":[0.912,0.903,41.711000000000006],"chargecurrent":[0.0,0.0,9.777000000000001],"chargestate":[3.0,3.0,6.0],"loadpower":[14.194075999999999,14.068044,9.02565],"batterytemp":[13.0,13.0,34.0],"triggerrate":[0.0,0.0,0.6],"triggersremaining":[20331.0,20332.0,20359.0],"crcerrors":[0.0,0.0,0.0]}