{"datalatency":[8.789521],"sensoruptime":[133.07666666666665,132.0936111111111,133.07666666666665],"battvoltage":[12.07,12.079,12.07],"arrayvoltage":[1.016,1.025,34.378],"chargecurrent":[0.0,0.0,12.84],"chargestate":[3.0,3.0,5.0],"loadpower":[14.013396000000004,14.905486,10.0584],"batterytemp":[19.0,21.0,33.0],"triggerrate":[0.8,1.2,6.4],"triggersremaining":[20492.0,20561.0,21497.0],"crcerrors":[0.0,0.0,0.0]}