{"datalatency":[7.913951000000001],"sensoruptime":[21.26638888888889,20.283055555555556,null],"battvoltage":[11.554,11.588,11.554],"arrayvoltage":[0.674,0.674,42.996],"chargecurrent":[0.0,0.0,15.002],"chargestate":[3.0,3.0,6.0],"loadpower":[14.151150000000001,13.434888,0.0],"batterytemp":[2.0,2.0,28.0],"triggerrate":[0.0,0.0,null],"triggersremaining":[18422.0,18423.0,null],"crcerrors":[0.0,0.0,0.0]}