{"datalatency":[8.639305],"sensoruptime":[74.58583333333333,73.6025,74.58583333333333],"battvoltage":[12.927,12.872,12.183],"arrayvoltage":[33.356,34.079,40.088],"chargecurrent":[2.4619999999999997,2.708,6.209],"chargestate":[5.0,5.0,6.0],"loadpower":[10.273600000000002,10.2128,8.80245],"batterytemp":[29.0,25.0,34.0],"triggerrate":[0.0,0.0,0.6],"triggersremaining":[21630.0,21638.0,21647.0],"crcerrors":[0.0,0.0,0.0]}