{"datalatency":[8.130065],"sensoruptime":[106.24333333333334,105.26,106.24333333333334],"battvoltage":[11.645999999999999,11.67,11.645999999999999],"arrayvoltage":[1.0190000000000001,1.08,34.863],"chargecurrent":[0.0,0.0,1.423],"chargestate":[3.0,3.0,5.0],"loadpower":[13.976454,14.154377999999998,12.790060000000002],"batterytemp":[13.0,13.0,16.0],"triggerrate":[0.0,0.0,0.6],"triggersremaining":[21937.0,21938.0,21997.0],"crcerrors":[0.0,0.0,0.0]}