{"datalatency":[13.275212000000002],"sensoruptime":[null,null,61.55722222222222],"battvoltage":[12.14,12.112,11.499],"arrayvoltage":[15.380999999999998,13.474,18.410999999999998],"chargecurrent":[0.287,0.145,12.030999999999999],"ledstate":[8.0,8.0,10.0],"loadpower":[6.8055439999999985,7.8813759999999995,6.3099359999999995],"batterytemp":[26.0,25.0,56.0],"triggerrate":[null,null,1.2000000000000002],"triggersremaining":[null,null,20759.0],"crcerrors":[null,null,1.0]}