{"datalatency":[8.347302],"sensoruptime":[null,null,null],"battvoltage":[12.344000000000001,12.375,11.307],"arrayvoltage":[21.49,13.540999999999999,39.163000000000004],"chargecurrent":[0.012,0.0,3.0660000000000003],"chargestate":[5.0,5.0,6.0],"loadpower":[16.976869,14.1956,0.0],"batterytemp":[20.0,22.0,27.0],"triggerrate":[null,null,null],"triggersremaining":[null,null,null],"crcerrors":[4.0,null,4.0]}