{"datalatency":[20.426005],"sensoruptime":[2.3355555555555556,1.3355555555555556,null],"battvoltage":[12.905999999999999,12.75,12.1],"arrayvoltage":[16.449,15.579,17.288],"chargecurrent":[7.697,5.74,9.615],"ledstate":[6.0,6.0,8.0],"loadpower":[22.232229999999998,22.551648,6.398865],"batterytemp":[40.0,37.0,57.0],"triggerrate":[0.0,0.0,null],"triggersremaining":[1866.0,1866.0,null],"crcerrors":[0.0,0.0,0.0]}