{"datalatency":[16.292162],"sensoruptime":[null,null,null],"battvoltage":[12.274000000000001,12.292,11.481],"arrayvoltage":[0.214,0.192,19.680999999999997],"chargecurrent":[0.002,0.002,9.955],"chargestate":[3.0,3.0,6.0],"loadpower":[6.059295,7.146960000000001,0.0],"batterytemp":[11.0,12.0,38.0],"triggerrate":[null,null,null],"triggersremaining":[null,null,null],"crcerrors":[null,null,null]}