{"datalatency":[8.581487000000001],"sensoruptime":[48.25611111111111,47.27305555555556,48.25611111111111],"battvoltage":[13.140999999999998,12.424000000000001,12.18],"arrayvoltage":[34.763000000000005,27.49,41.489],"chargecurrent":[4.162,1.452,11.902999999999999],"chargestate":[5.0,5.0,6.0],"loadpower":[10.427200000000001,14.36544,9.02565],"batterytemp":[24.0,16.0,35.0],"triggerrate":[0.0,0.0,0.4],"triggersremaining":[21647.0,21648.0,21658.0],"crcerrors":[0.0,0.0,0.0]}