{"datalatency":[18.888081],"sensoruptime":[2.7275,1.7275,null],"battvoltage":[11.609000000000002,11.690999999999999,11.328],"arrayvoltage":[0.107,0.122,19.949],"chargecurrent":[0.005,0.005,9.745],"ledstate":[10.0,10.0,10.0],"loadpower":[23.906044,23.596739999999997,5.908896],"batterytemp":[29.0,31.0,51.0],"triggerrate":[0.0,0.0,null],"triggersremaining":[14568.0,14568.0,null],"crcerrors":[0.0,0.0,0.0]}