{"datalatency":[47.248974000000004],"sensoruptime":[null,null,null],"battvoltage":[12.527000000000001,12.537,12.28],"arrayvoltage":[0.9520000000000001,0.894,44.098],"chargecurrent":[0.0,0.0,4.486000000000001],"chargestate":[3.0,3.0,8.0],"loadpower":[0.0,0.0,0.0],"batterytemp":[13.0,13.0,24.0],"triggerrate":[null,null,null],"triggersremaining":[null,null,null],"crcerrors":[null,null,null]}