{"datalatency":[75.433453],"sensoruptime":[33.81805555555555,32.81805555555555,33.81805555555555],"battvoltage":[12.561,12.634,12.308],"arrayvoltage":[13.513,16.797,18.448],"chargecurrent":[0.085,0.58,9.011000000000001],"ledstate":[6.0,6.0,6.0],"loadpower":[23.573933999999998,23.080890000000004,21.981199999999998],"batterytemp":[41.0,48.0,53.0],"triggerrate":[0.0,0.0,0.2],"triggersremaining":[7050.0,7050.0,7059.0],"crcerrors":[0.0,0.0,0.0]}