{"datalatency":[7.959187000000001],"sensoruptime":[35.919444444444444,34.93638888888889,35.919444444444444],"battvoltage":[12.335,12.375,12.07],"arrayvoltage":[0.61,0.613,41.821000000000005],"chargecurrent":[0.0,0.0,7.474],"chargestate":[3.0,3.0,6.0],"loadpower":[13.501876,13.566056000000001,8.72505],"batterytemp":[3.0,3.0,28.0],"triggerrate":[0.2,0.0,1.4],"triggersremaining":[22242.0,22247.0,22341.0],"crcerrors":[0.0,0.0,0.0]}