{"datalatency":[7.408876],"sensoruptime":[0.01361111111111111,0.17777777777777778,null],"battvoltage":[11.694,13.507,11.328],"arrayvoltage":[15.088,18.768,19.949],"chargecurrent":[0.7879999999999999,2.783,9.745],"ledstate":[8.0,5.0,10.0],"loadpower":[23.981184000000002,23.158125000000002,5.908896],"batterytemp":[45.0,51.0,51.0],"triggerrate":[0.0,0.0,null],"triggersremaining":[14568.0,14569.0,null],"crcerrors":[0.0,0.0,0.0]}