{"datalatency":[19.439998000000003],"sensoruptime":[251.3311111111111,250.34805555555556,251.3311111111111],"battvoltage":[11.950999999999999,11.972000000000001,11.942],"arrayvoltage":[0.0,0.021,16.653],"chargecurrent":[0.005,0.005,9.992],"ledstate":[8.0,8.0,8.0],"loadpower":[23.70291,23.87,21.95131],"batterytemp":[29.0,29.0,50.0],"triggerrate":[0.0,0.0,8.0],"triggersremaining":[3319.0,3319.0,4165.0],"crcerrors":[0.0,0.0,0.0]}