{"datalatency":[24.356830000000002],"sensoruptime":[43.01444444444444,42.01444444444444,43.01444444444444],"battvoltage":[12.17,12.082,12.048],"arrayvoltage":[16.653,16.119,17.526],"chargecurrent":[1.6280000000000001,0.524,7.774],"ledstate":[8.0,8.0,8.0],"loadpower":[23.734496,23.620518000000004,22.552155],"batterytemp":[32.0,32.0,46.0],"triggerrate":[0.0,0.0,2.4000255842727283],"triggersremaining":[22317.0,22319.0,22430.0],"crcerrors":[null,null,0.0]}