{"datalatency":[63.30771300000001],"sensoruptime":[null,null,null],"battvoltage":[12.177,12.207,11.987],"arrayvoltage":[0.0,0.107,18.362000000000002],"chargecurrent":[0.005,0.005,9.487],"ledstate":[6.0,6.0,8.0],"loadpower":[10.436712000000002,9.138549000000001,5.89088],"batterytemp":[26.0,27.0,52.0],"triggerrate":[null,null,null],"triggersremaining":[null,null,null],"crcerrors":[null,null,null]}