{"datalatency":[7.549778000000001],"sensoruptime":[163.07222222222222,162.08916666666667,163.07222222222222],"battvoltage":[12.259,12.299000000000001,11.868],"arrayvoltage":[0.629,0.629,42.465],"chargecurrent":[0.0,0.0,15.0],"chargestate":[3.0,3.0,6.0],"loadpower":[14.151267,14.194075999999999,8.596613999999999],"batterytemp":[8.0,8.0,33.0],"triggerrate":[0.0,0.0,0.8],"triggersremaining":[20372.0,20376.0,20469.0],"crcerrors":[0.0,0.0,0.0]}