{"datalatency":[8.498517],"sensoruptime":[66.92027777777778,65.93694444444445,66.92027777777778],"battvoltage":[12.299000000000001,12.305,12.18],"arrayvoltage":[0.626,0.604,40.146],"chargecurrent":[0.0,0.0,10.228],"chargestate":[3.0,3.0,6.0],"loadpower":[14.255415999999999,14.132736,8.80245],"batterytemp":[14.0,14.0,34.0],"triggerrate":[0.0,0.0,0.2],"triggersremaining":[21643.0,21643.0,21650.0],"crcerrors":[0.0,0.0,0.0]}