{"datalatency":[21.118871000000002],"sensoruptime":[null,null,null],"battvoltage":[12.880999999999998,13.302999999999999,11.493],"arrayvoltage":[12.234000000000002,29.395,45.004],"chargecurrent":[0.002,0.326,2.194],"chargestate":[5.0,5.0,6.0],"loadpower":[0.0,0.0,0.0],"batterytemp":[13.0,16.0,22.0],"triggerrate":[null,null,null],"triggersremaining":[null,null,null],"crcerrors":[5.0,null,5.0]}