{"datalatency":[38.038215],"sensoruptime":[0.0025,0.008333333333333333,null],"battvoltage":[12.075999999999999,11.902000000000001,10.26],"arrayvoltage":[31.497,32.574,41.495],"chargecurrent":[0.428,0.51,2.474],"chargestate":[5.0,5.0,7.0],"loadpower":[14.458839,16.590063999999998,0.0],"batterytemp":[19.0,18.0,22.0],"triggerrate":[0.0,null,0.0],"triggersremaining":[0.0,0.0,null],"crcerrors":[1.0,0.0,1.0]}