{"datalatency":[37.632389],"sensoruptime":[6.713888888888889,5.714166666666666,6.713888888888889],"battvoltage":[14.297,14.297,10.709000000000001],"arrayvoltage":[42.282,42.376999999999995,43.448],"chargecurrent":[2.508,2.508,5.0760000000000005],"chargestate":[6.0,6.0,8.0],"loadpower":[13.481494,13.462469999999998,0.0],"batterytemp":[25.0,25.0,26.0],"triggerrate":[0.0,0.0,2.8],"triggersremaining":[11615.0,11629.0,11685.0],"crcerrors":[0.0,0.0,0.0]}