{"datalatency":[16.828373000000003],"sensoruptime":[null,null,null],"battvoltage":[13.177,13.748,12.18],"arrayvoltage":[18.552,19.116,19.625999999999998],"chargecurrent":[2.237,3.0989999999999998,5.361000000000001],"chargestate":[5.0,6.0,6.0],"loadpower":[5.880731999999999,4.996849999999999,4.102919999999999],"batterytemp":[44.0,43.0,45.0],"triggerrate":[null,null,null],"triggersremaining":[null,null,null],"crcerrors":[null,null,null]}