{"datalatency":[12.657217000000001],"sensoruptime":[43.44305555555555,42.443333333333335,43.44305555555555],"battvoltage":[11.74,11.798,11.652000000000001],"arrayvoltage":[0.0,0.0,17.334],"chargecurrent":[0.002,0.005,11.398],"chargestate":[3.0,3.0,6.0],"loadpower":[23.214981,23.292317999999998,21.713829000000004],"batterytemp":[25.0,26.0,52.0],"triggerrate":[0.0,0.0,6.0],"triggersremaining":[20761.0,20761.0,21172.0],"crcerrors":[0.0,0.0,1.0]}