{"datalatency":[13.540758],"sensoruptime":[4.727222222222222,3.73,null],"battvoltage":[11.597000000000001,11.495999999999999,11.328],"arrayvoltage":[0.08199999999999999,0.107,19.949],"chargecurrent":[0.005,0.002,9.745],"ledstate":[10.0,10.0,10.0],"loadpower":[24.480004000000005,23.580264000000003,5.908896],"batterytemp":[27.0,28.0,51.0],"triggerrate":[0.0,0.0,null],"triggersremaining":[14567.0,14568.0,null],"crcerrors":[0.0,0.0,0.0]}