{"datalatency":[7.748746000000001],"sensoruptime":[217.73111111111112,216.74805555555557,217.73111111111112],"battvoltage":[12.145999999999999,12.222000000000001,12.097000000000001],"arrayvoltage":[31.206999999999997,33.405,41.711000000000006],"chargecurrent":[0.995,0.539,4.191],"chargestate":[5.0,5.0,6.0],"loadpower":[13.356252000000001,14.167103999999998,9.02565],"batterytemp":[14.0,13.0,34.0],"triggerrate":[0.0,0.0,0.8],"triggersremaining":[20288.0,20288.0,20353.0],"crcerrors":[0.0,0.0,0.0]}