{"datalatency":[8.099478000000001],"sensoruptime":[41.91861111111111,40.91888888888889,41.91861111111111],"battvoltage":[12.115,12.145999999999999,12.115],"arrayvoltage":[22.101,0.647,41.821000000000005],"chargecurrent":[0.0,0.0,7.474],"chargestate":[5.0,3.0,6.0],"loadpower":[14.101860000000002,13.992825,8.72505],"batterytemp":[4.0,3.0,28.0],"triggerrate":[0.0,0.0,0.6],"triggersremaining":[22216.0,22217.0,22271.0],"crcerrors":[0.0,0.0,0.0]}