{"datalatency":[11.456859000000001],"sensoruptime":[11.569166666666666,10.569444444444445,null],"battvoltage":[12.253,12.329,11.264000000000001],"arrayvoltage":[12.972999999999999,16.500999999999998,19.733],"chargecurrent":[0.028999999999999998,1.092,9.152999999999999],"ledstate":[6.0,6.0,11.0],"loadpower":[26.653536000000003,25.923079999999995,0.0],"batterytemp":[35.0,42.0,53.0],"triggerrate":[0.0,0.0,null],"triggersremaining":[13526.0,13541.0,null],"crcerrors":[0.0,0.0,2.0]}