{"datalatency":[16.418399],"sensoruptime":[null,null,49.00611111111111],"battvoltage":[13.058,12.314,11.569],"arrayvoltage":[15.628,16.702,17.288],"chargecurrent":[11.97,3.2539999999999996,12.99],"ledstate":[6.0,10.0,10.0],"loadpower":[6.769317,6.353079,6.080900000000001],"batterytemp":[36.0,32.0,38.0],"triggerrate":[null,null,2.4000000000000004],"triggersremaining":[null,null,14660.0],"crcerrors":[0.0,null,0.0]}