{"datalatency":[7.5637430000000005],"sensoruptime":[7.435,6.435277777777777,31.859444444444446],"battvoltage":[12.491,13.293,11.465],"arrayvoltage":[34.192,35.687,42.996],"chargecurrent":[2.65,2.358,15.002],"chargestate":[5.0,5.0,6.0],"loadpower":[13.729716000000002,11.535688,0.0],"batterytemp":[14.0,15.0,28.0],"triggerrate":[0.0,0.0,2.0],"triggersremaining":[18431.0,18432.0,18582.0],"crcerrors":[1.0,0.0,4.0]}