{"datalatency":[8.195753],"sensoruptime":[6.417777777777777,5.434722222222222,11.270277777777778],"battvoltage":[14.142000000000001,14.215,11.154000000000002],"arrayvoltage":[40.457,39.764,42.251999999999995],"chargecurrent":[2.401,2.358,2.742],"chargestate":[6.0,6.0,6.0],"loadpower":[12.494492999999999,12.465306,0.0],"batterytemp":[30.0,28.0,30.0],"triggerrate":[0.0,0.2,0.8],"triggersremaining":[18380.0,18382.0,18400.0],"crcerrors":[0.0,0.0,0.0]}