{"datalatency":[7.653869],"sensoruptime":[201.23333333333332,200.23361111111112,201.23333333333332],"battvoltage":[12.592,12.642999999999999,12.106],"arrayvoltage":[0.708,22.989,41.711000000000006],"chargecurrent":[0.0,0.0,9.777000000000001],"chargestate":[3.0,5.0,6.0],"loadpower":[13.729716000000002,14.378819999999997,9.02565],"batterytemp":[14.0,18.0,34.0],"triggerrate":[0.0,0.0,0.4],"triggersremaining":[20349.0,20349.0,20364.0],"crcerrors":[0.0,0.0,0.0]}