{"datalatency":[11.084809],"sensoruptime":[null,null,12.61],"battvoltage":[12.064,12.07,11.31],"arrayvoltage":[0.0,0.021,19.949],"chargecurrent":[0.002,0.005,12.057],"ledstate":[10.0,10.0,11.0],"loadpower":[7.977761999999999,8.532108,0.0],"batterytemp":[25.0,25.0,50.0],"triggerrate":[null,null,2.4000000000000004],"triggersremaining":[null,null,14585.0],"crcerrors":[null,null,0.0]}