{"datalatency":[10.199943000000001],"sensoruptime":[null,null,null],"battvoltage":[14.749,14.832,12.72],"arrayvoltage":[40.698,40.402,44.531000000000006],"chargecurrent":[0.057999999999999996,0.17600000000000002,0.606],"chargestate":[6.0,6.0,7.0],"loadpower":[0.0,0.0,0.0],"batterytemp":[10.0,8.0,14.0],"triggerrate":[null,null,null],"triggersremaining":[null,null,null],"crcerrors":[null,null,null]}