{"datalatency":[21.079604],"sensoruptime":[5.1866666666666665,4.189722222222223,31.89388888888889],"battvoltage":[12.183,12.222000000000001,12.064],"arrayvoltage":[0.0,0.061,18.692],"chargecurrent":[0.005,0.005,11.344000000000001],"ledstate":[6.0,6.0,8.0],"loadpower":[24.595608000000002,25.50636,7.371546],"batterytemp":[24.0,25.0,48.0],"triggerrate":[0.0,0.0,16.800115584795222],"triggersremaining":[22433.0,22434.0,22489.0],"crcerrors":[null,null,0.0]}