{"datalatency":[20.725052],"sensoruptime":[16.4825,15.482777777777779,null],"battvoltage":[12.18,12.216,12.177],"arrayvoltage":[0.04,0.057999999999999996,20.032],"chargecurrent":[0.002,0.002,7.09],"chargestate":[3.0,3.0,7.0],"loadpower":[24.948364000000005,24.237144,11.041264],"batterytemp":[25.0,25.0,47.0],"triggerrate":[null,null,null],"triggersremaining":[22489.0,22490.0,null],"crcerrors":[null,null,0.0]}