{"datalatency":[7.293514],"sensoruptime":[160.0727777777778,159.08972222222224,160.0727777777778],"battvoltage":[12.335,12.375,11.868],"arrayvoltage":[0.626,0.616,42.465],"chargecurrent":[0.0,0.0,15.0],"chargestate":[3.0,3.0,6.0],"loadpower":[13.588032,13.961064000000002,8.596613999999999],"batterytemp":[9.0,10.0,33.0],"triggerrate":[0.0,0.4,0.8],"triggersremaining":[20378.0,20382.0,20472.0],"crcerrors":[0.0,0.0,0.0]}