{"datalatency":[10.272965000000001],"sensoruptime":[null,null,null],"battvoltage":[13.184000000000001,13.699000000000002,12.735],"arrayvoltage":[25.29,40.961000000000006,44.855],"chargecurrent":[0.031,0.461,0.609],"chargestate":[7.0,7.0,7.0],"loadpower":[0.0,0.0,0.0],"batterytemp":[20.0,25.0,25.0],"triggerrate":[null,null,null],"triggersremaining":[null,null,null],"crcerrors":[null,null,null]}