{"datalatency":[21.059741000000002],"sensoruptime":[4.654166666666667,3.6569444444444446,null],"battvoltage":[13.052,13.684000000000001,12.530999999999999],"arrayvoltage":[19.168,18.982,20.032],"chargecurrent":[2.72,3.9739999999999998,6.841],"chargestate":[7.0,6.0,7.0],"loadpower":[24.167006,23.949828,11.041264],"batterytemp":[46.0,45.0,46.0],"triggerrate":[null,null,null],"triggersremaining":[22492.0,22493.0,null],"crcerrors":[null,null,0.0]}