{"datalatency":[8.793402],"sensoruptime":[129.07805555555555,128.09472222222223,129.07805555555555],"battvoltage":[12.145999999999999,12.183,12.073],"arrayvoltage":[0.7809999999999999,12.674000000000001,34.378],"chargecurrent":[0.0,0.0,12.84],"chargestate":[3.0,5.0,5.0],"loadpower":[14.719725,14.124109999999998,10.0584],"batterytemp":[22.0,23.0,33.0],"triggerrate":[1.2,1.6,4.8],"triggersremaining":[21021.0,21123.0,21502.0],"crcerrors":[0.0,0.0,0.0]}