{"datalatency":[12.953774000000001],"sensoruptime":[38.446666666666665,37.44694444444445,38.446666666666665],"battvoltage":[11.957,12.0,11.652000000000001],"arrayvoltage":[0.107,0.107,17.334],"chargecurrent":[0.005,0.005,11.398],"chargestate":[3.0,3.0,6.0],"loadpower":[23.583560000000002,23.25545,21.713829000000004],"batterytemp":[29.0,32.0,52.0],"triggerrate":[2.4000000000000004,0.0,6.0],"triggersremaining":[20791.0,20880.0,21193.0],"crcerrors":[6.0,0.0,1.0]}