{"datalatency":[20.115886],"sensoruptime":[315.65194444444444,314.65527777777777,315.65194444444444],"battvoltage":[12.253,12.222000000000001,11.987],"arrayvoltage":[15.234000000000002,14.703,18.167],"chargecurrent":[1.068,0.565,9.62],"ledstate":[6.0,6.0,8.0],"loadpower":[23.86995,24.920448,22.125905999999997],"batterytemp":[41.0,45.0,55.0],"triggerrate":[4.6,1.2,6.8],"triggersremaining":[2865.0,3017.0,3265.0],"crcerrors":[0.0,0.0,0.0]}