{"datalatency":[21.373146000000002],"sensoruptime":[289.52722222222224,288.52722222222224,289.52722222222224],"battvoltage":[12.872,12.213,12.183],"arrayvoltage":[16.65,16.116,18.463],"chargecurrent":[5.005,0.51,9.074],"ledstate":[6.0,6.0,6.0],"loadpower":[22.232290000000003,22.625040000000006,21.353375999999997],"batterytemp":[30.0,27.0,53.0],"triggerrate":[0.0,0.0,2.4000000000000004],"triggersremaining":[12639.0,12639.0,12668.0],"crcerrors":[0.0,0.0,2.0]}