{"datalatency":[16.188329],"sensoruptime":[140.55,139.55,140.55],"battvoltage":[11.892999999999999,11.911,11.892999999999999],"arrayvoltage":[0.0,0.0,16.898],"chargecurrent":[0.002,0.005,10.972000000000001],"ledstate":[8.0,8.0,8.0],"loadpower":[23.83659,24.133410000000005,21.720998],"batterytemp":[29.0,29.0,42.0],"triggerrate":[0.0,0.0,3.6],"triggersremaining":[12945.0,12946.0,13078.0],"crcerrors":[0.0,0.0,2.0]}