{"datalatency":[19.597672000000003],"sensoruptime":[239.8347222222222,238.85194444444446,239.8347222222222],"battvoltage":[12.25,13.138,11.993],"arrayvoltage":[15.918,15.380999999999998,16.500999999999998],"chargecurrent":[1.024,9.953,9.992],"ledstate":[6.0,6.0,8.0],"loadpower":[23.346252000000003,23.79968,21.95131],"batterytemp":[39.0,46.0,55.0],"triggerrate":[1.2,8.0,17.6],"triggersremaining":[3781.0,3930.0,5473.0],"crcerrors":[0.0,0.0,0.0]}