{"datalatency":[20.719081000000003],"sensoruptime":[46.32888888888889,45.329166666666666,46.32888888888889],"battvoltage":[11.899000000000001,11.874,11.874],"arrayvoltage":[14.110999999999999,12.225,18.222],"chargecurrent":[0.201,0.005,10.26],"ledstate":[8.0,8.0,8.0],"loadpower":[22.994819999999997,24.986913,21.692814],"batterytemp":[31.0,30.0,49.0],"triggerrate":[0.0,0.0,1.4],"triggersremaining":[1512.0,1512.0,1671.0],"crcerrors":[0.0,0.0,0.0]}