{"datalatency":[8.267771],"sensoruptime":[null,3.8169444444444443,null],"battvoltage":[12.305,12.421,11.307],"arrayvoltage":[19.904,19.342,39.163000000000004],"chargecurrent":[0.006999999999999999,0.006999999999999999,3.0660000000000003],"chargestate":[5.0,5.0,6.0],"loadpower":[24.069815999999996,14.836032,0.0],"batterytemp":[20.0,26.0,27.0],"triggerrate":[null,18.2,null],"triggersremaining":[null,18507.0,null],"crcerrors":[4.0,0.0,4.0]}