{"datalatency":[9.799759],"sensoruptime":[6.883611111111111,5.8838888888888885,20.196666666666665],"battvoltage":[13.66,13.687000000000001,11.224],"arrayvoltage":[18.768,18.668,19.736],"chargecurrent":[2.904,5.585,8.165],"ledstate":[5.0,5.0,11.0],"loadpower":[25.830504,25.69336,0.0],"batterytemp":[46.0,45.0,49.0],"triggerrate":[0.0,0.0,1.2000000000000002],"triggersremaining":[14558.0,14558.0,14563.0],"crcerrors":[0.0,0.0,0.0]}