{"datalatency":[7.731987],"sensoruptime":[0.3983333333333333,227.395,227.69416666666666],"battvoltage":[12.012,12.03,11.963],"arrayvoltage":[1.025,1.328,36.472],"chargecurrent":[0.0,0.0,3.503],"chargestate":[3.0,3.0,5.0],"loadpower":[14.700000000000001,14.783999999999999,9.995777999999998],"batterytemp":[14.0,15.0,18.0],"triggerrate":[5.6,3.8,24.0],"triggersremaining":[19047.0,19325.0,20344.0],"crcerrors":[0.0,0.0,1.0]}