{"datalatency":[8.203906],"sensoruptime":[10.6175,9.6175,114.10888888888888],"battvoltage":[11.609000000000002,11.645999999999999,11.469000000000001],"arrayvoltage":[0.574,0.638,35.4],"chargecurrent":[0.0,0.0,6.643],"chargestate":[3.0,3.0,5.0],"loadpower":[14.209887,13.639532000000003,0.0],"batterytemp":[16.0,17.0,27.0],"triggerrate":[0.2,1.4,1.6],"triggersremaining":[21823.0,21848.0,21938.0],"crcerrors":[0.0,0.0,0.0]}