{"datalatency":[19.436424000000002],"sensoruptime":[517.3280555555556,516.3311111111111,517.3280555555556],"battvoltage":[11.758,11.783,11.758],"arrayvoltage":[0.046,2.036,17.145],"chargecurrent":[0.005,0.005,3.602],"ledstate":[8.0,8.0,8.0],"loadpower":[23.750411999999994,23.950094,21.980286000000003],"batterytemp":[28.0,28.0,37.0],"triggerrate":[0.0,0.0,2.4000000000000004],"triggersremaining":[11322.0,11322.0,11431.0],"crcerrors":[0.0,0.0,2.0]}