{"datalatency":[7.548583000000001],"sensoruptime":[4.730277777777777,3.7472222222222222,227.69416666666666],"battvoltage":[11.945,11.954,11.945],"arrayvoltage":[0.861,1.178,36.472],"chargecurrent":[0.0,0.0,3.503],"chargestate":[3.0,3.0,5.0],"loadpower":[13.854526,13.878372000000002,9.995777999999998],"batterytemp":[16.0,15.0,18.0],"triggerrate":[0.2,0.0,24.0],"triggersremaining":[18663.0,18671.0,20332.0],"crcerrors":[2.0,0.0,3.0]}