{"datalatency":[7.998876],"sensoruptime":[7.423611111111111,6.440555555555555,null],"battvoltage":[12.335,12.399000000000001,12.335],"arrayvoltage":[0.589,0.562,44.162],"chargecurrent":[0.0,0.0,2.483],"chargestate":[3.0,3.0,7.0],"loadpower":[14.21574,13.523328000000001,0.0],"batterytemp":[6.0,7.0,19.0],"triggerrate":[0.2,0.2,null],"triggersremaining":[22360.0,22375.0,null],"crcerrors":[0.0,0.0,0.0]}