{"datalatency":[78.249868],"sensoruptime":[92.1775,91.1775,92.1775],"battvoltage":[13.171,13.019,12.222000000000001],"arrayvoltage":[15.036,15.915,18.109],"chargecurrent":[6.4479999999999995,4.938,8.001],"ledstate":[6.0,6.0,6.0],"loadpower":[22.637175,22.121702,21.964412],"batterytemp":[44.0,35.0,58.0],"triggerrate":[0.0,0.0,0.6],"triggersremaining":[6296.0,6297.0,6315.0],"crcerrors":[0.0,0.0,0.0]}