{"datalatency":[7.499754],"sensoruptime":[170.73777777777778,169.75444444444443,170.73777777777778],"battvoltage":[14.267000000000001,14.175,12.183],"arrayvoltage":[42.471000000000004,42.276,43.121],"chargecurrent":[3.699,4.426,10.794],"chargestate":[6.0,6.0,6.0],"loadpower":[10.778042999999998,9.050883,8.596613999999999],"batterytemp":[26.0,29.0,30.0],"triggerrate":[0.0,0.0,0.8],"triggersremaining":[20369.0,20370.0,20460.0],"crcerrors":[0.0,0.0,0.0]}