{"datalatency":[25.939909],"sensoruptime":[null,null,null],"battvoltage":[12.72,12.725999999999999,12.299000000000001],"arrayvoltage":[0.7509999999999999,0.723,44.974],"chargecurrent":[0.0,0.0,2.773],"chargestate":[3.0,3.0,6.0],"loadpower":[0.0,0.0,0.0],"batterytemp":[2.0,2.0,20.0],"triggerrate":[null,null,null],"triggersremaining":[null,null,null],"crcerrors":[null,null,null]}