{"datalatency":[9.470233],"sensoruptime":[9.171388888888888,8.171666666666667,null],"battvoltage":[11.798,13.51,11.285],"arrayvoltage":[17.245,18.604,19.965],"chargecurrent":[0.546,2.59,7.916],"ledstate":[10.0,8.0,11.0],"loadpower":[26.285834999999995,25.48524,0.0],"batterytemp":[48.0,51.0,51.0],"triggerrate":[0.0,0.0,null],"triggersremaining":[14565.0,14565.0,null],"crcerrors":[0.0,0.0,0.0]}