{"datalatency":[8.699694000000001],"sensoruptime":[98.74916666666667,97.76611111111112,98.74916666666667],"battvoltage":[13.617,13.15,12.03],"arrayvoltage":[34.033,34.714,40.411],"chargecurrent":[5.39,4.225,11.832],"chargestate":[5.0,5.0,6.0],"loadpower":[10.8224,10.465298000000002,9.0954],"batterytemp":[30.0,31.0,34.0],"triggerrate":[0.2,0.0,0.6],"triggersremaining":[21528.0,21531.0,21630.0],"crcerrors":[0.0,0.0,0.0]}