{"datalatency":[77.19128500000001],"sensoruptime":[32.485,31.501944444444444,32.485],"battvoltage":[12.79,13.44,12.308],"arrayvoltage":[17.474,17.05,18.448],"chargecurrent":[1.585,3.957,9.011000000000001],"ledstate":[6.0,5.0,6.0],"loadpower":[23.69268,23.222975,21.981199999999998],"batterytemp":[48.0,53.0,53.0],"triggerrate":[0.0,0.0,0.2],"triggersremaining":[7050.0,7051.0,7060.0],"crcerrors":[0.0,0.0,0.0]}