{"datalatency":[8.771659000000001],"sensoruptime":[118.24638888888889,117.24666666666667,118.24638888888889],"battvoltage":[12.161,12.183,12.03],"arrayvoltage":[11.484000000000002,0.8540000000000001,41.65],"chargecurrent":[0.0,0.0,11.832],"chargestate":[3.0,3.0,6.0],"loadpower":[14.148420000000002,14.124109999999998,8.207364000000002],"batterytemp":[21.0,21.0,32.0],"triggerrate":[0.0,0.0,0.6],"triggersremaining":[21468.0,21470.0,21541.0],"crcerrors":[0.0,0.0,0.0]}