{"datalatency":[8.003186000000001],"sensoruptime":[null,61.42722222222222,62.22694444444444],"battvoltage":[12.415,11.533,11.456],"arrayvoltage":[0.848,0.836,40.738],"chargecurrent":[0.0,0.0,11.615],"chargestate":[3.0,3.0,6.0],"loadpower":[0.0,14.197170000000002,0.0],"batterytemp":[16.0,15.0,34.0],"triggerrate":[null,0.0,0.4],"triggersremaining":[null,18408.0,18417.0],"crcerrors":[0.0,0.0,0.0]}