{"datalatency":[7.778781],"sensoruptime":[6.0633333333333335,5.080277777777778,227.69416666666666],"battvoltage":[11.914000000000001,11.929,11.914000000000001],"arrayvoltage":[1.068,1.089,36.472],"chargecurrent":[0.0,0.0,3.503],"chargestate":[3.0,3.0,5.0],"loadpower":[13.836468000000002,13.854526,9.995777999999998],"batterytemp":[16.0,16.0,18.0],"triggerrate":[0.0,0.0,24.0],"triggersremaining":[18655.0,18660.0,20328.0],"crcerrors":[2.0,0.0,3.0]}