{"datalatency":[25.990395000000003],"sensoruptime":[null,5.369166666666667,null],"battvoltage":[11.993,12.115,11.99],"arrayvoltage":[0.897,1.218,42.218],"chargecurrent":[0.0,0.0,2.839],"chargestate":[3.0,3.0,7.0],"loadpower":[8.705824999999999,17.28155,0.0],"batterytemp":[22.0,24.0,32.0],"triggerrate":[null,26.8,null],"triggersremaining":[null,13869.0,null],"crcerrors":[1.0,1.0,3.0]}