{"datalatency":[10.179214],"sensoruptime":[null,null,null],"battvoltage":[13.225999999999999,14.117,12.567],"arrayvoltage":[29.250999999999998,37.515,42.191],"chargecurrent":[0.275,0.529,0.611],"chargestate":[7.0,7.0,7.0],"loadpower":[0.0,0.0,0.0],"batterytemp":[11.0,11.0,16.0],"triggerrate":[null,null,null],"triggersremaining":[null,null,null],"crcerrors":[null,null,null]}