{"datalatency":[53.328386],"sensoruptime":[18.987222222222222,18.004166666666666,null],"battvoltage":[12.329,12.341,12.329],"arrayvoltage":[0.0,0.0,19.229],"chargecurrent":[0.005,0.002,8.175],"ledstate":[6.0,6.0,6.0],"loadpower":[23.476202,24.276806999999998,6.0236],"batterytemp":[30.0,30.0,54.0],"triggerrate":[0.0,0.0,null],"triggersremaining":[7055.0,7055.0,null],"crcerrors":[0.0,0.0,0.0]}