{"datalatency":[8.789707],"sensoruptime":[119.74638888888889,118.76305555555555,119.74638888888889],"battvoltage":[12.222000000000001,12.173,12.073],"arrayvoltage":[32.77,18.652,41.65],"chargecurrent":[0.7170000000000001,0.006999999999999999,11.832],"chargestate":[5.0,5.0,6.0],"loadpower":[13.313664000000001,14.085764,8.207364000000002],"batterytemp":[23.0,21.0,32.0],"triggerrate":[0.0,0.0,0.6],"triggersremaining":[21456.0,21462.0,21539.0],"crcerrors":[0.0,0.0,0.0]}