{"datalatency":[7.685656000000001],"sensoruptime":[22.932777777777776,21.949444444444445,null],"battvoltage":[11.609000000000002,11.533,11.49],"arrayvoltage":[37.988,10.834000000000001,42.996],"chargecurrent":[0.645,0.0,15.002],"chargestate":[5.0,3.0,6.0],"loadpower":[13.769809,13.840515000000002,0.0],"batterytemp":[4.0,2.0,28.0],"triggerrate":[0.0,0.0,null],"triggersremaining":[18421.0,18422.0,null],"crcerrors":[0.0,0.0,0.0]}