{"datalatency":[20.404685],"sensoruptime":[5.335,4.335277777777778,11.918333333333333],"battvoltage":[13.321,13.245,12.1],"arrayvoltage":[14.844000000000001,16.312,17.288],"chargecurrent":[9.591000000000001,9.74,10.453],"ledstate":[6.0,6.0,6.0],"loadpower":[22.798317000000004,22.987432,6.478731],"batterytemp":[49.0,41.0,57.0],"triggerrate":[0.4,0.0,1.6],"triggersremaining":[1850.0,1861.0,1905.0],"crcerrors":[0.0,0.0,0.0]}