{"datalatency":[26.300661],"sensoruptime":[7.650833333333333,6.651111111111111,null],"battvoltage":[13.015999999999998,13.052,12.530999999999999],"arrayvoltage":[18.448,19.199,20.032],"chargecurrent":[2.392,2.5610000000000004,7.09],"chargestate":[7.0,7.0,7.0],"loadpower":[23.301699,23.407200000000003,11.041264],"batterytemp":[47.0,46.0,47.0],"triggerrate":[null,null,null],"triggersremaining":[22492.0,22492.0,null],"crcerrors":[null,null,0.0]}