{"datalatency":[7.556674],"sensoruptime":[169.07111111111112,168.08805555555554,169.07111111111112],"battvoltage":[14.206,13.607999999999999,12.183],"arrayvoltage":[42.27,28.909000000000002,42.465],"chargecurrent":[5.689,7.1770000000000005,12.105],"chargestate":[6.0,5.0,6.0],"loadpower":[9.144952,14.83272,8.596613999999999],"batterytemp":[28.0,12.0,33.0],"triggerrate":[0.0,0.0,0.8],"triggersremaining":[20370.0,20370.0,20461.0],"crcerrors":[0.0,0.0,0.0]}