{"datalatency":[60.445706],"sensoruptime":[13.7125,12.729444444444445,null],"battvoltage":[12.253,12.253,12.238],"arrayvoltage":[0.018000000000000002,0.107,19.632],"chargecurrent":[0.005,0.005,7.9],"ledstate":[6.0,6.0,6.0],"loadpower":[23.596131000000003,23.661853,5.802676],"batterytemp":[30.0,30.0,49.0],"triggerrate":[0.0,0.0,null],"triggersremaining":[22328.0,22328.0,null],"crcerrors":[0.0,0.0,0.0]}