{"datalatency":[10.242435],"sensoruptime":[null,null,null],"battvoltage":[12.835999999999999,12.835999999999999,12.72],"arrayvoltage":[0.894,0.8909999999999999,44.205],"chargecurrent":[0.0,0.0,0.563],"chargestate":[3.0,3.0,7.0],"loadpower":[0.0,0.0,0.0],"batterytemp":[12.0,12.0,18.0],"triggerrate":[null,null,null],"triggersremaining":[null,null,null],"crcerrors":[null,null,null]}