{"datalatency":[15.230106000000001],"sensoruptime":[400.0138888888889,399.01416666666665,400.0138888888889],"battvoltage":[12.142999999999999,12.177,12.027000000000001],"arrayvoltage":[0.024,0.037000000000000005,18.365],"chargecurrent":[0.005,0.005,10.873],"ledstate":[6.0,6.0,8.0],"loadpower":[23.6496,23.890096000000003,21.895564000000004],"batterytemp":[28.0,28.0,52.0],"triggerrate":[0.0,0.0,1.2000000000000002],"triggersremaining":[12600.0,12601.0,12608.0],"crcerrors":[0.0,0.0,2.0]}