{"datalatency":[45.871346],"sensoruptime":[null,null,null],"battvoltage":[12.597999999999999,12.520999999999999,12.488],"arrayvoltage":[15.039000000000001,12.012,20.914],"chargecurrent":[0.389,0.005,4.172],"ledstate":[6.0,6.0,6.0],"loadpower":[7.577783999999999,7.768089,5.666772999999999],"batterytemp":[30.0,29.0,46.0],"triggerrate":[null,null,null],"triggersremaining":[null,null,null],"crcerrors":[null,null,null]}