{"datalatency":[8.149884],"sensoruptime":[0.05527777777777778,null,null],"battvoltage":[11.261,12.491,11.154000000000002],"arrayvoltage":[28.604,0.925,42.471000000000004],"chargecurrent":[0.213,0.0,5.733],"chargestate":[5.0,3.0,6.0],"loadpower":[13.944701,0.0,0.0],"batterytemp":[3.0,3.0,28.0],"triggerrate":[0.0,null,null],"triggersremaining":[18392.0,null,null],"crcerrors":[0.0,0.0,0.0]}