{"datalatency":[8.039710000000001],"sensoruptime":[26.420833333333334,25.420833333333334,26.420833333333334],"battvoltage":[14.300999999999998,14.300999999999998,12.07],"arrayvoltage":[41.06399999999999,41.409,41.931000000000004],"chargecurrent":[2.38,2.5660000000000003,7.474],"chargestate":[6.0,6.0,7.0],"loadpower":[12.675132,12.334859999999999,8.72505],"batterytemp":[25.0,25.0,28.0],"triggerrate":[0.0,0.0,1.4],"triggersremaining":[22256.0,22256.0,22380.0],"crcerrors":[0.0,0.0,0.0]}