{"datalatency":[11.202301],"sensoruptime":[11.466111111111111,10.469166666666666,null],"battvoltage":[11.829,11.874,11.569],"arrayvoltage":[0.021,0.037000000000000005,19.736],"chargecurrent":[0.002,0.002,12.392999999999999],"chargestate":[3.0,3.0,6.0],"loadpower":[23.80166,23.729175,6.808707000000001],"batterytemp":[24.0,25.0,44.0],"triggerrate":[0.0,0.0,null],"triggersremaining":[22152.0,22160.0,null],"crcerrors":[0.0,0.0,0.0]}