{"datalatency":[12.309549],"sensoruptime":[8.951666666666666,7.954722222222222,8.951666666666666],"battvoltage":[12.787,13.168,11.798],"arrayvoltage":[16.070999999999998,15.088,17.730999999999998],"chargecurrent":[4.455,8.801,10.419],"chargestate":[5.0,5.0,5.0],"loadpower":[23.075819999999997,22.59264,6.167125],"batterytemp":[47.0,46.0,47.0],"triggerrate":[0.0,0.0,15.600000000000001],"triggersremaining":[21426.0,21428.0,22147.0],"crcerrors":[0.0,0.0,0.0]}