{"datalatency":[14.668742000000002],"sensoruptime":[97.22277777777778,96.22305555555556,97.22277777777778],"battvoltage":[12.14,12.1,12.057],"arrayvoltage":[16.55,16.656,17.337],"chargecurrent":[1.577,0.925,9.687000000000001],"ledstate":[8.0,8.0,8.0],"loadpower":[23.038219,22.884848999999996,21.70458],"batterytemp":[33.0,30.0,58.0],"triggerrate":[0.0,0.0,2.4000000000000004],"triggersremaining":[13085.0,13085.0,13096.0],"crcerrors":[0.0,0.0,2.0]}