{"datalatency":[20.752783],"sensoruptime":[28.498333333333335,27.515,28.498333333333335],"battvoltage":[12.520999999999999,12.482000000000001,11.987],"arrayvoltage":[15.335,16.067999999999998,18.222],"chargecurrent":[2.582,2.778,10.453],"ledstate":[6.0,8.0,8.0],"loadpower":[22.739957,23.645844,21.692814],"batterytemp":[47.0,44.0,52.0],"triggerrate":[0.8,0.4,5.0],"triggersremaining":[1635.0,1655.0,1861.0],"crcerrors":[0.0,0.0,0.0]}