{"datalatency":[8.411125],"sensoruptime":[38.2575,37.257777777777775,38.2575],"battvoltage":[12.450999999999999,12.475999999999999,12.112],"arrayvoltage":[0.58,0.583,41.489],"chargecurrent":[0.0,0.0,11.902999999999999],"chargestate":[3.0,3.0,6.0],"loadpower":[13.588574,13.755840000000003,9.02565],"batterytemp":[17.0,17.0,35.0],"triggerrate":[0.0,0.0,0.4],"triggersremaining":[21651.0,21651.0,21670.0],"crcerrors":[0.0,0.0,0.0]}