{"datalatency":[10.593872000000001],"sensoruptime":[null,null,null],"battvoltage":[12.64,12.642999999999999,10.595999999999998],"arrayvoltage":[0.662,0.677,43.347],"chargecurrent":[0.002,0.0,2.597],"chargestate":[3.0,3.0,7.0],"loadpower":[0.0,0.0,0.0],"batterytemp":[10.0,11.0,20.0],"triggerrate":[null,null,null],"triggersremaining":[null,null,null],"crcerrors":[0.0,null,1.0]}