{"datalatency":[68.325511],"sensoruptime":[158.83444444444444,157.83444444444444,158.83444444444444],"battvoltage":[12.216,12.219000000000001,12.213],"arrayvoltage":[9.652999999999999,0.0,18.066],"chargecurrent":[0.005,0.002,9.651],"ledstate":[6.0,6.0,6.0],"loadpower":[23.523528,23.529312000000004,22.10415],"batterytemp":[30.0,30.0,55.0],"triggerrate":[0.0,0.0,1.6],"triggersremaining":[6175.0,6175.0,6258.0],"crcerrors":[0.0,0.0,0.0]}