{"datalatency":[16.884711],"sensoruptime":[449.3386111111111,448.34166666666664,449.3386111111111],"battvoltage":[12.1,12.109000000000002,12.027000000000001],"arrayvoltage":[0.021,0.021,17.487000000000002],"chargecurrent":[0.002,0.002,10.864],"ledstate":[6.0,6.0,8.0],"loadpower":[23.873030999999994,24.091383999999998,21.481326],"batterytemp":[28.0,28.0,49.0],"triggerrate":[0.0,0.0,16.8],"triggersremaining":[11710.0,11710.0,12594.0],"crcerrors":[0.0,0.0,2.0]}