{"datalatency":[8.290609],"sensoruptime":[0.9519444444444445,null,114.10888888888888],"battvoltage":[12.380999999999998,12.567,11.469000000000001],"arrayvoltage":[34.473,34.671,35.4],"chargecurrent":[3.073,3.447,6.4239999999999995],"chargestate":[5.0,5.0,5.0],"loadpower":[9.863472,0.0,0.0],"batterytemp":[26.0,22.0,26.0],"triggerrate":[0.0,null,0.6],"triggersremaining":[21930.0,null,21955.0],"crcerrors":[0.0,0.0,0.0]}