{"datalatency":[8.299475000000001],"sensoruptime":[98.24444444444444,97.24444444444444,98.24444444444444],"battvoltage":[11.800999999999998,11.835,11.800999999999998],"arrayvoltage":[25.925,25.583000000000002,34.863],"chargecurrent":[0.106,0.092,1.423],"chargestate":[5.0,5.0,5.0],"loadpower":[13.701444,13.72322,12.913230000000002],"batterytemp":[13.0,13.0,16.0],"triggerrate":[0.0,0.0,0.8],"triggersremaining":[21953.0,21953.0,22076.0],"crcerrors":[0.0,0.0,0.0]}