{"datalatency":[8.483396],"sensoruptime":[24.259444444444444,23.259722222222223,24.259444444444444],"battvoltage":[14.029000000000002,12.604000000000001,12.112],"arrayvoltage":[36.569,18.307000000000002,38.565],"chargecurrent":[10.939,2.165,15.0],"chargestate":[5.0,5.0,6.0],"loadpower":[10.51076,13.729716000000002,9.595915000000002],"batterytemp":[22.0,14.0,41.0],"triggerrate":[0.0,0.0,1.0],"triggersremaining":[21658.0,21659.0,21746.0],"crcerrors":[0.0,0.0,0.0]}