{"datalatency":[8.521445],"sensoruptime":[48.422777777777775,47.42305555555556,48.422777777777775],"battvoltage":[13.409,12.262,12.18],"arrayvoltage":[34.763000000000005,35.791,41.489],"chargecurrent":[5.812,1.244,9.914],"chargestate":[5.0,5.0,6.0],"loadpower":[10.64,13.523328000000001,9.02565],"batterytemp":[25.0,17.0,35.0],"triggerrate":[0.0,0.0,0.4],"triggersremaining":[21647.0,21648.0,21658.0],"crcerrors":[0.0,0.0,0.0]}