{"datalatency":[9.319584],"sensoruptime":[5.338611111111111,4.338888888888889,6.051944444444445],"battvoltage":[13.663,13.715,11.285],"arrayvoltage":[18.982,19.003,19.519000000000002],"chargecurrent":[3.068,3.237,7.916],"ledstate":[5.0,5.0,11.0],"loadpower":[25.687683999999997,25.784916000000003,0.0],"batterytemp":[46.0,44.0,51.0],"triggerrate":[0.0,0.0,1.2000000000000002],"triggersremaining":[14566.0,14566.0,14570.0],"crcerrors":[0.0,0.0,0.0]}