{"datalatency":[51.615297000000005],"sensoruptime":[null,null,null],"battvoltage":[12.558,12.589,12.520999999999999],"arrayvoltage":[0.0,0.0,20.914],"chargecurrent":[0.005,0.005,4.172],"ledstate":[6.0,6.0,6.0],"loadpower":[7.7534279999999995,7.3873950000000015,5.666772999999999],"batterytemp":[29.0,29.0,46.0],"triggerrate":[null,null,null],"triggersremaining":[null,null,null],"crcerrors":[null,null,null]}