{"datalatency":[10.266578],"sensoruptime":[null,null,null],"battvoltage":[13.73,13.782,12.735],"arrayvoltage":[41.516000000000005,41.125,44.855],"chargecurrent":[0.06,0.10400000000000001,0.609],"chargestate":[7.0,7.0,7.0],"loadpower":[0.0,0.0,0.0],"batterytemp":[24.0,22.0,24.0],"triggerrate":[null,null,null],"triggersremaining":[null,null,null],"crcerrors":[null,null,null]}