{"datalatency":[8.457269],"sensoruptime":[17.927222222222223,16.927222222222223,null],"battvoltage":[12.259,12.299000000000001,11.645999999999999],"arrayvoltage":[0.601,0.604,38.565],"chargecurrent":[0.0,0.0,15.0],"chargestate":[3.0,3.0,6.0],"loadpower":[14.212421999999998,14.255415999999999,0.0],"batterytemp":[12.0,12.0,41.0],"triggerrate":[0.0,0.2,null],"triggersremaining":[21665.0,21667.0,null],"crcerrors":[0.0,0.0,0.0]}