{"datalatency":[7.464563],"sensoruptime":[160.9061111111111,159.92277777777778,160.9061111111111],"battvoltage":[12.332,12.344000000000001,11.868],"arrayvoltage":[0.62,0.616,42.465],"chargecurrent":[0.0,0.0,15.0],"chargestate":[3.0,3.0,6.0],"loadpower":[14.068044,13.526492,8.596613999999999],"batterytemp":[9.0,10.0,33.0],"triggerrate":[0.0,0.0,0.8],"triggersremaining":[20377.0,20379.0,20469.0],"crcerrors":[0.0,0.0,0.0]}