{"datalatency":[11.334321000000001],"sensoruptime":[11.618055555555555,10.620833333333334,null],"battvoltage":[12.216,12.604000000000001,11.798],"arrayvoltage":[15.094000000000001,16.409000000000002,17.526],"chargecurrent":[0.594,2.694,10.419],"chargestate":[5.0,5.0,5.0],"loadpower":[23.245404000000004,22.589575,6.167125],"batterytemp":[44.0,48.0,49.0],"triggerrate":[0.0,0.0,null],"triggersremaining":[21418.0,21423.0,null],"crcerrors":[0.0,0.0,0.0]}