{"datalatency":[20.768456],"sensoruptime":[559.8216666666667,558.8247222222222,559.8216666666667],"battvoltage":[11.603,11.685,11.53],"arrayvoltage":[16.074,16.452,17.575],"chargecurrent":[0.986,1.546,9.327],"ledstate":[10.0,10.0,10.0],"loadpower":[23.521904,22.980880000000003,21.929781999999996],"batterytemp":[30.0,30.0,49.0],"triggerrate":[0.0,0.0,2.4000000000000004],"triggersremaining":[11253.0,11253.0,11288.0],"crcerrors":[0.0,0.0,2.0]}