{"datalatency":[7.735431],"sensoruptime":[54.58361111111111,53.60055555555556,54.58361111111111],"battvoltage":[12.537,12.589,12.115],"arrayvoltage":[0.653,0.555,42.861999999999995],"chargecurrent":[0.0,0.0,7.356],"chargestate":[3.0,3.0,6.0],"loadpower":[13.753089000000001,13.754862000000001,8.875646],"batterytemp":[12.0,13.0,30.0],"triggerrate":[0.0,0.0,0.6],"triggersremaining":[22204.0,22207.0,22252.0],"crcerrors":[0.0,0.0,0.0]}