{"datalatency":[7.98808],"sensoruptime":[44.096111111111114,43.09638888888889,44.096111111111114],"battvoltage":[11.761,11.800999999999998,11.49],"arrayvoltage":[0.647,0.653,42.148],"chargecurrent":[0.0,0.0,12.352],"chargestate":[3.0,3.0,6.0],"loadpower":[13.658376000000004,13.701444,8.277874],"batterytemp":[6.0,7.0,29.0],"triggerrate":[0.0,0.0,0.4],"triggersremaining":[18412.0,18414.0,18423.0],"crcerrors":[0.0,0.0,0.0]}