{"datalatency":[26.014206],"sensoruptime":[null,null,6.267777777777778],"battvoltage":[14.713,14.719000000000001,11.99],"arrayvoltage":[39.760999999999996,40.128,44.974],"chargecurrent":[0.78,0.9420000000000001,2.773],"chargestate":[6.0,6.0,7.0],"loadpower":[0.0,0.0,0.0],"batterytemp":[11.0,11.0,31.0],"triggerrate":[null,null,56.0],"triggersremaining":[null,null,19000.0],"crcerrors":[1.0,null,3.0]}