{"datalatency":[8.065758],"sensoruptime":[0.7519444444444444,null,11.270277777777778],"battvoltage":[14.328,12.527000000000001,11.154000000000002],"arrayvoltage":[19.183,28.958000000000002,42.471000000000004],"chargecurrent":[2.2030000000000003,0.213,5.733],"chargestate":[5.0,5.0,6.0],"loadpower":[13.536418000000001,0.0,0.0],"batterytemp":[8.0,3.0,28.0],"triggerrate":[0.0,0.0,0.4],"triggersremaining":[18392.0,null,18402.0],"crcerrors":[0.0,0.0,0.0]}