{"datalatency":[8.768711],"sensoruptime":[105.58166666666666,104.59833333333333,105.58166666666666],"battvoltage":[12.491,12.527000000000001,12.03],"arrayvoltage":[0.9490000000000001,4.062,41.65],"chargecurrent":[0.0,0.0,11.832],"chargestate":[3.0,3.0,6.0],"loadpower":[14.266700000000002,13.821682,8.207364000000002],"batterytemp":[21.0,22.0,32.0],"triggerrate":[0.0,0.0,0.6],"triggersremaining":[21502.0,21502.0,21603.0],"crcerrors":[0.0,0.0,0.0]}