{"datalatency":[13.934978000000001],"sensoruptime":[361.51944444444445,360.51972222222224,361.51944444444445],"battvoltage":[12.683,12.216,12.064],"arrayvoltage":[16.214000000000002,16.8,17.633],"chargecurrent":[3.665,1.829,12.229000000000001],"ledstate":[8.0,8.0,8.0],"loadpower":[22.717814,22.953468,21.612250999999997],"batterytemp":[34.0,28.0,44.0],"triggerrate":[0.0,0.0,1.2000000000000002],"triggersremaining":[12616.0,12616.0,12622.0],"crcerrors":[0.0,0.0,2.0]}