{"datalatency":[13.21124],"sensoruptime":[null,null,7.133055555555556],"battvoltage":[11.774000000000001,11.550999999999998,11.31],"arrayvoltage":[15.289000000000001,13.626,19.949],"chargecurrent":[0.263,0.201,12.057],"ledstate":[10.0,10.0,10.0],"loadpower":[6.745324999999999,8.68608,5.92988],"batterytemp":[26.0,25.0,50.0],"triggerrate":[null,null,2.4000000000000004],"triggersremaining":[null,null,14583.0],"crcerrors":[null,null,0.0]}