{"datalatency":[7.674633],"sensoruptime":[215.2313888888889,214.23166666666665,215.2313888888889],"battvoltage":[12.186,12.200999999999999,12.130999999999998],"arrayvoltage":[25.875999999999998,11.7,41.711000000000006],"chargecurrent":[0.099,0.0,9.777000000000001],"chargestate":[5.0,3.0,6.0],"loadpower":[14.124109999999998,14.167103999999998,9.02565],"batterytemp":[11.0,11.0,34.0],"triggerrate":[0.0,0.0,0.8],"triggersremaining":[20290.0,20291.0,20355.0],"crcerrors":[0.0,0.0,0.0]}