{"datalatency":[7.930015000000001],"sensoruptime":[38.91916666666667,37.91916666666667,38.91916666666667],"battvoltage":[12.222000000000001,12.259,12.07],"arrayvoltage":[0.635,0.626,41.821000000000005],"chargecurrent":[0.0,0.002,7.474],"chargestate":[3.0,3.0,6.0],"loadpower":[14.106144,13.588640999999999,8.72505],"batterytemp":[3.0,3.0,28.0],"triggerrate":[0.0,0.0,1.4],"triggersremaining":[22231.0,22235.0,22317.0],"crcerrors":[0.0,0.0,0.0]}