{"datalatency":[62.034565],"sensoruptime":[null,null,null],"battvoltage":[12.524000000000001,12.823,11.987],"arrayvoltage":[15.286,15.628,18.362000000000002],"chargecurrent":[2.157,5.349,10.335],"ledstate":[8.0,8.0,8.0],"loadpower":[6.783136000000001,7.128449999999999,5.903471999999999],"batterytemp":[45.0,37.0,53.0],"triggerrate":[null,null,null],"triggersremaining":[null,null,null],"crcerrors":[null,null,null]}