{"datalatency":[8.422628000000001],"sensoruptime":[13.927777777777777,12.927777777777777,13.927777777777777],"battvoltage":[12.375,12.415,11.478],"arrayvoltage":[0.601,0.607,38.565],"chargecurrent":[0.0,0.0,15.0],"chargestate":[3.0,3.0,6.0],"loadpower":[13.751216000000003,14.600736000000001,0.0],"batterytemp":[14.0,15.0,41.0],"triggerrate":[0.0,0.2,1.4],"triggersremaining":[21670.0,21677.0,21823.0],"crcerrors":[0.0,0.0,0.0]}