{"datalatency":[18.395656000000002],"sensoruptime":[204.87305555555557,203.87583333333333,204.87305555555557],"battvoltage":[12.177,12.216,11.800999999999998],"arrayvoltage":[0.064,12.762,18.445],"chargecurrent":[0.005,0.005,8.948],"ledstate":[8.0,8.0,8.0],"loadpower":[23.537340000000004,23.382864,21.692814],"batterytemp":[30.0,36.0,51.0],"triggerrate":[0.0,0.0,1.2000000000000002],"triggersremaining":[12686.0,12687.0,12692.0],"crcerrors":[0.0,0.0,2.0]}