{"datalatency":[7.569818000000001],"sensoruptime":[193.0677777777778,192.06805555555556,193.0677777777778],"battvoltage":[14.175,13.77,12.106],"arrayvoltage":[40.54,38.867,43.121],"chargecurrent":[5.547000000000001,6.697,9.777000000000001],"chargestate":[6.0,5.0,6.0],"loadpower":[9.144952,9.919188,8.98432],"batterytemp":[29.0,13.0,29.0],"triggerrate":[0.0,0.0,0.4],"triggersremaining":[20354.0,20354.0,20370.0],"crcerrors":[0.0,0.0,0.0]}