{"datalatency":[12.127468],"sensoruptime":[24.400555555555556,23.40361111111111,24.400555555555556],"battvoltage":[12.167,12.064,11.319],"arrayvoltage":[16.702,15.575999999999999,19.733],"chargecurrent":[1.882,0.5479999999999999,9.152999999999999],"ledstate":[8.0,8.0,10.0],"loadpower":[22.946175999999998,22.570548000000002,21.825804],"batterytemp":[31.0,29.0,53.0],"triggerrate":[0.0,0.0,20.400000000000002],"triggersremaining":[13511.0,13513.0,14551.0],"crcerrors":[0.0,0.0,2.0]}