{"datalatency":[19.097074000000003],"sensoruptime":[511.6625,510.6625,511.6625],"battvoltage":[12.0,12.325999999999999,11.85],"arrayvoltage":[16.406,16.65,17.145],"chargecurrent":[1.411,2.7760000000000002,4.319],"ledstate":[8.0,8.0,8.0],"loadpower":[23.596812,22.710600000000003,20.930414],"batterytemp":[34.0,37.0,46.0],"triggerrate":[0.0,0.0,2.4000000000000004],"triggersremaining":[11340.0,11343.0,11442.0],"crcerrors":[0.0,0.0,2.0]}