{"datalatency":[33.277345000000004],"sensoruptime":[1.5505555555555555,0.5508333333333333,57.48722222222222],"battvoltage":[12.472999999999999,12.378,11.639000000000001],"arrayvoltage":[15.677,15.68,17.78],"chargecurrent":[2.822,2.887,12.089],"ledstate":[8.0,8.0,10.0],"loadpower":[23.497127999999996,24.338392,6.942914999999999],"batterytemp":[48.0,43.0,48.0],"triggerrate":[0.0,0.0,7.200004464002768],"triggersremaining":[22178.0,22178.0,22382.0],"crcerrors":[null,null,0.0]}