{"datalatency":[13.103303],"sensoruptime":[null,null,61.55722222222222],"battvoltage":[12.200999999999999,12.216,11.499],"arrayvoltage":[0.021,0.021,18.410999999999998],"chargecurrent":[0.002,0.002,12.030999999999999],"ledstate":[8.0,8.0,10.0],"loadpower":[7.456644,7.700724,7.249176],"batterytemp":[28.0,28.0,56.0],"triggerrate":[null,null,1.2000000000000002],"triggersremaining":[null,null,20764.0],"crcerrors":[0.0,null,1.0]}