{"datalatency":[7.790669],"sensoruptime":[null,null,62.22694444444444],"battvoltage":[12.424000000000001,12.415,11.456],"arrayvoltage":[0.958,0.848,40.738],"chargecurrent":[0.0,0.0,11.615],"chargestate":[3.0,3.0,6.0],"loadpower":[0.0,0.0,0.0],"batterytemp":[16.0,16.0,34.0],"triggerrate":[null,null,0.4],"triggersremaining":[null,null,18417.0],"crcerrors":[0.0,null,0.0]}