{"datalatency":[7.809243],"sensoruptime":[1.8975,0.8983333333333333,227.69416666666666],"battvoltage":[11.99,11.987,11.96],"arrayvoltage":[0.882,1.135,36.472],"chargecurrent":[0.0,0.0,3.503],"chargestate":[3.0,3.0,5.0],"loadpower":[14.247932999999998,16.09816,9.995777999999998],"batterytemp":[15.0,14.0,18.0],"triggerrate":[0.4,21.0,24.0],"triggersremaining":[18683.0,18908.0,20339.0],"crcerrors":[2.0,2.0,3.0]}