{"datalatency":[70.819879],"sensoruptime":[84.51194444444444,83.51194444444444,84.51194444444444],"battvoltage":[12.329,12.357000000000001,12.216],"arrayvoltage":[0.0,0.0,17.965999999999998],"chargecurrent":[0.002,0.002,8.001],"ledstate":[6.0,6.0,6.0],"loadpower":[23.451568,23.057423999999997,21.730287],"batterytemp":[29.0,29.0,58.0],"triggerrate":[0.0,0.0,0.6],"triggersremaining":[6298.0,6299.0,6317.0],"crcerrors":[0.0,0.0,0.0]}