{"datalatency":[7.664829],"sensoruptime":[0.7316666666666667,0.03111111111111111,227.69416666666666],"battvoltage":[12.015,12.015,11.963],"arrayvoltage":[0.919,1.273,36.472],"chargecurrent":[0.0,0.0,3.503],"chargestate":[3.0,3.0,5.0],"loadpower":[13.968000000000002,16.973592,9.995777999999998],"batterytemp":[14.0,15.0,18.0],"triggerrate":[0.4,6.0,24.0],"triggersremaining":[19017.0,19233.0,20344.0],"crcerrors":[0.0,0.0,1.0]}