{"datalatency":[38.017456],"sensoruptime":[0.3927777777777778,0.08638888888888889,2.6594444444444445],"battvoltage":[11.838,10.607999999999999,10.26],"arrayvoltage":[32.324,31.741,42.032],"chargecurrent":[0.812,0.287,2.546],"chargestate":[5.0,5.0,7.0],"loadpower":[13.72322,13.946796,0.0],"batterytemp":[16.0,15.0,24.0],"triggerrate":[0.0,0.0,58.4],"triggersremaining":[0.0,0.0,4714.0],"crcerrors":[27.0,0.0,20.0]}