{"datalatency":[21.067564],"sensoruptime":[22.48138888888889,21.481666666666666,null],"battvoltage":[12.14,12.14,12.064],"arrayvoltage":[16.895,16.748,20.032],"chargecurrent":[1.452,1.109,7.09],"chargestate":[5.0,5.0,7.0],"loadpower":[24.06039,24.308984000000002,11.041264],"batterytemp":[29.0,28.0,47.0],"triggerrate":[null,null,null],"triggersremaining":[22488.0,22488.0,null],"crcerrors":[null,null,0.0]}