{"datalatency":[9.980117],"sensoruptime":[null,null,4.153611111111111],"battvoltage":[14.056,14.059000000000001,null],"arrayvoltage":[41.348,42.282,null],"chargecurrent":[0.22699999999999998,0.34299999999999997,null],"chargestate":[7.0,7.0,null],"loadpower":[0.0,0.0,null],"batterytemp":[13.0,13.0,null],"triggerrate":[null,null,59.0],"triggersremaining":[null,null,19511.0],"crcerrors":[5.0,null,5.0]}