{"datalatency":[15.027891],"sensoruptime":[52.11972222222222,51.1225,52.11972222222222],"battvoltage":[12.558,12.445,11.499],"arrayvoltage":[15.036,15.770999999999999,18.410999999999998],"chargecurrent":[7.745,6.718,11.398],"ledstate":[10.0,10.0,10.0],"loadpower":[22.691326,22.332185999999997,21.727188],"batterytemp":[46.0,39.0,52.0],"triggerrate":[0.0,0.0,6.0],"triggersremaining":[20758.0,20759.0,21088.0],"crcerrors":[0.0,0.0,1.0]}