{"datalatency":[8.331159000000001],"sensoruptime":[null,null,5.101944444444444],"battvoltage":[12.802,12.872,11.362],"arrayvoltage":[3.113,23.239,40.985],"chargecurrent":[0.0,0.036000000000000004,1.911],"chargestate":[3.0,5.0,6.0],"loadpower":[0.0,0.0,0.0],"batterytemp":[21.0,21.0,26.0],"triggerrate":[null,null,6.2],"triggersremaining":[null,null,22438.0],"crcerrors":[1.0,null,1.0]}