{"datalatency":[8.512030000000001],"sensoruptime":[37.09111111111111,36.09111111111111,37.09111111111111],"battvoltage":[12.479000000000001,12.512,12.112],"arrayvoltage":[0.586,0.586,41.489],"chargecurrent":[0.0,0.0,11.902999999999999],"chargestate":[3.0,3.0,6.0],"loadpower":[13.581400000000002,13.705918000000002,9.02565],"batterytemp":[17.0,17.0,35.0],"triggerrate":[0.2,0.0,0.4],"triggersremaining":[21651.0,21652.0,21675.0],"crcerrors":[0.0,0.0,0.0]}