{"datalatency":[10.204219],"sensoruptime":[null,null,null],"battvoltage":[14.084000000000001,14.059000000000001,12.72],"arrayvoltage":[40.945,41.846000000000004,42.108000000000004],"chargecurrent":[0.179,0.191,0.56],"chargestate":[7.0,7.0,7.0],"loadpower":[0.0,0.0,0.0],"batterytemp":[14.0,13.0,14.0],"triggerrate":[null,null,null],"triggersremaining":[null,null,null],"crcerrors":[null,null,null]}