{"datalatency":[8.684407],"sensoruptime":[87.58416666666666,86.58416666666666,87.58416666666666],"battvoltage":[12.207,12.222000000000001,12.183],"arrayvoltage":[0.647,0.601,38.708],"chargecurrent":[0.0,0.0,8.752],"chargestate":[3.0,3.0,6.0],"loadpower":[14.167103999999998,14.142719999999999,9.957479999999999],"batterytemp":[18.0,19.0,34.0],"triggerrate":[0.0,0.4,0.6],"triggersremaining":[21577.0,21584.0,21644.0],"crcerrors":[0.0,0.0,0.0]}