{"datalatency":[13.580918],"sensoruptime":[23.209722222222222,22.209722222222222,null],"battvoltage":[12.177,12.167,12.054],"arrayvoltage":[16.797,16.452,18.439],"chargecurrent":[1.744,1.5819999999999999,9.9],"ledstate":[8.0,8.0,8.0],"loadpower":[22.788512,22.946175999999998,5.933112000000001],"batterytemp":[32.0,31.0,52.0],"triggerrate":[0.0,0.0,null],"triggersremaining":[14661.0,14661.0,null],"crcerrors":[0.0,0.0,0.0]}