{"datalatency":[8.18746],"sensoruptime":[null,10.917222222222222,null],"battvoltage":[12.592,11.493,10.944],"arrayvoltage":[0.845,0.772,41.791000000000004],"chargecurrent":[0.0,0.0,2.923],"chargestate":[3.0,3.0,6.0],"loadpower":[0.0,14.14781,0.0],"batterytemp":[12.0,14.0,32.0],"triggerrate":[null,0.0,null],"triggersremaining":[null,18373.0,null],"crcerrors":[0.0,0.0,0.0]}