{"datalatency":[59.290197000000006],"sensoruptime":[15.654444444444444,14.654722222222222,null],"battvoltage":[12.392999999999999,12.405,12.384],"arrayvoltage":[0.021,0.018000000000000002,19.229],"chargecurrent":[0.002,0.002,8.175],"ledstate":[6.0,6.0,6.0],"loadpower":[23.465943000000003,23.088159,6.0236],"batterytemp":[30.0,31.0,54.0],"triggerrate":[0.0,0.0,null],"triggersremaining":[7056.0,7056.0,null],"crcerrors":[0.0,0.0,0.0]}