{"datalatency":[8.239725],"sensoruptime":[null,null,5.101944444444444],"battvoltage":[12.575999999999999,12.585,10.427999999999999],"arrayvoltage":[1.053,0.992,43.015],"chargecurrent":[0.0,0.0,3.5439999999999996],"chargestate":[3.0,3.0,6.0],"loadpower":[0.0,0.0,0.0],"batterytemp":[18.0,18.0,27.0],"triggerrate":[null,null,6.2],"triggersremaining":[null,null,22496.0],"crcerrors":[1.0,null,1.0]}