{"datalatency":[8.992199000000001],"sensoruptime":[16.88,15.883055555555556,null],"battvoltage":[12.17,12.216,12.1],"arrayvoltage":[0.0,0.0,18.439],"chargecurrent":[0.002,0.005,9.9],"ledstate":[6.0,6.0,8.0],"loadpower":[24.813888,23.749983999999998,5.933112000000001],"batterytemp":[28.0,28.0,52.0],"triggerrate":[0.0,0.0,null],"triggersremaining":[14662.0,14663.0,null],"crcerrors":[0.0,0.0,0.0]}