{"datalatency":[32.231358],"sensoruptime":[0.155,null,null],"battvoltage":[12.75,12.710999999999999,12.530999999999999],"arrayvoltage":[17.087,15.088,17.09],"chargecurrent":[2.7760000000000002,2.551,3.991],"chargestate":[5.0,5.0,5.0],"loadpower":[25.868624999999998,11.041264,11.041264],"batterytemp":[25.0,21.0,25.0],"triggerrate":[null,null,null],"triggersremaining":[22494.0,null,null],"crcerrors":[0.0,null,0.0]}