{"datalatency":[5.411722],"sensoruptime":[null,null,18.859444444444446],"battvoltage":[12.134,12.14,11.456],"arrayvoltage":[0.10099999999999999,12.869000000000002,17.825],"chargecurrent":[0.005,0.031,11.344000000000001],"chargestate":[3.0,5.0,6.0],"loadpower":[8.380448,7.8468160000000005,0.0],"batterytemp":[27.0,30.0,47.0],"triggerrate":[null,null,9.600000000000001],"triggersremaining":[null,null,22160.0],"crcerrors":[0.0,null,0.0]}