{"datalatency":[12.787502],"sensoruptime":[22.7125,21.715555555555557,null],"battvoltage":[12.177,12.134,12.054],"arrayvoltage":[16.217,16.266,18.439],"chargecurrent":[1.751,1.157,9.9],"ledstate":[8.0,8.0,8.0],"loadpower":[23.46768,23.173276000000005,5.933112000000001],"batterytemp":[32.0,30.0,52.0],"triggerrate":[0.0,0.0,null],"triggersremaining":[14661.0,14661.0,null],"crcerrors":[0.0,0.0,0.0]}