{"datalatency":[20.982488],"sensoruptime":[19.83277777777778,18.849722222222223,null],"battvoltage":[12.027000000000001,12.048,12.027000000000001],"arrayvoltage":[0.0,0.0,17.383],"chargecurrent":[0.002,0.005,10.453],"ledstate":[8.0,8.0,8.0],"loadpower":[23.531508000000002,23.471448,6.478731],"batterytemp":[30.0,30.0,52.0],"triggerrate":[0.0,0.0,null],"triggersremaining":[1675.0,1675.0,null],"crcerrors":[0.0,0.0,0.0]}