{"datalatency":[9.997301],"sensoruptime":[null,null,4.153611111111111],"battvoltage":[14.12,14.059000000000001,12.704],"arrayvoltage":[40.903,41.275,44.955],"chargecurrent":[0.345,0.319,2.194],"chargestate":[7.0,7.0,7.0],"loadpower":[0.0,0.0,0.0],"batterytemp":[11.0,13.0,21.0],"triggerrate":[null,null,59.0],"triggersremaining":[null,null,16147.0],"crcerrors":[2.0,null,5.0]}