{"datalatency":[8.396525],"sensoruptime":[1.5422222222222222,0.5452777777777778,49.00611111111111],"battvoltage":[12.216,12.642999999999999,11.569],"arrayvoltage":[16.653,16.016,19.531],"chargecurrent":[2.5869999999999997,3.22,12.99],"ledstate":[6.0,6.0,10.0],"loadpower":[22.613125,23.004684,5.941168],"batterytemp":[39.0,41.0,41.0],"triggerrate":[0.0,0.0,2.4000000000000004],"triggersremaining":[14647.0,14649.0,14657.0],"crcerrors":[0.0,0.0,0.0]}