{"datalatency":[8.199595],"sensoruptime":[1.7938888888888889,0.7941666666666667,11.33388888888889],"battvoltage":[14.38,13.29,10.427999999999999],"arrayvoltage":[41.205,34.668,43.015],"chargecurrent":[2.785,1.693,3.23],"chargestate":[6.0,5.0,6.0],"loadpower":[13.50783,13.633201000000003,0.0],"batterytemp":[22.0,14.0,32.0],"triggerrate":[0.0,0.0,0.8],"triggersremaining":[18366.0,18366.0,18392.0],"crcerrors":[0.0,0.0,0.0]}