{"datalatency":[10.124953000000001],"sensoruptime":[null,null,null],"battvoltage":[13.409,12.61,12.567],"arrayvoltage":[30.084,17.374000000000002,43.347],"chargecurrent":[0.33799999999999997,0.005,2.597],"chargestate":[5.0,5.0,7.0],"loadpower":[0.0,0.0,0.0],"batterytemp":[11.0,10.0,20.0],"triggerrate":[null,null,0.0],"triggersremaining":[null,null,null],"crcerrors":[0.0,null,1.0]}