{"datalatency":[15.394111],"sensoruptime":[118.88638888888889,117.88916666666667,118.88638888888889],"battvoltage":[12.1,12.1,12.07],"arrayvoltage":[14.844000000000001,13.104000000000001,17.825],"chargecurrent":[0.606,0.135,10.327],"ledstate":[8.0,8.0,8.0],"loadpower":[23.595549,23.668163999999997,21.192338],"batterytemp":[31.0,30.0,54.0],"triggerrate":[0.0,0.0,1.2000000000000002],"triggersremaining":[13078.0,13078.0,13086.0],"crcerrors":[0.0,0.0,2.0]}