{"datalatency":[8.165024],"sensoruptime":[0.6105555555555555,11.133888888888889,114.10888888888888],"battvoltage":[11.539000000000001,11.575,11.469000000000001],"arrayvoltage":[0.5710000000000001,0.565,35.4],"chargecurrent":[0.0,0.0,6.643],"chargestate":[3.0,3.0,5.0],"loadpower":[14.197170000000002,14.058156,0.0],"batterytemp":[15.0,16.0,27.0],"triggerrate":[0.4,0.2,1.6],"triggersremaining":[21791.0,21807.0,21937.0],"crcerrors":[0.0,0.0,0.0]}