{"datalatency":[38.104136000000004],"sensoruptime":[0.4,0.16777777777777778,0.7511111111111111],"battvoltage":[14.478,14.517000000000001,10.26],"arrayvoltage":[42.599,43.121,43.533],"chargecurrent":[2.213,2.256,3.411],"chargestate":[6.0,6.0,6.0],"loadpower":[12.705099,12.855128,0.0],"batterytemp":[19.0,18.0,19.0],"triggerrate":[0.0,0.0,0.0],"triggersremaining":[0.0,0.0,0.0],"crcerrors":[0.0,0.0,0.0]}