{"datalatency":[21.584333],"sensoruptime":[66.86194444444445,65.86194444444445,66.86194444444445],"battvoltage":[11.493,11.53,11.493],"arrayvoltage":[0.107,0.14,16.992],"chargecurrent":[0.002,0.002,11.828],"ledstate":[10.0,10.0,10.0],"loadpower":[24.034931999999998,23.954585999999995,22.068414],"batterytemp":[28.0,28.0,44.0],"triggerrate":[0.0,0.0,0.4],"triggersremaining":[31.0,31.0,41.0],"crcerrors":[0.0,0.0,2.0]}