{"datalatency":[12.880307],"sensoruptime":[46.23083333333334,45.23083333333334,46.23083333333334],"battvoltage":[12.027000000000001,12.064,12.027000000000001],"arrayvoltage":[10.985999999999999,3.989,17.526],"chargecurrent":[0.005,0.002,10.985],"ledstate":[8.0,8.0,8.0],"loadpower":[24.228203999999998,24.041999999999998,21.514706],"batterytemp":[28.0,30.0,50.0],"triggerrate":[2.4000000000000004,2.4000000000000004,6.0],"triggersremaining":[13213.0,13353.0,13513.0],"crcerrors":[0.0,0.0,2.0]}