{"datalatency":[8.623889],"sensoruptime":[70.08638888888889,69.08666666666667,70.08638888888889],"battvoltage":[12.222000000000001,12.259,12.18],"arrayvoltage":[11.636,0.745,40.146],"chargecurrent":[0.0,0.0,10.228],"chargestate":[3.0,3.0,6.0],"loadpower":[14.081760000000001,14.126805000000001,8.80245],"batterytemp":[16.0,15.0,34.0],"triggerrate":[0.0,0.0,0.2],"triggersremaining":[21641.0,21641.0,21648.0],"crcerrors":[0.0,0.0,0.0]}