{"datalatency":[20.916707000000002],"sensoruptime":[51.679722222222225,50.6825,51.679722222222225],"battvoltage":[11.767999999999999,11.798,11.761],"arrayvoltage":[0.0,0.0,17.78],"chargecurrent":[0.002,0.002,7.774],"ledstate":[8.0,8.0,8.0],"loadpower":[23.691681999999997,25.675157000000002,22.552155],"batterytemp":[26.0,26.0,40.0],"triggerrate":[0.0,0.0,7.200004464002768],"triggersremaining":[22184.0,22185.0,22428.0],"crcerrors":[null,null,0.0]}