{"datalatency":[18.739193],"sensoruptime":[206.51,205.52694444444444,206.51],"battvoltage":[12.061,12.064,12.048],"arrayvoltage":[0.7509999999999999,0.0,17.969],"chargecurrent":[0.002,0.002,8.96],"ledstate":[8.0,8.0,8.0],"loadpower":[23.447424,23.463296999999994,21.987524],"batterytemp":[30.0,30.0,57.0],"triggerrate":[0.0,0.0,2.4],"triggersremaining":[5632.0,5632.0,5813.0],"crcerrors":[0.0,0.0,0.0]}