{"datalatency":[9.586547000000001],"sensoruptime":[0.014166666666666666,null,1.2466666666666666],"battvoltage":[14.09,14.690999999999999,10.352],"arrayvoltage":[43.231,42.798,45.523],"chargecurrent":[1.568,1.635,2.6889999999999996],"chargestate":[7.0,6.0,7.0],"loadpower":[13.944915,14.285516000000001,0.0],"batterytemp":[12.0,12.0,14.0],"triggerrate":[null,null,null],"triggersremaining":[0.0,null,0.0],"crcerrors":[2.0,0.0,1.0]}