{"datalatency":[15.407202000000002],"sensoruptime":[404.6797222222222,403.68,404.6797222222222],"battvoltage":[12.033,12.064,12.027000000000001],"arrayvoltage":[0.107,0.0,18.365],"chargecurrent":[0.002,0.002,10.873],"ledstate":[8.0,8.0,8.0],"loadpower":[23.675652,23.711129999999997,21.895564000000004],"batterytemp":[25.0,26.0,52.0],"triggerrate":[0.0,0.0,1.2000000000000002],"triggersremaining":[12599.0,12600.0,12607.0],"crcerrors":[0.0,0.0,2.0]}