{"datalatency":[22.909358],"sensoruptime":[52.34638888888889,51.34638888888889,52.34638888888889],"battvoltage":[11.758,11.795,11.749],"arrayvoltage":[0.0,0.0,17.78],"chargecurrent":[0.002,0.002,7.774],"ledstate":[8.0,8.0,8.0],"loadpower":[23.61907,24.255489999999998,22.552155],"batterytemp":[25.0,26.0,40.0],"triggerrate":[0.0,0.0,7.200004464002768],"triggersremaining":[22183.0,22184.0,22427.0],"crcerrors":[null,null,0.0]}