{"datalatency":[8.296112],"sensoruptime":[95.74472222222222,94.76138888888889,95.74472222222222],"battvoltage":[11.899000000000001,11.877,11.815999999999999],"arrayvoltage":[32.766999999999996,29.346,35.016],"chargecurrent":[0.505,0.341,2.174],"chargestate":[5.0,5.0,5.0],"loadpower":[13.812694,13.789908000000004,12.913230000000002],"batterytemp":[14.0,15.0,20.0],"triggerrate":[0.0,0.0,4.4],"triggersremaining":[21955.0,21955.0,22111.0],"crcerrors":[0.0,0.0,0.0]}