{"datalatency":[7.925446000000001],"sensoruptime":[9.60138888888889,8.618333333333334,31.859444444444446],"battvoltage":[11.923,11.96,11.465],"arrayvoltage":[1.08,12.520999999999999,42.996],"chargecurrent":[0.0,0.0,15.002],"chargestate":[3.0,5.0,6.0],"loadpower":[13.812694,13.895832,0.0],"batterytemp":[8.0,9.0,28.0],"triggerrate":[0.0,0.0,2.0],"triggersremaining":[18429.0,18429.0,18579.0],"crcerrors":[1.0,0.0,4.0]}