{"datalatency":[15.72347],"sensoruptime":[3.247777777777778,2.2508333333333335,null],"battvoltage":[13.657,13.720999999999998,11.328],"arrayvoltage":[18.018,18.497,19.949],"chargecurrent":[5.112,3.003,10.963],"ledstate":[5.0,5.0,10.0],"loadpower":[22.334165,22.925976000000002,5.908896],"batterytemp":[46.0,44.0,50.0],"triggerrate":[0.0,0.0,null],"triggersremaining":[14570.0,14570.0,null],"crcerrors":[0.0,0.0,0.0]}