{"datalatency":[21.121083000000002],"sensoruptime":[3.039722222222222,2.039722222222222,64.02638888888889],"battvoltage":[12.14,12.177,11.835],"arrayvoltage":[16.168,16.797,16.91],"chargecurrent":[1.5119999999999998,2.59,10.463],"ledstate":[8.0,8.0,8.0],"loadpower":[23.993872,22.908951,6.678672000000001],"batterytemp":[39.0,34.0,50.0],"triggerrate":[0.0,0.0,3.0],"triggersremaining":[1332.0,1333.0,1511.0],"crcerrors":[0.0,0.0,0.0]}