{"datalatency":[15.016842],"sensoruptime":[53.28611111111111,52.28638888888889,53.28611111111111],"battvoltage":[12.787,12.600999999999999,11.499],"arrayvoltage":[14.163,15.036,18.410999999999998],"chargecurrent":[9.1,8.221,11.398],"ledstate":[8.0,10.0,10.0],"loadpower":[23.1483,22.65636,21.727188],"batterytemp":[50.0,46.0,52.0],"triggerrate":[0.0,0.0,6.0],"triggersremaining":[20758.0,20758.0,21058.0],"crcerrors":[0.0,0.0,1.0]}