{"datalatency":[15.709434000000002],"sensoruptime":[411.6788888888889,410.6816666666667,411.6788888888889],"battvoltage":[12.491,12.796,12.020999999999999],"arrayvoltage":[15.520999999999999,15.036,18.317],"chargecurrent":[2.266,6.479,10.873],"ledstate":[8.0,8.0,8.0],"loadpower":[22.851854,22.338228,20.983984000000003],"batterytemp":[45.0,43.0,52.0],"triggerrate":[0.0,0.0,1.2000000000000002],"triggersremaining":[12598.0,12598.0,12606.0],"crcerrors":[0.0,0.0,2.0]}