{"datalatency":[38.124416000000004],"sensoruptime":[0.013333333333333334,null,1.8325],"battvoltage":[14.175,14.752,10.526],"arrayvoltage":[42.651,42.788999999999994,45.523],"chargecurrent":[1.7009999999999998,1.643,2.6189999999999998],"chargestate":[7.0,6.0,7.0],"loadpower":[14.536998000000002,14.184072000000002,0.0],"batterytemp":[9.0,10.0,19.0],"triggerrate":[null,0.0,null],"triggersremaining":[0.0,null,0.0],"crcerrors":[6.0,0.0,1.0]}