{"datalatency":[20.078206],"sensoruptime":[311.15555555555557,310.1558333333333,311.15555555555557],"battvoltage":[12.445,13.168,11.987],"arrayvoltage":[15.68,15.380999999999998,18.167],"chargecurrent":[2.138,9.62,9.62],"ledstate":[6.0,6.0,8.0],"loadpower":[24.129170999999996,23.101936,22.125905999999997],"batterytemp":[50.0,52.0,55.0],"triggerrate":[0.4,0.2,1.4],"triggersremaining":[3160.0,3187.0,3275.0],"crcerrors":[0.0,0.0,0.0]}