{"datalatency":[8.573618],"sensoruptime":[95.58305555555556,94.58305555555556,95.58305555555556],"battvoltage":[12.567,12.106,12.03],"arrayvoltage":[27.103,25.879,38.708],"chargecurrent":[2.454,0.155,8.752],"chargestate":[5.0,5.0,6.0],"loadpower":[14.593068000000002,14.035798,9.957479999999999],"batterytemp":[22.0,18.0,34.0],"triggerrate":[0.0,0.2,0.6],"triggersremaining":[21539.0,21540.0,21641.0],"crcerrors":[0.0,0.0,0.0]}