{"datalatency":[18.789101000000002],"sensoruptime":[224.67083333333332,223.68777777777777,224.67083333333332],"battvoltage":[12.14,12.177,12.03],"arrayvoltage":[0.021,0.021,16.995],"chargecurrent":[0.005,0.002,8.74],"ledstate":[6.0,6.0,8.0],"loadpower":[24.146848,23.756732,22.120514],"batterytemp":[31.0,31.0,55.0],"triggerrate":[0.0,0.0,17.6],"triggersremaining":[4165.0,4166.0,5633.0],"crcerrors":[0.0,0.0,0.0]}