{"datalatency":[62.534701000000005],"sensoruptime":[null,null,null],"battvoltage":[13.168,13.052,11.987],"arrayvoltage":[14.935,14.937999999999999,18.362000000000002],"chargecurrent":[7.617000000000001,7.0520000000000005,10.335],"ledstate":[6.0,8.0,8.0],"loadpower":[6.6700919999999995,6.3605920000000005,5.903471999999999],"batterytemp":[47.0,43.0,53.0],"triggerrate":[null,null,null],"triggersremaining":[null,null,null],"crcerrors":[null,null,null]}