{"datalatency":[8.001217],"sensoruptime":[16.92222222222222,15.938888888888888,null],"battvoltage":[12.149000000000001,12.183,12.149000000000001],"arrayvoltage":[0.705,0.677,44.162],"chargecurrent":[0.0,0.0,2.483],"chargestate":[3.0,3.0,7.0],"loadpower":[14.017055000000001,13.856699999999998,0.0],"batterytemp":[0.0,0.0,19.0],"triggerrate":[0.2,0.6,null],"triggersremaining":[22273.0,22288.0,null],"crcerrors":[0.0,0.0,0.0]}