{"datalatency":[7.774005000000001],"sensoruptime":[4.768888888888889,3.7855555555555553,31.859444444444446],"battvoltage":[13.37,13.718,11.465],"arrayvoltage":[36.52,36.52,42.996],"chargecurrent":[3.648,4.133,15.002],"chargestate":[5.0,5.0,6.0],"loadpower":[10.5784,10.056312,0.0],"batterytemp":[20.0,21.0,28.0],"triggerrate":[0.0,0.0,2.0],"triggersremaining":[18432.0,18434.0,18584.0],"crcerrors":[1.0,0.0,4.0]}