{"datalatency":[7.4913940000000006],"sensoruptime":[171.07083333333333,170.08777777777777,171.07083333333333],"battvoltage":[14.267000000000001,14.203,12.183],"arrayvoltage":[42.581,43.015,43.121],"chargecurrent":[3.4810000000000003,3.892,10.794],"chargestate":[6.0,6.0,6.0],"loadpower":[11.479028000000001,10.234599999999999,8.596613999999999],"batterytemp":[26.0,28.0,30.0],"triggerrate":[0.0,0.0,0.8],"triggersremaining":[20369.0,20369.0,20460.0],"crcerrors":[0.0,0.0,0.0]}