{"datalatency":[7.911574000000001],"sensoruptime":[0.25194444444444447,null,11.270277777777778],"battvoltage":[11.679,12.491,11.154000000000002],"arrayvoltage":[38.58,13.107000000000001,42.471000000000004],"chargecurrent":[0.807,0.0,5.733],"chargestate":[5.0,5.0,6.0],"loadpower":[13.56054,0.0,0.0],"batterytemp":[6.0,3.0,28.0],"triggerrate":[0.0,null,0.4],"triggersremaining":[18392.0,null,18404.0],"crcerrors":[0.0,0.0,0.0]}