{"datalatency":[8.071986],"sensoruptime":[80.24694444444444,79.26361111111112,80.24694444444444],"battvoltage":[12.07,12.085,12.07],"arrayvoltage":[0.7509999999999999,0.8390000000000001,35.016],"chargecurrent":[0.0,0.0,2.8360000000000003],"chargestate":[3.0,3.0,5.0],"loadpower":[13.989318,14.035798,13.31694],"batterytemp":[12.0,12.0,20.0],"triggerrate":[0.2,0.0,4.4],"triggersremaining":[22019.0,22031.0,22203.0],"crcerrors":[0.0,0.0,0.0]}