{"datalatency":[23.043651],"sensoruptime":[null,null,null],"battvoltage":[11.588,11.606,11.572000000000001],"arrayvoltage":[0.214,0.107,19.342],"chargecurrent":[0.002,0.005,5.67],"chargestate":[3.0,3.0,6.0],"loadpower":[8.180232,8.904192000000002,6.509968999999999],"batterytemp":[14.0,15.0,26.0],"triggerrate":[null,null,null],"triggersremaining":[null,null,null],"crcerrors":[null,null,null]}