{"datalatency":[8.160334],"sensoruptime":[4.618333333333333,3.635,114.10888888888888],"battvoltage":[11.847000000000001,11.877,11.469000000000001],"arrayvoltage":[29.736,32.428000000000004,35.4],"chargecurrent":[0.365,0.872,6.643],"chargestate":[5.0,5.0,5.0],"loadpower":[13.738325999999999,13.854526,0.0],"batterytemp":[20.0,22.0,27.0],"triggerrate":[0.0,0.2,0.6],"triggersremaining":[21922.0,21926.0,21953.0],"crcerrors":[0.0,0.0,0.0]}