{"datalatency":[4.591145],"sensoruptime":[49.778333333333336,48.77861111111111,49.778333333333336],"battvoltage":[11.606,11.53,11.499],"arrayvoltage":[16.84,15.329,17.334],"chargecurrent":[1.3769999999999998,0.358,11.398],"chargestate":[5.0,5.0,6.0],"loadpower":[24.170968000000002,23.369208,21.713829000000004],"batterytemp":[28.0,27.0,52.0],"triggerrate":[0.0,0.0,6.0],"triggersremaining":[20759.0,20759.0,21155.0],"crcerrors":[0.0,0.0,1.0]}