{"datalatency":[7.934147],"sensoruptime":[42.76305555555555,41.76305555555555,42.76305555555555],"battvoltage":[11.800999999999998,11.838,11.49],"arrayvoltage":[0.65,0.6559999999999999,42.148],"chargecurrent":[0.0,0.0,12.352],"chargestate":[3.0,3.0,6.0],"loadpower":[13.701444,13.746840000000002,8.277874],"batterytemp":[7.0,7.0,29.0],"triggerrate":[0.0,0.0,0.4],"triggersremaining":[18415.0,18415.0,18425.0],"crcerrors":[0.0,0.0,0.0]}