{"datalatency":[8.547640000000001],"sensoruptime":[47.256388888888885,46.27305555555556,47.256388888888885],"battvoltage":[12.405,12.231,12.18],"arrayvoltage":[26.566,12.890999999999998,41.489],"chargecurrent":[1.232,0.0,11.902999999999999],"chargestate":[5.0,5.0,6.0],"loadpower":[14.343728,14.191505999999999,9.02565],"batterytemp":[16.0,15.0,35.0],"triggerrate":[0.0,0.0,0.4],"triggersremaining":[21648.0,21648.0,21659.0],"crcerrors":[0.0,0.0,0.0]}