{"datalatency":[9.590165],"sensoruptime":[0.008611111111111111,0.0,1.2466666666666666],"battvoltage":[14.035,14.05,10.352],"arrayvoltage":[42.221000000000004,42.676,45.398],"chargecurrent":[1.51,2.008,2.6889999999999996],"chargestate":[7.0,7.0,7.0],"loadpower":[14.391567000000002,21.079008,0.0],"batterytemp":[14.0,13.0,14.0],"triggerrate":[null,0.0,0.0],"triggersremaining":[0.0,0.0,0.0],"crcerrors":[1.0,0.0,1.0]}