{"datalatency":[7.9271270000000005],"sensoruptime":[47.584722222222226,46.60138888888889,47.584722222222226],"battvoltage":[14.175,14.139000000000001,12.115],"arrayvoltage":[40.68,41.17100000000001,41.931000000000004],"chargecurrent":[2.843,3.549,7.356],"chargestate":[6.0,6.0,6.0],"loadpower":[12.9122,9.762096,8.875646],"batterytemp":[29.0,30.0,30.0],"triggerrate":[0.0,0.0,0.6],"triggersremaining":[22214.0,22214.0,22257.0],"crcerrors":[0.0,0.0,0.0]}