{"datalatency":[6.705828],"sensoruptime":[5.041666666666667,4.041944444444445,49.00611111111111],"battvoltage":[11.636,11.758,11.523],"arrayvoltage":[8.041,12.549000000000001,19.531],"chargecurrent":[0.005,0.036000000000000004,12.99],"ledstate":[10.0,10.0,10.0],"loadpower":[24.551948,23.063252,5.941168],"batterytemp":[26.0,27.0,41.0],"triggerrate":[0.0,0.0,2.4000000000000004],"triggersremaining":[14596.0,14611.0,14655.0],"crcerrors":[0.0,0.0,0.0]}