{"datalatency":[38.210397],"sensoruptime":[0.028888888888888888,0.03166666666666667,1.8325],"battvoltage":[14.902000000000001,11.444,10.352],"arrayvoltage":[43.57,35.263000000000005,45.523],"chargecurrent":[2.085,0.606,2.6189999999999998],"chargestate":[6.0,5.0,7.0],"loadpower":[14.192009999999998,14.103386,0.0],"batterytemp":[5.0,0.0,10.0],"triggerrate":[0.0,0.0,0.0],"triggersremaining":[0.0,0.0,0.0],"crcerrors":[7.0,0.0,1.0]}