{"datalatency":[7.420788000000001],"sensoruptime":[null,null,18.859444444444446],"battvoltage":[12.14,12.216,11.456],"arrayvoltage":[12.655999999999999,14.895999999999999,17.825],"chargecurrent":[0.002,0.5529999999999999,11.344000000000001],"chargestate":[5.0,5.0,6.0],"loadpower":[7.82256,8.782408,0.0],"batterytemp":[30.0,35.0,47.0],"triggerrate":[null,null,9.600000000000001],"triggersremaining":[null,null,22160.0],"crcerrors":[0.0,null,0.0]}