{"datalatency":[8.305969000000001],"sensoruptime":[111.2425,110.25944444444444,111.2425],"battvoltage":[11.533,11.569,11.533],"arrayvoltage":[0.9159999999999999,0.8270000000000001,34.863],"chargecurrent":[0.0,0.0,1.423],"chargestate":[3.0,3.0,5.0],"loadpower":[14.197170000000002,14.242828,12.790060000000002],"batterytemp":[15.0,15.0,16.0],"triggerrate":[0.0,0.0,0.6],"triggersremaining":[21935.0,21935.0,21973.0],"crcerrors":[0.0,0.0,0.0]}