{"datalatency":[8.812454],"sensoruptime":[125.57888888888888,124.57888888888888,125.57888888888888],"battvoltage":[12.369000000000002,13.797,12.073],"arrayvoltage":[30.081,33.736999999999995,39.211999999999996],"chargecurrent":[0.8909999999999999,12.84,12.84],"chargestate":[5.0,5.0,6.0],"loadpower":[14.346255,10.991200000000001,8.207364000000002],"batterytemp":[27.0,32.0,33.0],"triggerrate":[1.0,0.6,1.4],"triggersremaining":[21387.0,21416.0,21521.0],"crcerrors":[0.0,0.0,0.0]}