{"datalatency":[8.204366],"sensoruptime":[4.535833333333334,3.5527777777777776,null],"battvoltage":[12.415,11.495999999999999,10.427999999999999],"arrayvoltage":[0.763,0.748,43.015],"chargecurrent":[0.0,0.0,3.5439999999999996],"chargestate":[3.0,3.0,6.0],"loadpower":[14.514047999999999,14.909700000000003,0.0],"batterytemp":[17.0,18.0,27.0],"triggerrate":[3.0,2.4,null],"triggersremaining":[22234.0,22406.0,null],"crcerrors":[0.0,0.0,0.0]}