{"datalatency":[35.143557],"sensoruptime":[null,null,null],"battvoltage":[13.306,13.776,11.481],"arrayvoltage":[18.359,16.942999999999998,19.680999999999997],"chargecurrent":[5.008,8.88,9.955],"chargestate":[5.0,5.0,5.0],"loadpower":[10.571200000000001,10.05036,0.0],"batterytemp":[36.0,37.0,37.0],"triggerrate":[null,null,null],"triggersremaining":[null,null,null],"crcerrors":[null,null,null]}