{"datalatency":[8.066815],"sensoruptime":[88.91222222222223,87.9125,88.91222222222223],"battvoltage":[11.914000000000001,11.914000000000001,11.911],"arrayvoltage":[0.7929999999999999,0.757,35.016],"chargecurrent":[0.0,0.0,2.8360000000000003],"chargestate":[3.0,3.0,5.0],"loadpower":[13.836468000000002,13.812694,13.31694],"batterytemp":[11.0,11.0,20.0],"triggerrate":[0.0,0.0,4.4],"triggersremaining":[21967.0,21973.0,22157.0],"crcerrors":[0.0,0.0,0.0]}