{"datalatency":[9.827838],"sensoruptime":[3.0077777777777777,2.0105555555555554,14.684444444444445],"battvoltage":[13.776,13.852,11.425999999999998],"arrayvoltage":[18.230999999999998,15.332,19.965],"chargecurrent":[5.9670000000000005,7.317,7.916],"ledstate":[5.0,6.0,11.0],"loadpower":[25.90148,26.132304,0.0],"batterytemp":[42.0,39.0,51.0],"triggerrate":[0.0,0.0,1.2000000000000002],"triggersremaining":[14564.0,14564.0,14567.0],"crcerrors":[0.0,0.0,0.0]}