{"datalatency":[8.170473000000001],"sensoruptime":[3.4183333333333334,2.4183333333333334,11.270277777777778],"battvoltage":[14.27,14.355,11.154000000000002],"arrayvoltage":[40.417,40.613,42.471000000000004],"chargecurrent":[1.94,1.911,2.805],"chargestate":[6.0,6.0,6.0],"loadpower":[14.190512000000002,13.739622,0.0],"batterytemp":[26.0,23.0,27.0],"triggerrate":[0.2,0.0,0.4],"triggersremaining":[18391.0,18392.0,18401.0],"crcerrors":[0.0,0.0,0.0]}