{"datalatency":[10.201614000000001],"sensoruptime":[null,null,null],"battvoltage":[14.038,14.059000000000001,12.72],"arrayvoltage":[41.15,41.263000000000005,42.108000000000004],"chargecurrent":[0.040999999999999995,0.179,0.56],"chargestate":[7.0,7.0,7.0],"loadpower":[0.0,0.0,0.0],"batterytemp":[14.0,13.0,14.0],"triggerrate":[null,null,null],"triggersremaining":[null,null,null],"crcerrors":[null,null,null]}