{"datalatency":[8.060866],"sensoruptime":[6.337777777777778,5.354444444444445,62.22694444444444],"battvoltage":[14.27,14.300999999999998,11.319],"arrayvoltage":[41.949,41.898,42.471000000000004],"chargecurrent":[2.742,2.602,5.733],"chargestate":[6.0,6.0,6.0],"loadpower":[12.374250000000002,12.352751999999999,0.0],"batterytemp":[26.0,25.0,32.0],"triggerrate":[0.0,0.0,0.5],"triggersremaining":[18400.0,18400.0,18410.0],"crcerrors":[0.0,0.0,0.0]}