{"datalatency":[23.667098000000003],"sensoruptime":[7.320277777777778,6.323333333333333,null],"battvoltage":[13.015999999999998,13.052,12.530999999999999],"arrayvoltage":[18.982,18.878,20.032],"chargecurrent":[2.551,2.6430000000000002,7.09],"chargestate":[7.0,7.0,7.0],"loadpower":[25.157755999999996,24.345679999999998,11.041264],"batterytemp":[47.0,46.0,47.0],"triggerrate":[null,null,null],"triggersremaining":[22492.0,22492.0,null],"crcerrors":[null,null,0.0]}