{"datalatency":[25.830034],"sensoruptime":[null,null,null],"battvoltage":[14.447000000000001,13.242,12.491],"arrayvoltage":[36.646,30.133000000000003,43.881],"chargecurrent":[1.391,0.836,2.781],"chargestate":[6.0,7.0,7.0],"loadpower":[0.0,0.0,0.0],"batterytemp":[20.0,19.0,26.0],"triggerrate":[null,null,null],"triggersremaining":[null,null,null],"crcerrors":[0.0,null,0.0]}