{"datalatency":[49.691715],"sensoruptime":[null,null,null],"battvoltage":[12.555,12.537,12.488],"arrayvoltage":[13.513,2.9139999999999997,20.914],"chargecurrent":[0.09699999999999999,0.005,4.172],"ledstate":[6.0,6.0,6.0],"loadpower":[7.389593999999999,8.497685,5.666772999999999],"batterytemp":[29.0,29.0,46.0],"triggerrate":[null,null,null],"triggersremaining":[null,null,null],"crcerrors":[null,null,null]}