{"datalatency":[20.506862],"sensoruptime":[17.833055555555557,16.833333333333332,null],"battvoltage":[12.064,12.088,12.064],"arrayvoltage":[0.0,0.021,17.383],"chargecurrent":[0.005,0.002,10.453],"ledstate":[8.0,8.0,8.0],"loadpower":[24.017643,23.644061999999998,6.478731],"batterytemp":[30.0,30.0,52.0],"triggerrate":[0.0,0.0,null],"triggersremaining":[1675.0,1675.0,null],"crcerrors":[0.0,0.0,0.0]}