{"datalatency":[14.444026000000001],"sensoruptime":[null,6.683055555555556,null],"battvoltage":[13.66,13.699000000000002,11.31],"arrayvoltage":[18.564,14.844000000000001,19.531],"chargecurrent":[4.346,8.902000000000001,12.057],"ledstate":[5.0,6.0,11.0],"loadpower":[7.6031200000000005,26.887159999999998,0.0],"batterytemp":[46.0,43.0,46.0],"triggerrate":[null,0.0,null],"triggersremaining":[null,14570.0,null],"crcerrors":[0.0,null,0.0]}