{"datalatency":[8.541133],"sensoruptime":[42.75694444444444,41.77388888888889,42.75694444444444],"battvoltage":[12.308,12.335,12.112],"arrayvoltage":[0.626,0.644,41.489],"chargecurrent":[0.002,0.0,11.902999999999999],"chargestate":[3.0,3.0,6.0],"loadpower":[14.265874,14.21574,9.02565],"batterytemp":[16.0,16.0,35.0],"triggerrate":[0.0,0.0,0.4],"triggersremaining":[21650.0,21650.0,21663.0],"crcerrors":[0.0,0.0,0.0]}