{"datalatency":[8.27576],"sensoruptime":[25.426111111111112,24.442777777777778,25.426111111111112],"battvoltage":[14.105,14.290999999999999,12.112],"arrayvoltage":[38.577,36.288000000000004,40.875],"chargecurrent":[5.624,9.658,15.0],"chargestate":[6.0,6.0,6.0],"loadpower":[9.506079,10.310314,9.0954],"batterytemp":[31.0,25.0,41.0],"triggerrate":[0.0,0.0,1.0],"triggersremaining":[21656.0,21658.0,21741.0],"crcerrors":[0.0,0.0,0.0]}