{"datalatency":[8.08422],"sensoruptime":[37.58583333333333,36.58611111111111,37.58583333333333],"battvoltage":[12.259,12.299000000000001,12.07],"arrayvoltage":[0.638,0.607,41.821000000000005],"chargecurrent":[0.0,0.0,7.474],"chargestate":[3.0,3.0,6.0],"loadpower":[14.090112000000001,13.543872,8.72505],"batterytemp":[3.0,3.0,28.0],"triggerrate":[0.0,0.0,1.4],"triggersremaining":[22235.0,22240.0,22326.0],"crcerrors":[0.0,0.0,0.0]}