{"datalatency":[37.548679],"sensoruptime":[4.39,3.4066666666666667,7.746944444444445],"battvoltage":[12.149000000000001,11.675999999999998,10.802999999999999],"arrayvoltage":[32.08,31.549,38.15],"chargecurrent":[1.104,0.9129999999999999,3.1860000000000004],"chargestate":[5.0,5.0,6.0],"loadpower":[13.918878,13.67093,0.0],"batterytemp":[26.0,27.0,28.0],"triggerrate":[0.0,0.0,null],"triggersremaining":[11686.0,11687.0,12014.0],"crcerrors":[0.0,0.0,0.0]}