{"datalatency":[21.128387],"sensoruptime":[19.870555555555555,18.88722222222222,null],"battvoltage":[11.870999999999999,11.887,11.835],"arrayvoltage":[0.0,0.0,17.48],"chargecurrent":[0.005,0.01,11.001],"ledstate":[8.0,8.0,8.0],"loadpower":[24.107097000000003,23.267358,6.678672000000001],"batterytemp":[32.0,32.0,51.0],"triggerrate":[0.0,0.0,null],"triggersremaining":[1288.0,1291.0,null],"crcerrors":[0.0,0.0,0.0]}