{"datalatency":[13.772827000000001],"sensoruptime":[72.55972222222222,71.56277777777778,72.55972222222222],"battvoltage":[12.1,12.054,11.984000000000002],"arrayvoltage":[16.409000000000002,16.455,17.000999999999998],"chargecurrent":[1.604,0.9129999999999999,10.545],"ledstate":[8.0,8.0,8.0],"loadpower":[23.692265999999996,22.5609,21.262392999999996],"batterytemp":[31.0,30.0,52.0],"triggerrate":[0.0,0.0,4.800000000000001],"triggersremaining":[13096.0,13097.0,13159.0],"crcerrors":[0.0,0.0,2.0]}