{"datalatency":[7.961022000000001],"sensoruptime":[1.8694444444444445,0.8697222222222222,11.33388888888889],"battvoltage":[12.592,14.267000000000001,10.427999999999999],"arrayvoltage":[32.961999999999996,39.760999999999996,43.015],"chargecurrent":[1.109,2.247,3.5439999999999996],"chargestate":[5.0,6.0,6.0],"loadpower":[13.82774,12.363216,0.0],"batterytemp":[23.0,26.0,27.0],"triggerrate":[0.0,0.0,1.0],"triggersremaining":[22476.0,22493.0,22496.0],"crcerrors":[0.0,0.0,0.0]}