{"datalatency":[21.178725],"sensoruptime":[null,null,57.48722222222222],"battvoltage":[12.1,11.892999999999999,11.639000000000001],"arrayvoltage":[16.217,16.797,17.78],"chargecurrent":[2.109,1.901,7.774],"ledstate":[10.0,10.0,10.0],"loadpower":[8.02444,8.41989,7.095656000000001],"batterytemp":[32.0,29.0,40.0],"triggerrate":[null,null,7.200004464002768],"triggersremaining":[null,null,22426.0],"crcerrors":[null,null,0.0]}