{"datalatency":[8.775928],"sensoruptime":[128.4113888888889,127.42833333333333,128.4113888888889],"battvoltage":[12.18,12.259,12.073],"arrayvoltage":[5.096,19.037,34.378],"chargecurrent":[0.0,0.006999999999999999,12.84],"chargestate":[3.0,5.0,5.0],"loadpower":[14.124109999999998,13.963275000000001,10.0584],"batterytemp":[23.0,24.0,33.0],"triggerrate":[2.6,2.2,4.8],"triggersremaining":[21076.0,21176.0,21502.0],"crcerrors":[0.0,0.0,0.0]}