{"datalatency":[8.847638],"sensoruptime":[17.169444444444444,16.169444444444444,null],"battvoltage":[11.627,11.612,11.45],"arrayvoltage":[0.0,0.107,19.305],"chargecurrent":[0.005,0.002,7.371],"ledstate":[10.0,10.0,11.0],"loadpower":[24.248372,23.182,0.0],"batterytemp":[21.0,23.0,49.0],"triggerrate":[0.0,0.0,null],"triggersremaining":[14560.0,14560.0,null],"crcerrors":[0.0,0.0,0.0]}