{"datalatency":[7.571645],"sensoruptime":[177.40333333333334,176.4036111111111,177.40333333333334],"battvoltage":[12.567,12.642999999999999,12.183],"arrayvoltage":[0.644,22.403000000000002,43.121],"chargecurrent":[0.0,0.017,10.794],"chargestate":[3.0,5.0,6.0],"loadpower":[13.690404000000003,13.773396,8.98432],"batterytemp":[12.0,15.0,29.0],"triggerrate":[0.0,0.0,0.6],"triggersremaining":[20364.0,20366.0,20401.0],"crcerrors":[0.0,0.0,0.0]}