{"datalatency":[11.157356],"sensoruptime":[13.117777777777778,12.120555555555555,null],"battvoltage":[12.112,12.177,11.798],"arrayvoltage":[0.531,13.235,17.526],"chargecurrent":[0.002,0.16399999999999998,10.419],"chargestate":[3.0,5.0,5.0],"loadpower":[23.680391999999998,23.829276000000004,6.167125],"batterytemp":[32.0,38.0,49.0],"triggerrate":[2.4000000000000004,0.0,null],"triggersremaining":[21360.0,21412.0,null],"crcerrors":[0.0,0.0,0.0]}