{"datalatency":[70.70412400000001],"sensoruptime":[38.48388888888889,37.48416666666667,38.48388888888889],"battvoltage":[12.445,12.445,12.308],"arrayvoltage":[0.037000000000000005,0.024,18.448],"chargecurrent":[0.005,0.005,9.011000000000001],"ledstate":[6.0,6.0,6.0],"loadpower":[23.336740999999996,26.73095,21.981199999999998],"batterytemp":[31.0,32.0,53.0],"triggerrate":[0.0,0.0,0.2],"triggersremaining":[7049.0,7049.0,7056.0],"crcerrors":[0.0,0.0,0.0]}