{"datalatency":[8.071324],"sensoruptime":[103.07694444444445,102.07722222222222,103.07694444444445],"battvoltage":[11.707,11.725,11.707],"arrayvoltage":[1.1320000000000001,1.135,34.863],"chargecurrent":[0.0,0.0,1.423],"chargestate":[3.0,3.0,5.0],"loadpower":[13.646898000000002,13.950942000000001,12.790060000000002],"batterytemp":[13.0,13.0,16.0],"triggerrate":[0.0,0.2,0.6],"triggersremaining":[21943.0,21943.0,22031.0],"crcerrors":[0.0,0.0,0.0]}