{"datalatency":[25.998836],"sensoruptime":[null,null,null],"battvoltage":[13.62,12.619000000000002,11.99],"arrayvoltage":[31.009,21.619,42.218],"chargecurrent":[0.594,0.006999999999999999,2.839],"chargestate":[5.0,5.0,7.0],"loadpower":[0.0,0.0,0.0],"batterytemp":[8.0,8.0,32.0],"triggerrate":[null,null,null],"triggersremaining":[null,null,null],"crcerrors":[1.0,null,3.0]}