{"datalatency":[7.945854000000001],"sensoruptime":[31.098055555555554,30.115,31.098055555555554],"battvoltage":[13.065,14.235999999999999,11.49],"arrayvoltage":[28.958000000000002,41.403,42.148],"chargecurrent":[2.945,3.5460000000000003,12.352],"chargestate":[5.0,6.0,6.0],"loadpower":[15.145508,10.322664,8.277874],"batterytemp":[26.0,27.0,29.0],"triggerrate":[0.0,0.0,0.4],"triggersremaining":[18419.0,18419.0,18432.0],"crcerrors":[0.0,0.0,0.0]}