{"datalatency":[8.107138],"sensoruptime":[30.753611111111113,29.77027777777778,30.753611111111113],"battvoltage":[12.527000000000001,12.567,12.07],"arrayvoltage":[0.565,0.565,41.821000000000005],"chargecurrent":[0.0,0.0,7.474],"chargestate":[3.0,3.0,6.0],"loadpower":[13.671718,13.778163000000001,8.72505],"batterytemp":[7.0,9.0,28.0],"triggerrate":[0.2,0.2,1.4],"triggersremaining":[22250.0,22253.0,22375.0],"crcerrors":[0.0,0.0,0.0]}