{"datalatency":[8.139012000000001],"sensoruptime":[104.57694444444445,103.57694444444445,104.57694444444445],"battvoltage":[11.685,11.685,11.682],"arrayvoltage":[1.083,1.129,34.863],"chargecurrent":[0.0,0.0,1.423],"chargestate":[3.0,3.0,5.0],"loadpower":[13.744782,14.304366,12.790060000000002],"batterytemp":[13.0,13.0,16.0],"triggerrate":[0.0,0.0,0.6],"triggersremaining":[21939.0,21941.0,22017.0],"crcerrors":[0.0,0.0,0.0]}