{"datalatency":[8.671731000000001],"sensoruptime":[88.5838888888889,87.58416666666666,88.5838888888889],"battvoltage":[12.183,12.207,12.183],"arrayvoltage":[0.754,0.647,38.708],"chargecurrent":[0.0,0.0,8.752],"chargestate":[3.0,3.0,6.0],"loadpower":[14.124109999999998,14.167103999999998,9.957479999999999],"batterytemp":[19.0,18.0,34.0],"triggerrate":[0.0,0.0,0.6],"triggersremaining":[21574.0,21577.0,21643.0],"crcerrors":[0.0,0.0,0.0]}