{"datalatency":[15.119945000000001],"sensoruptime":[107.55472222222222,106.5575,107.55472222222222],"battvoltage":[12.299000000000001,12.369000000000002,12.057],"arrayvoltage":[13.210999999999999,15.189,17.825],"chargecurrent":[0.07200000000000001,0.7509999999999999,10.327],"ledstate":[6.0,6.0,8.0],"loadpower":[23.28288,25.643994,21.192338],"batterytemp":[36.0,40.0,54.0],"triggerrate":[0.0,0.0,1.2000000000000002],"triggersremaining":[13081.0,13081.0,13089.0],"crcerrors":[0.0,0.0,2.0]}