{"datalatency":[10.950599],"sensoruptime":[null,null,7.133055555555556],"battvoltage":[13.12,12.520999999999999,11.31],"arrayvoltage":[17.523,16.599,19.949],"chargecurrent":[3.1260000000000003,1.08,12.057],"ledstate":[6.0,8.0,10.0],"loadpower":[7.650958000000001,8.263084000000001,5.92988],"batterytemp":[30.0,27.0,50.0],"triggerrate":[null,null,1.2000000000000002],"triggersremaining":[null,null,14575.0],"crcerrors":[null,null,0.0]}