{"datalatency":[76.862353],"sensoruptime":[131.33833333333334,130.3386111111111,131.33833333333334],"battvoltage":[12.369000000000002,12.378,12.216],"arrayvoltage":[0.0,0.018000000000000002,18.167],"chargecurrent":[0.005,0.005,7.931],"ledstate":[6.0,6.0,6.0],"loadpower":[23.591116000000003,23.824296000000004,21.885253],"batterytemp":[31.0,32.0,57.0],"triggerrate":[0.0,0.0,0.6],"triggersremaining":[6259.0,6259.0,6291.0],"crcerrors":[0.0,0.0,0.0]}