{"datalatency":[8.00714],"sensoruptime":[12.589444444444444,11.606111111111112,null],"battvoltage":[12.244000000000002,12.259,12.244000000000002],"arrayvoltage":[0.632,0.745,44.162],"chargecurrent":[0.0,0.0,2.483],"chargestate":[3.0,3.0,7.0],"loadpower":[14.187959999999999,13.478562,0.0],"batterytemp":[1.0,2.0,19.0],"triggerrate":[0.0,0.2,null],"triggersremaining":[22333.0,22345.0,null],"crcerrors":[0.0,0.0,0.0]}