{"datalatency":[8.729421],"sensoruptime":[118.74638888888889,117.74666666666667,118.74638888888889],"battvoltage":[12.149000000000001,12.183,12.07],"arrayvoltage":[17.038,0.9740000000000001,41.65],"chargecurrent":[0.002,0.0,11.832],"chargestate":[5.0,3.0,6.0],"loadpower":[14.07763,14.124109999999998,8.207364000000002],"batterytemp":[21.0,21.0,32.0],"triggerrate":[0.2,0.0,0.6],"triggersremaining":[21462.0,21469.0,21540.0],"crcerrors":[0.0,0.0,0.0]}