{"datalatency":[8.581236],"sensoruptime":[77.41888888888889,76.43555555555555,77.41888888888889],"battvoltage":[13.293,13.718,12.183],"arrayvoltage":[33.260999999999996,34.424,38.708],"chargecurrent":[3.23,7.4479999999999995,8.752],"chargestate":[5.0,5.0,6.0],"loadpower":[14.409800000000002,10.8984,9.751339999999999],"batterytemp":[32.0,32.0,34.0],"triggerrate":[0.0,0.0,0.6],"triggersremaining":[21611.0,21615.0,21646.0],"crcerrors":[0.0,0.0,0.0]}