{"datalatency":[8.057508],"sensoruptime":[60.260555555555555,59.2775,60.260555555555555],"battvoltage":[11.569,11.609000000000002,11.545],"arrayvoltage":[0.9520000000000001,0.812,40.738],"chargecurrent":[0.0,0.0,11.615],"chargestate":[3.0,3.0,6.0],"loadpower":[14.242828,14.325697,9.041284000000001],"batterytemp":[15.0,15.0,34.0],"triggerrate":[0.0,0.0,0.4],"triggersremaining":[18408.0,18409.0,18417.0],"crcerrors":[0.0,0.0,0.0]}