{"datalatency":[8.196848000000001],"sensoruptime":[79.74694444444444,78.74694444444444,79.74694444444444],"battvoltage":[12.07,12.106,12.07],"arrayvoltage":[0.7509999999999999,0.76,35.016],"chargecurrent":[0.0,0.0,2.8360000000000003],"chargestate":[3.0,3.0,5.0],"loadpower":[13.989318,14.035798,13.31694],"batterytemp":[12.0,11.0,20.0],"triggerrate":[0.0,0.2,4.4],"triggersremaining":[22024.0,22032.0,22204.0],"crcerrors":[0.0,0.0,0.0]}