{"datalatency":[20.660314],"sensoruptime":[48.01361111111111,47.01361111111111,48.01361111111111],"battvoltage":[11.895999999999999,11.917,11.887],"arrayvoltage":[0.0,0.0,17.78],"chargecurrent":[0.002,0.002,7.774],"ledstate":[8.0,8.0,8.0],"loadpower":[23.777295000000002,24.404849000000002,22.552155],"batterytemp":[27.0,28.0,40.0],"triggerrate":[1.1999998080000307,0.0,2.4000255842727283],"triggersremaining":[22303.0,22313.0,22429.0],"crcerrors":[null,null,0.0]}