{"datalatency":[54.928928000000006],"sensoruptime":[65.98,64.99694444444444,65.98],"battvoltage":[12.369000000000002,12.378,12.274000000000001],"arrayvoltage":[0.0,0.0,18.410999999999998],"chargecurrent":[0.005,0.005,7.945],"ledstate":[6.0,6.0,6.0],"loadpower":[23.317659,24.244434000000002,21.948113000000003],"batterytemp":[28.0,29.0,55.0],"triggerrate":[0.0,0.0,0.4],"triggersremaining":[7039.0,7039.0,7048.0],"crcerrors":[0.0,0.0,0.0]}