{"datalatency":[19.093325],"sensoruptime":[137.6875,136.6875,137.6875],"battvoltage":[12.292,12.292,12.216],"arrayvoltage":[15.14,15.335,18.167],"chargecurrent":[0.66,0.341,7.931],"ledstate":[6.0,6.0,6.0],"loadpower":[23.098766999999995,22.5918,21.885253],"batterytemp":[33.0,32.0,57.0],"triggerrate":[0.0,0.0,0.6],"triggersremaining":[6257.0,6257.0,6289.0],"crcerrors":[0.0,0.0,0.0]}