{"datalatency":[8.776903],"sensoruptime":[134.90972222222223,133.90972222222223,134.90972222222223],"battvoltage":[12.03,12.054,12.03],"arrayvoltage":[0.797,0.79,34.378],"chargecurrent":[0.0,0.0,12.84],"chargestate":[3.0,3.0,5.0],"loadpower":[13.943999999999999,13.989318,10.0584],"batterytemp":[17.0,18.0,33.0],"triggerrate":[0.2,0.4,6.4],"triggersremaining":[20478.0,20483.0,21491.0],"crcerrors":[0.0,0.0,0.0]}