{"datalatency":[19.817946000000003],"sensoruptime":[24.350555555555555,23.350833333333334,24.350555555555555],"battvoltage":[12.338,12.384,12.07],"arrayvoltage":[0.10099999999999999,0.107,18.872],"chargecurrent":[0.005,0.005,10.158],"ledstate":[6.0,6.0,8.0],"loadpower":[24.215222,24.627501000000002,22.619726999999994],"batterytemp":[27.0,28.0,50.0],"triggerrate":[0.0,0.0,1.2000035280103725],"triggersremaining":[22428.0,22429.0,22434.0],"crcerrors":[null,null,0.0]}