{"datalatency":[37.703786],"sensoruptime":[0.27666666666666667,null,9.396944444444445],"battvoltage":[12.183,12.600999999999999,10.477],"arrayvoltage":[30.814,23.076999999999998,43.448],"chargecurrent":[0.413,0.0,5.0760000000000005],"chargestate":[5.0,5.0,8.0],"loadpower":[13.361642,0.0,0.0],"batterytemp":[10.0,8.0,26.0],"triggerrate":[0.0,null,19.2],"triggersremaining":[11441.0,null,11666.0],"crcerrors":[0.0,0.0,0.0]}