{"datalatency":[19.35764],"sensoruptime":[231.7025,230.7025,231.7025],"battvoltage":[12.225,12.253,11.950999999999999],"arrayvoltage":[0.046,0.107,18.372],"chargecurrent":[0.005,0.005,8.75],"ledstate":[6.0,6.0,8.0],"loadpower":[23.492700000000003,23.331346,21.252608000000002],"batterytemp":[25.0,27.0,52.0],"triggerrate":[0.0,0.0,1.2000000000000002],"triggersremaining":[12680.0,12680.0,12686.0],"crcerrors":[0.0,0.0,2.0]}