{"datalatency":[19.620984],"sensoruptime":[528.8263888888889,527.8263888888889,528.8263888888889],"battvoltage":[11.722000000000001,11.655,11.606],"arrayvoltage":[16.357,15.967,17.145],"chargecurrent":[1.319,0.5770000000000001,3.602],"ledstate":[10.0,10.0,10.0],"loadpower":[23.11827,23.083654,22.057775999999997],"batterytemp":[32.0,30.0,37.0],"triggerrate":[0.0,0.0,3.6],"triggersremaining":[11310.0,11311.0,11405.0],"crcerrors":[0.0,0.0,2.0]}