{"datalatency":[7.60667],"sensoruptime":[0.4247222222222222,null,null],"battvoltage":[14.545,14.575,12.299000000000001],"arrayvoltage":[41.06100000000001,42.255,44.162],"chargecurrent":[1.4280000000000002,0.33799999999999997,2.2319999999999998],"chargestate":[6.0,6.0,7.0],"loadpower":[13.868819999999998,0.0,0.0],"batterytemp":[17.0,16.0,19.0],"triggerrate":[0.0,null,null],"triggersremaining":[22381.0,null,null],"crcerrors":[0.0,0.0,0.0]}