{"datalatency":[14.007975],"sensoruptime":[378.51722222222224,377.51722222222224,378.51722222222224],"battvoltage":[12.1,12.14,12.064],"arrayvoltage":[0.0,0.076,17.78],"chargecurrent":[0.002,0.005,10.61],"ledstate":[6.0,6.0,8.0],"loadpower":[23.571599999999997,23.62425,20.806074],"batterytemp":[25.0,25.0,52.0],"triggerrate":[0.0,0.0,4.800000000000001],"triggersremaining":[12608.0,12608.0,12618.0],"crcerrors":[0.0,0.0,2.0]}