{"datalatency":[77.56863],"sensoruptime":[27.819444444444443,26.836111111111112,27.819444444444443],"battvoltage":[13.062000000000001,13.562000000000001,12.308],"arrayvoltage":[13.821,16.055,19.15],"chargecurrent":[2.826,7.938,9.011000000000001],"ledstate":[6.0,5.0,6.0],"loadpower":[25.158472000000003,22.919834,21.981199999999998],"batterytemp":[52.0,49.0,54.0],"triggerrate":[0.0,0.0,0.6],"triggersremaining":[7052.0,7052.0,7074.0],"crcerrors":[0.0,0.0,0.0]}