{"datalatency":[25.886134000000002],"sensoruptime":[null,null,null],"battvoltage":[13.727,13.727,12.491],"arrayvoltage":[39.071999999999996,37.921,43.881],"chargecurrent":[1.507,1.51,2.781],"chargestate":[7.0,7.0,7.0],"loadpower":[0.0,0.0,0.0],"batterytemp":[24.0,24.0,26.0],"triggerrate":[null,null,null],"triggersremaining":[null,null,null],"crcerrors":[0.0,null,0.0]}