{"datalatency":[8.408907000000001],"sensoruptime":[null,null,114.10888888888888],"battvoltage":[11.685,11.685,11.469000000000001],"arrayvoltage":[12.35,0.604,35.4],"chargecurrent":[0.0,0.0,6.643],"chargestate":[5.0,3.0,5.0],"loadpower":[0.0,0.0,0.0],"batterytemp":[11.0,11.0,27.0],"triggerrate":[null,null,1.6],"triggersremaining":[null,null,21930.0],"crcerrors":[0.0,null,0.0]}