{"datalatency":[8.072813],"sensoruptime":[17.755277777777778,16.772222222222222,null],"battvoltage":[12.145999999999999,12.161,12.145999999999999],"arrayvoltage":[12.784,0.687,44.162],"chargecurrent":[0.0,0.0,2.483],"chargestate":[5.0,3.0,7.0],"loadpower":[14.07763,14.082278,0.0],"batterytemp":[0.0,0.0,19.0],"triggerrate":[0.0,0.4,null],"triggersremaining":[22271.0,22274.0,null],"crcerrors":[0.0,0.0,0.0]}