{"datalatency":[21.103195000000003],"sensoruptime":[286.5275,285.53055555555557,286.5275],"battvoltage":[12.216,12.213,12.103],"arrayvoltage":[15.237,12.972999999999999,18.506],"chargecurrent":[0.336,0.031,9.074],"ledstate":[6.0,6.0,6.0],"loadpower":[22.357432000000003,23.622488,21.141912],"batterytemp":[24.0,22.0,53.0],"triggerrate":[0.0,0.0,2.4000000000000004],"triggersremaining":[12640.0,12640.0,12670.0],"crcerrors":[0.0,0.0,2.0]}