{"datalatency":[47.476717],"sensoruptime":[null,null,null],"battvoltage":[12.512,12.520999999999999,12.28],"arrayvoltage":[0.9279999999999999,0.818,44.098],"chargecurrent":[0.0,0.0,4.486000000000001],"chargestate":[3.0,3.0,8.0],"loadpower":[0.0,0.0,0.0],"batterytemp":[11.0,12.0,24.0],"triggerrate":[null,null,null],"triggersremaining":[null,null,null],"crcerrors":[null,null,null]}