{"datalatency":[21.757279],"sensoruptime":[302.0252777777778,301.02555555555557,302.0252777777778],"battvoltage":[12.482000000000001,12.497,12.183],"arrayvoltage":[0.043,0.055,18.463],"chargecurrent":[0.002,0.005,9.376],"ledstate":[6.0,6.0,6.0],"loadpower":[23.461070999999997,23.641224,21.533700000000003],"batterytemp":[27.0,29.0,50.0],"triggerrate":[0.0,0.0,1.2000000000000002],"triggersremaining":[12631.0,12631.0,12642.0],"crcerrors":[0.0,0.0,2.0]}