{"datalatency":[7.071267000000001],"sensoruptime":[0.5638888888888889,null,null],"battvoltage":[11.798,12.289000000000001,11.328],"arrayvoltage":[12.759,16.312,19.949],"chargecurrent":[0.087,0.29,9.745],"ledstate":[10.0,10.0,10.0],"loadpower":[23.589331000000005,7.985044,5.908896],"batterytemp":[38.0,44.0,51.0],"triggerrate":[0.0,null,null],"triggersremaining":[14568.0,null,null],"crcerrors":[0.0,0.0,0.0]}