{"datalatency":[7.850001000000001],"sensoruptime":[39.77972222222222,38.78277777777778,39.77972222222222],"battvoltage":[11.911,11.950999999999999,11.652000000000001],"arrayvoltage":[0.107,0.107,17.334],"chargecurrent":[0.002,0.002,11.398],"chargestate":[3.0,3.0,6.0],"loadpower":[23.890488,23.667105000000003,21.713829000000004],"batterytemp":[28.0,29.0,52.0],"triggerrate":[1.2000000000000002,0.0,6.0],"triggersremaining":[20769.0,20788.0,21175.0],"crcerrors":[6.0,0.0,1.0]}