{"datalatency":[8.602170000000001],"sensoruptime":[62.5875,61.60444444444445,62.5875],"battvoltage":[12.415,12.450999999999999,12.18],"arrayvoltage":[0.5920000000000001,0.586,40.146],"chargecurrent":[0.0,0.0,10.228],"chargestate":[3.0,3.0,6.0],"loadpower":[14.117759999999999,13.563732,8.80245],"batterytemp":[16.0,17.0,34.0],"triggerrate":[0.0,0.0,0.2],"triggersremaining":[21644.0,21644.0,21651.0],"crcerrors":[0.0,0.0,0.0]}