{"datalatency":[8.071138000000001],"sensoruptime":[24.42111111111111,23.43777777777778,24.42111111111111],"battvoltage":[14.294,14.328,12.07],"arrayvoltage":[40.863,40.738,42.725],"chargecurrent":[2.633,2.9619999999999997,7.474],"chargestate":[6.0,6.0,7.0],"loadpower":[12.746022,10.649282000000001,8.72505],"batterytemp":[25.0,24.0,28.0],"triggerrate":[0.0,0.0,1.4],"triggersremaining":[22256.0,22257.0,22381.0],"crcerrors":[0.0,0.0,0.0]}