{"datalatency":[25.97576],"sensoruptime":[0.2075,0.18666666666666668,null],"battvoltage":[13.51,14.142000000000001,12.642999999999999],"arrayvoltage":[40.521,35.971,42.908],"chargecurrent":[2.022,2.38,2.839],"chargestate":[7.0,6.0,7.0],"loadpower":[14.858880000000001,12.406212,0.0],"batterytemp":[31.0,30.0,32.0],"triggerrate":[12.8,10.4,null],"triggersremaining":[19000.0,19582.0,null],"crcerrors":[0.0,0.0,2.0]}