{"datalatency":[14.371293000000001],"sensoruptime":[93.05666666666667,92.05694444444444,93.05666666666667],"battvoltage":[12.082,12.1,11.984000000000002],"arrayvoltage":[5.013999999999999,0.085,17.337],"chargecurrent":[0.002,0.002,9.687000000000001],"ledstate":[8.0,8.0,8.0],"loadpower":[23.463296999999994,23.221048,21.70458],"batterytemp":[27.0,28.0,58.0],"triggerrate":[0.0,0.0,2.4000000000000004],"triggersremaining":[13086.0,13086.0,13097.0],"crcerrors":[0.0,0.0,2.0]}