{"datalatency":[7.480383000000001],"sensoruptime":[172.73722222222221,171.7375,172.73722222222221],"battvoltage":[14.319,14.290999999999999,12.183],"arrayvoltage":[42.74,42.581,43.121],"chargecurrent":[2.839,2.9330000000000003,10.794],"chargestate":[6.0,6.0,6.0],"loadpower":[12.33225,13.355685,8.596613999999999],"batterytemp":[24.0,25.0,30.0],"triggerrate":[0.0,0.0,0.8],"triggersremaining":[20368.0,20369.0,20449.0],"crcerrors":[0.0,0.0,0.0]}