{"datalatency":[12.187501000000001],"sensoruptime":[16.614166666666666,15.614444444444445,null],"battvoltage":[11.984000000000002,12.027000000000001,11.798],"arrayvoltage":[0.0,0.018000000000000002,17.526],"chargecurrent":[0.002,0.002,10.419],"chargestate":[3.0,3.0,5.0],"loadpower":[23.016464,23.464902000000002,6.167125],"batterytemp":[26.0,27.0,49.0],"triggerrate":[0.0,0.0,null],"triggersremaining":[21172.0,21175.0,null],"crcerrors":[0.0,0.0,0.0]}