{"datalatency":[16.922648000000002],"sensoruptime":[null,null,null],"battvoltage":[12.597999999999999,12.607000000000001,12.18],"arrayvoltage":[0.10400000000000001,8.368,19.625999999999998],"chargecurrent":[0.005,0.002,5.361000000000001],"chargestate":[3.0,3.0,6.0],"loadpower":[5.902365,6.358960000000001,4.102919999999999],"batterytemp":[21.0,26.0,45.0],"triggerrate":[null,null,null],"triggersremaining":[null,null,null],"crcerrors":[null,null,null]}