{"datalatency":[22.730739],"sensoruptime":[8.88,7.880277777777778,57.48722222222222],"battvoltage":[11.908,11.950999999999999,11.639000000000001],"arrayvoltage":[0.107,12.439,17.242],"chargecurrent":[0.002,0.002,12.284],"ledstate":[8.0,8.0,10.0],"loadpower":[24.530616000000002,23.96548,6.942914999999999],"batterytemp":[26.0,26.0,48.0],"triggerrate":[0.0,0.0,7.200004464002768],"triggersremaining":[22166.0,22168.0,22314.0],"crcerrors":[null,null,0.0]}