{"datalatency":[8.856083],"sensoruptime":[18.335833333333333,17.33888888888889,null],"battvoltage":[11.517000000000001,11.606,11.343],"arrayvoltage":[0.0,0.0,19.305],"chargecurrent":[0.002,0.002,7.371],"ledstate":[10.0,10.0,11.0],"loadpower":[24.196788,23.132844000000002,0.0],"batterytemp":[20.0,21.0,49.0],"triggerrate":[0.0,0.0,null],"triggersremaining":[14560.0,14560.0,null],"crcerrors":[0.0,0.0,0.0]}