{"datalatency":[76.475533],"sensoruptime":[34.51972222222222,33.53666666666667,34.51972222222222],"battvoltage":[12.332,12.369000000000002,12.14],"arrayvoltage":[0.021,0.021,17.337],"chargecurrent":[0.005,0.005,9.245],"ledstate":[6.0,6.0,6.0],"loadpower":[23.119009,23.595117000000002,22.116975999999998],"batterytemp":[28.0,29.0,55.0],"triggerrate":[0.0,0.0,0.2],"triggersremaining":[6324.0,6324.0,6330.0],"crcerrors":[0.0,0.0,0.0]}