{"datalatency":[8.350162000000001],"sensoruptime":[2.785277777777778,1.7852777777777777,114.10888888888888],"battvoltage":[12.183,12.604000000000001,11.469000000000001],"arrayvoltage":[33.260999999999996,34.619,35.4],"chargecurrent":[2.725,4.747,6.643],"chargestate":[5.0,5.0,5.0],"loadpower":[14.463972,10.179820000000001,0.0],"batterytemp":[24.0,26.0,27.0],"triggerrate":[0.0,0.0,0.6],"triggersremaining":[21927.0,21929.0,21953.0],"crcerrors":[0.0,0.0,0.0]}