{"datalatency":[37.553847000000005],"sensoruptime":[null,2.7088888888888887,null],"battvoltage":[12.341,11.63,10.287],"arrayvoltage":[12.994000000000002,28.809,38.15],"chargecurrent":[0.0,0.3,3.1860000000000004],"chargestate":[5.0,5.0,6.0],"loadpower":[0.0,13.727296000000003,0.0],"batterytemp":[24.0,25.0,27.0],"triggerrate":[null,0.0,1.5],"triggersremaining":[null,11684.0,null],"crcerrors":[0.0,0.0,0.0]}