{"datalatency":[21.148628000000002],"sensoruptime":[2.288611111111111,2.1222222222222222,null],"battvoltage":[14.404000000000002,14.383,11.493],"arrayvoltage":[38.775999999999996,38.733000000000004,45.004],"chargecurrent":[1.8459999999999999,1.7730000000000001,2.116],"chargestate":[6.0,6.0,7.0],"loadpower":[21.222143999999997,16.830408000000002,0.0],"batterytemp":[21.0,22.0,22.0],"triggerrate":[38.8,49.271428571428565,null],"triggersremaining":[15953.0,16283.0,null],"crcerrors":[3.0,1.5,3.0]}