{"datalatency":[37.179014],"sensoruptime":[null,null,null],"battvoltage":[12.262,12.253,12.015],"arrayvoltage":[15.286,15.918,18.362000000000002],"chargecurrent":[0.597,0.391,9.487],"ledstate":[6.0,6.0,8.0],"loadpower":[7.099779999999999,6.455916,5.89088],"batterytemp":[28.0,27.0,52.0],"triggerrate":[null,null,null],"triggersremaining":[null,null,null],"crcerrors":[null,null,null]}