{"datalatency":[19.571328],"sensoruptime":[253.33083333333335,252.3311111111111,253.33083333333335],"battvoltage":[11.911,11.935,11.911],"arrayvoltage":[0.0,0.0,16.653],"chargecurrent":[0.002,0.002,9.992],"ledstate":[8.0,8.0,8.0],"loadpower":[23.595717000000004,23.833697000000004,21.95131],"batterytemp":[28.0,28.0,50.0],"triggerrate":[0.0,0.0,8.0],"triggersremaining":[3318.0,3318.0,4164.0],"crcerrors":[0.0,0.0,0.0]}