{"datalatency":[77.574472],"sensoruptime":[26.153055555555557,25.169722222222223,26.153055555555557],"battvoltage":[13.431,12.823,12.308],"arrayvoltage":[14.502,14.89,19.229],"chargecurrent":[7.81,1.565,8.54],"ledstate":[6.0,6.0,6.0],"loadpower":[23.480325000000004,24.696279999999998,21.981199999999998],"batterytemp":[49.0,46.0,54.0],"triggerrate":[0.0,0.0,0.6],"triggersremaining":[7052.0,7052.0,7078.0],"crcerrors":[0.0,0.0,0.0]}