{"datalatency":[6.854458],"sensoruptime":[null,null,null],"battvoltage":[12.027000000000001,12.036,11.31],"arrayvoltage":[0.0,0.0,19.949],"chargecurrent":[0.002,0.002,12.057],"ledstate":[10.0,10.0,11.0],"loadpower":[8.76876,8.570972999999999,0.0],"batterytemp":[25.0,25.0,50.0],"triggerrate":[null,null,null],"triggersremaining":[null,null,null],"crcerrors":[null,null,0.0]}