{"datalatency":[5.247281],"sensoruptime":[11.5475,10.547777777777778,null],"battvoltage":[12.378,12.445,12.1],"arrayvoltage":[0.08199999999999999,0.858,18.439],"chargecurrent":[0.005,0.005,9.9],"ledstate":[6.0,6.0,8.0],"loadpower":[24.355647,23.700222000000004,5.933112000000001],"batterytemp":[31.0,34.0,52.0],"triggerrate":[0.0,0.0,null],"triggersremaining":[14664.0,14664.0,null],"crcerrors":[0.0,0.0,0.0]}