{"datalatency":[17.550610000000002],"sensoruptime":[182.8761111111111,181.87916666666666,182.8761111111111],"battvoltage":[12.027000000000001,12.050999999999998,11.795],"arrayvoltage":[0.034,0.021,17.38],"chargecurrent":[0.002,0.002,11.315],"ledstate":[8.0,8.0,8.0],"loadpower":[23.675652,23.795772,21.720450999999997],"batterytemp":[27.0,29.0,53.0],"triggerrate":[0.0,0.0,1.2000000000000002],"triggersremaining":[12692.0,12692.0,12705.0],"crcerrors":[0.0,0.0,2.0]}