{"datalatency":[7.423634000000001],"sensoruptime":[161.0725,160.08944444444444,161.0725],"battvoltage":[12.32,12.335,11.868],"arrayvoltage":[0.62,0.616,42.465],"chargecurrent":[0.0,0.0,15.0],"chargestate":[3.0,3.0,6.0],"loadpower":[14.21574,14.068044,8.596613999999999],"batterytemp":[9.0,9.0,33.0],"triggerrate":[0.0,0.0,0.8],"triggersremaining":[20376.0,20378.0,20469.0],"crcerrors":[0.0,0.0,0.0]}