{"datalatency":[15.904887],"sensoruptime":[132.5511111111111,131.55388888888888,132.5511111111111],"battvoltage":[12.027000000000001,12.033,12.020999999999999],"arrayvoltage":[0.107,11.905,16.898],"chargecurrent":[0.002,0.0,10.972000000000001],"ledstate":[8.0,8.0,8.0],"loadpower":[23.753937,23.531508000000002,21.720998],"batterytemp":[30.0,32.0,42.0],"triggerrate":[0.0,0.0,3.6],"triggersremaining":[12967.0,12977.0,13080.0],"crcerrors":[0.0,0.0,2.0]}