{"datalatency":[20.370689000000002],"sensoruptime":[328.9822222222222,327.9822222222222,328.9822222222222],"battvoltage":[11.950999999999999,11.950999999999999,11.911],"arrayvoltage":[15.039000000000001,15.335,18.167],"chargecurrent":[0.551,0.336,9.62],"ledstate":[8.0,8.0,8.0],"loadpower":[23.298084999999997,23.000767000000003,22.125905999999997],"batterytemp":[30.0,30.0,55.0],"triggerrate":[0.0,0.2,14.8],"triggersremaining":[1907.0,1907.0,3210.0],"crcerrors":[0.0,0.0,0.0]}