{"datalatency":[8.198431000000001],"sensoruptime":[null,113.57555555555555,114.10888888888888],"battvoltage":[11.725,11.493,11.469000000000001],"arrayvoltage":[25.491,2.335,34.863],"chargecurrent":[0.099,0.0,1.423],"chargestate":[5.0,3.0,5.0],"loadpower":[0.0,14.14781,0.0],"batterytemp":[15.0,14.0,16.0],"triggerrate":[null,0.2,0.6],"triggersremaining":[null,21930.0,21963.0],"crcerrors":[0.0,0.0,0.0]}