{"datalatency":[8.471373],"sensoruptime":[14.450833333333334,13.450833333333334,null],"battvoltage":[12.064,12.1,11.798],"arrayvoltage":[0.064,0.10099999999999999,17.526],"chargecurrent":[0.002,0.002,10.419],"chargestate":[3.0,3.0,5.0],"loadpower":[23.788673999999997,23.970504,6.167125],"batterytemp":[28.0,30.0,49.0],"triggerrate":[1.2000000000000002,2.4000000000000004,null],"triggersremaining":[21193.0,21335.0,null],"crcerrors":[0.0,0.0,0.0]}