{"datalatency":[4.55698],"sensoruptime":[48.27861111111111,47.27861111111111,48.27861111111111],"battvoltage":[11.578,11.572000000000001,11.569],"arrayvoltage":[15.770999999999999,15.915,17.334],"chargecurrent":[0.461,0.35,11.398],"chargestate":[5.0,5.0,5.0],"loadpower":[22.538769000000002,25.484736,21.713829000000004],"batterytemp":[27.0,26.0,52.0],"triggerrate":[0.0,0.0,6.0],"triggersremaining":[20759.0,20760.0,21169.0],"crcerrors":[0.0,0.0,1.0]}