{"datalatency":[20.031161],"sensoruptime":[251.69944444444445,250.7025,251.69944444444445],"battvoltage":[12.369000000000002,12.445,12.073],"arrayvoltage":[13.193,16.797,18.073],"chargecurrent":[0.046,0.461,9.937999999999999],"ledstate":[6.0,6.0,8.0],"loadpower":[23.700726000000003,22.877477999999996,21.323016],"batterytemp":[40.0,49.0,55.0],"triggerrate":[0.0,0.0,1.2000000000000002],"triggersremaining":[12674.0,12674.0,12681.0],"crcerrors":[0.0,0.0,2.0]}