{"datalatency":[11.874047000000001],"sensoruptime":[18.90138888888889,17.904444444444444,null],"battvoltage":[12.1,12.1,11.264000000000001],"arrayvoltage":[0.012,0.107,19.733],"chargecurrent":[0.005,0.002,9.152999999999999],"ledstate":[8.0,6.0,11.0],"loadpower":[23.583806999999997,23.619951999999998,0.0],"batterytemp":[28.0,28.0,53.0],"triggerrate":[0.0,0.0,null],"triggersremaining":[13514.0,13515.0,null],"crcerrors":[0.0,0.0,2.0]}