{"datalatency":[37.537753],"sensoruptime":[4.723333333333334,3.723333333333333,7.746944444444445],"battvoltage":[12.909,12.958,10.802999999999999],"arrayvoltage":[31.598000000000003,31.494,38.15],"chargecurrent":[1.4780000000000002,1.51,3.1860000000000004],"chargestate":[5.0,5.0,6.0],"loadpower":[14.156920000000001,14.2136,0.0],"batterytemp":[26.0,26.0,28.0],"triggerrate":[0.0,0.0,3.0],"triggersremaining":[11686.0,11687.0,11997.0],"crcerrors":[0.0,0.0,0.0]}