{"datalatency":[12.656823000000001],"sensoruptime":[6.2636111111111115,5.2636111111111115,18.859444444444446],"battvoltage":[12.674000000000001,12.329,11.456],"arrayvoltage":[16.745,16.214000000000002,17.825],"chargecurrent":[5.278,2.184,11.344000000000001],"chargestate":[5.0,5.0,6.0],"loadpower":[26.566934999999997,26.734344,0.0],"batterytemp":[44.0,44.0,47.0],"triggerrate":[0.0,0.0,9.600000000000001],"triggersremaining":[22147.0,22148.0,22162.0],"crcerrors":[0.0,0.0,0.0]}