{"datalatency":[13.595537],"sensoruptime":[68.72694444444444,67.73,68.72694444444444],"battvoltage":[12.009,12.027000000000001,11.995999999999999],"arrayvoltage":[0.125,0.079,17.000999999999998],"chargecurrent":[0.005,0.002,10.545],"ledstate":[8.0,8.0,8.0],"loadpower":[23.231499999999997,24.024,21.262392999999996],"batterytemp":[27.0,27.0,52.0],"triggerrate":[0.0,0.0,6.0],"triggersremaining":[13097.0,13098.0,13403.0],"crcerrors":[0.0,0.0,2.0]}