{"datalatency":[7.008608000000001],"sensoruptime":[148.57444444444445,147.5913888888889,148.57444444444445],"battvoltage":[14.175,14.139000000000001,11.868],"arrayvoltage":[42.102,41.937,42.465],"chargecurrent":[4.467,5.365,15.0],"chargestate":[6.0,6.0,6.0],"loadpower":[9.133216,9.0954,9.065116999999999],"batterytemp":[29.0,30.0,33.0],"triggerrate":[0.0,0.0,6.4],"triggersremaining":[20454.0,20457.0,21415.0],"crcerrors":[0.0,0.0,0.0]}