{"datalatency":[37.976984],"sensoruptime":[0.011666666666666667,0.01361111111111111,1.2466666666666666],"battvoltage":[14.719000000000001,14.825,10.352],"arrayvoltage":[43.231,44.098,45.523],"chargecurrent":[1.631,1.631,2.6889999999999996],"chargestate":[6.0,6.0,7.0],"loadpower":[14.081262,14.119244999999998,0.0],"batterytemp":[11.0,8.0,11.0],"triggerrate":[null,null,null],"triggersremaining":[0.0,0.0,0.0],"crcerrors":[3.0,0.0,1.0]}