{"datalatency":[14.936389],"sensoruptime":[389.8488888888889,388.8488888888889,389.8488888888889],"battvoltage":[12.683,12.567,12.027000000000001],"arrayvoltage":[14.651,16.119,18.365],"chargecurrent":[3.198,3.109,10.873],"ledstate":[6.0,8.0,8.0],"loadpower":[23.148748,23.069461999999998,21.833703],"batterytemp":[48.0,43.0,52.0],"triggerrate":[0.0,0.0,1.2000000000000002],"triggersremaining":[12604.0,12605.0,12611.0],"crcerrors":[0.0,0.0,2.0]}