{"datalatency":[13.423834000000001],"sensoruptime":[62.56138888888889,61.564166666666665,62.56138888888889],"battvoltage":[12.145999999999999,12.177,12.015],"arrayvoltage":[0.214,0.107,17.000999999999998],"chargecurrent":[0.005,0.002,10.545],"ledstate":[8.0,8.0,8.0],"loadpower":[23.491936,23.062944,21.262392999999996],"batterytemp":[30.0,31.0,52.0],"triggerrate":[0.0,0.0,6.0],"triggersremaining":[13105.0,13105.0,13503.0],"crcerrors":[0.0,0.0,2.0]}