{"datalatency":[8.787048],"sensoruptime":[131.91027777777776,130.9272222222222,131.91027777777776],"battvoltage":[12.106,12.106,12.073],"arrayvoltage":[1.19,0.845,34.378],"chargecurrent":[0.0,0.0,12.84],"chargestate":[3.0,3.0,5.0],"loadpower":[14.035798,14.059956000000003,10.0584],"batterytemp":[22.0,23.0,33.0],"triggerrate":[0.6,3.0,6.4],"triggersremaining":[20571.0,20720.0,21501.0],"crcerrors":[0.0,0.0,0.0]}