{"datalatency":[75.741991],"sensoruptime":[111.00805555555556,110.00805555555556,111.00805555555556],"battvoltage":[12.255999999999998,12.292,12.222000000000001],"arrayvoltage":[12.780999999999999,0.0,18.340999999999998],"chargecurrent":[0.002,0.005,7.815],"ledstate":[6.0,6.0,6.0],"loadpower":[23.710817,23.652704,21.964412],"batterytemp":[29.0,29.0,55.0],"triggerrate":[0.0,0.0,0.4],"triggersremaining":[6290.0,6290.0,6298.0],"crcerrors":[0.0,0.0,0.0]}