{"datalatency":[16.164987],"sensoruptime":[17.04388888888889,16.044166666666666,null],"battvoltage":[12.167,12.21,12.1],"arrayvoltage":[0.0,0.0,18.439],"chargecurrent":[0.005,0.005,9.9],"ledstate":[6.0,6.0,8.0],"loadpower":[23.52832,23.014288,5.933112000000001],"batterytemp":[28.0,28.0,52.0],"triggerrate":[0.0,0.0,null],"triggersremaining":[14662.0,14662.0,null],"crcerrors":[0.0,0.0,0.0]}