{"datalatency":[25.967662],"sensoruptime":[null,null,null],"battvoltage":[12.145999999999999,12.106,11.99],"arrayvoltage":[0.9279999999999999,0.961,42.218],"chargecurrent":[0.0,0.0,2.839],"chargestate":[3.0,3.0,7.0],"loadpower":[8.60662,8.312416,0.0],"batterytemp":[18.0,19.0,32.0],"triggerrate":[null,null,null],"triggersremaining":[null,null,null],"crcerrors":[1.0,null,3.0]}