{"datalatency":[21.293541],"sensoruptime":[285.8611111111111,284.8611111111111,285.8611111111111],"battvoltage":[12.216,12.216,12.103],"arrayvoltage":[13.474,0.76,18.506],"chargecurrent":[0.13,0.005,9.074],"ledstate":[6.0,6.0,6.0],"loadpower":[23.47652,23.590332,21.141912],"batterytemp":[23.0,22.0,53.0],"triggerrate":[0.0,0.0,2.4000000000000004],"triggersremaining":[12640.0,12640.0,12670.0],"crcerrors":[0.0,0.0,2.0]}