{"datalatency":[10.327511000000001],"sensoruptime":[null,null,null],"battvoltage":[14.6,14.690999999999999,12.759],"arrayvoltage":[41.711000000000006,42.74,44.855],"chargecurrent":[0.012,0.039,0.609],"chargestate":[6.0,6.0,7.0],"loadpower":[0.0,0.0,0.0],"batterytemp":[15.0,12.0,25.0],"triggerrate":[null,null,null],"triggersremaining":[null,null,null],"crcerrors":[null,null,null]}