{"datalatency":[8.184352],"sensoruptime":[105.07666666666667,104.07694444444445,105.07666666666667],"battvoltage":[11.67,11.685,11.667],"arrayvoltage":[1.0859999999999999,1.135,34.863],"chargecurrent":[0.0,0.0,1.423],"chargestate":[3.0,3.0,5.0],"loadpower":[14.300685,13.768098,12.790060000000002],"batterytemp":[13.0,13.0,16.0],"triggerrate":[0.0,0.0,0.6],"triggersremaining":[21938.0,21940.0,22009.0],"crcerrors":[0.0,0.0,0.0]}