{"datalatency":[32.462626],"sensoruptime":[5.5472222222222225,4.5475,57.48722222222222],"battvoltage":[12.07,12.520999999999999,11.639000000000001],"arrayvoltage":[15.964,16.553,17.78],"chargecurrent":[0.387,3.293,12.284],"ledstate":[8.0,8.0,10.0],"loadpower":[23.162535000000002,23.038349000000004,6.942914999999999],"batterytemp":[33.0,38.0,48.0],"triggerrate":[0.0,0.0,7.200004464002768],"triggersremaining":[22174.0,22175.0,22317.0],"crcerrors":[null,null,0.0]}