{"datalatency":[16.1474],"sensoruptime":[139.88333333333333,138.88611111111112,139.88333333333333],"battvoltage":[11.911,11.911,11.911],"arrayvoltage":[0.0,0.0,16.898],"chargecurrent":[0.005,0.005,10.972000000000001],"ledstate":[8.0,8.0,8.0],"loadpower":[23.718000000000004,23.690909,21.720998],"batterytemp":[29.0,29.0,42.0],"triggerrate":[0.0,0.0,3.6],"triggersremaining":[12946.0,12946.0,13079.0],"crcerrors":[0.0,0.0,2.0]}