{"datalatency":[38.213404000000004],"sensoruptime":[0.014444444444444444,null,1.8325],"battvoltage":[13.455,11.234000000000002,10.352],"arrayvoltage":[39.603,25.195,45.523],"chargecurrent":[1.778,0.019,2.6189999999999998],"chargestate":[5.0,5.0,7.0],"loadpower":[13.795605000000002,19.555918000000002,0.0],"batterytemp":[3.0,-1.0,10.0],"triggerrate":[0.0,null,0.0],"triggersremaining":[0.0,null,0.0],"crcerrors":[7.0,0.0,1.0]}