{"datalatency":[8.746454],"sensoruptime":[106.74805555555555,105.74833333333333,106.74805555555555],"battvoltage":[12.450999999999999,12.491,12.03],"arrayvoltage":[0.9640000000000001,0.97,41.65],"chargecurrent":[0.0,0.002,11.832],"chargestate":[3.0,3.0,6.0],"loadpower":[14.072992999999999,14.391300000000001,8.207364000000002],"batterytemp":[21.0,21.0,32.0],"triggerrate":[0.0,0.0,0.6],"triggersremaining":[21501.0,21501.0,21600.0],"crcerrors":[0.0,0.0,0.0]}