{"datalatency":[10.211097],"sensoruptime":[11.506388888888889,10.509166666666667,14.684444444444445],"battvoltage":[11.703,11.835,11.45],"arrayvoltage":[0.107,12.439,19.305],"chargecurrent":[0.005,0.012,7.371],"ledstate":[10.0,8.0,11.0],"loadpower":[27.20277,27.456581000000007,0.0],"batterytemp":[29.0,35.0,49.0],"triggerrate":[0.0,0.0,1.2000000000000002],"triggersremaining":[14562.0,14562.0,14565.0],"crcerrors":[0.0,0.0,0.0]}