{"datalatency":[12.76795],"sensoruptime":[45.564166666666665,44.56444444444445,45.564166666666665],"battvoltage":[12.042,12.064,12.033],"arrayvoltage":[10.831,0.0,17.526],"chargecurrent":[0.005,0.005,10.985],"ledstate":[8.0,8.0,8.0],"loadpower":[24.26424,23.198175,21.514706],"batterytemp":[29.0,30.0,50.0],"triggerrate":[4.800000000000001,0.0,6.0],"triggersremaining":[13300.0,13414.0,13513.0],"crcerrors":[0.0,0.0,2.0]}