{"datalatency":[77.784352],"sensoruptime":[136.33777777777777,135.33777777777777,136.33777777777777],"battvoltage":[12.289000000000001,12.262,12.216],"arrayvoltage":[14.749,13.193,18.167],"chargecurrent":[0.28300000000000003,0.063,7.931],"ledstate":[6.0,6.0,6.0],"loadpower":[23.208935999999998,23.833226999999997,21.885253],"batterytemp":[31.0,30.0,57.0],"triggerrate":[0.0,0.0,0.6],"triggersremaining":[6257.0,6258.0,6289.0],"crcerrors":[0.0,0.0,0.0]}