{"datalatency":[19.685639000000002],"sensoruptime":[241.20111111111112,240.20388888888888,241.20111111111112],"battvoltage":[12.189,12.1,11.984000000000002],"arrayvoltage":[17.145,15.915,18.372],"chargecurrent":[1.669,0.39399999999999996,8.75],"ledstate":[8.0,8.0,8.0],"loadpower":[22.291264,21.896666999999997,21.252608000000002],"batterytemp":[28.0,26.0,52.0],"triggerrate":[0.0,0.0,1.2000000000000002],"triggersremaining":[12676.0,12676.0,12683.0],"crcerrors":[0.0,0.0,2.0]}