{"datalatency":[15.393974000000002],"sensoruptime":[136.8838888888889,135.8838888888889,136.8838888888889],"battvoltage":[11.950999999999999,11.96,11.950999999999999],"arrayvoltage":[0.021,0.009000000000000001,16.898],"chargecurrent":[0.002,0.002,10.972000000000001],"ledstate":[8.0,8.0,8.0],"loadpower":[23.989349999999998,23.786455000000004,21.720998],"batterytemp":[29.0,30.0,42.0],"triggerrate":[0.0,0.0,3.6],"triggersremaining":[12946.0,12947.0,13079.0],"crcerrors":[0.0,0.0,2.0]}