{"datalatency":[76.465581],"sensoruptime":[0.6916666666666667,76.4775,76.74361111111111],"battvoltage":[13.364,12.332,12.216],"arrayvoltage":[15.378,16.357,18.230999999999998],"chargecurrent":[7.912000000000001,1.43,8.977],"ledstate":[6.0,6.0,6.0],"loadpower":[22.384595999999995,22.576154,21.808872],"batterytemp":[38.0,28.0,55.0],"triggerrate":[0.0,1.2,3.8],"triggersremaining":[6343.0,6351.0,7045.0],"crcerrors":[0.0,0.0,0.0]}