{"datalatency":[15.744313000000002],"sensoruptime":[1.3822222222222222,0.3825,61.55722222222222],"battvoltage":[13.225999999999999,12.9,12.1],"arrayvoltage":[15.277000000000001,15.036,18.439],"chargecurrent":[7.515,6.093,12.030999999999999],"ledstate":[6.0,8.0,10.0],"loadpower":[22.604748,22.604909,5.933112000000001],"batterytemp":[44.0,38.0,56.0],"triggerrate":[0.0,0.0,1.2000000000000002],"triggersremaining":[14672.0,14672.0,20759.0],"crcerrors":[0.0,0.0,1.0]}