{"datalatency":[8.753733],"sensoruptime":[123.57916666666667,122.57916666666667,123.57916666666667],"battvoltage":[12.259,12.299000000000001,12.073],"arrayvoltage":[31.393,32.129,40.521],"chargecurrent":[1.087,1.3719999999999999,4.404],"chargestate":[5.0,5.0,6.0],"loadpower":[14.763424,14.2416,8.207364000000002],"batterytemp":[27.0,27.0,29.0],"triggerrate":[0.2,0.2,0.8],"triggersremaining":[21429.0,21437.0,21527.0],"crcerrors":[0.0,0.0,0.0]}