{"datalatency":[46.950367],"sensoruptime":[null,null,18.476666666666667],"battvoltage":[12.332,12.335,11.437999999999999],"arrayvoltage":[1.81,1.785,35.223],"chargecurrent":[0.0,0.0,2.0780000000000003],"chargestate":[3.0,3.0,6.0],"loadpower":[0.0,0.0,0.0],"batterytemp":[11.0,12.0,16.0],"triggerrate":[null,null,4.2],"triggersremaining":[null,null,20279.0],"crcerrors":[0.0,null,0.0]}