{"datalatency":[37.957505000000005],"sensoruptime":[0.0,0.005277777777777778,1.8325],"battvoltage":[14.819,13.687000000000001,10.352],"arrayvoltage":[43.744,39.455999999999996,45.523],"chargecurrent":[1.9709999999999999,1.916,2.6889999999999996],"chargestate":[6.0,5.0,7.0],"loadpower":[17.328079999999996,14.259894,0.0],"batterytemp":[8.0,4.0,10.0],"triggerrate":[0.0,0.0,0.0],"triggersremaining":[0.0,0.0,0.0],"crcerrors":[7.0,0.0,1.0]}