{"datalatency":[8.599232],"sensoruptime":[65.08722222222222,64.10388888888889,65.08722222222222],"battvoltage":[12.335,12.375,12.18],"arrayvoltage":[0.5920000000000001,0.607,40.146],"chargecurrent":[0.0,0.0,10.228],"chargestate":[3.0,3.0,6.0],"loadpower":[14.27728,13.924032,8.80245],"batterytemp":[14.0,15.0,34.0],"triggerrate":[0.0,0.0,0.2],"triggersremaining":[21643.0,21643.0,21650.0],"crcerrors":[0.0,0.0,0.0]}