{"datalatency":[8.39461],"sensoruptime":[1.9875,1.0055555555555555,null],"battvoltage":[12.454,12.073,11.307],"arrayvoltage":[27.975,30.965999999999998,40.985],"chargecurrent":[0.384,1.015,3.0660000000000003],"chargestate":[5.0,5.0,6.0],"loadpower":[14.528486,14.144928000000004,0.0],"batterytemp":[27.0,27.0,27.0],"triggerrate":[11.6,8.2,null],"triggersremaining":[20397.0,21030.0,null],"crcerrors":[3.0,1.0,3.0]}