{"datalatency":[7.678634000000001],"sensoruptime":[11.395833333333334,10.39611111111111,227.69416666666666],"battvoltage":[11.838,11.838,11.761],"arrayvoltage":[26.116999999999997,12.35,36.472],"chargecurrent":[0.16399999999999998,0.0,3.503],"chargestate":[5.0,5.0,5.0],"loadpower":[13.746840000000002,13.864940000000002,9.995777999999998],"batterytemp":[17.0,16.0,18.0],"triggerrate":[0.0,0.0,24.0],"triggersremaining":[18617.0,18621.0,20290.0],"crcerrors":[2.0,0.0,3.0]}