{"datalatency":[6.970903000000001],"sensoruptime":[155.40694444444443,154.42361111111111,155.40694444444443],"battvoltage":[12.491,12.524000000000001,11.868],"arrayvoltage":[0.604,0.62,42.465],"chargecurrent":[0.0,0.0,15.0],"chargestate":[3.0,3.0,6.0],"loadpower":[13.66862,13.671718,8.596613999999999],"batterytemp":[12.0,12.0,33.0],"triggerrate":[0.0,0.0,3.0],"triggersremaining":[20399.0,20400.0,20623.0],"crcerrors":[0.0,0.0,0.0]}