{"datalatency":[7.979806000000001],"sensoruptime":[7.923333333333333,6.923611111111111,null],"battvoltage":[12.335,12.375,12.335],"arrayvoltage":[0.589,0.5710000000000001,44.162],"chargecurrent":[0.0,0.002,2.483],"chargestate":[3.0,3.0,7.0],"loadpower":[13.501876,13.837624000000002,0.0],"batterytemp":[5.0,6.0,19.0],"triggerrate":[0.0,0.4,null],"triggersremaining":[22359.0,22373.0,null],"crcerrors":[0.0,0.0,0.0]}