{"datalatency":[24.513293],"sensoruptime":[44.3475,43.3475,44.3475],"battvoltage":[12.03,12.1,12.027000000000001],"arrayvoltage":[14.847000000000001,16.409000000000002,17.78],"chargecurrent":[0.268,1.263,7.774],"ledstate":[8.0,8.0,8.0],"loadpower":[23.171625,27.187055999999995,22.552155],"batterytemp":[33.0,33.0,40.0],"triggerrate":[0.0,0.0,2.4000255842727283],"triggersremaining":[22316.0,22317.0,22429.0],"crcerrors":[null,null,0.0]}