{"datalatency":[9.581106],"sensoruptime":[13.170833333333333,12.171111111111111,13.170833333333333],"battvoltage":[11.569,11.722000000000001,11.285],"arrayvoltage":[0.107,0.153,19.965],"chargecurrent":[0.005,0.005,7.916],"ledstate":[10.0,10.0,11.0],"loadpower":[27.746968,27.289017,0.0],"batterytemp":[26.0,28.0,51.0],"triggerrate":[0.0,0.0,1.2000000000000002],"triggersremaining":[14564.0,14564.0,14568.0],"crcerrors":[0.0,0.0,0.0]}