{"datalatency":[7.686256],"sensoruptime":[201.06666666666666,200.06694444444443,201.06666666666666],"battvoltage":[12.604000000000001,12.68,12.106],"arrayvoltage":[0.7290000000000001,26.611,41.711000000000006],"chargecurrent":[0.0,0.155,9.777000000000001],"chargestate":[3.0,5.0,6.0],"loadpower":[13.704570000000002,13.7885,9.02565],"batterytemp":[14.0,19.0,34.0],"triggerrate":[0.0,0.0,0.4],"triggersremaining":[20349.0,20349.0,20364.0],"crcerrors":[0.0,0.0,0.0]}