{"datalatency":[8.095166],"sensoruptime":[5.004444444444444,4.004722222222222,62.22694444444444],"battvoltage":[14.294,14.27,11.319],"arrayvoltage":[41.953,42.255,42.471000000000004],"chargecurrent":[2.682,2.718,5.733],"chargestate":[6.0,6.0,6.0],"loadpower":[12.329640000000001,12.232830000000002,0.0],"batterytemp":[25.0,26.0,32.0],"triggerrate":[0.0,0.2,0.5],"triggersremaining":[18400.0,18400.0,18411.0],"crcerrors":[0.0,0.0,0.0]}