{"datalatency":[19.713274000000002],"sensoruptime":[241.8675,240.86777777777777,241.8675],"battvoltage":[12.82,12.1,12.073],"arrayvoltage":[16.262999999999998,15.918,18.073],"chargecurrent":[5.641,0.551,8.75],"ledstate":[8.0,8.0,8.0],"loadpower":[22.036739999999998,22.535369999999997,21.252608000000002],"batterytemp":[35.0,27.0,52.0],"triggerrate":[0.0,0.0,1.2000000000000002],"triggersremaining":[12676.0,12676.0,12683.0],"crcerrors":[0.0,0.0,2.0]}