{"datalatency":[8.206819000000001],"sensoruptime":[0.13277777777777777,10.58388888888889,null],"battvoltage":[11.345999999999998,11.533,10.944],"arrayvoltage":[0.818,0.732,41.791000000000004],"chargecurrent":[0.0,0.0,2.923],"chargestate":[3.0,3.0,6.0],"loadpower":[13.994181,14.197170000000002,0.0],"batterytemp":[13.0,16.0,32.0],"triggerrate":[0.0,0.0,null],"triggersremaining":[18372.0,18373.0,null],"crcerrors":[0.0,0.0,0.0]}