{"datalatency":[9.701912],"sensoruptime":[3.0508333333333333,2.051111111111111,20.196666666666665],"battvoltage":[13.776,13.663,11.224],"arrayvoltage":[15.872,16.843,19.305],"chargecurrent":[7.392,7.8389999999999995,8.165],"ledstate":[5.0,6.0,11.0],"loadpower":[25.977159999999998,25.752011999999997,0.0],"batterytemp":[42.0,36.0,49.0],"triggerrate":[0.0,0.0,1.2000000000000002],"triggersremaining":[14559.0,14559.0,14564.0],"crcerrors":[0.0,0.0,0.0]}