{"datalatency":[25.986206000000003],"sensoruptime":[1.8719444444444444,0.8733333333333333,null],"battvoltage":[12.960999999999999,13.51,12.642999999999999],"arrayvoltage":[29.201999999999998,38.47,42.218],"chargecurrent":[1.4080000000000001,1.995,2.839],"chargestate":[7.0,7.0,7.0],"loadpower":[16.983158,14.876316000000001,0.0],"batterytemp":[30.0,31.0,32.0],"triggerrate":[17.2,10.4,null],"triggersremaining":[17846.0,18572.0,null],"crcerrors":[0.0,0.0,2.0]}