{"datalatency":[20.987208000000003],"sensoruptime":[5.539166666666667,4.539444444444444,64.02638888888889],"battvoltage":[12.482000000000001,12.520999999999999,11.835],"arrayvoltage":[16.605,15.918,16.91],"chargecurrent":[3.423,4.0489999999999995,10.463],"ledstate":[8.0,8.0,8.0],"loadpower":[22.815513,22.528595999999997,6.678672000000001],"batterytemp":[43.0,42.0,50.0],"triggerrate":[0.0,0.0,3.0],"triggersremaining":[1322.0,1322.0,1510.0],"crcerrors":[0.0,0.0,0.0]}