{"datalatency":[34.305563],"sensoruptime":[16.18777777777778,15.188055555555556,31.89388888888889],"battvoltage":[13.565,13.585999999999999,12.07],"arrayvoltage":[18.234,17.386,18.692],"chargecurrent":[4.865,6.585,10.158],"ledstate":[5.0,5.0,8.0],"loadpower":[26.437403999999997,24.150516,7.371546],"batterytemp":[49.0,48.0,49.0],"triggerrate":[0.0,0.0,16.800115584795222],"triggersremaining":[22431.0,22431.0,22486.0],"crcerrors":[null,null,0.0]}