{"datalatency":[8.843634],"sensoruptime":[130.4111111111111,129.4113888888889,130.4111111111111],"battvoltage":[12.112,12.145999999999999,12.073],"arrayvoltage":[0.696,0.708,34.378],"chargecurrent":[0.0,0.0,12.84],"chargestate":[3.0,3.0,5.0],"loadpower":[14.035798,14.07763,10.0584],"batterytemp":[22.0,22.0,33.0],"triggerrate":[6.0,1.6,6.0],"triggersremaining":[20833.0,20992.0,21501.0],"crcerrors":[0.0,0.0,0.0]}