{"datalatency":[19.442294],"sensoruptime":[257.49694444444447,256.49694444444447,257.49694444444447],"battvoltage":[11.908,11.88,11.874],"arrayvoltage":[15.286,13.474,16.653],"chargecurrent":[0.319,0.184,9.992],"ledstate":[8.0,8.0,8.0],"loadpower":[22.663311000000004,24.061911000000002,21.95131],"batterytemp":[30.0,29.0,50.0],"triggerrate":[0.0,0.0,8.0],"triggersremaining":[3316.0,3316.0,4162.0],"crcerrors":[0.0,0.0,0.0]}