{"datalatency":[10.067192],"sensoruptime":[null,0.0002777777777777778,0.018333333333333333],"battvoltage":[14.508,14.633,10.595999999999998],"arrayvoltage":[42.255,42.407,43.369],"chargecurrent":[2.012,1.7180000000000002,2.597],"chargestate":[6.0,6.0,7.0],"loadpower":[20.998355,15.999409999999997,0.0],"batterytemp":[18.0,14.0,18.0],"triggerrate":[0.0,0.0,null],"triggersremaining":[null,0.0,0.0],"crcerrors":[null,0.0,1.0]}