{"datalatency":[75.74211100000001],"sensoruptime":[102.67583333333333,101.69277777777778,102.67583333333333],"battvoltage":[12.46,12.482000000000001,12.222000000000001],"arrayvoltage":[0.0,1.413,18.340999999999998],"chargecurrent":[0.002,0.002,7.815],"ledstate":[6.0,6.0,6.0],"loadpower":[23.610267,24.364426,21.964412],"batterytemp":[34.0,37.0,55.0],"triggerrate":[0.0,0.0,0.4],"triggersremaining":[6292.0,6292.0,6300.0],"crcerrors":[0.0,0.0,0.0]}