{"datalatency":[8.346363],"sensoruptime":[5.284722222222222,4.285,114.10888888888888],"battvoltage":[11.800999999999998,11.874,11.469000000000001],"arrayvoltage":[9.067,29.794,35.4],"chargecurrent":[0.0,0.391,6.643],"chargestate":[3.0,5.0,5.0],"loadpower":[13.677901999999998,13.766214,0.0],"batterytemp":[19.0,20.0,27.0],"triggerrate":[0.0,0.0,0.6],"triggersremaining":[21917.0,21924.0,21952.0],"crcerrors":[0.0,0.0,0.0]}