{"datalatency":[9.199849],"sensoruptime":[2.0058333333333334,1.008888888888889,6.051944444444445],"battvoltage":[13.732999999999999,13.663,11.285],"arrayvoltage":[15.335,16.070999999999998,19.949],"chargecurrent":[7.482,6.105,9.745],"ledstate":[6.0,6.0,11.0],"loadpower":[26.054336000000003,25.874511,0.0],"batterytemp":[40.0,34.0,51.0],"triggerrate":[0.0,0.0,1.2000000000000002],"triggersremaining":[14567.0,14567.0,14570.0],"crcerrors":[0.0,0.0,0.0]}