{"datalatency":[14.654256],"sensoruptime":[97.55611111111111,96.55888888888889,97.55611111111111],"battvoltage":[12.597999999999999,12.14,12.057],"arrayvoltage":[16.409000000000002,16.656,17.825],"chargecurrent":[4.776,1.234,9.687000000000001],"ledstate":[8.0,8.0,8.0],"loadpower":[22.324943,22.677913999999998,21.70458],"batterytemp":[35.0,31.0,58.0],"triggerrate":[0.0,0.0,2.4000000000000004],"triggersremaining":[13085.0,13085.0,13096.0],"crcerrors":[0.0,0.0,2.0]}