{"datalatency":[25.711819000000002],"sensoruptime":[12.688333333333333,11.688611111111111,31.89388888888889],"battvoltage":[13.174000000000001,12.472999999999999,12.07],"arrayvoltage":[15.283,15.142999999999999,18.692],"chargecurrent":[8.097999999999999,1.879,11.344000000000001],"ledstate":[6.0,8.0,8.0],"loadpower":[23.615019999999998,26.096867000000003,7.371546],"batterytemp":[45.0,38.0,48.0],"triggerrate":[0.0,0.0,16.800115584795222],"triggersremaining":[22431.0,22432.0,22487.0],"crcerrors":[null,null,0.0]}