{"datalatency":[9.591423],"sensoruptime":[12.8375,11.840555555555556,12.8375],"battvoltage":[11.578,11.789000000000001,11.285],"arrayvoltage":[0.107,0.15,19.965],"chargecurrent":[0.002,0.002,7.916],"ledstate":[10.0,10.0,11.0],"loadpower":[27.775816,27.579608,0.0],"batterytemp":[27.0,29.0,51.0],"triggerrate":[0.0,0.0,1.2000000000000002],"triggersremaining":[14564.0,14565.0,14568.0],"crcerrors":[0.0,0.0,0.0]}