{"datalatency":[31.104898000000002],"sensoruptime":[3.651388888888889,2.651666666666667,null],"battvoltage":[13.684000000000001,13.718,12.530999999999999],"arrayvoltage":[18.982,18.863,19.843],"chargecurrent":[3.9139999999999997,4.216,6.841],"chargestate":[6.0,6.0,6.0],"loadpower":[23.284555,23.116572000000005,11.041264],"batterytemp":[45.0,44.0,45.0],"triggerrate":[null,null,null],"triggersremaining":[22493.0,22493.0,null],"crcerrors":[0.0,null,0.0]}