{"datalatency":[74.052818],"sensoruptime":[107.675,106.69194444444445,107.675],"battvoltage":[12.341,12.369000000000002,12.222000000000001],"arrayvoltage":[0.0,0.018000000000000002,18.340999999999998],"chargecurrent":[0.005,0.002,7.815],"ledstate":[6.0,6.0,6.0],"loadpower":[23.266813,23.379444,21.964412],"batterytemp":[30.0,30.0,55.0],"triggerrate":[0.0,0.0,0.4],"triggersremaining":[6291.0,6291.0,6299.0],"crcerrors":[0.0,0.0,0.0]}