{"datalatency":[8.116381],"sensoruptime":[1.418611111111111,0.4186111111111111,11.270277777777778],"battvoltage":[14.658,13.757,11.154000000000002],"arrayvoltage":[41.495,19.919,42.471000000000004],"chargecurrent":[2.017,2.003,4.8069999999999995],"chargestate":[6.0,5.0,6.0],"loadpower":[13.946309999999999,13.858209999999998,0.0],"batterytemp":[13.0,7.0,28.0],"triggerrate":[0.0,0.0,0.4],"triggersremaining":[18392.0,18392.0,18401.0],"crcerrors":[0.0,0.0,0.0]}