{"datalatency":[7.472657000000001],"sensoruptime":[166.73833333333334,165.755,166.73833333333334],"battvoltage":[12.183,12.207,11.877],"arrayvoltage":[35.69,2.74,42.465],"chargecurrent":[0.428,0.0,15.0],"chargestate":[5.0,3.0,6.0],"loadpower":[13.642848,14.167103999999998,8.596613999999999],"batterytemp":[7.0,7.0,33.0],"triggerrate":[0.0,0.0,0.8],"triggersremaining":[20371.0,20371.0,20462.0],"crcerrors":[0.0,0.0,0.0]}