{"datalatency":[16.515769000000002],"sensoruptime":[1.2480555555555555,0.24833333333333332,7.133055555555556],"battvoltage":[13.739,13.284,11.328],"arrayvoltage":[18.427,15.573,19.949],"chargecurrent":[5.008,2.665,12.057],"ledstate":[5.0,6.0,10.0],"loadpower":[22.433522000000004,23.335924000000002,5.908896],"batterytemp":[43.0,41.0,50.0],"triggerrate":[0.0,0.0,0.0],"triggersremaining":[14570.0,14570.0,14570.0],"crcerrors":[0.0,0.0,0.0]}