{"datalatency":[53.951509],"sensoruptime":[61.51555555555556,60.532222222222224,61.51555555555556],"battvoltage":[12.292,12.296,12.216],"arrayvoltage":[0.0,0.0,17.917],"chargecurrent":[0.005,0.002,9.262],"ledstate":[6.0,6.0,6.0],"loadpower":[23.418792000000003,24.4986,21.796613999999998],"batterytemp":[28.0,28.0,58.0],"triggerrate":[0.0,0.0,0.2],"triggersremaining":[6317.0,6317.0,6323.0],"crcerrors":[0.0,0.0,0.0]}