{"datalatency":[9.916959],"sensoruptime":[0.010277777777777778,null,null],"battvoltage":[14.062000000000001,14.062000000000001,10.352],"arrayvoltage":[42.581,42.816,45.523],"chargecurrent":[1.546,1.609,2.6889999999999996],"chargestate":[7.0,7.0,7.0],"loadpower":[13.501264,14.503202,0.0],"batterytemp":[13.0,13.0,14.0],"triggerrate":[null,null,null],"triggersremaining":[0.0,null,null],"crcerrors":[1.0,0.0,1.0]}