{"datalatency":[8.07023],"sensoruptime":[5.337777777777778,4.354722222222223,62.22694444444444],"battvoltage":[14.297,14.300999999999998,11.319],"arrayvoltage":[41.821000000000005,42.255,42.471000000000004],"chargecurrent":[2.592,2.6910000000000003,5.733],"chargestate":[6.0,6.0,6.0],"loadpower":[12.33225,12.284523,0.0],"batterytemp":[25.0,25.0,32.0],"triggerrate":[0.0,0.0,0.5],"triggersremaining":[18400.0,18400.0,18410.0],"crcerrors":[0.0,0.0,0.0]}