{"datalatency":[37.559387],"sensoruptime":[null,2.875277777777778,null],"battvoltage":[12.335,11.472000000000001,10.287],"arrayvoltage":[11.807,29.296999999999997,38.15],"chargecurrent":[0.0,0.309,3.1860000000000004],"chargestate":[5.0,5.0,6.0],"loadpower":[0.0,14.103386,0.0],"batterytemp":[24.0,25.0,27.0],"triggerrate":[null,0.2,null],"triggersremaining":[null,11683.0,null],"crcerrors":[0.0,0.0,0.0]}