{"datalatency":[12.630408000000001],"sensoruptime":[42.276666666666664,41.276944444444446,42.276666666666664],"battvoltage":[11.798,11.835,11.652000000000001],"arrayvoltage":[0.0,0.0,17.334],"chargecurrent":[0.005,0.002,11.398],"chargestate":[3.0,3.0,6.0],"loadpower":[23.39508,22.853859,21.713829000000004],"batterytemp":[26.0,26.0,52.0],"triggerrate":[0.0,0.0,6.0],"triggersremaining":[20761.0,20761.0,21172.0],"crcerrors":[0.0,0.0,1.0]}