{"datalatency":[11.202612],"sensoruptime":[6.903888888888889,5.907222222222222,10.618611111111111],"battvoltage":[12.372,12.408,11.264000000000001],"arrayvoltage":[16.750999999999998,15.823,19.733],"chargecurrent":[1.215,1.135,9.152999999999999],"ledstate":[6.0,6.0,11.0],"loadpower":[25.976553,28.946778,0.0],"batterytemp":[36.0,45.0,53.0],"triggerrate":[4.800000000000001,13.200000000000001,20.400000000000002],"triggersremaining":[13841.0,14158.0,14551.0],"crcerrors":[11.58953722334004,0.0,2.0]}