{"datalatency":[13.036296],"sensoruptime":[350.0211111111111,349.0213888888889,350.0211111111111],"battvoltage":[12.253,12.292,12.109000000000002],"arrayvoltage":[0.08199999999999999,0.107,17.633],"chargecurrent":[0.005,0.005,12.229000000000001],"ledstate":[6.0,6.0,6.0],"loadpower":[23.62513,24.23564,21.612250999999997],"batterytemp":[26.0,28.0,44.0],"triggerrate":[0.0,0.0,1.2000000000000002],"triggersremaining":[12619.0,12619.0,12625.0],"crcerrors":[0.0,0.0,2.0]}