{"datalatency":[26.018417000000003],"sensoruptime":[null,null,null],"battvoltage":[12.642999999999999,12.145999999999999,11.99],"arrayvoltage":[0.9159999999999999,0.9279999999999999,42.218],"chargecurrent":[0.0,0.0,2.839],"chargestate":[3.0,3.0,7.0],"loadpower":[0.0,8.226085000000001,0.0],"batterytemp":[19.0,18.0,32.0],"triggerrate":[null,null,null],"triggersremaining":[null,null,null],"crcerrors":[1.0,null,3.0]}