{"datalatency":[8.245923000000001],"sensoruptime":[3.036111111111111,2.0527777777777776,11.33388888888889],"battvoltage":[11.565999999999999,12.119000000000002,10.427999999999999],"arrayvoltage":[6.763,31.198,43.015],"chargecurrent":[0.0,0.705,3.5439999999999996],"chargestate":[3.0,5.0,6.0],"loadpower":[14.239126000000002,13.996229000000001,0.0],"batterytemp":[19.0,23.0,27.0],"triggerrate":[2.0,0.0,2.0],"triggersremaining":[22438.0,22475.0,22496.0],"crcerrors":[0.0,0.0,0.0]}