{"datalatency":[11.828199000000001],"sensoruptime":[10.547777777777778,9.550555555555556,61.55722222222222],"battvoltage":[12.445,12.488,12.1],"arrayvoltage":[0.858,13.513,18.439],"chargecurrent":[0.005,0.138,9.9],"ledstate":[6.0,6.0,8.0],"loadpower":[23.700222000000004,24.065170000000002,5.933112000000001],"batterytemp":[34.0,41.0,52.0],"triggerrate":[0.0,0.0,1.2000000000000002],"triggersremaining":[14664.0,14665.0,20754.0],"crcerrors":[0.0,0.0,1.0]}