{"datalatency":[14.969335000000001],"sensoruptime":[103.88861111111112,102.88861111111112,103.88861111111112],"battvoltage":[12.710999999999999,12.634,12.057],"arrayvoltage":[15.380999999999998,15.380999999999998,17.825],"chargecurrent":[2.481,2.346,10.327],"ledstate":[6.0,6.0,8.0],"loadpower":[22.782709999999998,22.755411000000002,21.192338],"batterytemp":[51.0,52.0,58.0],"triggerrate":[0.0,0.0,2.4000000000000004],"triggersremaining":[13084.0,13084.0,13094.0],"crcerrors":[0.0,0.0,2.0]}