{"datalatency":[10.289228000000001],"sensoruptime":[14.1725,13.172777777777778,14.684444444444445],"battvoltage":[11.682,11.685,11.45],"arrayvoltage":[0.107,0.125,19.305],"chargecurrent":[0.005,0.005,7.371],"ledstate":[10.0,10.0,11.0],"loadpower":[26.52591,27.179430000000004,0.0],"batterytemp":[24.0,25.0,49.0],"triggerrate":[0.0,0.0,1.2000000000000002],"triggersremaining":[14561.0,14561.0,14564.0],"crcerrors":[0.0,0.0,0.0]}