{"datalatency":[16.928568000000002],"sensoruptime":[164.8788888888889,163.8788888888889,164.8788888888889],"battvoltage":[11.815999999999999,11.835,11.81],"arrayvoltage":[0.42700000000000005,0.0,17.245],"chargecurrent":[0.005,0.002,12.144],"ledstate":[8.0,8.0,8.0],"loadpower":[23.507085,23.631999999999998,21.472317999999998],"batterytemp":[30.0,30.0,51.0],"triggerrate":[0.0,0.0,8.4],"triggersremaining":[12703.0,12704.0,12945.0],"crcerrors":[0.0,0.0,2.0]}