{"datalatency":[8.663107],"sensoruptime":[100.08222222222223,99.0825,100.08222222222223],"battvoltage":[12.683,13.754000000000001,12.03],"arrayvoltage":[32.812,34.085,41.65],"chargecurrent":[1.314,5.416,11.832],"chargestate":[5.0,5.0,6.0],"loadpower":[13.937830000000002,10.519523999999999,9.0954],"batterytemp":[26.0,30.0,34.0],"triggerrate":[0.0,0.0,0.6],"triggersremaining":[21525.0,21528.0,21615.0],"crcerrors":[0.0,0.0,0.0]}