{"datalatency":[27.700176000000003],"sensoruptime":[18.184722222222224,17.185,31.89388888888889],"battvoltage":[13.583,13.562000000000001,12.07],"arrayvoltage":[16.01,18.555,18.872],"chargecurrent":[3.81,3.9810000000000003,10.158],"ledstate":[5.0,5.0,8.0],"loadpower":[23.707756,23.354834999999998,7.371546],"batterytemp":[49.0,49.0,50.0],"triggerrate":[0.0,0.0,16.800115584795222],"triggersremaining":[22430.0,22430.0,22486.0],"crcerrors":[null,null,0.0]}