{"datalatency":[25.803799],"sensoruptime":[null,null,null],"battvoltage":[14.328,14.328,12.491],"arrayvoltage":[41.821000000000005,41.406000000000006,43.881],"chargecurrent":[1.5290000000000001,1.36,2.8339999999999996],"chargestate":[6.0,6.0,8.0],"loadpower":[0.0,0.0,0.0],"batterytemp":[24.0,24.0,24.0],"triggerrate":[null,0.0,null],"triggersremaining":[null,null,null],"crcerrors":[0.0,null,0.0]}