{"datalatency":[10.224127000000001],"sensoruptime":[0.4602777777777778,null,null],"battvoltage":[null,14.545,11.493],"arrayvoltage":[null,42.641999999999996,45.004],"chargecurrent":[null,0.534,0.585],"chargestate":[null,6.0,7.0],"loadpower":[null,0.0,0.0],"batterytemp":[null,17.0,17.0],"triggerrate":[46.6,null,null],"triggersremaining":[21235.0,null,null],"crcerrors":[2.0,2.0,2.0]}