{"datalatency":[8.776078],"sensoruptime":[113.74722222222222,112.76388888888889,113.74722222222222],"battvoltage":[12.259,12.299000000000001,12.03],"arrayvoltage":[0.885,1.099,41.65],"chargecurrent":[0.0,0.0,11.832],"chargestate":[3.0,3.0,6.0],"loadpower":[14.212421999999998,14.230879999999997,8.207364000000002],"batterytemp":[21.0,21.0,32.0],"triggerrate":[0.0,0.0,0.6],"triggersremaining":[21475.0,21478.0,21572.0],"crcerrors":[0.0,0.0,0.0]}