{"datalatency":[12.794824],"sensoruptime":[44.56444444444445,43.56444444444445,44.56444444444445],"battvoltage":[12.064,12.1,12.033],"arrayvoltage":[0.0,0.0,17.526],"chargecurrent":[0.005,0.002,10.985],"ledstate":[8.0,8.0,8.0],"loadpower":[23.198175,23.583806999999997,21.514706],"batterytemp":[30.0,30.0,50.0],"triggerrate":[0.0,0.0,3.6],"triggersremaining":[13414.0,13458.0,13513.0],"crcerrors":[0.0,0.0,2.0]}