{"datalatency":[20.111004],"sensoruptime":[318.15055555555557,317.1672222222222,318.15055555555557],"battvoltage":[12.14,12.145999999999999,11.987],"arrayvoltage":[0.064,12.585,18.167],"chargecurrent":[0.005,0.0,9.62],"ledstate":[6.0,6.0,8.0],"loadpower":[23.927384000000004,24.025568,22.125905999999997],"batterytemp":[31.0,35.0,55.0],"triggerrate":[2.4,5.4,14.8],"triggersremaining":[1964.0,2160.0,3223.0],"crcerrors":[0.0,0.0,0.0]}