{"datalatency":[8.228103],"sensoruptime":[0.4608333333333333,null,11.33388888888889],"battvoltage":[12.411,12.589,10.427999999999999],"arrayvoltage":[34.717,26.221,41.791000000000004],"chargecurrent":[1.314,0.087,2.923],"chargestate":[5.0,5.0,6.0],"loadpower":[13.62827,0.0,0.0],"batterytemp":[13.0,9.0,32.0],"triggerrate":[0.0,null,0.8],"triggersremaining":[18366.0,null,18392.0],"crcerrors":[0.0,0.0,0.0]}