{"datalatency":[37.587152],"sensoruptime":[null,null,null],"battvoltage":[12.363,12.372,10.287],"arrayvoltage":[0.8390000000000001,1.1840000000000002,38.15],"chargecurrent":[0.0,0.002,3.1860000000000004],"chargestate":[3.0,3.0,6.0],"loadpower":[0.0,0.0,0.0],"batterytemp":[18.0,19.0,27.0],"triggerrate":[null,null,null],"triggersremaining":[null,null,null],"crcerrors":[0.0,null,0.0]}