{"datalatency":[7.962085],"sensoruptime":[null,null,62.22694444444444],"battvoltage":[12.421,12.421,11.456],"arrayvoltage":[0.961,1.001,40.738],"chargecurrent":[0.0,0.0,11.615],"chargestate":[3.0,3.0,6.0],"loadpower":[0.0,0.0,0.0],"batterytemp":[16.0,16.0,34.0],"triggerrate":[null,null,0.2],"triggersremaining":[null,null,18415.0],"crcerrors":[0.0,null,0.0]}