{"datalatency":[7.482289000000001],"sensoruptime":[226.06194444444444,225.06222222222223,226.06194444444444],"battvoltage":[12.061,12.07,12.036],"arrayvoltage":[1.129,1.291,36.472],"chargecurrent":[0.0,0.0,3.503],"chargestate":[3.0,3.0,5.0],"loadpower":[14.747775000000003,13.989318,9.995777999999998],"batterytemp":[14.0,14.0,18.0],"triggerrate":[2.0,1.8,4.4],"triggersremaining":[19732.0,19807.0,20349.0],"crcerrors":[0.0,0.0,0.0]}