{"datalatency":[19.161112000000003],"sensoruptime":[187.51333333333332,186.51333333333332,187.51333333333332],"battvoltage":[12.897,12.14,12.1],"arrayvoltage":[15.335,15.729000000000001,17.969],"chargecurrent":[5.2620000000000005,0.754,9.81],"ledstate":[6.0,6.0,6.0],"loadpower":[22.51192,23.371903,21.987524],"batterytemp":[41.0,34.0,52.0],"triggerrate":[0.0,0.0,6.4],"triggersremaining":[5812.0,5812.0,6174.0],"crcerrors":[0.0,0.0,0.0]}