{"datalatency":[16.983517000000003],"sensoruptime":[166.21194444444444,165.2122222222222,166.21194444444444],"battvoltage":[11.798,11.804,11.795],"arrayvoltage":[12.738,7.596,17.245],"chargecurrent":[0.07200000000000001,0.005,12.144],"ledstate":[8.0,8.0,8.0],"loadpower":[23.683829999999997,23.424604000000002,21.472317999999998],"batterytemp":[31.0,30.0,51.0],"triggerrate":[0.0,0.0,8.4],"triggersremaining":[12703.0,12703.0,12945.0],"crcerrors":[0.0,0.0,2.0]}