{"datalatency":[19.599249],"sensoruptime":[238.70138888888889,237.70416666666668,238.70138888888889],"battvoltage":[12.1,12.1,11.950999999999999],"arrayvoltage":[14.008,12.994000000000002,18.372],"chargecurrent":[0.225,0.06,8.75],"ledstate":[6.0,6.0,8.0],"loadpower":[23.832102,23.450719999999997,21.252608000000002],"batterytemp":[24.0,22.0,52.0],"triggerrate":[0.0,0.0,1.2000000000000002],"triggersremaining":[12677.0,12677.0,12684.0],"crcerrors":[0.0,0.0,2.0]}