{"datalatency":[12.440716],"sensoruptime":[27.779166666666665,26.779444444444444,27.779166666666665],"battvoltage":[11.874,12.033,11.682],"arrayvoltage":[17.145,16.843,17.526],"chargecurrent":[2.372,1.834,10.419],"chargestate":[5.0,5.0,6.0],"loadpower":[22.901151,22.96805,21.71104],"batterytemp":[31.0,34.0,49.0],"triggerrate":[0.0,0.0,8.4],"triggersremaining":[21112.0,21155.0,21430.0],"crcerrors":[0.0,0.0,0.0]}