{"datalatency":[40.709864],"sensoruptime":[null,null,null],"battvoltage":[12.186,12.198,11.987],"arrayvoltage":[12.972999999999999,0.107,18.362000000000002],"chargecurrent":[0.034,0.006999999999999999,9.487],"ledstate":[6.0,6.0,8.0],"loadpower":[7.407876000000001,7.6912590000000005,5.89088],"batterytemp":[26.0,26.0,52.0],"triggerrate":[null,null,null],"triggersremaining":[null,null,null],"crcerrors":[null,null,null]}