{"datalatency":[12.775158000000001],"sensoruptime":[43.56444444444445,42.5675,43.56444444444445],"battvoltage":[12.1,12.1,12.033],"arrayvoltage":[0.0,0.076,17.526],"chargecurrent":[0.002,0.005,10.985],"ledstate":[8.0,6.0,8.0],"loadpower":[23.583806999999997,25.86832,21.514706],"batterytemp":[30.0,29.0,50.0],"triggerrate":[0.0,0.0,3.6],"triggersremaining":[13458.0,13472.0,13514.0],"crcerrors":[0.0,0.0,2.0]}