{"datalatency":[8.956962],"sensoruptime":[15.1725,14.175277777777778,null],"battvoltage":[11.624,11.682,11.45],"arrayvoltage":[0.107,0.107,19.305],"chargecurrent":[0.005,0.002,7.371],"ledstate":[10.0,10.0,11.0],"loadpower":[23.519280999999996,26.608365,0.0],"batterytemp":[24.0,24.0,49.0],"triggerrate":[0.0,0.0,null],"triggersremaining":[14561.0,14561.0,null],"crcerrors":[0.0,0.0,0.0]}