{"datalatency":[8.347678],"sensoruptime":[null,null,5.101944444444444],"battvoltage":[13.065,14.331,11.362],"arrayvoltage":[29.3,32.413000000000004,40.985],"chargecurrent":[0.37,1.486,2.278],"chargestate":[5.0,6.0,6.0],"loadpower":[0.0,0.0,0.0],"batterytemp":[22.0,24.0,27.0],"triggerrate":[null,null,6.2],"triggersremaining":[null,null,22488.0],"crcerrors":[1.0,null,1.0]}