{"datalatency":[22.410591],"sensoruptime":[45.84722222222222,44.8475,45.84722222222222],"battvoltage":[11.957,11.987,11.950999999999999],"arrayvoltage":[0.0,11.581,17.78],"chargecurrent":[0.002,0.0,7.774],"ledstate":[8.0,8.0,8.0],"loadpower":[24.454815,24.1895,22.552155],"batterytemp":[28.0,31.0,40.0],"triggerrate":[0.0,0.0,2.4000255842727283],"triggersremaining":[22314.0,22316.0,22429.0],"crcerrors":[null,null,0.0]}