{"datalatency":[8.277773],"sensoruptime":[3.4530555555555558,2.453333333333333,null],"battvoltage":[11.877,11.877,10.944],"arrayvoltage":[1.01,0.992,41.791000000000004],"chargecurrent":[0.0,0.0,2.923],"chargestate":[3.0,3.0,6.0],"loadpower":[13.766214,13.766214,0.0],"batterytemp":[10.0,10.0,32.0],"triggerrate":[0.0,0.0,null],"triggersremaining":[18369.0,18371.0,null],"crcerrors":[0.0,0.0,0.0]}