{"datalatency":[9.054593],"sensoruptime":[1.5058333333333334,0.5063888888888889,null],"battvoltage":[13.745,13.556,11.285],"arrayvoltage":[15.573,16.409000000000002,19.949],"chargecurrent":[6.8870000000000005,5.274,9.745],"ledstate":[6.0,6.0,11.0],"loadpower":[25.907155999999997,26.380954,0.0],"batterytemp":[38.0,30.0,51.0],"triggerrate":[0.0,0.0,null],"triggersremaining":[14567.0,14567.0,null],"crcerrors":[0.0,0.0,0.0]}