{"datalatency":[25.814265000000002],"sensoruptime":[null,null,null],"battvoltage":[13.696,14.355,12.491],"arrayvoltage":[41.119,41.931000000000004,43.881],"chargecurrent":[1.483,1.4569999999999999,2.781],"chargestate":[7.0,6.0,8.0],"loadpower":[0.0,0.0,0.0],"batterytemp":[25.0,23.0,26.0],"triggerrate":[null,null,null],"triggersremaining":[null,null,null],"crcerrors":[0.0,null,0.0]}