{"datalatency":[7.998773000000001],"sensoruptime":[8.09,7.090277777777778,null],"battvoltage":[12.335,12.36,12.335],"arrayvoltage":[0.586,0.5710000000000001,44.162],"chargecurrent":[0.002,0.0,2.483],"chargestate":[3.0,3.0,7.0],"loadpower":[13.772651999999999,14.133880000000001,0.0],"batterytemp":[5.0,6.0,19.0],"triggerrate":[0.2,1.0,null],"triggersremaining":[22357.0,22367.0,null],"crcerrors":[0.0,0.0,0.0]}