{"datalatency":[38.113903],"sensoruptime":[0.3661111111111111,null,1.2],"battvoltage":[11.533,12.527000000000001,10.526],"arrayvoltage":[32.379,13.544,43.533],"chargecurrent":[0.56,0.0,3.411],"chargestate":[5.0,5.0,7.0],"loadpower":[13.391820000000003,0.0,0.0],"batterytemp":[0.0,-1.0,19.0],"triggerrate":[0.0,null,0.0],"triggersremaining":[0.0,null,0.0],"crcerrors":[0.0,0.0,0.0]}