{"datalatency":[19.753141000000003],"sensoruptime":[275.66083333333336,274.6611111111111,275.66083333333336],"battvoltage":[12.048,12.064,11.874],"arrayvoltage":[0.0,0.021,17.432000000000002],"chargecurrent":[0.005,0.005,9.39],"ledstate":[8.0,8.0,8.0],"loadpower":[23.96394,24.222509999999993,22.057204000000002],"batterytemp":[30.0,31.0,58.0],"triggerrate":[0.0,0.0,0.8],"triggersremaining":[3278.0,3278.0,3319.0],"crcerrors":[0.0,0.0,0.0]}