{"datalatency":[10.166793],"sensoruptime":[null,null,null],"battvoltage":[12.835999999999999,13.155999999999999,12.567],"arrayvoltage":[13.434000000000001,26.849,41.843],"chargecurrent":[0.0,0.133,0.611],"chargestate":[5.0,5.0,7.0],"loadpower":[0.0,0.0,0.0],"batterytemp":[10.0,10.0,12.0],"triggerrate":[null,null,null],"triggersremaining":[null,null,null],"crcerrors":[null,null,null]}