{"datalatency":[18.820709],"sensoruptime":[179.84777777777776,178.86444444444444,179.84777777777776],"battvoltage":[12.14,12.161,12.14],"arrayvoltage":[0.0,0.0,17.969],"chargecurrent":[0.002,0.005,9.81],"ledstate":[6.0,6.0,6.0],"loadpower":[23.673856,24.146848,21.942296000000002],"batterytemp":[30.0,30.0,52.0],"triggerrate":[0.0,0.0,6.4],"triggersremaining":[5814.0,5814.0,6176.0],"crcerrors":[0.0,0.0,0.0]}