{"datalatency":[25.625312],"sensoruptime":[null,null,null],"battvoltage":[12.780999999999999,12.835999999999999,12.491],"arrayvoltage":[0.44299999999999995,13.498,43.881],"chargecurrent":[0.0,0.0,2.781],"chargestate":[3.0,5.0,7.0],"loadpower":[0.0,0.0,0.0],"batterytemp":[17.0,18.0,26.0],"triggerrate":[null,null,null],"triggersremaining":[null,null,null],"crcerrors":[0.0,null,0.0]}