{"datalatency":[14.443202000000001],"sensoruptime":[91.39027777777778,90.39055555555555,91.39027777777778],"battvoltage":[12.119000000000002,12.14,11.984000000000002],"arrayvoltage":[0.107,0.079,17.337],"chargecurrent":[0.005,0.005,9.687000000000001],"ledstate":[8.0,8.0,8.0],"loadpower":[23.740831999999997,23.880032,21.70458],"batterytemp":[28.0,28.0,58.0],"triggerrate":[0.0,0.0,2.4000000000000004],"triggersremaining":[13087.0,13087.0,13098.0],"crcerrors":[0.0,0.0,2.0]}