{"datalatency":[9.895591000000001],"sensoruptime":[18.213055555555556,17.213333333333335,null],"battvoltage":[12.112,12.145999999999999,12.1],"arrayvoltage":[0.0,0.0,18.439],"chargecurrent":[0.002,0.002,9.9],"ledstate":[6.0,6.0,8.0],"loadpower":[24.611168,24.171104000000003,5.933112000000001],"batterytemp":[28.0,28.0,52.0],"triggerrate":[0.0,0.0,null],"triggersremaining":[14662.0,14662.0,null],"crcerrors":[0.0,0.0,0.0]}