{"datalatency":[20.275823000000003],"sensoruptime":[540.1580555555555,539.1608333333334,540.1580555555555],"battvoltage":[11.798,11.874,11.606],"arrayvoltage":[10.51,15.775,17.575],"chargecurrent":[0.0,0.391,11.448],"ledstate":[8.0,8.0,10.0],"loadpower":[23.966622,23.161257000000003,22.237292000000004],"batterytemp":[35.0,43.0,51.0],"triggerrate":[0.0,0.0,3.6],"triggersremaining":[11269.0,11273.0,11322.0],"crcerrors":[0.0,0.0,2.0]}