{"datalatency":[8.062940000000001],"sensoruptime":[48.92888888888889,47.94555555555556,48.92888888888889],"battvoltage":[14.175,12.497,11.645999999999999],"arrayvoltage":[38.895,18.207,42.148],"chargecurrent":[8.68,3.0660000000000003,11.615],"chargestate":[6.0,5.0,6.0],"loadpower":[9.621835999999998,13.00824,8.277874],"batterytemp":[29.0,12.0,29.0],"triggerrate":[0.0,0.0,0.4],"triggersremaining":[18411.0,18412.0,18420.0],"crcerrors":[0.0,0.0,0.0]}