{"datalatency":[11.30034],"sensoruptime":[16.048333333333332,15.04861111111111,20.196666666666665],"battvoltage":[11.49,11.603,11.224],"arrayvoltage":[0.107,0.125,19.736],"chargecurrent":[0.002,0.002,8.165],"ledstate":[10.0,10.0,11.0],"loadpower":[23.400064999999998,23.277809999999995,0.0],"batterytemp":[26.0,27.0,50.0],"triggerrate":[0.0,0.0,1.2000000000000002],"triggersremaining":[14555.0,14556.0,14561.0],"crcerrors":[0.0,0.0,0.0]}