{"datalatency":[20.326629],"sensoruptime":[323.64972222222224,322.6663888888889,323.64972222222224],"battvoltage":[11.987,12.012,11.987],"arrayvoltage":[0.0,0.012,18.167],"chargecurrent":[0.005,0.002,9.62],"ledstate":[8.0,8.0,8.0],"loadpower":[23.866175000000002,23.782349999999997,22.125905999999997],"batterytemp":[29.0,29.0,55.0],"triggerrate":[0.0,0.0,14.8],"triggersremaining":[1909.0,1909.0,3213.0],"crcerrors":[0.0,0.0,0.0]}