{"datalatency":[7.702508000000001],"sensoruptime":[5.2572222222222225,4.2575,null],"battvoltage":[12.450999999999999,12.491,12.299000000000001],"arrayvoltage":[0.565,11.917,44.162],"chargecurrent":[0.0,0.0,2.483],"chargestate":[3.0,5.0,7.0],"loadpower":[13.588574,13.96766,0.0],"batterytemp":[8.0,12.0,19.0],"triggerrate":[0.0,0.0,null],"triggersremaining":[22376.0,22376.0,null],"crcerrors":[0.0,0.0,0.0]}