{"datalatency":[16.097846],"sensoruptime":[null,null,7.133055555555556],"battvoltage":[13.815,13.202,11.328],"arrayvoltage":[15.573,16.55,19.949],"chargecurrent":[6.501,1.9180000000000001,12.057],"ledstate":[6.0,6.0,10.0],"loadpower":[6.6654,7.71264,5.908896],"batterytemp":[38.0,32.0,50.0],"triggerrate":[null,null,1.2000000000000002],"triggersremaining":[null,null,14572.0],"crcerrors":[null,null,0.0]}