{"datalatency":[21.619809],"sensoruptime":[24.517222222222223,23.517222222222223,24.517222222222223],"battvoltage":[12.329,12.372,12.07],"arrayvoltage":[0.10400000000000001,0.107,18.872],"chargecurrent":[0.005,0.005,10.158],"ledstate":[6.0,6.0,8.0],"loadpower":[24.276806999999998,24.627501000000002,22.619726999999994],"batterytemp":[27.0,28.0,50.0],"triggerrate":[0.0,0.0,1.2000035280103725],"triggersremaining":[22428.0,22429.0,22434.0],"crcerrors":[null,null,0.0]}