{"datalatency":[8.753429],"sensoruptime":[120.7461111111111,119.76305555555555,120.7461111111111],"battvoltage":[12.375,12.152000000000001,12.073],"arrayvoltage":[32.272,32.766999999999996,41.65],"chargecurrent":[2.396,0.853,11.832],"chargestate":[5.0,5.0,6.0],"loadpower":[14.2044,13.289280000000002,8.207364000000002],"batterytemp":[25.0,23.0,32.0],"triggerrate":[0.2,0.0,0.8],"triggersremaining":[21446.0,21456.0,21534.0],"crcerrors":[0.0,0.0,0.0]}