{"datalatency":[7.935439000000001],"sensoruptime":[24.4325,23.449166666666667,24.4325],"battvoltage":[14.539000000000001,12.106,11.49],"arrayvoltage":[35.4,30.416999999999998,42.996],"chargecurrent":[12.352,1.824,15.002],"chargestate":[5.0,5.0,6.0],"loadpower":[10.57551,14.124109999999998,9.117872],"batterytemp":[16.0,6.0,28.0],"triggerrate":[0.0,0.0,0.4],"triggersremaining":[18420.0,18421.0,18436.0],"crcerrors":[0.0,0.0,0.0]}