{"datalatency":[8.672805],"sensoruptime":[88.41722222222222,87.43416666666667,88.41722222222222],"battvoltage":[12.183,12.207,12.183],"arrayvoltage":[0.6559999999999999,0.601,38.708],"chargecurrent":[0.0,0.0,8.752],"chargestate":[3.0,3.0,6.0],"loadpower":[14.124109999999998,14.167103999999998,9.957479999999999],"batterytemp":[19.0,18.0,34.0],"triggerrate":[0.2,0.2,0.6],"triggersremaining":[21574.0,21577.0,21643.0],"crcerrors":[0.0,0.0,0.0]}