{"datalatency":[8.013223],"sensoruptime":[49.595555555555556,48.595555555555556,49.595555555555556],"battvoltage":[14.059000000000001,14.328,11.645999999999999],"arrayvoltage":[40.07,37.997,42.148],"chargecurrent":[5.763999999999999,10.175,11.615],"chargestate":[6.0,6.0,6.0],"loadpower":[9.113015,10.336485999999999,8.277874],"batterytemp":[33.0,24.0,33.0],"triggerrate":[0.0,0.0,0.4],"triggersremaining":[18411.0,18411.0,18420.0],"crcerrors":[0.0,0.0,0.0]}