{"datalatency":[12.525871],"sensoruptime":[null,7.266111111111111,18.859444444444446],"battvoltage":[12.241,12.405,11.456],"arrayvoltage":[16.016,15.332,17.825],"chargecurrent":[0.635,1.22,11.344000000000001],"chargestate":[5.0,5.0,6.0],"loadpower":[7.664112,27.012402,0.0],"batterytemp":[36.0,45.0,47.0],"triggerrate":[null,0.0,9.600000000000001],"triggersremaining":[null,22146.0,22161.0],"crcerrors":[0.0,null,0.0]}