{"datalatency":[14.980212000000002],"sensoruptime":[55.4525,54.455555555555556,55.4525],"battvoltage":[13.019,12.597999999999999,11.499],"arrayvoltage":[14.550999999999998,15.14,18.410999999999998],"chargecurrent":[8.825,4.728,12.030999999999999],"ledstate":[8.0,8.0,10.0],"loadpower":[22.874036000000004,23.097185999999997,21.764498],"batterytemp":[52.0,50.0,52.0],"triggerrate":[0.0,0.0,6.0],"triggersremaining":[20758.0,20758.0,21056.0],"crcerrors":[0.0,0.0,1.0]}