{"datalatency":[73.254292],"sensoruptime":[65.31333333333333,64.31361111111111,65.31333333333333],"battvoltage":[12.372,12.405,12.274000000000001],"arrayvoltage":[0.0,0.0,18.410999999999998],"chargecurrent":[0.005,0.005,7.945],"ledstate":[6.0,6.0,6.0],"loadpower":[23.737797000000004,23.683023,21.948113000000003],"batterytemp":[29.0,29.0,55.0],"triggerrate":[0.0,0.0,0.4],"triggersremaining":[7039.0,7039.0,7048.0],"crcerrors":[0.0,0.0,0.0]}