{"datalatency":[10.192287],"sensoruptime":[null,null,null],"battvoltage":[13.907,14.084000000000001,12.72],"arrayvoltage":[40.253,41.013000000000005,44.205],"chargecurrent":[0.012,0.172,0.563],"chargestate":[7.0,7.0,7.0],"loadpower":[0.0,0.0,0.0],"batterytemp":[18.0,14.0,18.0],"triggerrate":[null,null,null],"triggersremaining":[null,null,null],"crcerrors":[null,null,null]}