{"datalatency":[19.996533000000003],"sensoruptime":[310.1558333333333,309.1558333333333,310.1558333333333],"battvoltage":[13.168,13.052,11.987],"arrayvoltage":[15.380999999999998,14.499,18.167],"chargecurrent":[9.62,8.122,10.847000000000001],"ledstate":[6.0,8.0,8.0],"loadpower":[23.101936,22.877167999999998,22.125905999999997],"batterytemp":[52.0,51.0,54.0],"triggerrate":[0.2,0.2,1.4],"triggersremaining":[3187.0,3195.0,3275.0],"crcerrors":[0.0,0.0,0.0]}