{"datalatency":[49.724645],"sensoruptime":[null,null,null],"battvoltage":[12.717,12.595,12.488],"arrayvoltage":[15.777999999999999,15.14,20.914],"chargecurrent":[1.133,0.348,4.172],"ledstate":[6.0,6.0,6.0],"loadpower":[6.742638,6.975576,5.666772999999999],"batterytemp":[32.0,30.0,46.0],"triggerrate":[null,null,null],"triggersremaining":[null,null,null],"crcerrors":[null,null,null]}