{"datalatency":[78.294482],"sensoruptime":[154.835,153.835,154.835],"battvoltage":[12.296,12.329,12.253],"arrayvoltage":[0.018000000000000002,0.012,18.066],"chargecurrent":[0.002,0.005,9.651],"ledstate":[6.0,6.0,6.0],"loadpower":[23.639,23.660957,22.10415],"batterytemp":[32.0,32.0,55.0],"triggerrate":[0.0,0.0,1.6],"triggersremaining":[6176.0,6176.0,6259.0],"crcerrors":[0.0,0.0,0.0]}