{"datalatency":[8.073595000000001],"sensoruptime":[null,null,null],"battvoltage":[13.065,13.08,11.362],"arrayvoltage":[29.541,29.581,42.477],"chargecurrent":[0.8170000000000001,1.044,2.3480000000000003],"chargestate":[5.0,5.0,6.0],"loadpower":[0.0,0.0,0.0],"batterytemp":[21.0,20.0,27.0],"triggerrate":[null,null,null],"triggersremaining":[null,null,null],"crcerrors":[1.0,null,1.0]}