{"datalatency":[37.804497000000005],"sensoruptime":[0.7238888888888889,0.004722222222222222,7.746944444444445],"battvoltage":[14.026,11.298,10.802999999999999],"arrayvoltage":[32.224000000000004,25.293000000000003,33.400999999999996],"chargecurrent":[2.411,0.24600000000000002,2.549],"chargestate":[5.0,5.0,6.0],"loadpower":[14.350887,14.000963999999998,0.0],"batterytemp":[23.0,21.0,28.0],"triggerrate":[0.0,0.0,null],"triggersremaining":[11687.0,11687.0,12014.0],"crcerrors":[0.0,0.0,0.0]}