{"datalatency":[7.5765910000000005],"sensoruptime":[196.40083333333334,195.4175,196.40083333333334],"battvoltage":[14.177999999999999,14.139000000000001,12.106],"arrayvoltage":[40.488,40.305,43.097],"chargecurrent":[2.645,3.285,9.777000000000001],"chargestate":[6.0,6.0,6.0],"loadpower":[12.293750000000001,11.389112,9.02565],"batterytemp":[29.0,30.0,34.0],"triggerrate":[0.0,0.2,0.4],"triggersremaining":[20351.0,20352.0,20368.0],"crcerrors":[0.0,0.0,0.0]}