{"datalatency":[10.265084],"sensoruptime":[null,null,null],"battvoltage":[13.785,13.812000000000001,12.735],"arrayvoltage":[41.495,42.803999999999995,44.855],"chargecurrent":[0.191,0.345,0.609],"chargestate":[7.0,7.0,7.0],"loadpower":[0.0,0.0,0.0],"batterytemp":[22.0,21.0,22.0],"triggerrate":[null,null,null],"triggersremaining":[null,null,null],"crcerrors":[null,null,null]}