{"datalatency":[8.711758],"sensoruptime":[100.24888888888889,99.24916666666667,100.24888888888889],"battvoltage":[13.293,13.754000000000001,12.03],"arrayvoltage":[33.405,33.884,41.65],"chargecurrent":[3.628,5.191,11.832],"chargestate":[5.0,5.0,6.0],"loadpower":[13.187000000000001,10.643818,9.0954],"batterytemp":[26.0,29.0,34.0],"triggerrate":[0.0,0.2,0.6],"triggersremaining":[21524.0,21527.0,21615.0],"crcerrors":[0.0,0.0,0.0]}