{"datalatency":[8.216633],"sensoruptime":[78.41361111111111,77.41388888888889,78.41361111111111],"battvoltage":[12.106,12.130999999999998,12.106],"arrayvoltage":[0.861,0.763,35.016],"chargecurrent":[0.0,0.0,2.8360000000000003],"chargestate":[3.0,3.0,5.0],"loadpower":[14.035798,14.07763,13.31694],"batterytemp":[11.0,11.0,20.0],"triggerrate":[0.8,0.8,4.4],"triggersremaining":[22038.0,22057.0,22204.0],"crcerrors":[0.0,0.0,0.0]}