{"datalatency":[8.207930000000001],"sensoruptime":[4.429166666666666,3.4294444444444445,11.467222222222222],"battvoltage":[13.898,13.907,11.478],"arrayvoltage":[38.028,36.945,38.028],"chargecurrent":[8.003,10.583,15.0],"chargestate":[6.0,6.0,6.0],"loadpower":[10.00352,10.071810000000001,0.0],"batterytemp":[38.0,38.0,41.0],"triggerrate":[0.2,0.0,1.6],"triggersremaining":[21735.0,21738.0,21930.0],"crcerrors":[0.0,0.0,0.0]}