{"datalatency":[8.550943],"sensoruptime":[43.75694444444444,42.75694444444444,43.75694444444444],"battvoltage":[12.299000000000001,12.308,12.112],"arrayvoltage":[0.6409999999999999,0.626,41.489],"chargecurrent":[0.0,0.002,11.902999999999999],"chargestate":[3.0,3.0,6.0],"loadpower":[14.194075999999999,14.265874,9.02565],"batterytemp":[16.0,16.0,35.0],"triggerrate":[0.0,0.0,0.4],"triggersremaining":[21649.0,21650.0,21660.0],"crcerrors":[0.0,0.0,0.0]}