{"datalatency":[48.7603],"sensoruptime":[74.81111111111112,73.81138888888889,74.81111111111112],"battvoltage":[12.216,12.225,12.216],"arrayvoltage":[14.557,13.3,18.230999999999998],"chargecurrent":[0.256,0.135,7.474],"ledstate":[6.0,6.0,6.0],"loadpower":[23.54214,23.443884,21.986712],"batterytemp":[27.0,26.0,55.0],"triggerrate":[0.8,1.4,3.8],"triggersremaining":[6409.0,6476.0,7046.0],"crcerrors":[0.0,0.0,0.0]}