{"datalatency":[37.655378],"sensoruptime":[null,0.06416666666666666,null],"battvoltage":[12.573,10.815,10.665999999999999],"arrayvoltage":[0.726,11.548,43.448],"chargecurrent":[0.0,0.0,5.0760000000000005],"chargestate":[3.0,5.0,8.0],"loadpower":[0.0,14.103836999999997,0.0],"batterytemp":[13.0,16.0,26.0],"triggerrate":[null,0.0,null],"triggersremaining":[null,11441.0,null],"crcerrors":[0.0,null,0.0]}