{"datalatency":[14.408891],"sensoruptime":[379.51694444444445,378.51722222222224,379.51694444444445],"battvoltage":[12.079,12.1,12.064],"arrayvoltage":[0.0,0.0,17.78],"chargecurrent":[0.005,0.002,10.61],"ledstate":[8.0,6.0,8.0],"loadpower":[23.933285999999995,23.571599999999997,20.806074],"batterytemp":[25.0,25.0,52.0],"triggerrate":[0.0,0.0,4.800000000000001],"triggersremaining":[12608.0,12608.0,12618.0],"crcerrors":[0.0,0.0,2.0]}