{"datalatency":[8.165222],"sensoruptime":[6.584444444444444,5.601388888888889,11.270277777777778],"battvoltage":[14.139000000000001,14.215,11.154000000000002],"arrayvoltage":[39.975,39.760999999999996,42.251999999999995],"chargecurrent":[2.628,2.411,2.7319999999999998],"chargestate":[6.0,6.0,6.0],"loadpower":[13.619245999999999,12.395658000000001,0.0],"batterytemp":[30.0,28.0,30.0],"triggerrate":[0.0,0.0,0.8],"triggersremaining":[18379.0,18382.0,18400.0],"crcerrors":[0.0,0.0,0.0]}