{"datalatency":[20.513059000000002],"sensoruptime":[7.834722222222222,6.834722222222222,11.918333333333333],"battvoltage":[12.735,12.793,12.1],"arrayvoltage":[15.469000000000001,15.722999999999999,17.288],"chargecurrent":[2.4090000000000003,3.237,10.453],"ledstate":[6.0,6.0,6.0],"loadpower":[23.158798,23.170422,6.478731],"batterytemp":[51.0,49.0,57.0],"triggerrate":[0.2,0.6,2.4],"triggersremaining":[1787.0,1810.0,1899.0],"crcerrors":[0.0,0.0,0.0]}