{"datalatency":[7.595327],"sensoruptime":[4.935555555555555,3.9522222222222223,31.859444444444446],"battvoltage":[14.02,13.998,11.465],"arrayvoltage":[35.938,35.046,42.996],"chargecurrent":[5.67,9.999,15.002],"chargestate":[5.0,5.0,6.0],"loadpower":[10.12948,10.218748000000001,0.0],"batterytemp":[20.0,23.0,28.0],"triggerrate":[0.0,0.0,2.0],"triggersremaining":[18432.0,18434.0,18584.0],"crcerrors":[1.0,0.0,4.0]}