{"datalatency":[35.247813],"sensoruptime":[null,null,null],"battvoltage":[13.074000000000002,13.663,11.481],"arrayvoltage":[18.359,17.776,19.680999999999997],"chargecurrent":[3.846,7.704,9.955],"chargestate":[5.0,5.0,5.0],"loadpower":[10.773518,10.779912,0.0],"batterytemp":[36.0,37.0,37.0],"triggerrate":[null,null,null],"triggersremaining":[null,null,null],"crcerrors":[null,null,null]}