{"datalatency":[8.050134],"sensoruptime":[51.09527777777778,50.11194444444445,51.09527777777778],"battvoltage":[14.084000000000001,14.023,11.645999999999999],"arrayvoltage":[39.777,39.963,42.148],"chargecurrent":[5.774,5.952000000000001,11.615],"chargestate":[6.0,6.0,6.0],"loadpower":[9.13725,9.114561,8.277874],"batterytemp":[32.0,34.0,34.0],"triggerrate":[0.0,0.0,0.4],"triggersremaining":[18411.0,18411.0,18420.0],"crcerrors":[0.0,0.0,0.0]}