{"datalatency":[38.035406],"sensoruptime":[0.85,1.0594444444444444,3.008888888888889],"battvoltage":[12.183,12.222000000000001,10.269],"arrayvoltage":[32.129,31.839000000000002,43.57899999999999],"chargecurrent":[0.46399999999999997,0.41600000000000004,2.546],"chargestate":[5.0,5.0,7.0],"loadpower":[14.124109999999998,14.142719999999999,0.0],"batterytemp":[13.0,13.0,24.0],"triggerrate":[0.0,0.0,58.6],"triggersremaining":[0.0,0.0,9466.0],"crcerrors":[27.0,0.0,20.0]}