{"datalatency":[8.516269000000001],"sensoruptime":[38.090833333333336,37.10777777777778,38.090833333333336],"battvoltage":[12.450999999999999,12.475999999999999,12.112],"arrayvoltage":[0.574,0.598,41.489],"chargecurrent":[0.0,0.0,11.902999999999999],"chargestate":[3.0,3.0,6.0],"loadpower":[13.774889,13.606320000000002,9.02565],"batterytemp":[17.0,17.0,35.0],"triggerrate":[0.0,0.2,0.4],"triggersremaining":[21651.0,21651.0,21670.0],"crcerrors":[0.0,0.0,0.0]}