{"datalatency":[19.264482],"sensoruptime":[6.835833333333333,5.835833333333333,6.835833333333333],"battvoltage":[11.923,13.623,11.285],"arrayvoltage":[15.283,18.994,19.965],"chargecurrent":[1.979,5.088,7.916],"ledstate":[8.0,5.0,11.0],"loadpower":[26.979480000000002,25.613896,0.0],"batterytemp":[46.0,47.0,51.0],"triggerrate":[0.0,0.0,1.2000000000000002],"triggersremaining":[14566.0,14566.0,14569.0],"crcerrors":[0.0,0.0,0.0]}