{"datalatency":[19.945980000000002],"sensoruptime":[529.8261111111111,528.8291666666667,529.8261111111111],"battvoltage":[11.945,11.722000000000001,11.606],"arrayvoltage":[16.500999999999998,16.357,17.145],"chargecurrent":[2.739,1.331,3.602],"ledstate":[10.0,10.0,10.0],"loadpower":[22.995735,23.001569999999997,22.057775999999997],"batterytemp":[34.0,32.0,37.0],"triggerrate":[0.0,0.0,3.6],"triggersremaining":[11310.0,11310.0,11375.0],"crcerrors":[0.0,0.0,2.0]}