{"datalatency":[8.672636],"sensoruptime":[59.92111111111111,58.92138888888889,59.92111111111111],"battvoltage":[12.505999999999998,12.527000000000001,12.18],"arrayvoltage":[0.568,0.5579999999999999,40.146],"chargecurrent":[0.0,0.0,10.228],"chargestate":[3.0,3.0,6.0],"loadpower":[13.849191999999999,13.671718,8.80245],"batterytemp":[18.0,19.0,34.0],"triggerrate":[0.0,0.0,0.2],"triggersremaining":[21645.0,21645.0,21653.0],"crcerrors":[0.0,0.0,0.0]}