{"datalatency":[8.071111],"sensoruptime":[80.41361111111111,79.41361111111111,80.41361111111111],"battvoltage":[12.07,12.075999999999999,12.07],"arrayvoltage":[0.745,0.763,35.016],"chargecurrent":[0.0,0.0,2.8360000000000003],"chargestate":[3.0,3.0,5.0],"loadpower":[13.989318,14.035798,13.31694],"batterytemp":[12.0,12.0,20.0],"triggerrate":[0.0,0.2,4.4],"triggersremaining":[22017.0,22030.0,22203.0],"crcerrors":[0.0,0.0,0.0]}