{"datalatency":[7.498362],"sensoruptime":[172.07083333333333,171.0875,172.07083333333333],"battvoltage":[14.282,14.267000000000001,12.183],"arrayvoltage":[42.386,42.581,43.121],"chargecurrent":[3.056,3.498,10.794],"chargestate":[6.0,6.0,6.0],"loadpower":[12.358500000000001,12.226434,8.596613999999999],"batterytemp":[25.0,26.0,30.0],"triggerrate":[0.0,0.0,0.8],"triggersremaining":[20368.0,20369.0,20455.0],"crcerrors":[0.0,0.0,0.0]}