{"datalatency":[16.967953],"sensoruptime":[449.6719444444444,448.6722222222222,449.6719444444444],"battvoltage":[12.075999999999999,12.103,12.027000000000001],"arrayvoltage":[0.0,0.021,17.487000000000002],"chargecurrent":[0.002,0.002,10.864],"ledstate":[8.0,6.0,8.0],"loadpower":[23.848929,24.030944,21.481326],"batterytemp":[28.0,28.0,49.0],"triggerrate":[0.0,0.0,16.8],"triggersremaining":[11710.0,11710.0,12594.0],"crcerrors":[0.0,0.0,2.0]}