{"datalatency":[11.870090000000001],"sensoruptime":[null,null,18.859444444444446],"battvoltage":[11.987,12.003,11.456],"arrayvoltage":[1.929,0.0,17.825],"chargecurrent":[0.005,0.002,11.344000000000001],"chargestate":[3.0,3.0,6.0],"loadpower":[7.8077,8.63712,0.0],"batterytemp":[25.0,24.0,47.0],"triggerrate":[null,null,1.2000000000000002],"triggersremaining":[null,null,22150.0],"crcerrors":[null,null,0.0]}