{"datalatency":[8.803842000000001],"sensoruptime":[109.58111111111111,108.59777777777778,109.58111111111111],"battvoltage":[12.375,12.415,12.03],"arrayvoltage":[1.074,1.138,41.65],"chargecurrent":[0.0,0.0,11.832],"chargestate":[3.0,3.0,6.0],"loadpower":[14.257320000000002,14.390208,8.207364000000002],"batterytemp":[20.0,20.0,32.0],"triggerrate":[0.0,0.0,0.6],"triggersremaining":[21494.0,21499.0,21590.0],"crcerrors":[0.0,0.0,0.0]}