{"datalatency":[53.281726000000006],"sensoruptime":[16.32111111111111,15.321111111111112,null],"battvoltage":[12.375,12.405,12.369000000000002],"arrayvoltage":[0.0,0.021,19.229],"chargecurrent":[0.002,0.002,8.175],"ledstate":[6.0,6.0,6.0],"loadpower":[23.194088999999998,23.396472,6.0236],"batterytemp":[30.0,30.0,54.0],"triggerrate":[0.0,0.0,null],"triggersremaining":[7055.0,7056.0,null],"crcerrors":[0.0,0.0,0.0]}