{"datalatency":[16.798614],"sensoruptime":[null,null,null],"battvoltage":[12.634,12.75,12.18],"arrayvoltage":[13.388,15.43,19.625999999999998],"chargecurrent":[0.031,0.39899999999999997,5.361000000000001],"chargestate":[5.0,5.0,6.0],"loadpower":[6.399354,6.437886000000001,4.102919999999999],"batterytemp":[28.0,37.0,45.0],"triggerrate":[null,null,null],"triggersremaining":[null,null,null],"crcerrors":[null,null,null]}