{"datalatency":[7.849432],"sensoruptime":[16.267222222222223,15.283888888888889,31.859444444444446],"battvoltage":[11.725,11.758,11.465],"arrayvoltage":[0.687,0.6990000000000001,42.996],"chargecurrent":[0.0,0.0,15.002],"chargestate":[3.0,3.0,6.0],"loadpower":[13.646898000000002,13.951726000000003,0.0],"batterytemp":[3.0,3.0,28.0],"triggerrate":[0.0,0.0,2.0],"triggersremaining":[18425.0,18426.0,18511.0],"crcerrors":[0.0,0.0,4.0]}