{"datalatency":[19.924784000000002],"sensoruptime":[305.9897222222222,305.00666666666666,305.9897222222222],"battvoltage":[12.027000000000001,12.027000000000001,11.995999999999999],"arrayvoltage":[15.872,13.626,17.093],"chargecurrent":[0.389,0.242,10.847000000000001],"ledstate":[8.0,8.0,8.0],"loadpower":[22.740524999999998,23.602724999999996,21.841950000000004],"batterytemp":[32.0,31.0,54.0],"triggerrate":[0.0,0.0,1.4],"triggersremaining":[3210.0,3210.0,3276.0],"crcerrors":[0.0,0.0,0.0]}