{"datalatency":[8.060599],"sensoruptime":[85.91277777777778,84.91277777777778,85.91277777777778],"battvoltage":[11.954,11.99,11.954],"arrayvoltage":[0.76,0.851,35.016],"chargecurrent":[0.0,0.0,2.8360000000000003],"chargestate":[3.0,3.0,5.0],"loadpower":[13.854526,13.924932,13.31694],"batterytemp":[11.0,11.0,20.0],"triggerrate":[0.0,0.2,4.4],"triggersremaining":[21976.0,21981.0,22177.0],"crcerrors":[0.0,0.0,0.0]}