{"datalatency":[38.110609000000004],"sensoruptime":[0.22138888888888889,null,null],"battvoltage":[11.868,13.882,10.535],"arrayvoltage":[36.426,41.852,43.533],"chargecurrent":[0.87,2.355,3.411],"chargestate":[7.0,7.0,7.0],"loadpower":[13.501959999999999,23.655399,0.0],"batterytemp":[14.0,19.0,19.0],"triggerrate":[0.0,0.0,null],"triggersremaining":[0.0,null,null],"crcerrors":[0.0,0.0,0.0]}