{"datalatency":[8.387838],"sensoruptime":[1.09,0.09055555555555556,null],"battvoltage":[12.604000000000001,12.454,12.408],"arrayvoltage":[30.42,27.533,40.985],"chargecurrent":[1.305,0.297,1.911],"chargestate":[5.0,5.0,6.0],"loadpower":[14.45895,13.665330000000003,0.0],"batterytemp":[26.0,24.0,26.0],"triggerrate":[9.333333333333334,9.0,null],"triggersremaining":[21526.0,21985.0,null],"crcerrors":[0.0,0.0,0.0]}