{"datalatency":[12.46968],"sensoruptime":[5.7636111111111115,4.7652777777777775,18.859444444444446],"battvoltage":[12.46,12.939,11.456],"arrayvoltage":[16.116,15.527000000000001,17.825],"chargecurrent":[3.056,8.921,11.344000000000001],"chargestate":[5.0,5.0,6.0],"loadpower":[27.059760000000004,26.723042999999997,0.0],"batterytemp":[45.0,42.0,47.0],"triggerrate":[0.0,0.0,9.600000000000001],"triggersremaining":[22148.0,22149.0,22162.0],"crcerrors":[0.0,0.0,0.0]}