{"datalatency":[7.737312],"sensoruptime":[10.562777777777777,9.562777777777777,227.69416666666666],"battvoltage":[11.838,11.85,11.838],"arrayvoltage":[12.457,1.26,36.472],"chargecurrent":[0.0,0.0,3.503],"chargestate":[5.0,3.0,5.0],"loadpower":[13.88856,13.792773000000002,9.995777999999998],"batterytemp":[16.0,16.0,18.0],"triggerrate":[0.0,0.4,24.0],"triggersremaining":[18621.0,18625.0,20290.0],"crcerrors":[2.0,0.0,3.0]}