{"datalatency":[13.361776],"sensoruptime":[null,5.910277777777778,null],"battvoltage":[12.198,11.52,11.285],"arrayvoltage":[0.0,0.021,19.949],"chargecurrent":[0.005,0.002,9.745],"ledstate":[11.0,10.0,11.0],"loadpower":[0.0,23.53923,0.0],"batterytemp":[25.0,26.0,51.0],"triggerrate":[null,0.0,null],"triggersremaining":[null,14567.0,null],"crcerrors":[0.0,null,0.0]}