{"datalatency":[12.382015],"sensoruptime":[33.23277777777778,32.23555555555556,33.23277777777778],"battvoltage":[12.405,12.520999999999999,12.033],"arrayvoltage":[15.82,15.332,17.38],"chargecurrent":[1.5730000000000002,1.599,10.985],"ledstate":[6.0,6.0,8.0],"loadpower":[23.323625999999997,24.127515000000002,21.514706],"batterytemp":[40.0,49.0,50.0],"triggerrate":[0.0,0.0,2.4000000000000004],"triggersremaining":[13508.0,13508.0,13569.0],"crcerrors":[0.0,0.0,2.0]}