{"datalatency":[8.028141],"sensoruptime":[43.26305555555555,42.27972222222222,43.26305555555555],"battvoltage":[11.800999999999998,11.823,11.49],"arrayvoltage":[0.65,0.647,42.148],"chargecurrent":[0.0,0.0,12.352],"chargestate":[3.0,3.0,6.0],"loadpower":[13.736756999999999,13.864940000000002,8.277874],"batterytemp":[7.0,7.0,29.0],"triggerrate":[0.0,0.0,0.4],"triggersremaining":[18414.0,18415.0,18425.0],"crcerrors":[0.0,0.0,0.0]}