{"datalatency":[14.363399000000001],"sensoruptime":[91.05694444444444,90.05722222222222,91.05694444444444],"battvoltage":[12.130999999999998,12.14,11.984000000000002],"arrayvoltage":[0.107,0.012,17.337],"chargecurrent":[0.005,0.002,9.687000000000001],"ledstate":[8.0,8.0,8.0],"loadpower":[23.740831999999997,23.734496,21.70458],"batterytemp":[28.0,28.0,58.0],"triggerrate":[0.0,0.0,2.4000000000000004],"triggersremaining":[13087.0,13087.0,13100.0],"crcerrors":[0.0,0.0,2.0]}