{"datalatency":[25.631227000000003],"sensoruptime":[null,null,null],"battvoltage":[14.355,14.484000000000002,12.491],"arrayvoltage":[41.931000000000004,41.534,43.881],"chargecurrent":[1.4569999999999999,2.01,2.863],"chargestate":[6.0,6.0,8.0],"loadpower":[0.0,0.0,0.0],"batterytemp":[23.0,19.0,24.0],"triggerrate":[null,null,null],"triggersremaining":[null,null,null],"crcerrors":[0.0,0.0,0.0]}