{"datalatency":[21.088164000000003],"sensoruptime":[281.695,280.695,281.695],"battvoltage":[12.292,12.305,12.103],"arrayvoltage":[0.0,0.07,18.506],"chargecurrent":[0.005,0.002,9.074],"ledstate":[6.0,6.0,6.0],"loadpower":[23.52848,23.945999999999998,21.141912],"batterytemp":[24.0,24.0,53.0],"triggerrate":[0.0,0.0,2.4000000000000004],"triggersremaining":[12641.0,12641.0,12671.0],"crcerrors":[0.0,0.0,2.0]}