{"datalatency":[38.118203],"sensoruptime":[null,0.22138888888888889,null],"battvoltage":[12.592,11.868,10.535],"arrayvoltage":[0.851,36.426,43.533],"chargecurrent":[0.0,0.87,3.411],"chargestate":[3.0,7.0,7.0],"loadpower":[0.0,13.501959999999999,0.0],"batterytemp":[8.0,14.0,19.0],"triggerrate":[null,0.0,null],"triggersremaining":[null,0.0,null],"crcerrors":[0.0,0.0,0.0]}