{"datalatency":[8.458617],"sensoruptime":[21.76,20.776666666666667,null],"battvoltage":[12.183,12.200999999999999,11.645999999999999],"arrayvoltage":[3.235,0.607,38.565],"chargecurrent":[0.0,0.0,15.0],"chargestate":[3.0,3.0,6.0],"loadpower":[14.355055,14.417568000000001,0.0],"batterytemp":[11.0,12.0,41.0],"triggerrate":[0.0,0.0,null],"triggersremaining":[21659.0,21659.0,null],"crcerrors":[0.0,0.0,0.0]}