{"datalatency":[8.184512],"sensoruptime":[62.5825,61.58277777777778,62.5825],"battvoltage":[12.299000000000001,12.335,12.115],"arrayvoltage":[0.632,0.61,42.861999999999995],"chargecurrent":[0.0,0.0,7.356],"chargestate":[3.0,3.0,6.0],"loadpower":[13.813767999999998,13.501876,8.875646],"batterytemp":[13.0,13.0,30.0],"triggerrate":[0.0,0.2,0.6],"triggersremaining":[22175.0,22180.0,22234.0],"crcerrors":[0.0,0.0,0.0]}