{"datalatency":[26.038376000000003],"sensoruptime":[null,null,6.267777777777778],"battvoltage":[14.716,14.749,11.99],"arrayvoltage":[39.501999999999995,37.582,44.974],"chargecurrent":[0.903,1.234,2.773],"chargestate":[6.0,6.0,7.0],"loadpower":[0.0,0.0,0.0],"batterytemp":[11.0,10.0,32.0],"triggerrate":[null,null,56.0],"triggersremaining":[null,null,19402.0],"crcerrors":[1.0,null,3.0]}