{"datalatency":[31.222915],"sensoruptime":[4.333055555555555,3.3330555555555557,152.8761111111111],"battvoltage":[12.128,12.216,11.453],"arrayvoltage":[16.942999999999998,17.477,18.973],"chargecurrent":[2.952,3.628,14.731],"chargestate":[5,5,6],"loadpower":[26.343485999999995,26.590504000000003,0.0],"batterytemp":[25,29,39],"triggerrate":[null,null,null],"triggersremaining":[14672.0,14673.0,15185.0],"crcerrors":[null,null,0.0]}