{"datalatency":[11.911384],"sensoruptime":[null,null,null],"battvoltage":[11.987,11.995999999999999,11.758],"arrayvoltage":[13.515999999999998,13.675,17.825],"chargecurrent":[0.16399999999999998,0.191,11.344000000000001],"chargestate":[5.0,5.0,6.0],"loadpower":[8.0472,8.095099999999999,0.0],"batterytemp":[26.0,25.0,47.0],"triggerrate":[null,null,null],"triggersremaining":[null,null,null],"crcerrors":[null,null,0.0]}