{"datalatency":[12.209631],"sensoruptime":[28.9,27.903055555555557,28.9],"battvoltage":[12.82,12.527000000000001,12.033],"arrayvoltage":[14.935,15.964,17.38],"chargecurrent":[6.269,3.148,10.26],"ledstate":[8.0,8.0,8.0],"loadpower":[22.369025,22.805801000000002,21.514706],"batterytemp":[47.0,42.0,53.0],"triggerrate":[0.0,0.0,20.400000000000002],"triggersremaining":[13509.0,13511.0,14523.0],"crcerrors":[0.0,0.0,2.0]}