{"datalatency":[8.804495000000001],"sensoruptime":[112.74722222222222,111.76416666666667,112.74722222222222],"battvoltage":[12.299000000000001,12.32,12.03],"arrayvoltage":[1.129,1.0859999999999999,41.65],"chargecurrent":[0.0,0.0,11.832],"chargestate":[3.0,3.0,6.0],"loadpower":[14.255415999999999,14.240356,8.207364000000002],"batterytemp":[21.0,21.0,32.0],"triggerrate":[0.0,0.6,0.6],"triggersremaining":[21478.0,21483.0,21573.0],"crcerrors":[0.0,0.0,0.0]}