{"datalatency":[8.25492],"sensoruptime":[104.41027777777778,103.42694444444444,104.41027777777778],"battvoltage":[11.685,11.694,11.682],"arrayvoltage":[1.0859999999999999,1.157,34.863],"chargecurrent":[0.0,0.0,1.423],"chargestate":[3.0,3.0,5.0],"loadpower":[13.709807999999999,13.744782,12.790060000000002],"batterytemp":[13.0,13.0,16.0],"triggerrate":[0.0,0.0,0.6],"triggersremaining":[21939.0,21941.0,22017.0],"crcerrors":[0.0,0.0,0.0]}