{"datalatency":[9.795076],"sensoruptime":[7.716944444444445,6.719722222222222,20.196666666666665],"battvoltage":[13.684000000000001,13.547,11.224],"arrayvoltage":[17.7,16.357,19.736],"chargecurrent":[6.612,6.856,8.165],"ledstate":[5.0,8.0,11.0],"loadpower":[25.757688,25.543891999999996,0.0],"batterytemp":[45.0,45.0,49.0],"triggerrate":[0.0,0.0,1.2000000000000002],"triggersremaining":[14558.0,14558.0,14563.0],"crcerrors":[0.0,0.0,0.0]}