{"datalatency":[10.035791000000001],"sensoruptime":[null,null,4.153611111111111],"battvoltage":[14.059000000000001,14.658,null],"arrayvoltage":[42.59,42.407,null],"chargecurrent":[0.193,0.5579999999999999,null],"chargestate":[7.0,6.0,null],"loadpower":[0.0,0.0,null],"batterytemp":[13.0,13.0,null],"triggerrate":[null,null,59.0],"triggersremaining":[null,null,20988.0],"crcerrors":[5.0,null,5.0]}