{"datalatency":[14.029944],"sensoruptime":[50.611666666666665,49.614444444444445,50.611666666666665],"battvoltage":[12.302,11.569,11.499],"arrayvoltage":[16.55,16.553,18.410999999999998],"chargecurrent":[5.481,0.935,11.398],"chargestate":[5.0,5.0,6.0],"loadpower":[22.853946999999998,24.07053,21.727188],"batterytemp":[35.0,28.0,52.0],"triggerrate":[0.0,0.0,6.0],"triggersremaining":[20759.0,20759.0,21155.0],"crcerrors":[0.0,0.0,1.0]}