{"datalatency":[21.264049],"sensoruptime":[282.52805555555557,281.5311111111111,282.52805555555557],"battvoltage":[12.265,12.292,12.103],"arrayvoltage":[0.0,0.079,18.506],"chargecurrent":[0.005,0.002,9.074],"ledstate":[6.0,6.0,6.0],"loadpower":[23.62513,23.67584,21.141912],"batterytemp":[23.0,24.0,53.0],"triggerrate":[0.0,0.0,2.4000000000000004],"triggersremaining":[12641.0,12641.0,12671.0],"crcerrors":[0.0,0.0,2.0]}