{"datalatency":[8.041753],"sensoruptime":[23.088055555555556,22.10472222222222,null],"battvoltage":[14.328,14.235999999999999,12.07],"arrayvoltage":[41.51,41.388000000000005,42.725],"chargecurrent":[3.0610000000000004,3.6069999999999998,7.474],"chargestate":[6.0,6.0,7.0],"loadpower":[11.239272,9.194504,0.0],"batterytemp":[24.0,27.0,28.0],"triggerrate":[0.0,0.0,null],"triggersremaining":[22257.0,22257.0,null],"crcerrors":[0.0,0.0,0.0]}