{"datalatency":[7.776739],"sensoruptime":[206.5661111111111,205.58277777777778,206.5661111111111],"battvoltage":[12.415,12.445,12.106],"arrayvoltage":[0.833,0.684,41.711000000000006],"chargecurrent":[0.0,0.0,9.777000000000001],"chargestate":[3.0,3.0,6.0],"loadpower":[13.882464,13.53889,9.02565],"batterytemp":[12.0,12.0,34.0],"triggerrate":[0.0,0.0,0.6],"triggersremaining":[20338.0,20342.0,20363.0],"crcerrors":[0.0,0.0,0.0]}