{"datalatency":[18.557515000000002],"sensoruptime":[112.35777777777778,111.35805555555555,112.35777777777778],"battvoltage":[12.253,12.253,12.222000000000001],"arrayvoltage":[13.513,13.193,18.340999999999998],"chargecurrent":[0.203,0.07,7.815],"ledstate":[6.0,6.0,6.0],"loadpower":[23.931144,23.747539999999997,21.964412],"batterytemp":[30.0,29.0,55.0],"triggerrate":[0.0,0.0,0.4],"triggersremaining":[6289.0,6290.0,6297.0],"crcerrors":[0.0,0.0,0.0]}