{"datalatency":[19.02168],"sensoruptime":[509.99611111111113,508.99611111111113,509.99611111111113],"battvoltage":[12.325999999999999,11.957,11.85],"arrayvoltage":[16.653,16.653,17.145],"chargecurrent":[2.9539999999999997,1.234,9.243],"ledstate":[8.0,8.0,8.0],"loadpower":[22.763997000000003,23.369636,20.930414],"batterytemp":[35.0,32.0,51.0],"triggerrate":[0.0,0.0,2.4000000000000004],"triggersremaining":[11344.0,11345.0,11444.0],"crcerrors":[0.0,0.0,2.0]}