{"datalatency":[16.709807],"sensoruptime":[441.50638888888886,440.50666666666666,441.50638888888886],"battvoltage":[12.9,12.949000000000002,12.027000000000001],"arrayvoltage":[16.116,16.357,17.242],"chargecurrent":[4.832,7.061,10.864],"ledstate":[6.0,6.0,8.0],"loadpower":[23.050119,22.675269,21.481326],"batterytemp":[46.0,41.0,52.0],"triggerrate":[0.0,0.0,16.8],"triggersremaining":[11720.0,11725.0,12596.0],"crcerrors":[0.0,0.0,2.0]}