{"datalatency":[12.029575000000001],"sensoruptime":[26.400277777777777,25.400555555555556,26.400277777777777],"battvoltage":[12.534,12.216,11.892999999999999],"arrayvoltage":[16.156,16.891,19.733],"chargecurrent":[3.7569999999999997,2.488,9.152999999999999],"ledstate":[8.0,8.0,8.0],"loadpower":[22.278480000000002,22.892648,21.57225],"batterytemp":[38.0,33.0,53.0],"triggerrate":[0.0,0.0,20.400000000000002],"triggersremaining":[13511.0,13511.0,14551.0],"crcerrors":[0.0,0.0,2.0]}