{"datalatency":[13.731637000000001],"sensoruptime":[33.614444444444445,32.6175,33.614444444444445],"battvoltage":[12.787,12.866,11.652000000000001],"arrayvoltage":[15.872,15.57,17.526],"chargecurrent":[5.716,7.358,11.398],"chargestate":[5.0,5.0,6.0],"loadpower":[23.123058,22.693593999999997,21.713829000000004],"batterytemp":[48.0,50.0,51.0],"triggerrate":[0.0,0.0,8.4],"triggersremaining":[21052.0,21055.0,21424.0],"crcerrors":[0.0,0.0,0.0]}