{"datalatency":[12.177421],"sensoruptime":[15.78111111111111,14.78111111111111,null],"battvoltage":[12.015,12.050999999999998,11.798],"arrayvoltage":[0.018000000000000002,0.027000000000000003,17.526],"chargecurrent":[0.005,0.005,10.419],"chargestate":[3.0,3.0,5.0],"loadpower":[23.195574999999998,24.120096,6.167125],"batterytemp":[27.0,28.0,49.0],"triggerrate":[0.0,1.2000000000000002,null],"triggersremaining":[21175.0,21183.0,null],"crcerrors":[0.0,0.0,0.0]}