{"datalatency":[8.508856],"sensoruptime":[16.760555555555555,15.7775,16.760555555555555],"battvoltage":[12.299000000000001,12.335,11.478],"arrayvoltage":[0.607,0.601,38.565],"chargecurrent":[0.0,0.0,15.0],"chargestate":[3.0,3.0,6.0],"loadpower":[14.071395999999998,13.883423999999998,0.0],"batterytemp":[12.0,13.0,41.0],"triggerrate":[0.0,0.0,1.2],"triggersremaining":[21668.0,21669.0,21755.0],"crcerrors":[0.0,0.0,0.0]}