{"datalatency":[8.68323],"sensoruptime":[73.91916666666667,72.91944444444445,73.91916666666667],"battvoltage":[12.600999999999999,12.262,12.183],"arrayvoltage":[32.428000000000004,31.497,40.146],"chargecurrent":[2.094,1.375,5.421],"chargestate":[5.0,5.0,6.0],"loadpower":[14.198991,13.837624000000002,8.80245],"batterytemp":[26.0,21.0,34.0],"triggerrate":[0.2,0.0,0.6],"triggersremaining":[21633.0,21638.0,21647.0],"crcerrors":[0.0,0.0,0.0]}