{"datalatency":[7.654187],"sensoruptime":[200.23361111111112,199.25027777777777,200.23361111111112],"battvoltage":[12.642999999999999,14.328,12.106],"arrayvoltage":[22.989,40.408,41.711000000000006],"chargecurrent":[0.0,2.283,9.777000000000001],"chargestate":[5.0,6.0,6.0],"loadpower":[14.378819999999997,13.710203000000002,9.02565],"batterytemp":[18.0,24.0,34.0],"triggerrate":[0.0,0.0,0.4],"triggersremaining":[20349.0,20351.0,20366.0],"crcerrors":[0.0,0.0,0.0]}