{"datalatency":[16.837361],"sensoruptime":[159.37972222222223,158.37972222222223,159.37972222222223],"battvoltage":[11.925999999999998,11.957,11.870999999999999],"arrayvoltage":[0.021,0.021,17.245],"chargecurrent":[0.002,0.005,12.144],"ledstate":[8.0,8.0,8.0],"loadpower":[23.857495,23.667105000000003,21.472317999999998],"batterytemp":[30.0,30.0,51.0],"triggerrate":[0.0,0.0,8.4],"triggersremaining":[12705.0,12705.0,12947.0],"crcerrors":[0.0,0.0,2.0]}