{"datalatency":[17.120346],"sensoruptime":[166.54527777777778,165.54805555555555,166.54527777777778],"battvoltage":[11.798,11.798,11.795],"arrayvoltage":[12.784,12.142999999999999,17.245],"chargecurrent":[0.13,0.005,12.144],"ledstate":[8.0,8.0,8.0],"loadpower":[23.766310999999998,23.660263999999998,21.472317999999998],"batterytemp":[31.0,31.0,51.0],"triggerrate":[0.0,0.0,8.4],"triggersremaining":[12702.0,12703.0,12945.0],"crcerrors":[0.0,0.0,2.0]}