{"datalatency":[38.032363000000004],"sensoruptime":[1.0427777777777778,0.042777777777777776,3.008888888888889],"battvoltage":[12.222000000000001,12.183,10.269],"arrayvoltage":[31.842,27.249000000000002,43.57899999999999],"chargecurrent":[0.408,0.196,2.582],"chargestate":[5.0,5.0,7.0],"loadpower":[14.167103999999998,14.124109999999998,0.0],"batterytemp":[13.0,12.0,24.0],"triggerrate":[0.0,0.0,58.6],"triggersremaining":[0.0,0.0,11404.0],"crcerrors":[28.0,0.0,20.0]}