{"datalatency":[8.337266000000001],"sensoruptime":[11.450555555555555,10.4675,114.10888888888888],"battvoltage":[11.569,11.609000000000002,11.469000000000001],"arrayvoltage":[0.5710000000000001,0.574,35.4],"chargecurrent":[0.0,0.0,6.643],"chargestate":[3.0,3.0,5.0],"loadpower":[14.277454,13.619255999999998,0.0],"batterytemp":[16.0,17.0,27.0],"triggerrate":[0.6,0.6,1.6],"triggersremaining":[21802.0,21827.0,21937.0],"crcerrors":[0.0,0.0,0.0]}