{"datalatency":[8.258687],"sensoruptime":[3.202777777777778,2.202777777777778,11.33388888888889],"battvoltage":[11.550999999999998,11.89,10.427999999999999],"arrayvoltage":[1.41,31.644000000000002,43.015],"chargecurrent":[0.0,0.483,3.5439999999999996],"chargestate":[3.0,5.0,6.0],"loadpower":[14.235424,13.794101999999997,0.0],"batterytemp":[18.0,22.0,27.0],"triggerrate":[0.8,0.6,2.0],"triggersremaining":[22433.0,22472.0,22496.0],"crcerrors":[0.0,0.0,0.0]}