{"datalatency":[7.9330560000000006],"sensoruptime":[38.08583333333333,37.08611111111111,38.08583333333333],"battvoltage":[12.244000000000002,12.296,12.07],"arrayvoltage":[0.629,0.616,41.821000000000005],"chargecurrent":[0.0,0.0,7.474],"chargestate":[3.0,3.0,6.0],"loadpower":[13.882185,13.899643999999999,8.72505],"batterytemp":[3.0,3.0,28.0],"triggerrate":[0.0,0.4,1.4],"triggersremaining":[22235.0,22238.0,22324.0],"crcerrors":[0.0,0.0,0.0]}