{"datalatency":[20.553822],"sensoruptime":[270.86333333333334,269.8636111111111,270.86333333333334],"battvoltage":[12.866,12.597999999999999,12.103],"arrayvoltage":[16.553,14.401,18.506],"chargecurrent":[3.3289999999999997,1.5290000000000001,9.074],"ledstate":[6.0,6.0,6.0],"loadpower":[23.058875,24.565920000000002,21.141912],"batterytemp":[47.0,52.0,55.0],"triggerrate":[0.0,0.0,2.4000000000000004],"triggersremaining":[12651.0,12654.0,12675.0],"crcerrors":[0.0,0.0,2.0]}