{"datalatency":[78.09732100000001],"sensoruptime":[50.850833333333334,49.850833333333334,50.850833333333334],"battvoltage":[13.015999999999998,13.321,12.216],"arrayvoltage":[15.14,17.053,17.917],"chargecurrent":[2.7560000000000002,4.798,9.262],"ledstate":[6.0,5.0,6.0],"loadpower":[23.146095,22.441472,21.796613999999998],"batterytemp":[57.0,57.0,58.0],"triggerrate":[0.0,0.0,0.2],"triggersremaining":[6320.0,6320.0,6326.0],"crcerrors":[0.0,0.0,0.0]}