{"datalatency":[37.576216],"sensoruptime":[4.380833333333333,3.397777777777778,5.173333333333333],"battvoltage":[14.462,14.495999999999999,10.287],"arrayvoltage":[42.365,42.255,43.448],"chargecurrent":[2.947,3.138,5.0760000000000005],"chargestate":[8.0,8.0,8.0],"loadpower":[13.545630000000001,10.51711,0.0],"batterytemp":[26.0,25.0,27.0],"triggerrate":[0.0,0.2,2.8],"triggersremaining":[11630.0,11633.0,11687.0],"crcerrors":[0.0,0.0,0.0]}