{"datalatency":[18.859594],"sensoruptime":[148.3525,147.3527777777778,148.3525],"battvoltage":[12.534,12.936,12.253],"arrayvoltage":[14.752,15.573,18.066],"chargecurrent":[0.688,2.764,9.651],"ledstate":[6.0,6.0,6.0],"loadpower":[24.743437,23.286011999999996,22.10415],"batterytemp":[49.0,55.0,55.0],"triggerrate":[0.0,0.0,1.6],"triggersremaining":[6182.0,6185.0,6279.0],"crcerrors":[0.0,0.0,0.0]}