{"datalatency":[19.164539],"sensoruptime":[187.01333333333332,186.01361111111112,187.01333333333332],"battvoltage":[12.753,12.137,12.1],"arrayvoltage":[15.915,15.329,17.969],"chargecurrent":[4.525,0.606,9.81],"ledstate":[6.0,6.0,6.0],"loadpower":[23.008775999999997,23.160607999999996,21.987524],"batterytemp":[36.0,33.0,52.0],"triggerrate":[0.0,0.0,6.4],"triggersremaining":[5812.0,5812.0,6174.0],"crcerrors":[0.0,0.0,0.0]}