{"datalatency":[8.283850000000001],"sensoruptime":[null,null,5.101944444444444],"battvoltage":[12.558,12.567,10.822000000000001],"arrayvoltage":[13.107000000000001,0.8759999999999999,43.015],"chargecurrent":[0.0,0.002,3.5439999999999996],"chargestate":[5.0,3.0,6.0],"loadpower":[0.0,0.0,0.0],"batterytemp":[19.0,19.0,27.0],"triggerrate":[null,null,null],"triggersremaining":[null,null,22496.0],"crcerrors":[1.0,null,1.0]}