{"datalatency":[17.010188],"sensoruptime":[164.2122222222222,163.2125,164.2122222222222],"battvoltage":[11.832,11.835,11.832],"arrayvoltage":[0.0,0.0,17.245],"chargecurrent":[0.005,0.002,12.144],"ledstate":[8.0,8.0,8.0],"loadpower":[24.190499,23.421363,21.472317999999998],"batterytemp":[30.0,30.0,51.0],"triggerrate":[0.0,0.0,8.4],"triggersremaining":[12703.0,12704.0,12945.0],"crcerrors":[0.0,0.0,2.0]}