{"datalatency":[7.529504],"sensoruptime":[171.57083333333333,170.57111111111112,171.57083333333333],"battvoltage":[14.290999999999999,14.24,12.183],"arrayvoltage":[42.92,42.471000000000004,43.121],"chargecurrent":[2.991,3.786,10.794],"chargestate":[6.0,6.0,6.0],"loadpower":[13.350014999999999,10.971356,8.596613999999999],"batterytemp":[25.0,27.0,30.0],"triggerrate":[0.0,0.0,0.8],"triggersremaining":[20369.0,20369.0,20457.0],"crcerrors":[0.0,0.0,0.0]}