{"datalatency":[18.766098],"sensoruptime":[124.8561111111111,123.8561111111111,124.8561111111111],"battvoltage":[12.520999999999999,12.628,12.216],"arrayvoltage":[13.427999999999999,16.553,18.167],"chargecurrent":[0.085,0.7170000000000001,7.931],"ledstate":[6.0,6.0,6.0],"loadpower":[24.179897,23.710140000000003,21.885253],"batterytemp":[42.0,52.0,57.0],"triggerrate":[0.0,0.2,0.6],"triggersremaining":[6275.0,6281.0,6292.0],"crcerrors":[0.0,0.0,0.0]}