{"datalatency":[37.938658000000004],"sensoruptime":[null,null,null],"battvoltage":[12.575999999999999,12.573,10.443],"arrayvoltage":[1.212,1.416,45.523],"chargecurrent":[0.0,0.0,2.6189999999999998],"chargestate":[3.0,3.0,7.0],"loadpower":[0.0,0.0,0.0],"batterytemp":[-1.0,-1.0,10.0],"triggerrate":[null,null,null],"triggersremaining":[null,null,null],"crcerrors":[7.0,null,1.0]}