{"datalatency":[8.246928],"sensoruptime":[3.286388888888889,2.2869444444444444,null],"battvoltage":[11.89,11.902000000000001,10.944],"arrayvoltage":[0.992,0.983,41.791000000000004],"chargecurrent":[0.0,0.0,2.923],"chargestate":[3.0,3.0,6.0],"loadpower":[13.796892000000001,13.832976000000002,0.0],"batterytemp":[10.0,10.0,32.0],"triggerrate":[0.0,0.0,null],"triggersremaining":[18369.0,18371.0,null],"crcerrors":[0.0,0.0,0.0]}