{"datalatency":[10.200379],"sensoruptime":[0.006111111111111111,0.005833333333333334,null],"battvoltage":[11.062999999999999,13.208,10.352],"arrayvoltage":[10.538,29.147,44.562],"chargecurrent":[0.0,1.597,2.6889999999999996],"chargestate":[5.0,7.0,7.0],"loadpower":[14.407060999999999,15.287271999999998,0.0],"batterytemp":[7.0,13.0,16.0],"triggerrate":[0.0,null,null],"triggersremaining":[0.0,0.0,null],"crcerrors":[0.0,0.0,1.0]}