{"datalatency":[17.123842],"sensoruptime":[168.21166666666667,167.21194444444444,168.21166666666667],"battvoltage":[11.874,11.835,11.795],"arrayvoltage":[16.217,14.847000000000001,17.245],"chargecurrent":[1.21,0.5870000000000001,12.144],"ledstate":[8.0,8.0,8.0],"loadpower":[23.196726,23.118246,21.472317999999998],"batterytemp":[34.0,32.0,51.0],"triggerrate":[0.0,0.0,8.4],"triggersremaining":[12701.0,12702.0,12944.0],"crcerrors":[0.0,0.0,2.0]}