{"datalatency":[16.535161000000002],"sensoruptime":[154.04722222222222,153.04722222222222,154.04722222222222],"battvoltage":[12.289000000000001,12.630999999999998,11.870999999999999],"arrayvoltage":[16.357,16.116,17.245],"chargecurrent":[1.57,5.808,12.144],"ledstate":[8.0,8.0,8.0],"loadpower":[23.000839,22.645529999999997,21.472317999999998],"batterytemp":[48.0,47.0,51.0],"triggerrate":[0.0,0.0,8.4],"triggersremaining":[12708.0,12713.0,12995.0],"crcerrors":[0.0,0.0,2.0]}