{"datalatency":[8.784169],"sensoruptime":[127.245,126.26194444444444,127.245],"battvoltage":[12.259,12.277000000000001,12.073],"arrayvoltage":[24.612,27.151,34.378],"chargecurrent":[0.10400000000000001,0.304,12.84],"chargestate":[5.0,5.0,5.0],"loadpower":[14.212421999999998,14.047472,10.0584],"batterytemp":[24.0,25.0,33.0],"triggerrate":[1.8,0.2,4.8],"triggersremaining":[21198.0,21365.0,21509.0],"crcerrors":[0.0,0.0,0.0]}