{"datalatency":[12.330363],"sensoruptime":[35.2325,34.235277777777775,35.2325],"battvoltage":[12.292,12.445,12.033],"arrayvoltage":[13.217,16.945999999999998,17.526],"chargecurrent":[0.08900000000000001,1.703,10.985],"ledstate":[6.0,6.0,8.0],"loadpower":[23.824455999999998,23.497127999999996,21.514706],"batterytemp":[38.0,40.0,50.0],"triggerrate":[0.0,0.0,2.4000000000000004],"triggersremaining":[13506.0,13508.0,13533.0],"crcerrors":[0.0,0.0,2.0]}