{"datalatency":[20.909142000000003],"sensoruptime":[275.36277777777775,274.36277777777775,275.36277777777775],"battvoltage":[12.450999999999999,12.558,12.103],"arrayvoltage":[13.513,17.383,18.506],"chargecurrent":[0.152,0.664,9.074],"ledstate":[6.0,6.0,6.0],"loadpower":[23.722164000000003,22.878961,21.141912],"batterytemp":[40.0,47.0,53.0],"triggerrate":[0.0,0.0,2.4000000000000004],"triggersremaining":[12643.0,12644.0,12674.0],"crcerrors":[0.0,0.0,2.0]}