{"datalatency":[8.020331],"sensoruptime":[19.255,18.255277777777778,null],"battvoltage":[12.845,12.152000000000001,12.07],"arrayvoltage":[29.059,34.525,43.512],"chargecurrent":[1.5630000000000002,0.435,2.7760000000000002],"chargestate":[5.0,5.0,7.0],"loadpower":[14.287307999999998,13.813536000000001,0.0],"batterytemp":[5.0,1.0,19.0],"triggerrate":[0.0,0.0,null],"triggersremaining":[22269.0,22270.0,null],"crcerrors":[0.0,0.0,0.0]}