{"datalatency":[8.248984],"sensoruptime":[91.91194444444444,90.92861111111111,91.91194444444444],"battvoltage":[11.877,11.88,11.815999999999999],"arrayvoltage":[33.203,26.125999999999998,35.016],"chargecurrent":[1.0170000000000001,0.114,2.8360000000000003],"chargestate":[5.0,5.0,5.0],"loadpower":[13.087522,13.766214,12.913230000000002],"batterytemp":[13.0,12.0,20.0],"triggerrate":[0.0,0.0,4.4],"triggersremaining":[21962.0,21963.0,22136.0],"crcerrors":[0.0,0.0,0.0]}