{"datalatency":[9.981638],"sensoruptime":[0.01611111111111111,null,1.2466666666666666],"battvoltage":[13.970999999999998,14.001,10.352],"arrayvoltage":[42.383,42.551,44.562],"chargecurrent":[1.507,2.145,2.6889999999999996],"chargestate":[7.0,7.0,7.0],"loadpower":[13.368563,22.873931,0.0],"batterytemp":[16.0,15.0,16.0],"triggerrate":[null,0.0,0.0],"triggersremaining":[0.0,null,0.0],"crcerrors":[0.0,0.0,1.0]}