{"datalatency":[7.907134],"sensoruptime":[1.1027777777777779,0.10305555555555555,31.859444444444446],"battvoltage":[12.835999999999999,12.68,11.465],"arrayvoltage":[36.185,38.083,39.010999999999996],"chargecurrent":[6.199,6.38,13.985],"chargestate":[5.0,5.0,5.0],"loadpower":[10.151200000000001,10.029600000000002,0.0],"batterytemp":[20.0,18.0,22.0],"triggerrate":[0.0,0.0,2.0],"triggersremaining":[18436.0,18438.0,18609.0],"crcerrors":[1.0,0.0,4.0]}