{"datalatency":[10.02571],"sensoruptime":[7.506944444444445,6.51,14.684444444444445],"battvoltage":[13.565,13.623,11.425999999999998],"arrayvoltage":[18.872,19.089000000000002,19.305],"chargecurrent":[2.701,2.742,7.371],"ledstate":[5.0,5.0,11.0],"loadpower":[25.570894,25.714838,0.0],"batterytemp":[49.0,47.0,51.0],"triggerrate":[0.0,0.0,1.2000000000000002],"triggersremaining":[14563.0,14563.0,14566.0],"crcerrors":[0.0,0.0,0.0]}