{"datalatency":[8.447573],"sensoruptime":[null,1.9602777777777778,114.10888888888888],"battvoltage":[11.685,11.493,11.469000000000001],"arrayvoltage":[0.604,0.5920000000000001,35.4],"chargecurrent":[0.0,0.0,6.643],"chargestate":[3.0,3.0,5.0],"loadpower":[0.0,14.12488,0.0],"batterytemp":[14.0,14.0,27.0],"triggerrate":[null,1.2,1.6],"triggersremaining":[null,21755.0,21935.0],"crcerrors":[0.0,0.0,0.0]}