{"datalatency":[37.771984],"sensoruptime":[null,null,null],"battvoltage":[12.442,12.450999999999999,10.477],"arrayvoltage":[0.986,0.723,43.57899999999999],"chargecurrent":[0.0,0.0,2.897],"chargestate":[3.0,3.0,7.0],"loadpower":[0.0,0.0,0.0],"batterytemp":[13.0,13.0,24.0],"triggerrate":[null,null,null],"triggersremaining":[null,null,null],"crcerrors":[28.0,null,20.0]}