{"datalatency":[18.04824],"sensoruptime":[8.986666666666666,7.989722222222222,null],"battvoltage":[12.520999999999999,12.93,12.520999999999999],"arrayvoltage":[14.844000000000001,16.55,20.032],"chargecurrent":[0.261,1.8869999999999998,7.09],"chargestate":[5.0,7.0,7.0],"loadpower":[25.149973000000003,25.508184,11.041264],"batterytemp":[38.0,46.0,47.0],"triggerrate":[null,null,null],"triggersremaining":[22491.0,22492.0,null],"crcerrors":[null,null,0.0]}