{"datalatency":[15.154834000000001],"sensoruptime":[56.119166666666665,55.119166666666665,56.119166666666665],"battvoltage":[13.052,12.975999999999999,11.499],"arrayvoltage":[14.499,14.499,18.410999999999998],"chargecurrent":[8.182,8.897,12.030999999999999],"ledstate":[8.0,8.0,10.0],"loadpower":[23.438270999999997,23.384943,21.764498],"batterytemp":[55.0,49.0,55.0],"triggerrate":[0.0,0.0,6.0],"triggersremaining":[20757.0,20758.0,21055.0],"crcerrors":[0.0,0.0,1.0]}