{"datalatency":[8.300173000000001],"sensoruptime":[null,null,5.101944444444444],"battvoltage":[13.037,13.477,11.362],"arrayvoltage":[26.851999999999997,30.774,40.985],"chargecurrent":[0.268,1.222,2.208],"chargestate":[5.0,5.0,6.0],"loadpower":[0.0,0.0,0.0],"batterytemp":[22.0,24.0,27.0],"triggerrate":[null,null,6.2],"triggersremaining":[null,null,22482.0],"crcerrors":[1.0,null,1.0]}