{"datalatency":[16.761456000000003],"sensoruptime":[null,null,null],"battvoltage":[13.092,13.718,12.18],"arrayvoltage":[18.61,19.113,19.625999999999998],"chargecurrent":[0.763,3.073,5.361000000000001],"chargestate":[5.0,6.0,6.0],"loadpower":[5.675009999999999,6.0236,4.102919999999999],"batterytemp":[42.0,44.0,45.0],"triggerrate":[null,null,null],"triggersremaining":[null,null,null],"crcerrors":[null,null,null]}