{"datalatency":[26.031883],"sensoruptime":[null,null,null],"battvoltage":[12.732000000000001,12.689,12.642999999999999],"arrayvoltage":[26.12,1.349,43.881],"chargecurrent":[0.15,0.0,2.781],"chargestate":[5.0,3.0,7.0],"loadpower":[0.0,0.0,0.0],"batterytemp":[21.0,21.0,26.0],"triggerrate":[null,null,null],"triggersremaining":[null,null,null],"crcerrors":[0.0,null,0.0]}