{"datalatency":[63.364736],"sensoruptime":[81.17888888888889,80.19583333333334,81.17888888888889],"battvoltage":[12.405,12.439,12.216],"arrayvoltage":[0.021,0.021,17.965999999999998],"chargecurrent":[0.005,0.019,8.001],"ledstate":[6.0,6.0,6.0],"loadpower":[23.645844,23.410376999999997,21.730287],"batterytemp":[30.0,30.0,58.0],"triggerrate":[0.0,0.0,0.6],"triggersremaining":[6299.0,6299.0,6318.0],"crcerrors":[0.0,0.0,0.0]}