{"datalatency":[47.397409],"sensoruptime":[null,null,null],"battvoltage":[12.769,12.512,12.289000000000001],"arrayvoltage":[27.734,0.9279999999999999,44.098],"chargecurrent":[0.198,0.0,4.486000000000001],"chargestate":[5.0,3.0,8.0],"loadpower":[0.0,0.0,0.0],"batterytemp":[11.0,11.0,24.0],"triggerrate":[null,null,null],"triggersremaining":[null,null,null],"crcerrors":[null,null,null]}