{"datalatency":[10.266399],"sensoruptime":[null,null,null],"battvoltage":[13.812000000000001,13.843,12.735],"arrayvoltage":[41.666000000000004,39.978,44.855],"chargecurrent":[0.365,0.331,0.609],"chargestate":[7.0,7.0,7.0],"loadpower":[0.0,0.0,0.0],"batterytemp":[21.0,20.0,21.0],"triggerrate":[null,null,null],"triggersremaining":[null,null,null],"crcerrors":[null,null,null]}