{"datalatency":[8.490563],"sensoruptime":[38.590833333333336,37.60777777777778,38.590833333333336],"battvoltage":[12.436,12.450999999999999,12.112],"arrayvoltage":[0.583,0.586,41.489],"chargecurrent":[0.0,0.0,11.902999999999999],"chargestate":[3.0,3.0,6.0],"loadpower":[14.287104000000003,13.563732,9.02565],"batterytemp":[16.0,17.0,35.0],"triggerrate":[0.0,0.0,0.4],"triggersremaining":[21651.0,21651.0,21670.0],"crcerrors":[0.0,0.0,0.0]}