{"datalatency":[37.486254],"sensoruptime":[5.263888888888889,4.280833333333334,5.263888888888889],"battvoltage":[12.642999999999999,12.753,12.520999999999999],"arrayvoltage":[32.617,32.425,33.400999999999996],"chargecurrent":[1.541,1.739,2.329],"chargestate":[5.0,5.0,5.0],"loadpower":[13.896792,13.986336000000001,13.88115],"batterytemp":[27.0,28.0,28.0],"triggerrate":[2.4,1.2,null],"triggersremaining":[11840.0,11941.0,12014.0],"crcerrors":[1.0,0.0,0.0]}