{"datalatency":[19.478917000000003],"sensoruptime":[520.3275,519.3277777777778,520.3275],"battvoltage":[11.722000000000001,11.722000000000001,11.719000000000001],"arrayvoltage":[0.021,0.027000000000000003,17.145],"chargecurrent":[0.002,0.002,3.602],"ledstate":[8.0,8.0,8.0],"loadpower":[23.191567,23.870573000000004,21.980286000000003],"batterytemp":[28.0,28.0,37.0],"triggerrate":[0.0,0.0,3.6],"triggersremaining":[11312.0,11313.0,11430.0],"crcerrors":[0.0,0.0,2.0]}