{"datalatency":[38.121288],"sensoruptime":[0.7333333333333333,0.5177777777777778,0.7511111111111111],"battvoltage":[14.514000000000001,14.481,10.422],"arrayvoltage":[42.583999999999996,42.861999999999995,43.533],"chargecurrent":[2.1959999999999997,2.22,3.411],"chargestate":[6.0,6.0,6.0],"loadpower":[12.661439999999999,12.656208000000001,0.0],"batterytemp":[18.0,19.0,19.0],"triggerrate":[0.0,0.0,0.0],"triggersremaining":[0.0,0.0,0.0],"crcerrors":[0.0,0.0,0.0]}