{"datalatency":[8.28679],"sensoruptime":[9.595,8.611666666666666,11.467222222222222],"battvoltage":[12.527000000000001,12.567,11.478],"arrayvoltage":[0.595,12.03,38.565],"chargecurrent":[0.0,0.0,15.0],"chargestate":[3.0,5.0,6.0],"loadpower":[13.671718,13.71876,0.0],"batterytemp":[20.0,23.0,41.0],"triggerrate":[0.2,0.0,1.6],"triggersremaining":[21700.0,21716.0,21905.0],"crcerrors":[0.0,0.0,0.0]}