{"datalatency":[7.815457],"sensoruptime":[0.026944444444444444,null,null],"battvoltage":[14.514000000000001,14.035,12.299000000000001],"arrayvoltage":[41.537,41.714,44.162],"chargecurrent":[1.413,0.278,1.71],"chargestate":[6.0,7.0,7.0],"loadpower":[13.833855,0.0,0.0],"batterytemp":[18.0,14.0,18.0],"triggerrate":[null,null,null],"triggersremaining":[22505.0,null,null],"crcerrors":[null,null,0.0]}