{"datalatency":[21.304145000000002],"sensoruptime":[328.355,327.355,328.355],"battvoltage":[12.228,12.253,12.225],"arrayvoltage":[0.073,0.027000000000000003,18.753],"chargecurrent":[0.005,0.002,11.622],"ledstate":[6.0,6.0,6.0],"loadpower":[23.736780000000003,23.772022,20.870528999999998],"batterytemp":[26.0,26.0,44.0],"triggerrate":[0.0,0.0,1.2000000000000002],"triggersremaining":[12624.0,12625.0,12630.0],"crcerrors":[0.0,0.0,2.0]}