{"datalatency":[13.036189],"sensoruptime":[51.72972222222222,50.73277777777778,51.72972222222222],"battvoltage":[12.695,12.823,12.015],"arrayvoltage":[15.414000000000001,15.335,17.526],"chargecurrent":[5.358,7.699,10.985],"ledstate":[8.0,8.0,8.0],"loadpower":[22.055875,22.279600000000002,21.262392999999996],"batterytemp":[44.0,38.0,50.0],"triggerrate":[0.0,0.0,6.0],"triggersremaining":[13141.0,13148.0,13511.0],"crcerrors":[0.0,0.0,2.0]}