{"datalatency":[12.804776],"sensoruptime":[50.06333333333333,49.06638888888889,50.06333333333333],"battvoltage":[12.338,12.216,12.015],"arrayvoltage":[16.653,16.500999999999998,17.526],"chargecurrent":[2.892,2.2880000000000003,10.985],"ledstate":[8.0,8.0,8.0],"loadpower":[22.241896999999998,22.831828,21.262392999999996],"batterytemp":[35.0,32.0,50.0],"triggerrate":[0.0,0.0,6.0],"triggersremaining":[13158.0,13159.0,13511.0],"crcerrors":[0.0,0.0,2.0]}