{"datalatency":[8.301258],"sensoruptime":[112.7425,111.7425,112.7425],"battvoltage":[11.505,11.533,11.495999999999999],"arrayvoltage":[0.885,0.888,34.863],"chargecurrent":[0.0,0.0,1.423],"chargestate":[3.0,3.0,5.0],"loadpower":[14.14781,14.197170000000002,12.790060000000002],"batterytemp":[14.0,15.0,16.0],"triggerrate":[0.2,0.0,0.6],"triggersremaining":[21932.0,21935.0,21967.0],"crcerrors":[0.0,0.0,0.0]}