{"datalatency":[8.379421],"sensoruptime":[27.925833333333333,26.925833333333333,27.925833333333333],"battvoltage":[14.081,14.081,12.112],"arrayvoltage":[40.656,40.738,41.489],"chargecurrent":[3.94,4.196000000000001,11.902999999999999],"chargestate":[6.0,6.0,6.0],"loadpower":[13.175611000000002,9.0954,9.067364],"batterytemp":[32.0,32.0,38.0],"triggerrate":[0.0,0.0,1.0],"triggersremaining":[21655.0,21655.0,21737.0],"crcerrors":[0.0,0.0,0.0]}