{"datalatency":[76.68003900000001],"sensoruptime":[38.51916666666666,37.53611111111111,38.51916666666666],"battvoltage":[12.247,12.253,12.14],"arrayvoltage":[1.501,0.0,17.337],"chargecurrent":[0.005,0.005,9.245],"ledstate":[6.0,6.0,6.0],"loadpower":[23.639148,23.772022,22.116975999999998],"batterytemp":[27.0,27.0,55.0],"triggerrate":[0.0,0.0,0.2],"triggersremaining":[6323.0,6323.0,6329.0],"crcerrors":[0.0,0.0,0.0]}