{"datalatency":[8.006713000000001],"sensoruptime":[67.74861111111112,66.74861111111112,67.74861111111112],"battvoltage":[12.200999999999999,12.216,12.145999999999999],"arrayvoltage":[32.715,26.785,42.861999999999995],"chargecurrent":[0.838,0.215,7.356],"chargestate":[5.0,5.0,6.0],"loadpower":[13.396656,13.435584,8.875646],"batterytemp":[16.0,13.0,30.0],"triggerrate":[0.0,0.0,0.8],"triggersremaining":[22142.0,22148.0,22216.0],"crcerrors":[0.0,0.0,0.0]}