{"datalatency":[17.063195],"sensoruptime":[454.33805555555557,453.33805555555557,454.33805555555557],"battvoltage":[11.987,11.987,11.984000000000002],"arrayvoltage":[13.623,12.549000000000001,17.487000000000002],"chargecurrent":[0.215,0.002,10.864],"ledstate":[8.0,8.0,8.0],"loadpower":[24.644550000000002,23.842225,21.481326],"batterytemp":[27.0,27.0,49.0],"triggerrate":[0.0,0.0,16.8],"triggersremaining":[11709.0,11709.0,12569.0],"crcerrors":[0.0,0.0,2.0]}