{"datalatency":[18.982313],"sensoruptime":[169.01611111111112,168.01638888888888,169.01611111111112],"battvoltage":[12.520999999999999,13.280999999999999,12.200999999999999],"arrayvoltage":[15.380999999999998,14.749,17.969],"chargecurrent":[0.877,7.582999999999999,9.81],"ledstate":[6.0,6.0,6.0],"loadpower":[23.641224,23.212728000000002,21.942296000000002],"batterytemp":[48.0,50.0,55.0],"triggerrate":[0.2,1.2,4.6],"triggersremaining":[5999.0,6103.0,6198.0],"crcerrors":[0.0,0.0,0.0]}