{"datalatency":[26.122031000000003],"sensoruptime":[null,null,6.267777777777778],"battvoltage":[12.86,12.988,11.99],"arrayvoltage":[3.0180000000000002,25.537,44.974],"chargecurrent":[0.0,0.031,2.773],"chargestate":[3.0,5.0,6.0],"loadpower":[0.0,0.0,0.0],"batterytemp":[7.0,8.0,24.0],"triggerrate":[null,null,56.0],"triggersremaining":[null,null,13869.0],"crcerrors":[1.0,null,3.0]}