{"datalatency":[8.214572],"sensoruptime":[3.4294444444444445,2.446111111111111,11.467222222222222],"battvoltage":[13.907,13.8,11.478],"arrayvoltage":[36.945,36.295,37.939],"chargecurrent":[10.583,12.729000000000001,15.0],"chargestate":[6.0,6.0,6.0],"loadpower":[10.071810000000001,10.743542999999997,0.0],"batterytemp":[38.0,41.0,41.0],"triggerrate":[0.0,0.0,1.6],"triggersremaining":[21738.0,21740.0,21930.0],"crcerrors":[0.0,0.0,0.0]}