{"datalatency":[20.341437000000003],"sensoruptime":[3.9363888888888887,2.9363888888888887,329.74861111111113],"battvoltage":[13.052,13.181,11.911],"arrayvoltage":[14.800999999999998,14.355,17.825],"chargecurrent":[6.068,7.931,9.615],"ledstate":[6.0,6.0,8.0],"loadpower":[22.900044,23.70243,5.735975000000001],"batterytemp":[55.0,51.0,55.0],"triggerrate":[0.0,0.0,14.8],"triggersremaining":[1903.0,1904.0,3087.0],"crcerrors":[0.0,0.0,0.0]}