{"datalatency":[25.933445000000003],"sensoruptime":[27.48361111111111,26.48361111111111,27.48361111111111],"battvoltage":[13.015999999999998,13.092,12.064],"arrayvoltage":[16.305999999999997,15.823,20.032],"chargecurrent":[4.23,5.984,11.282],"chargestate":[5.0,5.0,7.0],"loadpower":[24.354468,24.794743,22.619726999999994],"batterytemp":[46.0,43.0,47.0],"triggerrate":[null,null,null],"triggersremaining":[22487.0,22487.0,22493.0],"crcerrors":[null,null,0.0]}