{"datalatency":[77.626168],"sensoruptime":[4.0247222222222225,3.0413888888888887,76.74361111111111],"battvoltage":[12.527000000000001,13.022,12.216],"arrayvoltage":[17.142,15.68,17.526],"chargecurrent":[0.858,4.058,8.977],"ledstate":[6.0,6.0,6.0],"loadpower":[23.977887000000003,22.873788,21.808872],"batterytemp":[49.0,51.0,51.0],"triggerrate":[0.2,0.0,3.8],"triggersremaining":[6332.0,6334.0,7041.0],"crcerrors":[0.0,0.0,0.0]}