{"datalatency":[7.467795000000001],"sensoruptime":[166.57166666666666,165.58833333333334,166.57166666666666],"battvoltage":[12.183,12.219000000000001,11.870999999999999],"arrayvoltage":[28.079,0.9520000000000001,42.465],"chargecurrent":[0.184,0.0,15.0],"chargestate":[5.0,3.0,6.0],"loadpower":[13.752576,14.167103999999998,8.596613999999999],"batterytemp":[7.0,7.0,33.0],"triggerrate":[0.0,0.0,0.8],"triggersremaining":[20371.0,20371.0,20462.0],"crcerrors":[0.0,0.0,0.0]}