{"datalatency":[20.261171],"sensoruptime":[541.1577777777778,540.1580555555555,541.1577777777778],"battvoltage":[11.758,11.798,11.606],"arrayvoltage":[0.064,10.51,17.575],"chargecurrent":[0.002,0.0,11.448],"ledstate":[8.0,8.0,10.0],"loadpower":[23.632951999999996,23.966622,22.237292000000004],"batterytemp":[31.0,35.0,51.0],"triggerrate":[0.0,0.0,3.6],"triggersremaining":[11264.0,11269.0,11322.0],"crcerrors":[0.0,0.0,2.0]}