{"datalatency":[8.49764],"sensoruptime":[27.259166666666665,26.275833333333335,27.259166666666665],"battvoltage":[14.105,14.081,12.112],"arrayvoltage":[40.536,40.735,41.489],"chargecurrent":[4.104,4.575,11.902999999999999],"chargestate":[6.0,6.0,6.0],"loadpower":[9.4023,9.33255,9.067364],"batterytemp":[31.0,32.0,39.0],"triggerrate":[0.0,0.0,1.0],"triggersremaining":[21655.0,21655.0,21738.0],"crcerrors":[0.0,0.0,0.0]}