{"datalatency":[18.276130000000002],"sensoruptime":[72.36361111111111,71.3638888888889,72.36361111111111],"battvoltage":[13.382,13.382,12.216],"arrayvoltage":[17.157,17.053,17.965999999999998],"chargecurrent":[5.375,5.972,8.001],"ledstate":[5.0,5.0,6.0],"loadpower":[23.02457,23.091115000000002,21.730287],"batterytemp":[55.0,55.0,58.0],"triggerrate":[0.0,0.0,0.2],"triggersremaining":[6312.0,6314.0,6320.0],"crcerrors":[0.0,0.0,0.0]}