{"datalatency":[11.906001000000002],"sensoruptime":[18.568055555555556,17.56833333333333,null],"battvoltage":[12.1,12.106,11.264000000000001],"arrayvoltage":[0.0,0.125,19.733],"chargecurrent":[0.002,0.005,9.152999999999999],"ledstate":[6.0,6.0,11.0],"loadpower":[23.573056,23.656215999999997,0.0],"batterytemp":[28.0,29.0,53.0],"triggerrate":[0.0,0.0,null],"triggersremaining":[13514.0,13515.0,null],"crcerrors":[0.0,0.0,2.0]}