{"datalatency":[8.153416],"sensoruptime":[111.57583333333334,110.57611111111112,111.57583333333334],"battvoltage":[11.533,11.554,11.533],"arrayvoltage":[0.9279999999999999,0.8540000000000001,34.863],"chargecurrent":[0.0,0.0,1.423],"chargestate":[3.0,3.0,5.0],"loadpower":[14.197170000000002,14.162034,12.790060000000002],"batterytemp":[15.0,15.0,16.0],"triggerrate":[0.0,0.0,0.6],"triggersremaining":[21935.0,21935.0,21973.0],"crcerrors":[0.0,0.0,0.0]}