{"datalatency":[21.638379],"sensoruptime":[61.19583333333333,60.19611111111111,61.19583333333333],"battvoltage":[11.673,11.722000000000001,11.572000000000001],"arrayvoltage":[0.107,12.674000000000001,16.992],"chargecurrent":[0.002,0.10400000000000001,11.828],"ledstate":[8.0,8.0,10.0],"loadpower":[23.82987,23.952522,22.068414],"batterytemp":[32.0,35.0,44.0],"triggerrate":[0.0,0.0,0.4],"triggersremaining":[32.0,34.0,45.0],"crcerrors":[0.0,0.0,2.0]}