{"datalatency":[19.535395],"sensoruptime":[0.5486111111111112,null,20.196666666666665],"battvoltage":[12.369000000000002,12.378,11.224],"arrayvoltage":[16.797,16.016,19.305],"chargecurrent":[2.766,0.341,7.371],"ledstate":[8.0,11.0,11.0],"loadpower":[26.924962,0.0,0.0],"batterytemp":[27.0,22.0,49.0],"triggerrate":[0.0,null,null],"triggersremaining":[14559.0,null,14564.0],"crcerrors":[0.0,0.0,0.0]}