{"datalatency":[20.294906],"sensoruptime":[260.365,259.365,260.365],"battvoltage":[12.173,12.177,12.073],"arrayvoltage":[0.0,0.0,18.073],"chargecurrent":[0.002,0.005,9.937999999999999],"ledstate":[6.0,6.0,8.0],"loadpower":[23.443424,23.391372000000004,21.323016],"batterytemp":[23.0,23.0,55.0],"triggerrate":[0.0,0.0,1.2000000000000002],"triggersremaining":[12670.0,12671.0,12677.0],"crcerrors":[0.0,0.0,2.0]}