{"datalatency":[8.395658000000001],"sensoruptime":[9.6175,8.617777777777778,114.10888888888888],"battvoltage":[11.645999999999999,11.685,11.469000000000001],"arrayvoltage":[0.638,0.562,35.4],"chargecurrent":[0.0,0.0,6.643],"chargestate":[3.0,3.0,5.0],"loadpower":[13.639532000000003,13.663175999999998,0.0],"batterytemp":[17.0,18.0,27.0],"triggerrate":[1.4,0.0,1.6],"triggersremaining":[21848.0,21875.0,21939.0],"crcerrors":[0.0,0.0,0.0]}