{"datalatency":[25.929892000000002],"sensoruptime":[null,null,null],"battvoltage":[12.717,12.722999999999999,12.299000000000001],"arrayvoltage":[0.7809999999999999,0.772,44.974],"chargecurrent":[0.0,0.0,2.773],"chargestate":[3.0,3.0,6.0],"loadpower":[0.0,0.0,0.0],"batterytemp":[1.0,1.0,12.0],"triggerrate":[null,null,null],"triggersremaining":[null,null,null],"crcerrors":[null,null,null]}