{"datalatency":[47.366177],"sensoruptime":[null,null,null],"battvoltage":[12.299000000000001,12.299000000000001,11.752],"arrayvoltage":[1.242,1.324,35.223],"chargecurrent":[0.0,0.0,2.0780000000000003],"chargestate":[3.0,3.0,6.0],"loadpower":[0.0,0.0,0.0],"batterytemp":[12.0,12.0,16.0],"triggerrate":[null,null,null],"triggersremaining":[null,null,null],"crcerrors":[0.0,null,0.0]}