{"datalatency":[8.278838],"sensoruptime":[94.74472222222222,93.745,94.74472222222222],"battvoltage":[11.877,11.877,11.815999999999999],"arrayvoltage":[29.987,32.028,35.016],"chargecurrent":[0.37200000000000005,0.635,2.174],"chargestate":[5.0,5.0,5.0],"loadpower":[13.793400000000002,13.527406,12.913230000000002],"batterytemp":[15.0,15.0,20.0],"triggerrate":[0.0,0.0,4.4],"triggersremaining":[21955.0,21956.0,22113.0],"crcerrors":[0.0,0.0,0.0]}