{"datalatency":[8.039648],"sensoruptime":[62.24916666666667,61.24944444444444,62.24916666666667],"battvoltage":[12.299000000000001,12.335,12.115],"arrayvoltage":[0.62,0.616,42.861999999999995],"chargecurrent":[0.0,0.0,7.356],"chargestate":[3.0,3.0,6.0],"loadpower":[14.255415999999999,14.326512000000001,8.875646],"batterytemp":[13.0,13.0,30.0],"triggerrate":[0.2,0.4,0.6],"triggersremaining":[22176.0,22182.0,22235.0],"crcerrors":[0.0,0.0,0.0]}