{"datalatency":[8.449232],"sensoruptime":[27.5925,26.609166666666667,27.5925],"battvoltage":[14.084000000000001,14.059000000000001,12.112],"arrayvoltage":[39.111,39.655,41.489],"chargecurrent":[3.9789999999999996,4.322,11.902999999999999],"chargestate":[6.0,6.0,6.0],"loadpower":[9.13725,9.08878,9.067364],"batterytemp":[32.0,33.0,38.0],"triggerrate":[0.0,0.0,1.0],"triggersremaining":[21655.0,21655.0,21737.0],"crcerrors":[0.0,0.0,0.0]}