{"datalatency":[15.868061],"sensoruptime":[133.2175,132.21777777777777,133.2175],"battvoltage":[12.005999999999998,12.027000000000001,12.005999999999998],"arrayvoltage":[0.021,1.077,16.898],"chargecurrent":[0.002,0.002,10.972000000000001],"ledstate":[8.0,8.0,8.0],"loadpower":[23.95,23.651628000000002,21.720998],"batterytemp":[30.0,31.0,42.0],"triggerrate":[0.0,0.0,3.6],"triggersremaining":[12958.0,12968.0,13080.0],"crcerrors":[0.0,0.0,2.0]}