{"datalatency":[21.831145000000003],"sensoruptime":[28.016666666666666,27.016944444444444,28.016666666666666],"battvoltage":[12.18,12.222000000000001,12.07],"arrayvoltage":[0.031,0.027000000000000003,18.872],"chargecurrent":[0.005,0.005,10.158],"ledstate":[6.0,6.0,8.0],"loadpower":[24.121212000000003,23.883228,22.619726999999994],"batterytemp":[25.0,25.0,50.0],"triggerrate":[0.0,0.0,1.2000035280103725],"triggersremaining":[22428.0,22428.0,22434.0],"crcerrors":[null,null,0.0]}