{"datalatency":[8.063689],"sensoruptime":[5.171111111111111,4.171388888888889,62.22694444444444],"battvoltage":[14.297,14.267000000000001,11.319],"arrayvoltage":[41.977,41.858000000000004,42.471000000000004],"chargecurrent":[2.667,2.677,5.733],"chargestate":[6.0,6.0,6.0],"loadpower":[12.352751999999999,12.331824000000001,0.0],"batterytemp":[25.0,26.0,32.0],"triggerrate":[0.0,0.0,0.5],"triggersremaining":[18400.0,18400.0,18411.0],"crcerrors":[0.0,0.0,0.0]}