{"datalatency":[14.431122],"sensoruptime":[93.39,92.39027777777778,93.39],"battvoltage":[12.073,12.1,11.984000000000002],"arrayvoltage":[12.677,0.08199999999999999,17.337],"chargecurrent":[0.012,0.005,9.687000000000001],"ledstate":[8.0,8.0,8.0],"loadpower":[23.752520999999994,23.474895999999998,21.70458],"batterytemp":[27.0,27.0,58.0],"triggerrate":[0.0,0.0,2.4000000000000004],"triggersremaining":[13086.0,13086.0,13097.0],"crcerrors":[0.0,0.0,2.0]}