{"datalatency":[10.006222000000001],"sensoruptime":[6.8405555555555555,5.8405555555555555,14.684444444444445],"battvoltage":[13.585999999999999,13.687000000000001,11.425999999999998],"arrayvoltage":[19.092,19.199,19.305],"chargecurrent":[2.713,2.79,7.486000000000001],"ledstate":[5.0,5.0,11.0],"loadpower":[25.640972,25.833368000000004,0.0],"batterytemp":[48.0,45.0,51.0],"triggerrate":[0.0,0.0,1.2000000000000002],"triggersremaining":[14563.0,14563.0,14566.0],"crcerrors":[0.0,0.0,0.0]}