{"datalatency":[8.153149],"sensoruptime":[8.750833333333333,7.767777777777778,11.270277777777778],"battvoltage":[12.952,14.084000000000001,11.154000000000002],"arrayvoltage":[35.895,40.591,41.791000000000004],"chargecurrent":[1.334,2.7680000000000002,2.923],"chargestate":[5.0,6.0,6.0],"loadpower":[13.95342,13.308300000000001,0.0],"batterytemp":[27.0,32.0,32.0],"triggerrate":[0.0,0.0,0.8],"triggersremaining":[18373.0,18375.0,18399.0],"crcerrors":[0.0,0.0,0.0]}