{"datalatency":[8.828023],"sensoruptime":[133.41,132.42694444444444,133.41],"battvoltage":[12.07,12.075999999999999,12.07],"arrayvoltage":[0.8420000000000001,0.983,34.378],"chargecurrent":[0.0,0.0,12.84],"chargestate":[3.0,3.0,5.0],"loadpower":[14.013396000000004,13.999775999999999,10.0584],"batterytemp":[19.0,20.0,33.0],"triggerrate":[0.0,1.6,6.4],"triggersremaining":[20487.0,20542.0,21495.0],"crcerrors":[0.0,0.0,0.0]}