{"datalatency":[17.247449],"sensoruptime":[null,null,null],"battvoltage":[12.475999999999999,12.482000000000001,12.18],"arrayvoltage":[0.128,0.107,19.625999999999998],"chargecurrent":[0.002,0.005,5.361000000000001],"chargestate":[3.0,3.0,6.0],"loadpower":[6.022527,6.084872000000001,4.102919999999999],"batterytemp":[16.0,17.0,45.0],"triggerrate":[null,null,null],"triggersremaining":[null,null,null],"crcerrors":[null,null,null]}