{"datalatency":[17.588994],"sensoruptime":[null,null,null],"battvoltage":[12.017999999999999,11.690999999999999,null],"arrayvoltage":[17.429000000000002,16.945999999999998,null],"chargecurrent":[1.6280000000000001,0.867,null],"chargestate":[5.0,5.0,null],"loadpower":[8.366926,8.36739,null],"batterytemp":[21.0,19.0,null],"triggerrate":[null,null,0.0],"triggersremaining":[null,null,null],"crcerrors":[null,null,null]}