{"datalatency":[37.724921],"sensoruptime":[0.27305555555555555,null,9.396944444444445],"battvoltage":[12.662,13.757,10.477],"arrayvoltage":[32.327,40.955,43.57899999999999],"chargecurrent":[1.21,2.157,2.897],"chargestate":[7.0,7.0,7.0],"loadpower":[13.890960000000003,19.172486,0.0],"batterytemp":[21.0,23.0,24.0],"triggerrate":[0.0,0.0,58.6],"triggersremaining":[0.0,null,11594.0],"crcerrors":[27.0,3.0,20.0]}