{"datalatency":[9.569365000000001],"sensoruptime":[1.051111111111111,0.05138888888888889,20.196666666666665],"battvoltage":[13.677999999999999,11.597000000000001,11.224],"arrayvoltage":[16.165,16.898,19.305],"chargecurrent":[6.506,1.0170000000000001,7.371],"ledstate":[6.0,10.0,11.0],"loadpower":[25.774715999999998,26.983135999999995,0.0],"batterytemp":[31.0,23.0,49.0],"triggerrate":[0.0,0.0,1.2000000000000002],"triggersremaining":[14559.0,14559.0,14564.0],"crcerrors":[0.0,0.0,0.0]}