{"datalatency":[5.124697],"sensoruptime":[null,null,7.133055555555556],"battvoltage":[12.421,11.728,11.31],"arrayvoltage":[16.449,15.145999999999999,19.949],"chargecurrent":[1.046,0.324,12.057],"ledstate":[10.0,10.0,10.0],"loadpower":[8.435547,7.419975,5.92988],"batterytemp":[27.0,26.0,50.0],"triggerrate":[null,null,2.4000000000000004],"triggersremaining":[null,null,14580.0],"crcerrors":[null,null,0.0]}