{"datalatency":[19.954058],"sensoruptime":[298.32416666666666,297.3411111111111,298.32416666666666],"battvoltage":[12.14,12.14,11.945],"arrayvoltage":[0.018000000000000002,0.018000000000000002,17.093],"chargecurrent":[0.002,0.002,10.847000000000001],"ledstate":[6.0,6.0,8.0],"loadpower":[24.012725999999997,24.353024,21.841950000000004],"batterytemp":[31.0,32.0,54.0],"triggerrate":[0.0,0.0,1.4],"triggersremaining":[3213.0,3213.0,3278.0],"crcerrors":[0.0,0.0,0.0]}