{"datalatency":[20.669276],"sensoruptime":[8.834444444444445,7.834722222222222,11.918333333333333],"battvoltage":[12.527000000000001,12.735,12.1],"arrayvoltage":[15.872,15.469000000000001,17.288],"chargecurrent":[1.824,2.4090000000000003,10.453],"ledstate":[6.0,6.0,6.0],"loadpower":[23.898965999999998,23.158798,6.478731],"batterytemp":[48.0,51.0,55.0],"triggerrate":[1.0,0.2,5.0],"triggersremaining":[1689.0,1787.0,1895.0],"crcerrors":[0.0,0.0,0.0]}