{"datalatency":[8.597835],"sensoruptime":[80.41833333333334,79.4186111111111,80.41833333333334],"battvoltage":[12.472999999999999,12.517999999999999,12.183],"arrayvoltage":[12.890999999999998,23.483,38.708],"chargecurrent":[0.0,0.019,8.752],"chargestate":[5.0,5.0,6.0],"loadpower":[13.880440000000002,14.034131,9.957479999999999],"batterytemp":[20.0,23.0,34.0],"triggerrate":[0.0,0.0,0.6],"triggersremaining":[21603.0,21605.0,21645.0],"crcerrors":[0.0,0.0,0.0]}