{"datalatency":[17.191428000000002],"sensoruptime":[null,null,null],"battvoltage":[12.482000000000001,12.520999999999999,12.18],"arrayvoltage":[0.043,0.107,19.625999999999998],"chargecurrent":[0.005,0.002,5.361000000000001],"chargestate":[3.0,3.0,6.0],"loadpower":[9.064963,7.317765,4.102919999999999],"batterytemp":[18.0,18.0,45.0],"triggerrate":[null,null,null],"triggersremaining":[null,null,null],"crcerrors":[null,null,null]}