{"datalatency":[7.676248],"sensoruptime":[223.2302777777778,222.23055555555555,223.2302777777778],"battvoltage":[12.106,12.145999999999999,12.054],"arrayvoltage":[22.211,26.224,40.607],"chargecurrent":[0.0,0.126,3.503],"chargestate":[5.0,5.0,6.0],"loadpower":[14.905486,14.101860000000002,9.995777999999998],"batterytemp":[15.0,14.0,24.0],"triggerrate":[1.4,1.0,3.0],"triggersremaining":[20015.0,20112.0,20351.0],"crcerrors":[0.0,0.0,0.0]}