{"datalatency":[8.027518],"sensoruptime":[29.586944444444445,28.587222222222223,29.586944444444445],"battvoltage":[12.567,12.604000000000001,12.07],"arrayvoltage":[0.5579999999999999,0.8640000000000001,41.821000000000005],"chargecurrent":[0.0,0.002,7.474],"chargestate":[3.0,3.0,6.0],"loadpower":[13.753089000000001,13.729716000000002,8.72505],"batterytemp":[9.0,12.0,28.0],"triggerrate":[0.0,0.0,1.4],"triggersremaining":[22254.0,22254.0,22376.0],"crcerrors":[0.0,0.0,0.0]}