{"datalatency":[16.08044],"sensoruptime":[null,null,null],"battvoltage":[12.369000000000002,12.375,11.481],"arrayvoltage":[0.107,12.918,19.680999999999997],"chargecurrent":[0.005,0.0,9.955],"chargestate":[3.0,5.0,6.0],"loadpower":[6.264999,7.230599999999999,0.0],"batterytemp":[17.0,22.0,38.0],"triggerrate":[null,null,null],"triggersremaining":[null,null,null],"crcerrors":[null,null,null]}