{"datalatency":[7.613733000000001],"sensoruptime":[186.0688888888889,185.08555555555554,186.0688888888889],"battvoltage":[12.259,12.299000000000001,12.183],"arrayvoltage":[0.6559999999999999,0.644,43.121],"chargecurrent":[0.0,0.0,10.794],"chargestate":[3.0,3.0,6.0],"loadpower":[14.126805000000001,13.421192,8.98432],"batterytemp":[5.0,6.0,29.0],"triggerrate":[0.0,0.0,0.4],"triggersremaining":[20358.0,20359.0,20376.0],"crcerrors":[0.0,0.0,0.0]}