{"datalatency":[7.52249],"sensoruptime":[183.23583333333335,182.25277777777777,183.23583333333335],"battvoltage":[12.375,12.399000000000001,12.183],"arrayvoltage":[0.65,0.629,43.121],"chargecurrent":[0.0,0.0,10.794],"chargestate":[3.0,3.0,6.0],"loadpower":[14.133880000000001,13.857696,8.98432],"batterytemp":[8.0,8.0,29.0],"triggerrate":[0.0,0.0,0.4],"triggersremaining":[20363.0,20363.0,20381.0],"crcerrors":[0.0,0.0,0.0]}