{"datalatency":[14.269733],"sensoruptime":[29.445833333333333,28.445833333333333,29.445833333333333],"battvoltage":[12.527000000000001,11.770999999999999,11.652000000000001],"arrayvoltage":[16.116,16.989,17.526],"chargecurrent":[6.875,1.4780000000000002,10.419],"chargestate":[5.0,5.0,6.0],"loadpower":[22.768394,23.151365999999996,21.713829000000004],"batterytemp":[35.0,31.0,49.0],"triggerrate":[0.0,2.4000000000000004,8.4],"triggersremaining":[21057.0,21069.0,21429.0],"crcerrors":[0.0,0.0,0.0]}