{"datalatency":[22.42171],"sensoruptime":[39.348333333333336,38.34861111111111,39.348333333333336],"battvoltage":[12.445,12.1,12.064],"arrayvoltage":[17.239,14.554,18.872],"chargecurrent":[2.742,0.28300000000000003,7.797999999999999],"ledstate":[8.0,8.0,8.0],"loadpower":[23.537787,24.846234000000003,22.625028],"batterytemp":[32.0,30.0,50.0],"triggerrate":[1.200000264000058,2.4000028320033415,2.4000255842727283],"triggersremaining":[22351.0,22386.0,22431.0],"crcerrors":[null,null,0.0]}