{"datalatency":[22.486223000000003],"sensoruptime":[42.681111111111115,41.681111111111115,42.681111111111115],"battvoltage":[12.14,12.079,12.048],"arrayvoltage":[16.65,14.892999999999999,17.526],"chargecurrent":[1.391,0.519,7.774],"ledstate":[8.0,8.0,8.0],"loadpower":[23.219308,23.933285999999995,22.552155],"batterytemp":[32.0,32.0,48.0],"triggerrate":[0.0,0.0,2.4000255842727283],"triggersremaining":[22317.0,22322.0,22430.0],"crcerrors":[null,null,0.0]}