{"datalatency":[8.654623],"sensoruptime":[99.41583333333334,98.4325,99.41583333333334],"battvoltage":[13.37,14.084000000000001,12.03],"arrayvoltage":[33.786,40.198,41.65],"chargecurrent":[3.343,7.837000000000001,11.832],"chargestate":[5.0,6.0,6.0],"loadpower":[11.605125,9.207,9.0954],"batterytemp":[29.0,32.0,34.0],"triggerrate":[0.0,0.0,0.6],"triggersremaining":[21527.0,21529.0,21627.0],"crcerrors":[0.0,0.0,0.0]}