{"datalatency":[19.035933],"sensoruptime":[150.85222222222222,149.8525,150.85222222222222],"battvoltage":[12.405,12.43,12.253],"arrayvoltage":[0.07,0.555,18.066],"chargecurrent":[0.005,0.005,9.651],"ledstate":[6.0,6.0,6.0],"loadpower":[24.067206,24.253100999999997,22.10415],"batterytemp":[35.0,38.0,55.0],"triggerrate":[0.0,0.0,1.6],"triggersremaining":[6177.0,6177.0,6262.0],"crcerrors":[0.0,0.0,0.0]}