{"datalatency":[8.184499],"sensoruptime":[7.584444444444444,6.584444444444444,11.270277777777778],"battvoltage":[14.084000000000001,14.139000000000001,11.154000000000002],"arrayvoltage":[40.411,39.975,41.791000000000004],"chargecurrent":[2.633,2.628,2.88],"chargestate":[6.0,6.0,6.0],"loadpower":[13.216332000000001,13.619245999999999,0.0],"batterytemp":[32.0,30.0,32.0],"triggerrate":[0.0,0.0,0.8],"triggersremaining":[18375.0,18379.0,18400.0],"crcerrors":[0.0,0.0,0.0]}