{"datalatency":[8.770091],"sensoruptime":[111.08083333333333,110.08111111111111,111.08083333333333],"battvoltage":[12.335,12.375,12.03],"arrayvoltage":[1.083,1.135,41.65],"chargecurrent":[0.0,0.0,11.832],"chargestate":[3.0,3.0,6.0],"loadpower":[13.772651999999999,13.961064000000002,8.207364000000002],"batterytemp":[21.0,21.0,32.0],"triggerrate":[0.2,0.0,0.4],"triggersremaining":[21490.0,21493.0,21579.0],"crcerrors":[0.0,0.0,0.0]}