{"datalatency":[7.750622000000001],"sensoruptime":[53.428333333333335,52.445,53.428333333333335],"battvoltage":[14.084000000000001,14.084000000000001,11.645999999999999],"arrayvoltage":[40.088,39.978,42.148],"chargecurrent":[5.01,5.346,11.615],"chargestate":[6.0,6.0,6.0],"loadpower":[9.13725,9.13725,9.041284000000001],"batterytemp":[32.0,32.0,34.0],"triggerrate":[0.0,0.0,0.4],"triggersremaining":[18410.0,18410.0,18419.0],"crcerrors":[0.0,0.0,0.0]}