{"datalatency":[17.200488],"sensoruptime":[171.21138888888888,170.21416666666667,171.21138888888888],"battvoltage":[12.567,12.445,11.795],"arrayvoltage":[15.725999999999999,15.765,17.245],"chargecurrent":[7.774,5.867999999999999,12.144],"ledstate":[8.0,8.0,8.0],"loadpower":[22.691326,22.666797,21.472317999999998],"batterytemp":[46.0,41.0,51.0],"triggerrate":[0.0,0.0,8.4],"triggersremaining":[12701.0,12701.0,12944.0],"crcerrors":[0.0,0.0,2.0]}