{"datalatency":[7.991735],"sensoruptime":[11.089722222222223,10.106388888888889,null],"battvoltage":[12.28,12.299000000000001,12.28],"arrayvoltage":[0.922,0.604,44.162],"chargecurrent":[0.0,0.0,2.483],"chargestate":[3.0,3.0,7.0],"loadpower":[14.159366,13.421192,0.0],"batterytemp":[2.0,3.0,19.0],"triggerrate":[0.0,0.0,null],"triggersremaining":[22353.0,22356.0,null],"crcerrors":[0.0,0.0,0.0]}