{"datalatency":[19.787209],"sensoruptime":[271.6613888888889,270.6616666666667,271.6613888888889],"battvoltage":[12.14,12.17,11.874],"arrayvoltage":[0.018000000000000002,0.006,17.432000000000002],"chargecurrent":[0.002,0.013999999999999999,9.39],"ledstate":[8.0,8.0,8.0],"loadpower":[24.146848,23.819392,22.057204000000002],"batterytemp":[33.0,34.0,58.0],"triggerrate":[0.0,0.0,2.2],"triggersremaining":[3279.0,3279.0,3371.0],"crcerrors":[0.0,0.0,0.0]}