{"datalatency":[75.42879],"sensoruptime":[80.5125,79.52916666666667,80.5125],"battvoltage":[12.427,12.445,12.216],"arrayvoltage":[0.018000000000000002,0.018000000000000002,17.965999999999998],"chargecurrent":[0.002,0.005,8.001],"ledstate":[6.0,6.0,6.0],"loadpower":[23.348412,24.057855,21.730287],"batterytemp":[30.0,31.0,58.0],"triggerrate":[0.0,0.0,0.6],"triggersremaining":[6299.0,6300.0,6318.0],"crcerrors":[0.0,0.0,0.0]}