{"datalatency":[20.805184],"sensoruptime":[28.983333333333334,27.983333333333334,28.983333333333334],"battvoltage":[13.205,13.681,12.064],"arrayvoltage":[16.357,17.386,19.843],"chargecurrent":[4.467,9.359,11.344000000000001],"chargestate":[5.0,6.0,7.0],"loadpower":[23.6816,23.906184,22.619726999999994],"batterytemp":[44.0,45.0,47.0],"triggerrate":[null,null,null],"triggersremaining":[22486.0,22487.0,22492.0],"crcerrors":[null,null,0.0]}