{"datalatency":[9.586578000000001],"sensoruptime":[1.7177777777777778,0.7208333333333333,20.196666666666665],"battvoltage":[13.62,12.079,11.224],"arrayvoltage":[16.895,17.038,19.305],"chargecurrent":[2.904,1.899,7.607],"ledstate":[6.0,8.0,11.0],"loadpower":[26.426176,27.216431999999998,0.0],"batterytemp":[36.0,29.0,49.0],"triggerrate":[0.0,0.0,1.2000000000000002],"triggersremaining":[14559.0,14559.0,14564.0],"crcerrors":[0.0,0.0,0.0]}