{"datalatency":[7.468734],"sensoruptime":[164.2386111111111,163.23888888888888,164.2386111111111],"battvoltage":[12.244000000000002,12.259,11.868],"arrayvoltage":[0.6409999999999999,0.632,42.465],"chargecurrent":[0.0,0.0,15.0],"chargestate":[3.0,3.0,6.0],"loadpower":[13.564179,14.187959999999999,8.596613999999999],"batterytemp":[7.0,8.0,33.0],"triggerrate":[0.0,0.0,0.8],"triggersremaining":[20371.0,20372.0,20462.0],"crcerrors":[0.0,0.0,0.0]}