{"datalatency":[37.798155],"sensoruptime":[3.223333333333333,2.223611111111111,7.746944444444445],"battvoltage":[13.225999999999999,12.314,10.802999999999999],"arrayvoltage":[29.889,30.96,38.15],"chargecurrent":[1.633,1.102,3.1860000000000004],"chargestate":[5.0,5.0,6.0],"loadpower":[14.469750000000001,13.8105,0.0],"batterytemp":[27.0,27.0,28.0],"triggerrate":[0.0,0.0,null],"triggersremaining":[11687.0,11687.0,12014.0],"crcerrors":[0.0,0.0,0.0]}