{"datalatency":[8.091119],"sensoruptime":[59.26083333333333,58.2775,59.26083333333333],"battvoltage":[11.606,11.685,11.606],"arrayvoltage":[0.784,0.769,40.738],"chargecurrent":[0.0,0.0,11.615],"chargestate":[3.0,3.0,6.0],"loadpower":[14.179375,14.444262,9.041284000000001],"batterytemp":[15.0,16.0,34.0],"triggerrate":[0.0,0.0,0.4],"triggersremaining":[18409.0,18409.0,18418.0],"crcerrors":[0.0,0.0,0.0]}