{"datalatency":[8.474379],"sensoruptime":[20.426666666666666,19.426944444444445,null],"battvoltage":[12.213,12.222000000000001,11.645999999999999],"arrayvoltage":[0.589,0.607,38.565],"chargecurrent":[0.0,0.0,15.0],"chargestate":[3.0,3.0,6.0],"loadpower":[14.374368,14.142719999999999,0.0],"batterytemp":[12.0,11.0,41.0],"triggerrate":[0.0,0.0,null],"triggersremaining":[21659.0,21663.0,null],"crcerrors":[0.0,0.0,0.0]}