{"datalatency":[8.242059000000001],"sensoruptime":[95.07805555555555,94.07833333333333,95.07805555555555],"battvoltage":[11.868,11.902000000000001,11.815999999999999],"arrayvoltage":[29.108,32.324,35.016],"chargecurrent":[0.35,0.833,2.174],"chargestate":[5.0,5.0,5.0],"loadpower":[13.789908000000004,13.854526,12.913230000000002],"batterytemp":[14.0,16.0,20.0],"triggerrate":[0.0,0.0,4.4],"triggersremaining":[21955.0,21956.0,22113.0],"crcerrors":[0.0,0.0,0.0]}