{"datalatency":[14.99252],"sensoruptime":[52.78638888888889,51.78638888888889,52.78638888888889],"battvoltage":[12.674000000000001,12.517999999999999,11.499],"arrayvoltage":[14.749,15.036,18.410999999999998],"chargecurrent":[8.332,7.351,11.398],"ledstate":[8.0,10.0,10.0],"loadpower":[22.568136,22.805801000000002,21.727188],"batterytemp":[48.0,44.0,52.0],"triggerrate":[0.0,0.0,6.0],"triggersremaining":[20758.0,20759.0,21061.0],"crcerrors":[0.0,0.0,1.0]}