{"datalatency":[18.925187],"sensoruptime":[119.52333333333333,118.52361111111111,119.52333333333333],"battvoltage":[13.409,13.129000000000001,12.216],"arrayvoltage":[16.714000000000002,15.378,18.340999999999998],"chargecurrent":[5.952000000000001,3.728,7.931],"ledstate":[5.0,6.0,6.0],"loadpower":[22.95856,23.224752,21.885253],"batterytemp":[54.0,53.0,55.0],"triggerrate":[0.0,0.0,0.4],"triggersremaining":[6283.0,6283.0,6296.0],"crcerrors":[0.0,0.0,0.0]}