{"datalatency":[21.181474],"sensoruptime":[3.455,2.455277777777778,null],"battvoltage":[13.065,14.41,11.493],"arrayvoltage":[34.027,42.221000000000004,45.004],"chargecurrent":[1.425,1.744,2.116],"chargestate":[5.0,6.0,7.0],"loadpower":[13.462528,15.030224,0.0],"batterytemp":[18.0,21.0,22.0],"triggerrate":[0.2,35.0,null],"triggersremaining":[15395.0,15536.0,null],"crcerrors":[3.0,0.0,3.0]}