{"datalatency":[8.158609],"sensoruptime":[67.24861111111112,66.26527777777778,67.24861111111112],"battvoltage":[12.222000000000001,12.204,12.145999999999999],"arrayvoltage":[34.329,23.926,42.861999999999995],"chargecurrent":[0.688,0.022000000000000002,7.356],"chargestate":[5.0,5.0,6.0],"loadpower":[13.331790000000002,14.142719999999999,8.875646],"batterytemp":[14.0,13.0,30.0],"triggerrate":[0.0,0.0,0.8],"triggersremaining":[22148.0,22151.0,22216.0],"crcerrors":[0.0,0.0,0.0]}