{"datalatency":[8.27117],"sensoruptime":[1.7630555555555556,0.7630555555555556,null],"battvoltage":[13.831,13.449000000000002,11.478],"arrayvoltage":[35.425,34.186,37.939],"chargecurrent":[15.0,12.328,15.0],"chargestate":[5.0,5.0,5.0],"loadpower":[11.008000000000001,10.705096,0.0],"batterytemp":[39.0,29.0,40.0],"triggerrate":[0.0,0.0,null],"triggersremaining":[21741.0,21743.0,null],"crcerrors":[0.0,0.0,0.0]}