{"datalatency":[7.497917],"sensoruptime":[7.729722222222223,6.73,227.69416666666666],"battvoltage":[11.877,11.911,11.877],"arrayvoltage":[1.254,1.34,36.472],"chargecurrent":[0.0,0.0,3.503],"chargestate":[3.0,3.0,5.0],"loadpower":[13.766214,14.014773000000002,9.995777999999998],"batterytemp":[16.0,16.0,18.0],"triggerrate":[0.0,0.0,24.0],"triggersremaining":[18641.0,18650.0,20312.0],"crcerrors":[2.0,0.0,3.0]}