{"datalatency":[15.312638000000002],"sensoruptime":[150.9763888888889,149.97666666666666,150.9763888888889],"battvoltage":[11.682,11.792,11.53],"arrayvoltage":[17.776,17.917,18.973],"chargecurrent":[1.785,2.119,7.525],"chargestate":[5,5,6],"loadpower":[22.878636,22.851805000000002,21.429213],"batterytemp":[37,38,39],"triggerrate":[null,null,null],"triggersremaining":[14676.0,14714.0,15589.0],"crcerrors":[null,null,0.0]}