{"datalatency":[21.341993000000002],"sensoruptime":[36.033055555555556,35.04972222222222,36.033055555555556],"battvoltage":[11.804,11.874,11.798],"arrayvoltage":[13.037,14.658,17.337],"chargecurrent":[0.157,0.498,10.720999999999998],"ledstate":[8.0,8.0,8.0],"loadpower":[24.308329,22.835232000000005,21.698432000000004],"batterytemp":[32.0,34.0,49.0],"triggerrate":[0.2,0.2,16.8],"triggersremaining":[45.0,49.0,1312.0],"crcerrors":[1.9999768521197672,0.0,2.0]}