{"datalatency":[47.937915000000004],"sensoruptime":[46.48277777777778,45.48305555555555,46.48277777777778],"battvoltage":[12.299000000000001,12.292,12.274000000000001],"arrayvoltage":[15.142999999999999,13.675,18.448],"chargecurrent":[0.316,0.205,9.011000000000001],"ledstate":[6.0,6.0,6.0],"loadpower":[22.621368,23.78636,22.220484],"batterytemp":[29.0,28.0,53.0],"triggerrate":[0.0,0.0,0.2],"triggersremaining":[7047.0,7047.0,7053.0],"crcerrors":[0.0,0.0,0.0]}