{"datalatency":[18.293087],"sensoruptime":[153.85166666666666,152.85194444444446,153.85166666666666],"battvoltage":[12.329,12.369000000000002,12.253],"arrayvoltage":[0.015,0.012,18.066],"chargecurrent":[0.005,0.005,9.651],"ledstate":[6.0,6.0,6.0],"loadpower":[23.858029,24.079142,22.10415],"batterytemp":[32.0,33.0,55.0],"triggerrate":[0.0,0.0,1.6],"triggersremaining":[6176.0,6176.0,6259.0],"crcerrors":[0.0,0.0,0.0]}