{"datalatency":[7.328551],"sensoruptime":[23.879166666666666,22.879166666666666,null],"battvoltage":[12.253,12.103,12.054],"arrayvoltage":[16.608,16.262999999999998,18.340999999999998],"chargecurrent":[2.136,1.087,9.9],"ledstate":[8.0,8.0,8.0],"loadpower":[24.298164,23.788673999999997,6.3355429999999995],"batterytemp":[34.0,33.0,52.0],"triggerrate":[0.0,0.0,null],"triggersremaining":[14661.0,14661.0,null],"crcerrors":[0.0,0.0,0.0]}