{"datalatency":[7.563813000000001],"sensoruptime":[178.90305555555557,177.90333333333334,178.90305555555557],"battvoltage":[12.512,12.552,12.183],"arrayvoltage":[0.644,0.644,43.121],"chargecurrent":[0.002,0.0,10.794],"chargestate":[3.0,3.0,6.0],"loadpower":[13.646724,13.690404000000003,8.98432],"batterytemp":[10.0,11.0,29.0],"triggerrate":[0.0,0.0,0.6],"triggersremaining":[20364.0,20364.0,20400.0],"crcerrors":[0.0,0.0,0.0]}