{"datalatency":[17.653656],"sensoruptime":[152.35194444444446,151.36888888888888,152.35194444444446],"battvoltage":[12.369000000000002,12.402000000000001,12.253],"arrayvoltage":[0.006,0.061,18.066],"chargecurrent":[0.002,0.002,9.651],"ledstate":[6.0,6.0,6.0],"loadpower":[23.84901,24.392718000000002,22.10415],"batterytemp":[33.0,34.0,55.0],"triggerrate":[0.0,0.0,1.6],"triggersremaining":[6176.0,6177.0,6259.0],"crcerrors":[0.0,0.0,0.0]}