{"datalatency":[7.664837],"sensoruptime":[210.73222222222222,209.73222222222222,210.73222222222222],"battvoltage":[12.270999999999999,12.299000000000001,12.106],"arrayvoltage":[0.943,0.983,41.711000000000006],"chargecurrent":[0.002,0.0,9.777000000000001],"chargestate":[3.0,3.0,6.0],"loadpower":[14.265984,13.568407999999998,9.02565],"batterytemp":[13.0,13.0,34.0],"triggerrate":[0.0,0.0,0.6],"triggersremaining":[20325.0,20331.0,20357.0],"crcerrors":[0.0,0.0,0.0]}