{"datalatency":[37.993778],"sensoruptime":[0.016666666666666666,0.20944444444444443,3.008888888888889],"battvoltage":[12.183,12.183,10.269],"arrayvoltage":[31.497,27.585,43.57899999999999],"chargecurrent":[0.39399999999999996,0.22699999999999998,2.582],"chargestate":[5.0,5.0,7.0],"loadpower":[14.134568000000002,14.124109999999998,0.0],"batterytemp":[13.0,12.0,24.0],"triggerrate":[0.0,0.0,58.6],"triggersremaining":[0.0,0.0,11386.0],"crcerrors":[28.0,0.0,20.0]}