{"datalatency":[25.958063000000003],"sensoruptime":[1.3725,0.3908333333333333,null],"battvoltage":[13.513,13.513,12.642999999999999],"arrayvoltage":[38.165,38.971,42.218],"chargecurrent":[1.962,1.95,2.839],"chargestate":[7.0,7.0,7.0],"loadpower":[14.804939999999998,13.884894000000001,0.0],"batterytemp":[31.0,31.0,32.0],"triggerrate":[10.4,9.4,null],"triggersremaining":[18235.0,18885.0,null],"crcerrors":[0.0,0.0,2.0]}