{"datalatency":[16.938534],"sensoruptime":[444.5061111111111,443.5061111111111,444.5061111111111],"battvoltage":[12.216,12.253,12.027000000000001],"arrayvoltage":[0.235,13.123,17.487000000000002],"chargecurrent":[0.005,0.065,10.864],"ledstate":[6.0,6.0,8.0],"loadpower":[23.877356999999996,23.949765999999997,21.481326],"batterytemp":[32.0,36.0,49.0],"triggerrate":[0.0,0.0,16.8],"triggersremaining":[11712.0,11714.0,12595.0],"crcerrors":[0.0,0.0,2.0]}