{"datalatency":[8.023429],"sensoruptime":[13.4225,12.439444444444444,null],"battvoltage":[12.222000000000001,12.259,12.222000000000001],"arrayvoltage":[0.6409999999999999,0.629,44.162],"chargecurrent":[0.0,0.0,2.483],"chargestate":[3.0,3.0,7.0],"loadpower":[13.83792,13.857723,0.0],"batterytemp":[1.0,1.0,19.0],"triggerrate":[0.0,0.6,null],"triggersremaining":[22328.0,22333.0,null],"crcerrors":[0.0,0.0,0.0]}