{"datalatency":[6.893937],"sensoruptime":[null,null,null],"battvoltage":[11.550999999999998,12.015,11.31],"arrayvoltage":[13.474,4.849,19.949],"chargecurrent":[0.18100000000000002,0.005,12.057],"ledstate":[10.0,10.0,11.0],"loadpower":[8.598396,8.028,0.0],"batterytemp":[25.0,25.0,50.0],"triggerrate":[null,null,null],"triggersremaining":[null,null,null],"crcerrors":[null,null,0.0]}