{"datalatency":[7.691008],"sensoruptime":[187.06861111111112,186.0688888888889,187.06861111111112],"battvoltage":[12.231,12.259,12.183],"arrayvoltage":[0.659,0.6559999999999999,43.121],"chargecurrent":[0.0,0.0,10.794],"chargestate":[3.0,3.0,6.0],"loadpower":[14.119875,14.126805000000001,8.98432],"batterytemp":[4.0,5.0,29.0],"triggerrate":[0.0,0.0,0.4],"triggersremaining":[20357.0,20358.0,20372.0],"crcerrors":[0.0,0.0,0.0]}