{"datalatency":[38.20646],"sensoruptime":[0.12222222222222222,null,1.8325],"battvoltage":[12.198,12.527000000000001,10.352],"arrayvoltage":[37.549,13.217,45.523],"chargecurrent":[1.196,0.0,2.6189999999999998],"chargestate":[5.0,5.0,7.0],"loadpower":[13.385200000000001,0.0,0.0],"batterytemp":[3.0,-1.0,10.0],"triggerrate":[0.0,null,0.0],"triggersremaining":[0.0,null,0.0],"crcerrors":[7.0,0.0,1.0]}