{"datalatency":[19.205962],"sensoruptime":[8.852777777777778,7.853055555555556,31.89388888888889],"battvoltage":[12.1,12.103,12.073],"arrayvoltage":[15.823,13.962,18.692],"chargecurrent":[0.365,0.217,11.344000000000001],"ledstate":[8.0,6.0,8.0],"loadpower":[23.644061999999998,24.417759999999998,7.371546],"batterytemp":[25.0,24.0,48.0],"triggerrate":[0.0,0.0,16.800115584795222],"triggersremaining":[22432.0,22433.0,22488.0],"crcerrors":[null,null,0.0]}