{"datalatency":[12.000019],"sensoruptime":[4.282777777777778,3.285833333333333,7.988333333333333],"battvoltage":[12.253,12.253,11.798],"arrayvoltage":[17.191,16.989,17.730999999999998],"chargecurrent":[3.285,3.109,11.344000000000001],"chargestate":[5.0,5.0,6.0],"loadpower":[22.345524,23.369500000000002,6.167125],"batterytemp":[30.0,28.0,47.0],"triggerrate":[0.0,0.0,15.600000000000001],"triggersremaining":[21429.0,21431.0,22150.0],"crcerrors":[0.0,0.0,0.0]}