{"datalatency":[17.273481],"sensoruptime":[174.21083333333334,173.2136111111111,174.21083333333334],"battvoltage":[12.405,12.325999999999999,11.795],"arrayvoltage":[15.380999999999998,15.915,17.245],"chargecurrent":[2.909,2.636,11.315],"ledstate":[8.0,8.0,8.0],"loadpower":[22.527793,23.037561999999998,21.472317999999998],"batterytemp":[50.0,50.0,51.0],"triggerrate":[0.0,0.0,8.4],"triggersremaining":[12699.0,12699.0,12920.0],"crcerrors":[0.0,0.0,2.0]}