{"datalatency":[8.82281],"sensoruptime":[126.07888888888888,125.09555555555555,126.07888888888888],"battvoltage":[12.299000000000001,12.450999999999999,12.073],"arrayvoltage":[27.737,27.884,37.408],"chargecurrent":[0.447,0.7490000000000001,12.84],"chargestate":[5.0,5.0,6.0],"loadpower":[13.830839999999998,14.054879999999999,9.285212],"batterytemp":[25.0,29.0,33.0],"triggerrate":[0.6,0.8,1.4],"triggersremaining":[21368.0,21404.0,21516.0],"crcerrors":[0.0,0.0,0.0]}