{"datalatency":[7.989095000000001],"sensoruptime":[15.546944444444444,14.549722222222222,null],"battvoltage":[12.216,12.253,12.1],"arrayvoltage":[0.021,0.018000000000000002,18.439],"chargecurrent":[0.002,0.002,9.9],"ledstate":[6.0,6.0,8.0],"loadpower":[23.61474,24.420795000000002,5.933112000000001],"batterytemp":[29.0,29.0,52.0],"triggerrate":[0.0,0.0,null],"triggersremaining":[14663.0,14663.0,null],"crcerrors":[0.0,0.0,0.0]}