{"datalatency":[78.10270100000001],"sensoruptime":[44.85166666666667,43.85166666666667,44.85166666666667],"battvoltage":[13.208,13.015999999999998,12.216],"arrayvoltage":[14.749,16.016,17.917],"chargecurrent":[7.263999999999999,5.367999999999999,9.245],"ledstate":[6.0,6.0,6.0],"loadpower":[22.512376,22.458844,21.796613999999998],"batterytemp":[46.0,38.0,55.0],"triggerrate":[0.0,0.0,0.2],"triggersremaining":[6321.0,6322.0,6327.0],"crcerrors":[0.0,0.0,0.0]}