{"datalatency":[22.202463],"sensoruptime":[313.6902777777778,312.69055555555553,313.6902777777778],"battvoltage":[13.052,12.286,12.253],"arrayvoltage":[16.500999999999998,16.555999999999997,18.753],"chargecurrent":[5.422999999999999,0.527,9.376],"ledstate":[6.0,6.0,6.0],"loadpower":[21.816926000000002,22.204533,21.533700000000003],"batterytemp":[31.0,26.0,50.0],"triggerrate":[0.0,0.0,1.2000000000000002],"triggersremaining":[12628.0,12628.0,12639.0],"crcerrors":[0.0,0.0,2.0]}