{"datalatency":[7.633940000000001],"sensoruptime":[191.4013888888889,190.41833333333332,191.4013888888889],"battvoltage":[12.607000000000001,12.145999999999999,12.106],"arrayvoltage":[39.41,26.851999999999997,43.121],"chargecurrent":[2.655,0.07200000000000001,10.794],"chargestate":[5.0,5.0,6.0],"loadpower":[13.893516,14.124109999999998,8.98432],"batterytemp":[8.0,4.0,29.0],"triggerrate":[0.0,0.0,0.4],"triggersremaining":[20355.0,20356.0,20371.0],"crcerrors":[0.0,0.0,0.0]}