{"datalatency":[16.242363],"sensoruptime":[141.88305555555556,140.88305555555556,141.88305555555556],"battvoltage":[11.874,11.884,11.874],"arrayvoltage":[12.439,0.107,16.898],"chargecurrent":[0.005,0.005,10.972000000000001],"ledstate":[8.0,8.0,8.0],"loadpower":[23.694282000000005,23.409666000000005,21.720998],"batterytemp":[29.0,29.0,42.0],"triggerrate":[0.0,0.0,3.6],"triggersremaining":[12945.0,12945.0,13078.0],"crcerrors":[0.0,0.0,2.0]}