{"datalatency":[70.177813],"sensoruptime":[13.321388888888889,12.338333333333333,null],"battvoltage":[12.442,12.445,12.43],"arrayvoltage":[0.015,0.009000000000000001,19.229],"chargecurrent":[0.005,0.005,8.175],"ledstate":[6.0,6.0,6.0],"loadpower":[23.472342,24.032989,6.0236],"batterytemp":[32.0,33.0,54.0],"triggerrate":[0.0,0.0,null],"triggersremaining":[7056.0,7056.0,null],"crcerrors":[0.0,0.0,0.0]}