{"datalatency":[7.695550000000001],"sensoruptime":[25.432222222222222,24.4325,25.432222222222222],"battvoltage":[14.215,14.539000000000001,11.49],"arrayvoltage":[40.53,35.4,42.996],"chargecurrent":[7.68,12.352,15.002],"chargestate":[6.0,5.0,6.0],"loadpower":[9.156688,10.57551,9.117872],"batterytemp":[28.0,16.0,28.0],"triggerrate":[0.0,0.0,0.4],"triggersremaining":[18420.0,18420.0,18436.0],"crcerrors":[0.0,0.0,0.0]}