{"datalatency":[7.607935],"sensoruptime":[197.56722222222223,196.5675,197.56722222222223],"battvoltage":[14.215,14.165999999999999,12.106],"arrayvoltage":[40.274,40.341,42.77],"chargecurrent":[3.012,2.665,9.777000000000001],"chargestate":[6.0,6.0,6.0],"loadpower":[11.335596,12.06752,9.02565],"batterytemp":[28.0,29.0,34.0],"triggerrate":[0.0,0.0,0.4],"triggersremaining":[20351.0,20351.0,20368.0],"crcerrors":[0.0,0.0,0.0]}