{"datalatency":[17.61891],"sensoruptime":[181.2097222222222,180.21277777777777,181.2097222222222],"battvoltage":[12.064,12.097000000000001,11.795],"arrayvoltage":[0.015,6.218999999999999,17.38],"chargecurrent":[0.005,0.005,11.315],"ledstate":[8.0,8.0,8.0],"loadpower":[23.692265999999996,23.848929,21.720450999999997],"batterytemp":[30.0,34.0,53.0],"triggerrate":[0.0,0.0,1.2000000000000002],"triggersremaining":[12692.0,12692.0,12705.0],"crcerrors":[0.0,0.0,2.0]}