{"datalatency":[38.081610000000005],"sensoruptime":[0.10138888888888889,null,null],"battvoltage":[13.239,13.867,10.535],"arrayvoltage":[29.636,42.273,43.533],"chargecurrent":[1.42,1.814,3.411],"chargestate":[7.0,7.0,7.0],"loadpower":[14.44359,16.531638,0.0],"batterytemp":[16.0,19.0,19.0],"triggerrate":[0.0,null,null],"triggersremaining":[0.0,null,null],"crcerrors":[0.0,0.0,0.0]}