{"datalatency":[7.660933000000001],"sensoruptime":[207.89916666666667,206.89916666666667,207.89916666666667],"battvoltage":[12.375,12.395999999999999,12.106],"arrayvoltage":[0.9279999999999999,0.797,41.711000000000006],"chargecurrent":[0.0,0.0,9.777000000000001],"chargestate":[3.0,3.0,6.0],"loadpower":[14.220288000000004,13.671936000000002,9.02565],"batterytemp":[13.0,13.0,34.0],"triggerrate":[0.0,0.0,0.6],"triggersremaining":[20334.0,20338.0,20363.0],"crcerrors":[0.0,0.0,0.0]}