{"datalatency":[10.297318],"sensoruptime":[11.839722222222223,10.839722222222223,14.684444444444445],"battvoltage":[11.758,11.804,11.45],"arrayvoltage":[0.107,6.97,19.305],"chargecurrent":[0.002,0.002,7.371],"ledstate":[10.0,10.0,11.0],"loadpower":[27.289017,27.442607000000002,0.0],"batterytemp":[28.0,32.0,49.0],"triggerrate":[0.0,0.0,1.2000000000000002],"triggersremaining":[14562.0,14562.0,14565.0],"crcerrors":[0.0,0.0,0.0]}