{"datalatency":[8.526804],"sensoruptime":[35.091388888888886,34.10805555555555,35.091388888888886],"battvoltage":[12.530999999999999,12.567,12.112],"arrayvoltage":[0.574,0.574,41.489],"chargecurrent":[0.0,0.0,11.902999999999999],"chargestate":[3.0,3.0,6.0],"loadpower":[13.671718,13.690404000000003,9.02565],"batterytemp":[18.0,19.0,35.0],"triggerrate":[0.0,0.0,0.8],"triggersremaining":[21653.0,21653.0,21687.0],"crcerrors":[0.0,0.0,0.0]}