{"datalatency":[8.751731000000001],"sensoruptime":[109.08111111111111,108.09805555555556,109.08111111111111],"battvoltage":[12.39,12.418,12.03],"arrayvoltage":[1.083,1.215,41.65],"chargecurrent":[0.0,0.0,11.832],"chargestate":[3.0,3.0,6.0],"loadpower":[14.328288,14.154912000000001,8.207364000000002],"batterytemp":[20.0,20.0,32.0],"triggerrate":[0.0,0.0,0.6],"triggersremaining":[21497.0,21500.0,21595.0],"crcerrors":[0.0,0.0,0.0]}