{"datalatency":[62.889808],"sensoruptime":[8.332777777777778,7.333055555555555,67.845],"battvoltage":[11.966,12.222000000000001,11.462],"arrayvoltage":[16.797,15.915,17.288],"chargecurrent":[0.72,2.343,10.940999999999999],"ledstate":[8.0,8.0,10.0],"loadpower":[25.160828000000002,24.935168,22.430612],"batterytemp":[48.0,49.0,53.0],"triggerrate":[0.0,0.0,0.4],"triggersremaining":[28.0,30.0,37.0],"crcerrors":[0.0,0.0,2.0]}