{"datalatency":[12.462829000000001],"sensoruptime":[36.89888888888889,35.89888888888889,36.89888888888889],"battvoltage":[12.253,12.255999999999998,12.033],"arrayvoltage":[0.085,11.495999999999999,17.526],"chargecurrent":[0.005,0.0,10.985],"ledstate":[6.0,6.0,8.0],"loadpower":[23.266542,23.55815,21.514706],"batterytemp":[32.0,34.0,50.0],"triggerrate":[0.0,0.0,1.2000000000000002],"triggersremaining":[13505.0,13506.0,13517.0],"crcerrors":[0.0,0.0,2.0]}