{"datalatency":[7.659938],"sensoruptime":[1.7308333333333332,0.7316666666666667,227.69416666666666],"battvoltage":[11.99,12.015,11.96],"arrayvoltage":[1.028,0.919,36.472],"chargecurrent":[0.0,0.0,3.503],"chargestate":[3.0,3.0,5.0],"loadpower":[13.924932,13.968000000000002,9.995777999999998],"batterytemp":[15.0,14.0,18.0],"triggerrate":[0.0,0.4,24.0],"triggersremaining":[18685.0,19017.0,20342.0],"crcerrors":[2.0,2.0,3.0]}