{"datalatency":[21.503320000000002],"sensoruptime":[7.713611111111111,6.713888888888889,57.48722222222222],"battvoltage":[11.954,12.0,11.639000000000001],"arrayvoltage":[12.619000000000002,12.869000000000002,17.242],"chargecurrent":[0.013999999999999999,0.055999999999999994,12.284],"ledstate":[8.0,8.0,10.0],"loadpower":[24.01322,24.297275,6.942914999999999],"batterytemp":[26.0,29.0,48.0],"triggerrate":[0.0,0.0,7.200004464002768],"triggersremaining":[22168.0,22172.0,22316.0],"crcerrors":[null,null,0.0]}