{"datalatency":[25.937402000000002],"sensoruptime":[null,null,null],"battvoltage":[12.759,12.600999999999999,11.99],"arrayvoltage":[26.898000000000003,13.272,42.218],"chargecurrent":[0.145,0.0,2.839],"chargestate":[5.0,5.0,7.0],"loadpower":[0.0,0.0,0.0],"batterytemp":[8.0,8.0,32.0],"triggerrate":[null,null,null],"triggersremaining":[null,null,null],"crcerrors":[1.0,null,3.0]}