{"datalatency":[7.873709000000001],"sensoruptime":[22.099444444444444,21.099722222222223,null],"battvoltage":[11.533,11.557,11.53],"arrayvoltage":[12.097000000000001,0.6709999999999999,42.996],"chargecurrent":[0.0,0.0,15.002],"chargestate":[5.0,3.0,6.0],"loadpower":[14.197170000000002,14.104324,0.0],"batterytemp":[2.0,2.0,28.0],"triggerrate":[0.0,0.0,null],"triggersremaining":[18422.0,18422.0,null],"crcerrors":[0.0,0.0,0.0]}