{"datalatency":[8.276],"sensoruptime":[1.1105555555555555,0.1272222222222222,114.10888888888888],"battvoltage":[11.533,11.569,11.469000000000001],"arrayvoltage":[0.574,0.568,35.4],"chargecurrent":[0.0,0.0,6.643],"chargestate":[3.0,3.0,5.0],"loadpower":[14.197170000000002,13.965819999999999,0.0],"batterytemp":[15.0,16.0,27.0],"triggerrate":[0.4,0.2,1.6],"triggersremaining":[21776.0,21799.0,21937.0],"crcerrors":[0.0,0.0,0.0]}