{"datalatency":[19.343292],"sensoruptime":[199.51111111111112,198.51111111111112,199.51111111111112],"battvoltage":[12.204,12.225,12.1],"arrayvoltage":[0.003,0.018000000000000002,17.969],"chargecurrent":[0.002,0.002,8.96],"ledstate":[6.0,6.0,6.0],"loadpower":[24.157704000000003,24.115104000000002,21.987524],"batterytemp":[34.0,34.0,57.0],"triggerrate":[0.0,0.2,2.4],"triggersremaining":[5634.0,5636.0,5815.0],"crcerrors":[0.0,0.0,0.0]}