{"datalatency":[19.129432],"sensoruptime":[508.4963888888889,507.4963888888889,508.4963888888889],"battvoltage":[12.0,11.914000000000001,11.85],"arrayvoltage":[16.653,16.409000000000002,17.041],"chargecurrent":[1.609,0.9490000000000001,10.192],"ledstate":[8.0,8.0,8.0],"loadpower":[23.860200000000003,24.053711999999997,20.930414],"batterytemp":[32.0,32.0,51.0],"triggerrate":[0.0,0.0,2.4000000000000004],"triggersremaining":[11345.0,11355.0,11444.0],"crcerrors":[0.0,0.0,2.0]}