{"datalatency":[19.809244],"sensoruptime":[253.9975,253.01416666666665,253.9975],"battvoltage":[11.911,11.914000000000001,11.911],"arrayvoltage":[0.0,0.0,16.653],"chargecurrent":[0.005,0.005,9.992],"ledstate":[8.0,8.0,8.0],"loadpower":[23.57787,23.940788,21.95131],"batterytemp":[28.0,28.0,50.0],"triggerrate":[0.0,0.0,8.0],"triggersremaining":[3318.0,3318.0,4164.0],"crcerrors":[0.0,0.0,0.0]}