{"datalatency":[26.005946],"sensoruptime":[null,null,null],"battvoltage":[12.145999999999999,12.145999999999999,11.99],"arrayvoltage":[0.919,0.97,42.218],"chargecurrent":[0.0,0.0,2.839],"chargestate":[3.0,3.0,7.0],"loadpower":[8.541075,8.495419,0.0],"batterytemp":[18.0,18.0,32.0],"triggerrate":[null,null,null],"triggersremaining":[null,null,null],"crcerrors":[1.0,null,3.0]}