{"datalatency":[21.348909000000003],"sensoruptime":[34.36666666666667,33.36666666666667,34.36666666666667],"battvoltage":[11.932,11.911,11.798],"arrayvoltage":[15.866,14.508,17.48],"chargecurrent":[0.887,0.531,10.720999999999998],"ledstate":[8.0,8.0,8.0],"loadpower":[23.102031999999998,24.299091000000004,21.698432000000004],"batterytemp":[34.0,33.0,50.0],"triggerrate":[0.4,2.8,16.8],"triggersremaining":[63.0,110.0,1313.0],"crcerrors":[1.9999768521197672,0.0,2.0]}