{"datalatency":[18.891953],"sensoruptime":[98.69305555555556,97.71,98.69305555555556],"battvoltage":[13.382,13.022,12.222000000000001],"arrayvoltage":[17.026,15.445,18.340999999999998],"chargecurrent":[4.034,1.962,7.815],"ledstate":[5.0,6.0,6.0],"loadpower":[22.864862000000006,24.700592,21.964412],"batterytemp":[55.0,55.0,58.0],"triggerrate":[0.0,0.0,0.4],"triggersremaining":[6294.0,6295.0,6307.0],"crcerrors":[0.0,0.0,0.0]}