{"datalatency":[9.173079000000001],"sensoruptime":[2.839166666666667,1.8391666666666666,6.051944444444445],"battvoltage":[13.739,13.87,11.285],"arrayvoltage":[19.199,16.623,19.949],"chargecurrent":[3.23,7.54,9.745],"ledstate":[5.0,5.0,11.0],"loadpower":[25.92886,26.126628,0.0],"batterytemp":[43.0,39.0,51.0],"triggerrate":[0.0,0.0,1.2000000000000002],"triggersremaining":[14567.0,14567.0,14570.0],"crcerrors":[0.0,0.0,0.0]}