{"datalatency":[47.258613000000004],"sensoruptime":[null,null,null],"battvoltage":[12.573,12.604000000000001,12.28],"arrayvoltage":[0.9279999999999999,0.961,44.098],"chargecurrent":[0.0,0.0,4.486000000000001],"chargestate":[3.0,3.0,8.0],"loadpower":[0.0,0.0,0.0],"batterytemp":[14.0,15.0,24.0],"triggerrate":[null,null,null],"triggersremaining":[null,null,null],"crcerrors":[null,null,null]}