{"datalatency":[7.941715],"sensoruptime":[54.42805555555555,53.428333333333335,54.42805555555555],"battvoltage":[14.099,14.084000000000001,11.645999999999999],"arrayvoltage":[40.411,40.088,41.675],"chargecurrent":[3.133,5.01,11.615],"chargestate":[6.0,6.0,6.0],"loadpower":[12.198408,9.13725,9.041284000000001],"batterytemp":[31.0,32.0,34.0],"triggerrate":[0.0,0.0,0.4],"triggersremaining":[18410.0,18410.0,18419.0],"crcerrors":[0.0,0.0,0.0]}