{"datalatency":[13.738984],"sensoruptime":[70.39361111111111,69.3963888888889,70.39361111111111],"battvoltage":[12.027000000000001,11.987,11.984000000000002],"arrayvoltage":[15.286,12.332,17.000999999999998],"chargecurrent":[0.365,0.005,10.545],"ledstate":[8.0,8.0,8.0],"loadpower":[22.656699999999997,23.578775,21.262392999999996],"batterytemp":[28.0,27.0,52.0],"triggerrate":[0.0,0.0,4.800000000000001],"triggersremaining":[13097.0,13097.0,13194.0],"crcerrors":[0.0,0.0,2.0]}