{"datalatency":[19.509047000000002],"sensoruptime":[0.8819444444444444,null,20.196666666666665],"battvoltage":[13.013,12.450999999999999,11.224],"arrayvoltage":[16.945999999999998,16.843,19.305],"chargecurrent":[2.938,0.461,7.371],"ledstate":[6.0,11.0,11.0],"loadpower":[26.29494,0.0,0.0],"batterytemp":[30.0,23.0,49.0],"triggerrate":[0.0,null,1.2000000000000002],"triggersremaining":[14559.0,null,14564.0],"crcerrors":[0.0,0.0,0.0]}