{"datalatency":[14.700675],"sensoruptime":[384.5161111111111,383.5163888888889,384.5161111111111],"battvoltage":[12.152000000000001,12.075999999999999,12.027000000000001],"arrayvoltage":[16.605,16.608,17.78],"chargecurrent":[1.5919999999999999,0.633,10.61],"ledstate":[8.0,8.0,8.0],"loadpower":[23.382784,23.104845,20.806074],"batterytemp":[29.0,27.0,52.0],"triggerrate":[0.0,0.0,4.800000000000001],"triggersremaining":[12606.0,12607.0,12616.0],"crcerrors":[0.0,0.0,2.0]}