{"datalatency":[77.49123200000001],"sensoruptime":[54.64833333333333,53.64833333333333,54.64833333333333],"battvoltage":[13.437000000000001,13.547,12.274000000000001],"arrayvoltage":[17.877,18.124000000000002,18.410999999999998],"chargecurrent":[3.682,4.433,7.945],"ledstate":[5.0,5.0,6.0],"loadpower":[23.092039999999997,22.439486999999996,21.948113000000003],"batterytemp":[53.0,50.0,53.0],"triggerrate":[0.0,0.0,0.2],"triggersremaining":[7045.0,7045.0,7051.0],"crcerrors":[0.0,0.0,0.0]}