{"datalatency":[20.205534],"sensoruptime":[319.6502777777778,318.6669444444444,319.6502777777778],"battvoltage":[12.1,12.115,11.987],"arrayvoltage":[0.024,0.057999999999999996,18.167],"chargecurrent":[0.005,0.005,9.62],"ledstate":[8.0,6.0,8.0],"loadpower":[23.939244,23.765007999999998,22.125905999999997],"batterytemp":[30.0,30.0,55.0],"triggerrate":[0.0,0.8,14.8],"triggersremaining":[1921.0,1937.0,3214.0],"crcerrors":[0.0,0.0,0.0]}