{"datalatency":[19.364099],"sensoruptime":[245.4986111111111,244.4988888888889,245.4986111111111],"battvoltage":[12.1,12.14,11.993],"arrayvoltage":[2.786,13.202,16.653],"chargecurrent":[0.002,0.172,9.992],"ledstate":[6.0,6.0,8.0],"loadpower":[24.321056,24.146848,21.95131],"batterytemp":[35.0,38.0,50.0],"triggerrate":[1.6,1.0,8.0],"triggersremaining":[3469.0,3510.0,4178.0],"crcerrors":[0.0,0.0,0.0]}