{"datalatency":[26.033150000000003],"sensoruptime":[null,null,6.267777777777778],"battvoltage":[12.805,12.872,11.99],"arrayvoltage":[1.294,10.901,44.974],"chargecurrent":[0.0,0.0,2.773],"chargestate":[3.0,3.0,6.0],"loadpower":[0.0,0.0,0.0],"batterytemp":[6.0,7.0,23.0],"triggerrate":[null,null,49.75],"triggersremaining":[null,null,11894.0],"crcerrors":[0.0,null,3.0]}