{"datalatency":[19.994139],"sensoruptime":[535.8252777777777,534.8255555555555,535.8252777777777],"battvoltage":[12.14,12.329,11.606],"arrayvoltage":[16.36,15.575999999999999,16.608],"chargecurrent":[2.309,3.9810000000000003,11.448],"ledstate":[8.0,8.0,10.0],"loadpower":[23.149970999999997,23.123249,22.057775999999997],"batterytemp":[49.0,47.0,51.0],"triggerrate":[1.2000000000000002,0.0,3.6],"triggersremaining":[11288.0,11293.0,11339.0],"crcerrors":[0.0,0.0,2.0]}