{"datalatency":[76.09756300000001],"sensoruptime":[135.00444444444443,134.02138888888888,135.00444444444443],"battvoltage":[12.262,12.292,12.216],"arrayvoltage":[12.57,0.0,18.167],"chargecurrent":[0.005,0.005,7.931],"ledstate":[6.0,6.0,6.0],"loadpower":[23.514961,23.7618,21.885253],"batterytemp":[30.0,30.0,57.0],"triggerrate":[0.0,0.0,0.6],"triggersremaining":[6258.0,6258.0,6290.0],"crcerrors":[0.0,0.0,0.0]}