{"datalatency":[20.789281000000003],"sensoruptime":[14.81611111111111,13.81638888888889,null],"battvoltage":[12.253,12.292,12.25],"arrayvoltage":[0.061,0.034,20.032],"chargecurrent":[0.002,0.005,7.09],"chargestate":[3.0,3.0,7.0],"loadpower":[24.3033,24.236813,11.041264],"batterytemp":[25.0,25.0,47.0],"triggerrate":[null,null,null],"triggersremaining":[22490.0,22490.0,null],"crcerrors":[null,null,0.0]}