{"datalatency":[21.299077],"sensoruptime":[43.53194444444444,42.53194444444444,43.53194444444444],"battvoltage":[11.645999999999999,11.655,11.645999999999999],"arrayvoltage":[0.0,0.0,17.337],"chargecurrent":[0.005,0.005,10.720999999999998],"ledstate":[10.0,10.0,10.0],"loadpower":[23.992690000000003,24.550929999999997,21.698432000000004],"batterytemp":[29.0,29.0,49.0],"triggerrate":[0.0,0.0,16.8],"triggersremaining":[41.0,41.0,1289.0],"crcerrors":[1.9999768521197672,0.0,2.0]}