{"datalatency":[7.060582],"sensoruptime":[153.24055555555555,152.25722222222223,153.24055555555555],"battvoltage":[12.567,12.637,11.868],"arrayvoltage":[0.677,25.29,42.465],"chargecurrent":[0.0,0.068,15.0],"chargestate":[3.0,5.0,6.0],"loadpower":[13.690404000000003,13.773396,8.596613999999999],"batterytemp":[14.0,18.0,33.0],"triggerrate":[0.0,0.2,6.4],"triggersremaining":[20402.0,20408.0,21007.0],"crcerrors":[0.0,0.0,0.0]}