{"datalatency":[8.643658],"sensoruptime":[67.58666666666667,66.58694444444444,67.58666666666667],"battvoltage":[12.267999999999999,12.299000000000001,12.18],"arrayvoltage":[0.629,0.693,40.146],"chargecurrent":[0.0,0.0,10.228],"chargestate":[3.0,3.0,6.0],"loadpower":[14.212421999999998,13.691087999999997,8.80245],"batterytemp":[15.0,14.0,34.0],"triggerrate":[0.0,0.0,0.2],"triggersremaining":[21643.0,21643.0,21649.0],"crcerrors":[0.0,0.0,0.0]}