{"datalatency":[19.379225],"sensoruptime":[236.70166666666665,235.70472222222222,236.70166666666665],"battvoltage":[12.125,12.14,11.950999999999999],"arrayvoltage":[0.214,0.0,18.372],"chargecurrent":[0.002,0.005,8.75],"ledstate":[6.0,6.0,8.0],"loadpower":[23.619951999999998,23.491936,21.252608000000002],"batterytemp":[22.0,23.0,52.0],"triggerrate":[0.0,0.0,1.2000000000000002],"triggersremaining":[12677.0,12678.0,12684.0],"crcerrors":[0.0,0.0,2.0]}