{"datalatency":[7.7451490000000005],"sensoruptime":[225.39527777777778,224.41222222222223,225.39527777777778],"battvoltage":[12.07,12.085,12.036],"arrayvoltage":[1.089,7.0920000000000005,36.472],"chargecurrent":[0.0,0.0,3.503],"chargestate":[3.0,3.0,5.0],"loadpower":[13.989318,14.035798,9.995777999999998],"batterytemp":[14.0,14.0,18.0],"triggerrate":[0.8,2.0,4.4],"triggersremaining":[19789.0,19870.0,20349.0],"crcerrors":[0.0,0.0,0.0]}