{"datalatency":[8.475791000000001],"sensoruptime":[27.0925,26.109166666666667,27.0925],"battvoltage":[14.084000000000001,14.059000000000001,12.112],"arrayvoltage":[40.533,40.955,41.489],"chargecurrent":[4.136,4.662,11.902999999999999],"chargestate":[6.0,6.0,6.0],"loadpower":[9.0954,9.071276000000001,9.067364],"batterytemp":[32.0,33.0,40.0],"triggerrate":[0.0,0.0,1.0],"triggersremaining":[21655.0,21655.0,21738.0],"crcerrors":[0.0,0.0,0.0]}