{"datalatency":[8.747899],"sensoruptime":[109.91444444444444,108.93111111111111,109.91444444444444],"battvoltage":[12.375,12.402000000000001,12.03],"arrayvoltage":[1.123,1.117,41.65],"chargecurrent":[0.0,0.0,11.832],"chargestate":[3.0,3.0,6.0],"loadpower":[13.652464,13.795776000000002,8.207364000000002],"batterytemp":[20.0,20.0,32.0],"triggerrate":[0.0,0.0,0.6],"triggersremaining":[21494.0,21497.0,21589.0],"crcerrors":[0.0,0.0,0.0]}