{"datalatency":[21.34113],"sensoruptime":[40.0325,39.0325,40.0325],"battvoltage":[11.719000000000001,11.722000000000001,11.707],"arrayvoltage":[0.107,0.107,17.337],"chargecurrent":[0.002,0.005,10.720999999999998],"ledstate":[8.0,8.0,8.0],"loadpower":[23.655089999999998,23.835452000000004,21.698432000000004],"batterytemp":[30.0,30.0,49.0],"triggerrate":[0.2,0.0,16.8],"triggersremaining":[41.0,43.0,1311.0],"crcerrors":[1.9999768521197672,0.0,2.0]}