{"datalatency":[19.067357],"sensoruptime":[506.99666666666667,505.99944444444446,506.99666666666667],"battvoltage":[11.984000000000002,11.874,11.85],"arrayvoltage":[16.553,13.379000000000001,17.038],"chargecurrent":[1.271,0.179,10.192],"ledstate":[8.0,8.0,8.0],"loadpower":[23.464573,24.451665,20.930414],"batterytemp":[30.0,30.0,51.0],"triggerrate":[0.0,0.0,2.4000000000000004],"triggersremaining":[11361.0,11367.0,11445.0],"crcerrors":[0.0,0.0,2.0]}