{"datalatency":[19.381736],"sensoruptime":[230.86916666666667,229.87222222222223,230.86916666666667],"battvoltage":[12.253,12.277000000000001,11.950999999999999],"arrayvoltage":[0.107,0.107,18.372],"chargecurrent":[0.002,0.005,8.75],"ledstate":[6.0,6.0,8.0],"loadpower":[23.710817,23.123249,21.252608000000002],"batterytemp":[26.0,28.0,52.0],"triggerrate":[0.0,0.0,1.2000000000000002],"triggersremaining":[12680.0,12680.0,12686.0],"crcerrors":[0.0,0.0,2.0]}