{"datalatency":[51.396772000000006],"sensoruptime":[null,null,null],"battvoltage":[12.780999999999999,12.780999999999999,11.493],"arrayvoltage":[0.8420000000000001,0.961,45.004],"chargecurrent":[0.0,0.0,2.194],"chargestate":[3.0,3.0,6.0],"loadpower":[0.0,0.0,0.0],"batterytemp":[8.0,8.0,22.0],"triggerrate":[null,null,null],"triggersremaining":[null,null,null],"crcerrors":[5.0,null,5.0]}