{"datalatency":[8.19091],"sensoruptime":[2.2516666666666665,1.2519444444444445,11.270277777777778],"battvoltage":[14.404000000000002,14.687999999999999,11.154000000000002],"arrayvoltage":[40.71,41.495,42.471000000000004],"chargecurrent":[1.906,2.116,3.264],"chargestate":[6.0,6.0,6.0],"loadpower":[13.753281000000001,14.009624999999998,0.0],"batterytemp":[21.0,12.0,28.0],"triggerrate":[0.0,0.0,0.4],"triggersremaining":[18392.0,18392.0,18401.0],"crcerrors":[0.0,0.0,0.0]}