{"datalatency":[8.12879],"sensoruptime":[31.086944444444445,30.086944444444445,31.086944444444445],"battvoltage":[12.512,12.54,12.07],"arrayvoltage":[0.5710000000000001,0.562,41.821000000000005],"chargecurrent":[0.0,0.0,7.474],"chargestate":[3.0,3.0,6.0],"loadpower":[13.646724,13.690404000000003,8.72505],"batterytemp":[7.0,8.0,28.0],"triggerrate":[0.2,0.0,1.4],"triggersremaining":[22249.0,22253.0,22367.0],"crcerrors":[0.0,0.0,0.0]}