{"datalatency":[9.956705000000001],"sensoruptime":[null,null,4.153611111111111],"battvoltage":[14.059000000000001,14.655,null],"arrayvoltage":[42.038000000000004,42.138999999999996,null],"chargecurrent":[0.345,0.14,null],"chargestate":[7.0,6.0,null],"loadpower":[0.0,0.0,null],"batterytemp":[13.0,13.0,null],"triggerrate":[null,null,59.0],"triggersremaining":[null,null,21468.0],"crcerrors":[5.0,null,5.0]}