{"datalatency":[7.683350000000001],"sensoruptime":[3.897222222222222,2.9138888888888888,227.69416666666666],"battvoltage":[11.954,11.975,11.954],"arrayvoltage":[1.129,1.016,36.472],"chargecurrent":[0.0,0.0,3.503],"chargestate":[3.0,3.0,5.0],"loadpower":[13.937987,13.89752,9.995777999999998],"batterytemp":[16.0,15.0,18.0],"triggerrate":[0.4,0.2,24.0],"triggersremaining":[18669.0,18673.0,20334.0],"crcerrors":[2.0,0.0,3.0]}