{"datalatency":[7.651654000000001],"sensoruptime":[203.0663888888889,202.06666666666666,203.0663888888889],"battvoltage":[12.527000000000001,12.567,12.106],"arrayvoltage":[0.708,0.6679999999999999,41.711000000000006],"chargecurrent":[0.0,0.0,9.777000000000001],"chargestate":[3.0,3.0,6.0],"loadpower":[13.671718,13.665330000000003,9.02565],"batterytemp":[12.0,13.0,34.0],"triggerrate":[0.0,0.0,0.4],"triggersremaining":[20349.0,20349.0,20364.0],"crcerrors":[0.0,0.0,0.0]}