{"datalatency":[22.180928],"sensoruptime":[310.69083333333333,309.69083333333333,310.69083333333333],"battvoltage":[12.274000000000001,12.292,12.183],"arrayvoltage":[13.864,13.193,18.463],"chargecurrent":[0.18100000000000002,0.063,9.376],"ledstate":[6.0,6.0,6.0],"loadpower":[23.600648,23.747539999999997,21.533700000000003],"batterytemp":[23.0,22.0,50.0],"triggerrate":[0.0,0.0,1.2000000000000002],"triggersremaining":[12629.0,12629.0,12640.0],"crcerrors":[0.0,0.0,2.0]}