{"datalatency":[7.977035000000001],"sensoruptime":[47.7625,46.77916666666667,47.7625],"battvoltage":[12.329,11.734000000000002,11.645999999999999],"arrayvoltage":[18.945,35.69,42.148],"chargecurrent":[1.6380000000000001,0.469,12.352],"chargestate":[5.0,5.0,6.0],"loadpower":[13.421192,13.916524,8.277874],"batterytemp":[11.0,7.0,29.0],"triggerrate":[0.0,0.0,0.4],"triggersremaining":[18412.0,18412.0,18421.0],"crcerrors":[0.0,0.0,0.0]}