{"datalatency":[29.529628000000002],"sensoruptime":[26.850277777777777,25.853055555555557,26.850277777777777],"battvoltage":[12.238,12.274000000000001,12.07],"arrayvoltage":[0.027000000000000003,0.079,18.872],"chargecurrent":[0.005,0.005,10.158],"ledstate":[6.0,6.0,8.0],"loadpower":[23.736780000000003,24.579928,22.619726999999994],"batterytemp":[25.0,26.0,50.0],"triggerrate":[0.0,0.0,1.2000035280103725],"triggersremaining":[22428.0,22428.0,22434.0],"crcerrors":[null,null,0.0]}