{"datalatency":[11.883508],"sensoruptime":[null,null,18.859444444444446],"battvoltage":[12.064,12.075999999999999,11.456],"arrayvoltage":[0.0,0.024,17.825],"chargecurrent":[0.005,0.005,11.344000000000001],"chargestate":[3.0,3.0,6.0],"loadpower":[7.833149999999999,8.944068,0.0],"batterytemp":[24.0,25.0,47.0],"triggerrate":[null,null,1.2000000000000002],"triggersremaining":[null,null,22151.0],"crcerrors":[null,null,0.0]}