{"datalatency":[37.586352000000005],"sensoruptime":[5.214166666666666,4.214166666666666,5.214166666666666],"battvoltage":[14.465,14.465,10.287],"arrayvoltage":[42.355,42.34,43.448],"chargecurrent":[2.783,2.957,5.0760000000000005],"chargestate":[8.0,8.0,8.0],"loadpower":[12.499248000000001,13.47396,0.0],"batterytemp":[26.0,26.0,26.0],"triggerrate":[0.0,0.0,2.8],"triggersremaining":[11629.0,11630.0,11686.0],"crcerrors":[0.0,0.0,0.0]}