{"datalatency":[13.693197000000001],"sensoruptime":[null,null,18.859444444444446],"battvoltage":[12.064,12.067,11.456],"arrayvoltage":[0.0,0.024,17.825],"chargecurrent":[0.002,0.002,11.344000000000001],"chargestate":[3.0,3.0,6.0],"loadpower":[7.748792999999999,8.821331999999998,0.0],"batterytemp":[24.0,24.0,47.0],"triggerrate":[null,null,1.2000000000000002],"triggersremaining":[null,null,22151.0],"crcerrors":[null,null,0.0]}