{"datalatency":[8.346322],"sensoruptime":[4.285,3.3016666666666667,114.10888888888888],"battvoltage":[11.874,11.954,11.469000000000001],"arrayvoltage":[29.794,32.48,35.4],"chargecurrent":[0.391,1.215,6.643],"chargestate":[5.0,5.0,5.0],"loadpower":[13.766214,14.070084,0.0],"batterytemp":[20.0,23.0,27.0],"triggerrate":[0.0,0.0,0.6],"triggersremaining":[21924.0,21927.0,21953.0],"crcerrors":[0.0,0.0,0.0]}