{"datalatency":[19.734629],"sensoruptime":[257.99694444444447,257.0136111111111,257.99694444444447],"battvoltage":[11.911,11.911,11.874],"arrayvoltage":[16.016,14.892999999999999,16.653],"chargecurrent":[0.469,0.263,9.992],"ledstate":[8.0,8.0,8.0],"loadpower":[23.267358,22.532553,21.95131],"batterytemp":[31.0,30.0,50.0],"triggerrate":[0.0,0.0,8.0],"triggersremaining":[3316.0,3316.0,4162.0],"crcerrors":[0.0,0.0,0.0]}