{"datalatency":[21.206887000000002],"sensoruptime":[null,null,null],"battvoltage":[12.872,13.104000000000001,11.493],"arrayvoltage":[3.04,26.273000000000003,45.004],"chargecurrent":[0.0,0.111,2.194],"chargestate":[3.0,5.0,6.0],"loadpower":[0.0,0.0,0.0],"batterytemp":[12.0,15.0,22.0],"triggerrate":[null,null,null],"triggersremaining":[null,null,null],"crcerrors":[5.0,null,5.0]}