{"datalatency":[10.057005],"sensoruptime":[0.011666666666666667,null,0.03805555555555556],"battvoltage":[14.478,11.234000000000002,10.595999999999998],"arrayvoltage":[37.396,31.866,44.562],"chargecurrent":[2.353,0.34299999999999997,2.6889999999999996],"chargestate":[5.0,5.0,7.0],"loadpower":[14.810571000000001,15.689470000000002,0.0],"batterytemp":[7.0,1.0,16.0],"triggerrate":[null,0.0,0.0],"triggersremaining":[0.0,null,0.0],"crcerrors":[0.0,0.0,1.0]}