{"datalatency":[37.782578],"sensoruptime":[null,null,null],"battvoltage":[12.450999999999999,12.436,10.477],"arrayvoltage":[13.062000000000001,0.8909999999999999,43.57899999999999],"chargecurrent":[0.0,0.0,2.897],"chargestate":[5.0,3.0,7.0],"loadpower":[0.0,0.0,0.0],"batterytemp":[13.0,13.0,24.0],"triggerrate":[null,null,null],"triggersremaining":[null,null,null],"crcerrors":[28.0,null,20.0]}