{"datalatency":[7.132245],"sensoruptime":[12.5475,11.5475,null],"battvoltage":[12.329,12.378,12.1],"arrayvoltage":[0.0,0.08199999999999999,18.439],"chargecurrent":[0.005,0.005,9.9],"ledstate":[6.0,6.0,8.0],"loadpower":[24.732536,24.355647,5.933112000000001],"batterytemp":[30.0,31.0,52.0],"triggerrate":[0.0,0.0,null],"triggersremaining":[14663.0,14664.0,null],"crcerrors":[0.0,0.0,0.0]}