{"datalatency":[8.209762000000001],"sensoruptime":[null,1.7769444444444444,114.10888888888888],"battvoltage":[11.664000000000001,11.502,11.469000000000001],"arrayvoltage":[0.589,0.589,35.4],"chargecurrent":[0.0,0.0,6.643],"chargestate":[3.0,3.0,5.0],"loadpower":[0.0,14.14781,0.0],"batterytemp":[14.0,14.0,27.0],"triggerrate":[null,0.8,1.6],"triggersremaining":[null,21767.0,21935.0],"crcerrors":[0.0,0.0,0.0]}