{"datalatency":[20.774932],"sensoruptime":[16.982222222222223,15.985277777777778,null],"battvoltage":[12.177,12.204,12.177],"arrayvoltage":[0.024,0.046,20.032],"chargecurrent":[0.005,0.005,7.09],"chargestate":[3.0,3.0,7.0],"loadpower":[24.729256,25.799844000000004,11.041264],"batterytemp":[25.0,25.0,47.0],"triggerrate":[null,null,null],"triggersremaining":[22489.0,22490.0,null],"crcerrors":[null,null,0.0]}