{"datalatency":[12.235459],"sensoruptime":[18.113888888888887,17.114166666666666,null],"battvoltage":[11.911,11.950999999999999,11.798],"arrayvoltage":[0.0,0.0,17.526],"chargecurrent":[0.002,0.005,10.419],"chargestate":[3.0,3.0,5.0],"loadpower":[22.96507,23.070355000000003,6.167125],"batterytemp":[26.0,26.0,49.0],"triggerrate":[0.0,0.0,null],"triggersremaining":[21172.0,21172.0,null],"crcerrors":[0.0,0.0,0.0]}