{"datalatency":[19.858398],"sensoruptime":[263.99583333333334,262.99611111111113,263.99583333333334],"battvoltage":[13.097999999999999,13.046,11.874],"arrayvoltage":[14.752,14.651,17.432000000000002],"chargecurrent":[8.728,8.627,9.39],"ledstate":[8.0,8.0,8.0],"loadpower":[23.3478,23.407200000000003,22.057204000000002],"batterytemp":[55.0,55.0,55.0],"triggerrate":[0.2,0.0,2.8],"triggersremaining":[3298.0,3308.0,3769.0],"crcerrors":[0.0,0.0,0.0]}