{"datalatency":[8.292923],"sensoruptime":[102.74388888888889,101.76055555555556,102.74388888888889],"battvoltage":[11.725,11.725,11.725],"arrayvoltage":[1.089,1.1840000000000002,34.863],"chargecurrent":[0.0,0.0,1.423],"chargestate":[3.0,3.0,5.0],"loadpower":[13.646898000000002,14.149740000000001,12.790060000000002],"batterytemp":[14.0,13.0,16.0],"triggerrate":[0.0,0.2,0.6],"triggersremaining":[21943.0,21948.0,22032.0],"crcerrors":[0.0,0.0,0.0]}