{"datalatency":[22.096022],"sensoruptime":[312.0238888888889,311.02416666666664,312.0238888888889],"battvoltage":[12.299000000000001,12.262,12.183],"arrayvoltage":[16.455,13.959000000000001,18.463],"chargecurrent":[0.7509999999999999,0.20800000000000002,9.376],"ledstate":[6.0,6.0,6.0],"loadpower":[22.777222000000002,23.331346,21.533700000000003],"batterytemp":[25.0,23.0,50.0],"triggerrate":[0.0,0.0,1.2000000000000002],"triggersremaining":[12628.0,12629.0,12639.0],"crcerrors":[0.0,0.0,2.0]}