{"datalatency":[25.9694],"sensoruptime":[3.037777777777778,2.038611111111111,null],"battvoltage":[12.732000000000001,12.918,12.642999999999999],"arrayvoltage":[28.754,29.443,42.218],"chargecurrent":[1.08,1.348,2.839],"chargestate":[5.0,7.0,7.0],"loadpower":[14.908425000000001,14.189448000000002,0.0],"batterytemp":[27.0,29.0,32.0],"triggerrate":[14.4,16.0,null],"triggersremaining":[16794.0,17676.0,null],"crcerrors":[0.0,0.0,2.0]}