{"datalatency":[7.960124],"sensoruptime":[27.59861111111111,26.615277777777777,27.59861111111111],"battvoltage":[14.267000000000001,14.215,11.49],"arrayvoltage":[41.388000000000005,40.958,42.996],"chargecurrent":[3.877,3.935,15.0],"chargestate":[6.0,6.0,6.0],"loadpower":[11.271174000000002,12.912587999999998,9.117872],"batterytemp":[26.0,28.0,29.0],"triggerrate":[0.0,0.0,0.4],"triggersremaining":[18420.0,18420.0,18434.0],"crcerrors":[0.0,0.0,0.0]}