{"datalatency":[13.486757],"sensoruptime":[36.780833333333334,35.780833333333334,36.780833333333334],"battvoltage":[12.027000000000001,12.097000000000001,11.652000000000001],"arrayvoltage":[5.468999999999999,13.171,17.334],"chargecurrent":[0.005,0.184,11.398],"chargestate":[3.0,5.0,6.0],"loadpower":[24.024,24.16827,21.713829000000004],"batterytemp":[34.0,41.0,52.0],"triggerrate":[1.2000000000000002,0.0,8.4],"triggersremaining":[20932.0,21011.0,21391.0],"crcerrors":[0.0,0.0,0.0]}