{"datalatency":[8.665756],"sensoruptime":[69.25333333333333,68.27,69.25333333333333],"battvoltage":[12.244000000000002,12.259,12.18],"arrayvoltage":[0.76,0.653,40.146],"chargecurrent":[0.0,0.0,10.228],"chargestate":[3.0,3.0,6.0],"loadpower":[14.028957,14.298039000000001,8.80245],"batterytemp":[15.0,15.0,34.0],"triggerrate":[0.0,0.0,0.2],"triggersremaining":[21641.0,21641.0,21648.0],"crcerrors":[0.0,0.0,0.0]}