{"datalatency":[8.391775],"sensoruptime":[40.42388888888889,39.44083333333333,40.42388888888889],"battvoltage":[12.375,12.415,12.112],"arrayvoltage":[0.598,0.58,41.489],"chargecurrent":[0.0,0.0,11.902999999999999],"chargestate":[3.0,3.0,6.0],"loadpower":[13.603088000000003,13.548096000000001,9.02565],"batterytemp":[16.0,16.0,35.0],"triggerrate":[0.0,0.0,0.4],"triggersremaining":[21650.0,21651.0,21668.0],"crcerrors":[0.0,0.0,0.0]}