{"datalatency":[7.271006000000001],"sensoruptime":[21.54611111111111,20.54611111111111,null],"battvoltage":[12.1,12.064,12.054],"arrayvoltage":[16.168,14.45,18.439],"chargecurrent":[0.9590000000000001,0.271,9.9],"ledstate":[8.0,8.0,8.0],"loadpower":[23.933285999999995,24.053922000000007,5.933112000000001],"batterytemp":[30.0,28.0,52.0],"triggerrate":[0.0,0.0,null],"triggersremaining":[14661.0,14661.0,null],"crcerrors":[0.0,0.0,0.0]}