{"datalatency":[21.134890000000002],"sensoruptime":[38.03277777777778,37.03277777777778,38.03277777777778],"battvoltage":[11.752,11.758,11.745999999999999],"arrayvoltage":[0.107,0.317,17.337],"chargecurrent":[0.005,0.002,10.720999999999998],"ledstate":[8.0,8.0,8.0],"loadpower":[23.788624000000002,24.208505999999996,21.698432000000004],"batterytemp":[30.0,30.0,49.0],"triggerrate":[0.2,0.0,16.8],"triggersremaining":[43.0,45.0,1312.0],"crcerrors":[1.9999768521197672,0.0,2.0]}