{"datalatency":[3.8211150000000003],"sensoruptime":[2.785833333333333,1.788888888888889,7.988333333333333],"battvoltage":[11.911,11.829,11.798],"arrayvoltage":[17.191,12.762,17.730999999999998],"chargecurrent":[1.5390000000000001,0.07200000000000001,11.344000000000001],"chargestate":[5.0,5.0,6.0],"loadpower":[23.694282000000005,24.932828,6.167125],"batterytemp":[24.0,23.0,47.0],"triggerrate":[1.2000000000000002,2.4000000000000004,15.600000000000001],"triggersremaining":[21435.0,21504.0,22150.0],"crcerrors":[0.0,0.0,0.0]}