{"datalatency":[77.921402],"sensoruptime":[37.18611111111111,36.18611111111111,37.18611111111111],"battvoltage":[12.274000000000001,12.292,12.14],"arrayvoltage":[0.0,0.0,17.337],"chargecurrent":[0.005,0.024,9.245],"ledstate":[6.0,6.0,6.0],"loadpower":[22.951875,23.38112,22.116975999999998],"batterytemp":[28.0,28.0,55.0],"triggerrate":[0.0,0.0,0.2],"triggersremaining":[6323.0,6323.0,6329.0],"crcerrors":[0.0,0.0,0.0]}