{"datalatency":[9.401628],"sensoruptime":[5.671944444444445,4.675,6.051944444444445],"battvoltage":[13.623,12.424000000000001,11.285],"arrayvoltage":[17.48,14.502,19.519000000000002],"chargecurrent":[3.09,1.9569999999999999,7.916],"ledstate":[5.0,6.0,11.0],"loadpower":[25.613896,27.965375999999996,0.0],"batterytemp":[47.0,44.0,51.0],"triggerrate":[0.0,0.0,1.2000000000000002],"triggersremaining":[14566.0,14566.0,14569.0],"crcerrors":[0.0,0.0,0.0]}