{"datalatency":[9.939718000000001],"sensoruptime":[null,null,4.153611111111111],"battvoltage":[14.087,14.059000000000001,12.704],"arrayvoltage":[41.006,42.59,44.955],"chargecurrent":[0.348,0.193,2.194],"chargestate":[7.0,7.0,7.0],"loadpower":[0.0,0.0,0.0],"batterytemp":[12.0,13.0,22.0],"triggerrate":[null,null,59.0],"triggersremaining":[null,null,16283.0],"crcerrors":[4.0,null,5.0]}