{"datalatency":[7.9748410000000005],"sensoruptime":[59.749722222222225,58.749722222222225,59.749722222222225],"battvoltage":[12.375,12.415,12.115],"arrayvoltage":[0.616,0.647,42.861999999999995],"chargecurrent":[0.002,0.0,7.356],"chargestate":[3.0,3.0,6.0],"loadpower":[14.062266,13.820543999999998,8.875646],"batterytemp":[13.0,13.0,30.0],"triggerrate":[0.2,0.2,0.6],"triggersremaining":[22193.0,22199.0,22244.0],"crcerrors":[0.0,0.0,0.0]}