{"datalatency":[21.502864000000002],"sensoruptime":[291.86,290.86305555555555,291.86],"battvoltage":[13.357999999999999,13.202,12.183],"arrayvoltage":[15.335,15.380999999999998,18.463],"chargecurrent":[8.252,8.557,9.091000000000001],"ledstate":[6.0,6.0,6.0],"loadpower":[22.372429000000004,22.6941,21.642846000000002],"batterytemp":[43.0,39.0,53.0],"triggerrate":[0.0,0.0,2.4000000000000004],"triggersremaining":[12639.0,12639.0,12664.0],"crcerrors":[0.0,0.0,2.0]}