{"datalatency":[24.2176],"sensoruptime":[9.817222222222222,8.82,null],"battvoltage":[12.454,12.558,12.450999999999999],"arrayvoltage":[10.617,15.332,20.032],"chargecurrent":[0.005,0.435,7.09],"chargestate":[3.0,5.0,7.0],"loadpower":[24.12002,24.355023,11.041264],"batterytemp":[33.0,40.0,47.0],"triggerrate":[null,null,null],"triggersremaining":[22491.0,22491.0,null],"crcerrors":[null,null,0.0]}