{"datalatency":[19.604663000000002],"sensoruptime":[544.6572222222222,543.6575,544.6572222222222],"battvoltage":[11.649000000000001,11.682,11.606],"arrayvoltage":[0.021,0.021,17.575],"chargecurrent":[0.005,0.002,11.448],"ledstate":[10.0,8.0,10.0],"loadpower":[24.329960000000003,23.91183,22.237292000000004],"batterytemp":[28.0,29.0,51.0],"triggerrate":[0.0,0.0,2.4000000000000004],"triggersremaining":[11256.0,11257.0,11312.0],"crcerrors":[0.0,0.0,2.0]}