{"datalatency":[8.002813],"sensoruptime":[60.58277777777778,59.59972222222222,60.58277777777778],"battvoltage":[12.375,12.384,12.115],"arrayvoltage":[0.629,0.644,42.861999999999995],"chargecurrent":[0.002,0.0,7.356],"chargestate":[3.0,3.0,6.0],"loadpower":[13.541368,14.204448000000001,8.875646],"batterytemp":[13.0,13.0,30.0],"triggerrate":[0.0,0.0,0.6],"triggersremaining":[22188.0,22194.0,22240.0],"crcerrors":[0.0,0.0,0.0]}