{"datalatency":[19.511495],"sensoruptime":[241.83333333333334,240.83388888888888,241.83333333333334],"battvoltage":[12.329,12.405,11.993],"arrayvoltage":[16.262999999999998,16.116,16.653],"chargecurrent":[2.1519999999999997,2.447,9.992],"ledstate":[6.0,6.0,8.0],"loadpower":[23.58988,23.527728000000003,21.95131],"batterytemp":[40.0,39.0,55.0],"triggerrate":[0.8,2.2,17.6],"triggersremaining":[3595.0,3668.0,5171.0],"crcerrors":[0.0,0.0,0.0]}