{"datalatency":[5.3481510000000005],"sensoruptime":[11.880833333333333,10.880833333333333,null],"battvoltage":[12.369000000000002,12.408,12.1],"arrayvoltage":[0.07,0.107,18.439],"chargecurrent":[0.002,0.005,9.9],"ledstate":[6.0,6.0,8.0],"loadpower":[24.503931000000005,23.769773999999998,5.933112000000001],"batterytemp":[31.0,33.0,52.0],"triggerrate":[0.0,0.0,null],"triggersremaining":[14664.0,14664.0,null],"crcerrors":[0.0,0.0,0.0]}