{"datalatency":[6.980657000000001],"sensoruptime":[null,null,61.55722222222222],"battvoltage":[12.9,12.14,12.027000000000001],"arrayvoltage":[16.452,16.217,18.439],"chargecurrent":[5.216,0.498,12.030999999999999],"ledstate":[8.0,8.0,10.0],"loadpower":[6.9523909999999995,8.5845,5.933112000000001],"batterytemp":[33.0,29.0,56.0],"triggerrate":[null,null,1.2000000000000002],"triggersremaining":[null,null,20759.0],"crcerrors":[null,null,1.0]}