{"datalatency":[7.880168],"sensoruptime":[13.7675,12.767777777777777,31.859444444444446],"battvoltage":[11.798,11.838,11.465],"arrayvoltage":[0.735,0.754,42.996],"chargecurrent":[0.0,0.0,15.002],"chargestate":[3.0,3.0,6.0],"loadpower":[14.584269,13.746840000000002,0.0],"batterytemp":[5.0,6.0,28.0],"triggerrate":[0.2,0.0,2.0],"triggersremaining":[18426.0,18428.0,18578.0],"crcerrors":[1.0,0.0,4.0]}