{"datalatency":[7.922142000000001],"sensoruptime":[21.754722222222224,20.755,null],"battvoltage":[14.209000000000001,14.290999999999999,12.07],"arrayvoltage":[41.388000000000005,41.388000000000005,42.725],"chargecurrent":[3.8480000000000003,4.88,7.474],"chargestate":[6.0,6.0,7.0],"loadpower":[11.21109,9.1702,0.0],"batterytemp":[28.0,25.0,28.0],"triggerrate":[0.0,0.0,null],"triggersremaining":[22259.0,22262.0,null],"crcerrors":[0.0,0.0,0.0]}