{"datalatency":[7.814881000000001],"sensoruptime":[null,null,31.859444444444446],"battvoltage":[11.682,11.661,11.465],"arrayvoltage":[0.946,1.19,34.238],"chargecurrent":[0.0,0.0,1.4709999999999999],"chargestate":[3.0,3.0,5.0],"loadpower":[0.0,0.0,0.0],"batterytemp":[13.0,15.0,20.0],"triggerrate":[null,null,2.0],"triggersremaining":[null,null,18628.0],"crcerrors":[1.0,null,4.0]}