{"datalatency":[18.050685],"sensoruptime":[27.204166666666666,26.22111111111111,27.204166666666666],"battvoltage":[13.092,13.33,12.14],"arrayvoltage":[15.378,15.142999999999999,17.526],"chargecurrent":[3.445,5.501,9.245],"ledstate":[6.0,6.0,6.0],"loadpower":[23.58936,23.107310999999996,22.116975999999998],"batterytemp":[54.0,53.0,55.0],"triggerrate":[0.0,0.0,0.2],"triggersremaining":[6326.0,6326.0,6334.0],"crcerrors":[0.0,0.0,0.0]}