{"datalatency":[37.956535],"sensoruptime":[null,null,null],"battvoltage":[12.534,12.549000000000001,10.443],"arrayvoltage":[1.044,1.123,45.523],"chargecurrent":[0.0,0.002,2.6189999999999998],"chargestate":[3.0,3.0,7.0],"loadpower":[0.0,0.0,0.0],"batterytemp":[0.0,0.0,10.0],"triggerrate":[null,null,null],"triggersremaining":[null,null,null],"crcerrors":[7.0,null,1.0]}