{"datalatency":[12.698083],"sensoruptime":[46.44277777777778,45.44277777777778,46.44277777777778],"battvoltage":[11.606,11.645999999999999,11.6],"arrayvoltage":[12.549000000000001,0.0,17.334],"chargecurrent":[0.005,0.002,11.398],"chargestate":[3.0,3.0,6.0],"loadpower":[22.961771,23.39956,21.713829000000004],"batterytemp":[25.0,25.0,52.0],"triggerrate":[0.0,0.0,6.0],"triggersremaining":[20760.0,20760.0,21171.0],"crcerrors":[0.0,0.0,1.0]}