{"datalatency":[7.844387],"sensoruptime":[15.267222222222221,14.2675,31.859444444444446],"battvoltage":[11.755,11.786,11.465],"arrayvoltage":[0.7020000000000001,0.723,42.996],"chargecurrent":[0.0,0.0,15.002],"chargestate":[3.0,3.0,6.0],"loadpower":[13.693578000000002,13.701444,0.0],"batterytemp":[3.0,4.0,28.0],"triggerrate":[0.0,0.0,2.0],"triggersremaining":[18426.0,18426.0,18549.0],"crcerrors":[0.0,0.0,4.0]}