{"datalatency":[7.506887000000001],"sensoruptime":[16.728055555555557,15.728333333333333,227.69416666666666],"battvoltage":[11.800999999999998,11.800999999999998,11.755],"arrayvoltage":[32.477,32.477,34.238],"chargecurrent":[1.0290000000000001,1.0,1.4709999999999999],"chargestate":[5.0,5.0,5.0],"loadpower":[13.812694,13.78892,13.27326],"batterytemp":[20.0,20.0,20.0],"triggerrate":[0.2,0.0,24.0],"triggersremaining":[18584.0,18587.0,20211.0],"crcerrors":[2.0,0.0,3.0]}