{"datalatency":[7.868096],"sensoruptime":[1.5852777777777778,0.5852777777777778,11.270277777777778],"battvoltage":[14.6,14.095999999999998,11.154000000000002],"arrayvoltage":[41.663000000000004,19.342,42.471000000000004],"chargecurrent":[1.979,2.1430000000000002,4.329],"chargestate":[6.0,5.0,6.0],"loadpower":[13.936052,13.293986,0.0],"batterytemp":[15.0,7.0,28.0],"triggerrate":[0.0,0.0,0.4],"triggersremaining":[18392.0,18392.0,18401.0],"crcerrors":[0.0,0.0,0.0]}