{"datalatency":[12.303338],"sensoruptime":[22.28,21.280277777777776,null],"battvoltage":[11.743,11.798,11.734000000000002],"arrayvoltage":[12.012,0.0,17.526],"chargecurrent":[0.005,0.005,10.419],"chargestate":[3.0,3.0,5.0],"loadpower":[23.390586000000003,22.9047,6.167125],"batterytemp":[25.0,25.0,49.0],"triggerrate":[0.0,0.0,null],"triggersremaining":[21171.0,21171.0,null],"crcerrors":[0.0,0.0,0.0]}