{"datalatency":[11.806129],"sensoruptime":[17.235,16.238055555555555,null],"battvoltage":[12.122,12.14,11.264000000000001],"arrayvoltage":[0.214,0.107,19.733],"chargecurrent":[0.002,0.005,9.152999999999999],"ledstate":[6.0,6.0,11.0],"loadpower":[23.680391999999998,23.734496,0.0],"batterytemp":[29.0,29.0,53.0],"triggerrate":[0.0,0.0,null],"triggersremaining":[13515.0,13515.0,null],"crcerrors":[0.0,0.0,2.0]}