{"datalatency":[21.366324000000002],"sensoruptime":[41.032222222222224,40.0325,41.032222222222224],"battvoltage":[11.682,11.719000000000001,11.682],"arrayvoltage":[0.107,0.107,17.337],"chargecurrent":[0.005,0.002,10.720999999999998],"ledstate":[8.0,8.0,8.0],"loadpower":[24.156899999999997,23.655089999999998,21.698432000000004],"batterytemp":[30.0,30.0,49.0],"triggerrate":[0.0,0.2,16.8],"triggersremaining":[41.0,41.0,1308.0],"crcerrors":[1.9999768521197672,0.0,2.0]}