{"datalatency":[7.981614],"sensoruptime":[18.266666666666666,17.28361111111111,31.859444444444446],"battvoltage":[11.645999999999999,11.685,11.465],"arrayvoltage":[0.684,0.684,42.996],"chargecurrent":[0.0,0.0,15.002],"chargestate":[3.0,3.0,6.0],"loadpower":[14.092634000000002,13.907994,0.0],"batterytemp":[2.0,3.0,28.0],"triggerrate":[0.0,0.0,1.0],"triggersremaining":[18425.0,18425.0,18452.0],"crcerrors":[0.0,0.0,4.0]}