{"datalatency":[5.511146],"sensoruptime":[14.546944444444444,13.547222222222222,null],"battvoltage":[12.253,12.292,12.1],"arrayvoltage":[0.021,0.009000000000000001,18.439],"chargecurrent":[0.005,0.002,9.9],"ledstate":[6.0,6.0,8.0],"loadpower":[24.371830999999997,23.823199999999996,5.933112000000001],"batterytemp":[29.0,29.0,52.0],"triggerrate":[0.0,0.0,null],"triggersremaining":[14663.0,14663.0,null],"crcerrors":[0.0,0.0,0.0]}