{"datalatency":[22.582927],"sensoruptime":[15.649444444444445,14.649444444444445,null],"battvoltage":[12.216,12.253,12.216],"arrayvoltage":[0.052000000000000005,0.061,20.032],"chargecurrent":[0.005,0.005,7.09],"chargestate":[3.0,3.0,7.0],"loadpower":[24.591060000000002,24.482,11.041264],"batterytemp":[25.0,25.0,47.0],"triggerrate":[null,null,null],"triggersremaining":[22490.0,22490.0,null],"crcerrors":[null,null,0.0]}