{"datalatency":[10.260753000000001],"sensoruptime":[0.013333333333333334,null,null],"battvoltage":[11.42,12.491,10.352],"arrayvoltage":[25.875999999999998,11.807,44.562],"chargecurrent":[0.031,0.0,2.6889999999999996],"chargestate":[5.0,5.0,7.0],"loadpower":[14.293280000000001,0.0,0.0],"batterytemp":[0.0,0.0,16.0],"triggerrate":[null,null,null],"triggersremaining":[0.0,null,null],"crcerrors":[0.0,null,1.0]}