{"datalatency":[7.582924],"sensoruptime":[3.7575,2.7577777777777777,null],"battvoltage":[12.567,13.87,12.299000000000001],"arrayvoltage":[26.761,41.495,44.162],"chargecurrent":[0.133,1.505,2.483],"chargestate":[7.0,7.0,7.0],"loadpower":[13.690404000000003,14.086923000000002,0.0],"batterytemp":[15.0,19.0,19.0],"triggerrate":[0.2,0.0,null],"triggersremaining":[22378.0,22380.0,null],"crcerrors":[0.0,0.0,0.0]}