{"datalatency":[18.816491000000003],"sensoruptime":[116.52388888888889,115.52388888888889,116.52388888888889],"battvoltage":[12.674000000000001,13.058,12.216],"arrayvoltage":[14.694,15.475,18.340999999999998],"chargecurrent":[1.1840000000000002,5.399,7.815],"ledstate":[6.0,6.0,6.0],"loadpower":[24.229735999999995,23.121112000000004,21.885253],"batterytemp":[47.0,41.0,55.0],"triggerrate":[0.0,0.0,0.4],"triggersremaining":[6283.0,6288.0,6296.0],"crcerrors":[0.0,0.0,0.0]}