{"datalatency":[10.861070000000002],"sensoruptime":[null,null,12.61],"battvoltage":[13.718,12.972999999999999,11.31],"arrayvoltage":[19.156,16.553,19.949],"chargecurrent":[4.0489999999999995,1.901,12.057],"ledstate":[5.0,6.0,11.0],"loadpower":[7.4294080000000005,8.128204,0.0],"batterytemp":[44.0,41.0,46.0],"triggerrate":[null,null,2.4000000000000004],"triggersremaining":[null,null,14647.0],"crcerrors":[0.0,null,0.0]}