{"datalatency":[23.025856],"sensoruptime":[337.3536111111111,336.3536111111111,337.3536111111111],"battvoltage":[12.259,12.14,12.109000000000002],"arrayvoltage":[15.759,16.214000000000002,18.704],"chargecurrent":[1.261,0.387,11.622],"ledstate":[6.0,6.0,6.0],"loadpower":[23.123249,22.519944000000002,20.870528999999998],"batterytemp":[28.0,27.0,44.0],"triggerrate":[0.0,0.0,1.2000000000000002],"triggersremaining":[12622.0,12622.0,12628.0],"crcerrors":[0.0,0.0,2.0]}