{"datalatency":[6.368885000000001],"sensoruptime":[25.712222222222223,24.715,25.712222222222223],"battvoltage":[12.216,12.177,12.054],"arrayvoltage":[16.843,16.702,18.340999999999998],"chargecurrent":[2.082,1.8,9.9],"ledstate":[8.0,8.0,8.0],"loadpower":[23.452192000000004,23.46768,21.60339],"batterytemp":[34.0,34.0,52.0],"triggerrate":[0.0,0.0,1.2000000000000002],"triggersremaining":[14660.0,14660.0,14672.0],"crcerrors":[0.0,0.0,0.0]}