{"datalatency":[21.046892],"sensoruptime":[53.51277777777778,52.51305555555555,53.51277777777778],"battvoltage":[11.71,11.752,11.707],"arrayvoltage":[0.0,0.0,17.78],"chargecurrent":[0.002,0.002,7.774],"ledstate":[8.0,8.0,8.0],"loadpower":[24.43698,23.812038000000005,22.552155],"batterytemp":[25.0,25.0,40.0],"triggerrate":[0.0,0.0,7.200004464002768],"triggersremaining":[22183.0,22183.0,22427.0],"crcerrors":[null,null,0.0]}