{"datalatency":[14.318582000000001],"sensoruptime":[3.0608333333333335,2.0636111111111113,null],"battvoltage":[11.603,11.655,11.328],"arrayvoltage":[0.10400000000000001,0.107,19.949],"chargecurrent":[0.005,0.005,9.745],"ledstate":[10.0,10.0,10.0],"loadpower":[24.163285999999996,23.632160000000002,5.908896],"batterytemp":[28.0,30.0,51.0],"triggerrate":[0.0,0.0,null],"triggersremaining":[14568.0,14568.0,null],"crcerrors":[0.0,0.0,0.0]}