{"datalatency":[18.152375000000003],"sensoruptime":[560.8216666666667,559.8216666666667,560.8216666666667],"battvoltage":[11.53,11.603,11.523],"arrayvoltage":[15.82,16.074,17.575],"chargecurrent":[0.515,0.986,6.726],"ledstate":[10.0,10.0,10.0],"loadpower":[22.795308,23.521904,21.929781999999996],"batterytemp":[29.0,30.0,49.0],"triggerrate":[0.0,0.0,2.4000000000000004],"triggersremaining":[11252.0,11253.0,11276.0],"crcerrors":[0.0,0.0,2.0]}