{"datalatency":[12.067335],"sensoruptime":[5.4494444444444445,4.4494444444444445,7.988333333333333],"battvoltage":[12.369000000000002,12.253,11.798],"arrayvoltage":[17.239,17.239,17.730999999999998],"chargecurrent":[3.45,3.029,11.344000000000001],"chargestate":[5.0,5.0,6.0],"loadpower":[22.52152,22.491972000000004,6.167125],"batterytemp":[34.0,31.0,47.0],"triggerrate":[0.0,0.0,15.600000000000001],"triggersremaining":[21429.0,21429.0,22150.0],"crcerrors":[0.0,0.0,0.0]}