{"datalatency":[7.625570000000001],"sensoruptime":[26.211944444444445,25.215,26.211944444444445],"battvoltage":[12.137,12.142999999999999,12.054],"arrayvoltage":[16.748,16.262999999999998,18.340999999999998],"chargecurrent":[1.389,1.517,9.9],"ledstate":[8.0,8.0,8.0],"loadpower":[23.548199999999998,23.758752,21.60339],"batterytemp":[33.0,34.0,52.0],"triggerrate":[0.0,0.0,1.2000000000000002],"triggersremaining":[14660.0,14660.0,14672.0],"crcerrors":[0.0,0.0,0.0]}