{"datalatency":[20.897697],"sensoruptime":[10.483611111111111,9.486666666666666,null],"battvoltage":[12.424000000000001,12.482000000000001,12.418],"arrayvoltage":[0.107,13.379000000000001,20.032],"chargecurrent":[0.002,0.06,7.09],"chargestate":[3.0,5.0,7.0],"loadpower":[24.426602999999997,24.788372000000006,11.041264],"batterytemp":[30.0,35.0,47.0],"triggerrate":[null,null,null],"triggersremaining":[22491.0,22491.0,null],"crcerrors":[null,null,0.0]}