{"datalatency":[9.868216],"sensoruptime":[10.374166666666667,9.377222222222223,49.00611111111111],"battvoltage":[11.493,11.624,11.444],"arrayvoltage":[0.003,0.003,19.531],"chargecurrent":[0.005,0.002,12.99],"ledstate":[10.0,10.0,10.0],"loadpower":[24.099429999999998,23.843432000000004,5.941168],"batterytemp":[24.0,24.0,41.0],"triggerrate":[0.0,0.0,2.4000000000000004],"triggersremaining":[14585.0,14585.0,14654.0],"crcerrors":[0.0,0.0,0.0]}