{"datalatency":[13.584201],"sensoruptime":[69.72694444444444,68.72972222222222,69.72694444444444],"battvoltage":[11.987,12.0,11.984000000000002],"arrayvoltage":[12.869000000000002,0.125,17.000999999999998],"chargecurrent":[0.06,0.002,10.545],"ledstate":[8.0,8.0,8.0],"loadpower":[26.033649999999998,23.8063,21.262392999999996],"batterytemp":[27.0,27.0,52.0],"triggerrate":[0.0,0.0,4.800000000000001],"triggersremaining":[13097.0,13097.0,13273.0],"crcerrors":[0.0,0.0,2.0]}