{"datalatency":[9.655836],"sensoruptime":[0.005833333333333334,0.006944444444444444,1.2466666666666666],"battvoltage":[13.208,13.970999999999998,10.352],"arrayvoltage":[29.147,42.681999999999995,44.562],"chargecurrent":[1.597,1.476,2.6889999999999996],"chargestate":[7.0,7.0,7.0],"loadpower":[15.287271999999998,13.717816000000003,0.0],"batterytemp":[13.0,16.0,16.0],"triggerrate":[null,0.0,0.0],"triggersremaining":[0.0,0.0,0.0],"crcerrors":[0.0,0.0,1.0]}