{"datalatency":[61.507768000000006],"sensoruptime":[null,0.14722222222222223,20.630555555555556],"battvoltage":[12.613,11.752,11.517000000000001],"arrayvoltage":[15.283,15.14,17.288],"chargecurrent":[7.095,0.9470000000000001,10.940999999999999],"ledstate":[8.0,10.0,10.0],"loadpower":[6.569370000000001,23.788624000000002,6.079374],"batterytemp":[43.0,37.0,53.0],"triggerrate":[null,0.0,1.6],"triggersremaining":[null,0.0,31.0],"crcerrors":[1.0,0.0,1.0]}