{"datalatency":[54.512089],"sensoruptime":[65.51472222222222,64.53166666666667,65.51472222222222],"battvoltage":[12.253,12.225,12.219000000000001],"arrayvoltage":[15.677,13.724,17.917],"chargecurrent":[0.358,0.22899999999999998,9.262],"ledstate":[6.0,6.0,6.0],"loadpower":[22.047206999999997,24.408,21.796613999999998],"batterytemp":[30.0,29.0,58.0],"triggerrate":[0.0,0.0,0.2],"triggersremaining":[6316.0,6316.0,6322.0],"crcerrors":[0.0,0.0,0.0]}