{"datalatency":[7.561636000000001],"sensoruptime":[176.5702777777778,175.58694444444444,176.5702777777778],"battvoltage":[12.604000000000001,12.982000000000001,12.183],"arrayvoltage":[13.217,29.3,43.121],"chargecurrent":[0.0,1.193,10.794],"chargestate":[5.0,5.0,6.0],"loadpower":[13.729716000000002,14.207060000000002,8.98432],"batterytemp":[14.0,20.0,29.0],"triggerrate":[0.0,0.0,0.6],"triggersremaining":[20366.0,20368.0,20406.0],"crcerrors":[0.0,0.0,0.0]}