{"datalatency":[15.193420000000001],"sensoruptime":[113.22055555555555,112.22055555555555,113.22055555555555],"battvoltage":[12.177,12.204,12.057],"arrayvoltage":[0.107,0.107,17.825],"chargecurrent":[0.005,0.002,10.327],"ledstate":[6.0,6.0,8.0],"loadpower":[23.415700000000005,23.658980000000003,21.192338],"batterytemp":[30.0,31.0,54.0],"triggerrate":[0.0,0.0,1.2000000000000002],"triggersremaining":[13079.0,13079.0,13087.0],"crcerrors":[0.0,0.0,2.0]}