{"datalatency":[7.988836000000001],"sensoruptime":[51.08416666666667,50.100833333333334,51.08416666666667],"battvoltage":[13.335999999999999,14.235999999999999,12.115],"arrayvoltage":[37.204,38.718,42.861999999999995],"chargecurrent":[1.906,2.22,7.356],"chargestate":[5.0,6.0,6.0],"loadpower":[13.747944,13.043862,8.875646],"batterytemp":[23.0,27.0,30.0],"triggerrate":[0.0,0.0,0.6],"triggersremaining":[22210.0,22211.0,22255.0],"crcerrors":[0.0,0.0,0.0]}