{"datalatency":[11.894114],"sensoruptime":[20.567777777777778,19.570833333333333,null],"battvoltage":[12.064,12.073,11.264000000000001],"arrayvoltage":[0.0,0.0,19.733],"chargecurrent":[0.002,0.002,9.152999999999999],"ledstate":[8.0,8.0,11.0],"loadpower":[23.499449999999996,23.583806999999997,0.0],"batterytemp":[28.0,28.0,53.0],"triggerrate":[0.0,0.0,null],"triggersremaining":[13513.0,13514.0,null],"crcerrors":[0.0,0.0,2.0]}