{"datalatency":[11.298761],"sensoruptime":[16.46527777777778,15.465555555555556,null],"battvoltage":[11.569,11.620999999999999,11.569],"arrayvoltage":[0.0,0.0,19.736],"chargecurrent":[0.002,0.002,12.392999999999999],"chargestate":[3.0,3.0,6.0],"loadpower":[23.200432,23.385098000000003,6.808707000000001],"batterytemp":[21.0,21.0,44.0],"triggerrate":[0.0,0.0,null],"triggersremaining":[22150.0,22151.0,null],"crcerrors":[0.0,0.0,0.0]}