{"datalatency":[19.525512000000003],"sensoruptime":[236.36833333333334,235.3686111111111,236.36833333333334],"battvoltage":[12.14,12.14,11.950999999999999],"arrayvoltage":[0.0,0.0,18.372],"chargecurrent":[0.005,0.002,8.75],"ledstate":[6.0,6.0,8.0],"loadpower":[23.366104,23.46768,21.252608000000002],"batterytemp":[22.0,23.0,52.0],"triggerrate":[0.0,0.0,1.2000000000000002],"triggersremaining":[12677.0,12678.0,12684.0],"crcerrors":[0.0,0.0,2.0]}