{"datalatency":[8.240629],"sensoruptime":[82.24666666666667,81.26333333333334,82.24666666666667],"battvoltage":[12.03,12.054,12.03],"arrayvoltage":[0.7509999999999999,0.6990000000000001,35.016],"chargecurrent":[0.0,0.0,2.8360000000000003],"chargestate":[3.0,3.0,5.0],"loadpower":[13.968000000000002,13.989318,13.31694],"batterytemp":[12.0,12.0,20.0],"triggerrate":[0.0,0.0,4.4],"triggersremaining":[21997.0,22009.0,22202.0],"crcerrors":[0.0,0.0,0.0]}