{"datalatency":[46.077531],"sensoruptime":[44.48305555555555,43.483333333333334,44.48305555555555],"battvoltage":[12.296,12.305,12.292],"arrayvoltage":[13.312000000000001,7.401,18.448],"chargecurrent":[0.121,0.002,9.011000000000001],"ledstate":[6.0,6.0,6.0],"loadpower":[23.43024,23.38112,21.981199999999998],"batterytemp":[27.0,28.0,53.0],"triggerrate":[0.0,0.0,0.2],"triggersremaining":[7047.0,7048.0,7053.0],"crcerrors":[0.0,0.0,0.0]}