{"datalatency":[13.761736],"sensoruptime":[359.68638888888887,358.68944444444446,359.68638888888887],"battvoltage":[12.14,12.1,12.064],"arrayvoltage":[16.553,15.68,17.633],"chargecurrent":[0.879,0.309,12.229000000000001],"ledstate":[8.0,8.0,8.0],"loadpower":[23.246299999999998,22.764338999999996,21.612250999999997],"batterytemp":[26.0,24.0,44.0],"triggerrate":[0.0,0.0,1.2000000000000002],"triggersremaining":[12617.0,12617.0,12623.0],"crcerrors":[0.0,0.0,2.0]}