{"datalatency":[77.91334400000001],"sensoruptime":[29.520555555555557,28.520555555555557,29.520555555555557],"battvoltage":[12.457,12.520999999999999,12.14],"arrayvoltage":[10.297,14.798,17.337],"chargecurrent":[0.005,0.225,9.245],"ledstate":[6.0,6.0,6.0],"loadpower":[23.635133,23.616286000000002,22.116975999999998],"batterytemp":[37.0,47.0,55.0],"triggerrate":[0.0,0.0,0.2],"triggersremaining":[6325.0,6325.0,6331.0],"crcerrors":[0.0,0.0,0.0]}