{"datalatency":[38.067928],"sensoruptime":[0.3047222222222222,0.2986111111111111,0.8833333333333333],"battvoltage":[14.575,14.752,10.26],"arrayvoltage":[43.231,32.278,43.533],"chargecurrent":[2.259,2.491,3.411],"chargestate":[6.0,6.0,6.0],"loadpower":[12.7312,14.468777000000001,0.0],"batterytemp":[16.0,10.0,19.0],"triggerrate":[0.0,0.0,0.0],"triggersremaining":[0.0,0.0,0.0],"crcerrors":[0.0,0.0,0.0]}