{"datalatency":[8.793889],"sensoruptime":[135.40972222222223,134.40972222222223,135.40972222222223],"battvoltage":[12.03,12.036,12.03],"arrayvoltage":[0.61,0.7390000000000001,34.378],"chargecurrent":[0.0,0.0,12.84],"chargestate":[3.0,3.0,5.0],"loadpower":[13.968000000000002,13.943999999999999,10.0584],"batterytemp":[17.0,18.0,33.0],"triggerrate":[0.2,0.0,6.4],"triggersremaining":[20476.0,20480.0,21487.0],"crcerrors":[0.0,0.0,0.0]}