{"datalatency":[63.812628000000004],"sensoruptime":[131.005,130.0052777777778,131.005],"battvoltage":[12.369000000000002,12.392999999999999,12.216],"arrayvoltage":[0.0,0.015,18.167],"chargecurrent":[0.005,0.005,7.931],"ledstate":[6.0,6.0,6.0],"loadpower":[23.676012,23.737797000000004,21.885253],"batterytemp":[32.0,32.0,57.0],"triggerrate":[0.0,0.0,0.6],"triggersremaining":[6259.0,6259.0,6291.0],"crcerrors":[0.0,0.0,0.0]}