{"datalatency":[8.283704],"sensoruptime":[93.57833333333333,92.59527777777778,93.57833333333333],"battvoltage":[11.914000000000001,11.88,11.815999999999999],"arrayvoltage":[33.260999999999996,32.324,35.016],"chargecurrent":[0.5770000000000001,0.853,2.8360000000000003],"chargestate":[5.0,5.0,5.0],"loadpower":[13.836468000000002,13.88009,12.913230000000002],"batterytemp":[15.0,14.0,20.0],"triggerrate":[0.0,0.0,4.4],"triggersremaining":[21956.0,21957.0,22122.0],"crcerrors":[0.0,0.0,0.0]}