{"datalatency":[7.804884],"sensoruptime":[23.727222222222224,22.727222222222224,23.727222222222224],"battvoltage":[11.685,11.687999999999999,11.685],"arrayvoltage":[1.166,1.1320000000000001,34.238],"chargecurrent":[0.0,0.0,1.4709999999999999],"chargestate":[3.0,3.0,5.0],"loadpower":[13.768098,14.304366,13.408536],"batterytemp":[17.0,18.0,20.0],"triggerrate":[0.0,0.0,23.2],"triggersremaining":[18579.0,18579.0,19233.0],"crcerrors":[2.0,0.0,3.0]}