{"datalatency":[75.73679200000001],"sensoruptime":[62.31388888888889,61.31388888888889,62.31388888888889],"battvoltage":[12.445,12.482000000000001,12.274000000000001],"arrayvoltage":[0.021,0.021,18.410999999999998],"chargecurrent":[0.002,0.005,7.945],"ledstate":[6.0,6.0,6.0],"loadpower":[24.032989,23.740976000000003,21.948113000000003],"batterytemp":[30.0,30.0,55.0],"triggerrate":[0.0,0.0,0.4],"triggersremaining":[7040.0,7040.0,7049.0],"crcerrors":[0.0,0.0,0.0]}