{"datalatency":[18.04275],"sensoruptime":[196.87416666666667,195.87444444444444,196.87416666666667],"battvoltage":[12.9,12.780999999999999,11.800999999999998],"arrayvoltage":[15.378,15.475,18.445],"chargecurrent":[8.842,8.437999999999999,11.195],"ledstate":[8.0,8.0,8.0],"loadpower":[22.540654,22.304237999999998,21.692814],"batterytemp":[46.0,42.0,53.0],"triggerrate":[0.0,0.0,1.2000000000000002],"triggersremaining":[12688.0,12689.0,12700.0],"crcerrors":[0.0,0.0,2.0]}