{"datalatency":[9.805559],"sensoruptime":[6.0505555555555555,5.0505555555555555,20.196666666666665],"battvoltage":[13.663,13.385,11.224],"arrayvoltage":[18.982,15.817,19.736],"chargecurrent":[3.237,3.805,8.165],"ledstate":[5.0,6.0,11.0],"loadpower":[25.687683999999997,26.069197,0.0],"batterytemp":[46.0,44.0,49.0],"triggerrate":[0.0,0.0,1.2000000000000002],"triggersremaining":[14558.0,14558.0,14563.0],"crcerrors":[0.0,0.0,0.0]}