{"datalatency":[59.400062000000005],"sensoruptime":[8.046666666666667,7.063611111111111,null],"battvoltage":[12.375,12.415,12.369000000000002],"arrayvoltage":[0.281,13.48,19.632],"chargecurrent":[0.005,0.152,7.9],"ledstate":[6.0,6.0,6.0],"loadpower":[23.700726000000003,24.104384999999997,5.802676],"batterytemp":[34.0,37.0,49.0],"triggerrate":[0.2,0.0,null],"triggersremaining":[22329.0,22330.0,null],"crcerrors":[0.0,0.0,0.0]}