{"datalatency":[8.515474000000001],"sensoruptime":[80.75166666666667,79.75166666666667,80.75166666666667],"battvoltage":[12.450999999999999,12.494000000000002,12.183],"arrayvoltage":[2.106,24.410999999999998,38.708],"chargecurrent":[0.0,0.057999999999999996,8.752],"chargestate":[3.0,5.0,6.0],"loadpower":[13.563732,13.646724,9.957479999999999],"batterytemp":[20.0,22.0,34.0],"triggerrate":[0.0,0.0,0.6],"triggersremaining":[21603.0,21604.0,21645.0],"crcerrors":[0.0,0.0,0.0]}