{"datalatency":[38.076247],"sensoruptime":[null,null,null],"battvoltage":[12.399000000000001,12.415,10.26],"arrayvoltage":[0.6559999999999999,0.644,34.711],"chargecurrent":[0.0,0.002,1.672],"chargestate":[3.0,3.0,5.0],"loadpower":[0.0,0.0,0.0],"batterytemp":[7.0,7.0,19.0],"triggerrate":[null,null,null],"triggersremaining":[null,null,null],"crcerrors":[0.0,null,0.0]}