{"datalatency":[6.265816],"sensoruptime":[12.380833333333333,11.380833333333333,null],"battvoltage":[12.35,12.405,12.1],"arrayvoltage":[0.018000000000000002,0.08199999999999999,18.439],"chargecurrent":[0.005,0.005,9.9],"ledstate":[6.0,6.0,8.0],"loadpower":[23.500836000000003,23.428872000000002,5.933112000000001],"batterytemp":[30.0,31.0,52.0],"triggerrate":[0.0,0.0,null],"triggersremaining":[14663.0,14664.0,null],"crcerrors":[0.0,0.0,0.0]}