{"datalatency":[13.464447000000002],"sensoruptime":[null,null,152.8761111111111],"battvoltage":[11.652000000000001,11.655,11.453],"arrayvoltage":[0.156,0.32,18.973],"chargecurrent":[0.002,0.005,7.525],"chargestate":[3,3,6],"loadpower":[0.0,0.0,0.0],"batterytemp":[20,21,39],"triggerrate":[null,null,null],"triggersremaining":[null,null,15188.0],"crcerrors":[null,null,0.0]}