{"datalatency":[7.571976],"sensoruptime":[171.90416666666667,170.92111111111112,171.90416666666667],"battvoltage":[14.294,14.258,12.183],"arrayvoltage":[42.553999999999995,42.516999999999996,43.121],"chargecurrent":[2.991,3.662,10.794],"chargestate":[6.0,6.0,6.0],"loadpower":[13.233990000000002,11.592519999999999,8.596613999999999],"batterytemp":[25.0,26.0,30.0],"triggerrate":[0.0,0.0,0.8],"triggersremaining":[20369.0,20369.0,20457.0],"crcerrors":[0.0,0.0,0.0]}