{"datalatency":[8.292582000000001],"sensoruptime":[6.118055555555555,5.134722222222222,114.10888888888888],"battvoltage":[11.767999999999999,11.800999999999998,11.469000000000001],"arrayvoltage":[0.742,12.439,35.4],"chargecurrent":[0.0,0.0,6.643],"chargestate":[3.0,5.0,5.0],"loadpower":[13.693578000000002,13.701444,0.0],"batterytemp":[18.0,19.0,27.0],"triggerrate":[0.0,0.0,0.8],"triggersremaining":[21906.0,21919.0,21952.0],"crcerrors":[0.0,0.0,0.0]}