{"datalatency":[10.194277000000001],"sensoruptime":[null,null,null],"battvoltage":[14.084000000000001,14.059000000000001,12.72],"arrayvoltage":[41.0,41.711000000000006,42.108000000000004],"chargecurrent":[0.16699999999999998,0.188,0.575],"chargestate":[7.0,7.0,7.0],"loadpower":[0.0,0.0,0.0],"batterytemp":[13.0,13.0,14.0],"triggerrate":[null,null,null],"triggersremaining":[null,null,null],"crcerrors":[null,null,null]}