{"datalatency":[8.577633],"sensoruptime":[99.5825,98.5825,99.5825],"battvoltage":[13.354000000000001,13.989,12.03],"arrayvoltage":[33.789,34.131,41.65],"chargecurrent":[3.5610000000000004,7.2620000000000005,11.832],"chargestate":[5.0,5.0,6.0],"loadpower":[11.594624999999999,11.1328,9.0954],"batterytemp":[29.0,32.0,34.0],"triggerrate":[0.0,0.0,0.6],"triggersremaining":[21527.0,21529.0,21624.0],"crcerrors":[0.0,0.0,0.0]}