{"datalatency":[37.660844000000004],"sensoruptime":[9.046944444444444,8.063611111111111,9.046944444444444],"battvoltage":[13.970999999999998,14.300999999999998,10.709000000000001],"arrayvoltage":[37.158,40.967,43.448],"chargecurrent":[1.935,2.445,5.0760000000000005],"chargestate":[5.0,6.0,8.0],"loadpower":[14.519208,12.363216,0.0],"batterytemp":[21.0,25.0,26.0],"triggerrate":[16.2,0.4,19.2],"triggersremaining":[11444.0,11609.0,11680.0],"crcerrors":[0.0,0.0,0.0]}