{"datalatency":[8.356987],"sensoruptime":[1.4877777777777779,0.5061111111111111,null],"battvoltage":[12.564,12.109000000000002,11.307],"arrayvoltage":[27.829,32.031,40.985],"chargecurrent":[0.631,0.43700000000000006,3.0660000000000003],"chargestate":[5.0,5.0,6.0],"loadpower":[15.29148,14.066940000000002,0.0],"batterytemp":[27.0,27.0,27.0],"triggerrate":[10.2,9.8,null],"triggersremaining":[20755.0,21276.0,null],"crcerrors":[3.0,1.0,3.0]}