{"datalatency":[13.839075000000001],"sensoruptime":[362.51944444444445,361.52222222222224,362.51944444444445],"battvoltage":[12.833,12.677,12.064],"arrayvoltage":[16.119,16.214000000000002,17.633],"chargecurrent":[5.527,3.67,12.229000000000001],"ledstate":[8.0,8.0,8.0],"loadpower":[22.624525,22.715925000000002,21.612250999999997],"batterytemp":[38.0,34.0,44.0],"triggerrate":[0.0,0.0,1.2000000000000002],"triggersremaining":[12616.0,12616.0,12622.0],"crcerrors":[0.0,0.0,2.0]}