{"datalatency":[8.315572000000001],"sensoruptime":[null,3.3361111111111112,null],"battvoltage":[12.375,12.421,11.307],"arrayvoltage":[13.540999999999999,24.158,39.163000000000004],"chargecurrent":[0.0,0.06,3.0660000000000003],"chargestate":[5.0,5.0,6.0],"loadpower":[14.1956,18.415998,0.0],"batterytemp":[22.0,26.0,27.0],"triggerrate":[null,22.0,null],"triggersremaining":[null,19069.0,null],"crcerrors":[4.0,1.0,4.0]}