{"datalatency":[19.08798],"sensoruptime":[146.3527777777778,145.35305555555556,146.3527777777778],"battvoltage":[13.205,12.634,12.253],"arrayvoltage":[14.937999999999999,15.475,18.066],"chargecurrent":[4.984,1.7730000000000001,9.651],"ledstate":[6.0,6.0,6.0],"loadpower":[23.101936,24.543955000000004,22.10415],"batterytemp":[52.0,46.0,57.0],"triggerrate":[0.0,0.0,1.6],"triggersremaining":[6186.0,6194.0,6282.0],"crcerrors":[0.0,0.0,0.0]}