{"datalatency":[37.730343000000005],"sensoruptime":[0.01361111111111111,2.080277777777778,9.396944444444445],"battvoltage":[13.785,14.386,10.477],"arrayvoltage":[41.418,41.943000000000005,43.57899999999999],"chargecurrent":[1.8090000000000002,2.189,2.897],"chargestate":[7.0,6.0,7.0],"loadpower":[14.128164000000003,17.271881999999998,0.0],"batterytemp":[22.0,22.0,26.0],"triggerrate":[0.0,56.0,58.6],"triggersremaining":[0.0,1942.0,11614.0],"crcerrors":[22.0,15.0,20.0]}