{"datalatency":[37.727141],"sensoruptime":[1.8902777777777777,0.9072222222222223,7.746944444444445],"battvoltage":[12.145999999999999,14.300999999999998,10.802999999999999],"arrayvoltage":[31.549,32.574,38.15],"chargecurrent":[1.087,2.524,3.1860000000000004],"chargestate":[5.0,5.0,6.0],"loadpower":[13.356252000000001,14.665448000000003,0.0],"batterytemp":[26.0,24.0,28.0],"triggerrate":[0.0,0.0,null],"triggersremaining":[11687.0,11687.0,12014.0],"crcerrors":[0.0,0.0,0.0]}