{"datalatency":[14.259361],"sensoruptime":[32.948055555555555,31.948055555555555,32.948055555555555],"battvoltage":[12.902999999999999,12.482000000000001,11.652000000000001],"arrayvoltage":[15.767999999999999,14.502,17.526],"chargecurrent":[7.8629999999999995,2.138,11.398],"chargestate":[5.0,5.0,6.0],"loadpower":[25.239364,23.635133,21.713829000000004],"batterytemp":[50.0,50.0,51.0],"triggerrate":[0.0,0.0,8.4],"triggersremaining":[21055.0,21056.0,21426.0],"crcerrors":[0.0,0.0,0.0]}