{"datalatency":[12.292915],"sensoruptime":[325.02472222222224,324.02777777777777,325.02472222222224],"battvoltage":[12.329,12.369000000000002,12.253],"arrayvoltage":[0.073,11.687999999999999,18.753],"chargecurrent":[0.002,0.0,11.622],"ledstate":[6.0,6.0,6.0],"loadpower":[23.89498,24.09615,20.870528999999998],"batterytemp":[28.0,30.0,44.0],"triggerrate":[0.0,0.0,1.2000000000000002],"triggersremaining":[12625.0,12625.0,12631.0],"crcerrors":[0.0,0.0,2.0]}