{"datalatency":[12.068345],"sensoruptime":[27.23361111111111,26.23361111111111,27.23361111111111],"battvoltage":[12.494000000000002,12.634,11.892999999999999],"arrayvoltage":[15.915,16.229,19.733],"chargecurrent":[2.897,3.74,9.152999999999999],"ledstate":[8.0,8.0,8.0],"loadpower":[21.981544,22.181328,21.514706],"batterytemp":[42.0,37.0,53.0],"triggerrate":[0.0,0.0,20.400000000000002],"triggersremaining":[13511.0,13511.0,14550.0],"crcerrors":[0.0,0.0,2.0]}