{"datalatency":[77.627437],"sensoruptime":[32.151666666666664,31.151944444444446,32.151666666666664],"battvoltage":[13.052,13.47,12.308],"arrayvoltage":[15.14,16.016,18.448],"chargecurrent":[3.196,5.119,9.011000000000001],"ledstate":[6.0,6.0,6.0],"loadpower":[23.407200000000003,23.11785,21.981199999999998],"batterytemp":[51.0,52.0,54.0],"triggerrate":[0.0,0.0,0.2],"triggersremaining":[7050.0,7051.0,7060.0],"crcerrors":[0.0,0.0,0.0]}