{"datalatency":[7.676430000000001],"sensoruptime":[211.23194444444445,210.23222222222222,211.23194444444445],"battvoltage":[12.259,12.299000000000001,12.106],"arrayvoltage":[0.909,0.894,41.711000000000006],"chargecurrent":[0.0,0.0,9.777000000000001],"chargestate":[3.0,3.0,6.0],"loadpower":[14.151267,14.255415999999999,9.02565],"batterytemp":[13.0,13.0,34.0],"triggerrate":[0.2,0.0,0.6],"triggersremaining":[20319.0,20328.0,20357.0],"crcerrors":[0.0,0.0,0.0]}