{"datalatency":[10.224312000000001],"sensoruptime":[null,0.006111111111111111,null],"battvoltage":[12.567,11.062999999999999,10.352],"arrayvoltage":[11.917,10.538,44.562],"chargecurrent":[0.0,0.0,2.6889999999999996],"chargestate":[5.0,5.0,7.0],"loadpower":[0.0,14.407060999999999,0.0],"batterytemp":[4.0,7.0,16.0],"triggerrate":[null,0.0,null],"triggersremaining":[null,0.0,null],"crcerrors":[0.0,null,1.0]}