{"datalatency":[7.791157],"sensoruptime":[6.3966666666666665,5.396944444444444,227.69416666666666],"battvoltage":[11.914000000000001,11.914000000000001,11.905],"arrayvoltage":[1.23,0.867,36.472],"chargecurrent":[0.0,0.0,3.503],"chargestate":[3.0,3.0,5.0],"loadpower":[13.812694,13.872129000000001,9.995777999999998],"batterytemp":[16.0,16.0,18.0],"triggerrate":[0.2,0.2,24.0],"triggersremaining":[18652.0,18659.0,20328.0],"crcerrors":[2.0,0.0,3.0]}