{"datalatency":[12.919426000000001],"sensoruptime":[352.0208333333333,351.0211111111111,352.0208333333333],"battvoltage":[12.198,12.225,12.109000000000002],"arrayvoltage":[0.085,0.067,17.633],"chargecurrent":[0.005,0.005,12.229000000000001],"ledstate":[6.0,6.0,6.0],"loadpower":[23.804948,23.61474,21.612250999999997],"batterytemp":[24.0,25.0,44.0],"triggerrate":[0.0,0.0,1.2000000000000002],"triggersremaining":[12618.0,12619.0,12624.0],"crcerrors":[0.0,0.0,2.0]}