{"datalatency":[8.437628],"sensoruptime":[79.4186111111111,78.4186111111111,79.4186111111111],"battvoltage":[12.517999999999999,12.604000000000001,12.183],"arrayvoltage":[23.483,30.371,38.708],"chargecurrent":[0.019,0.9159999999999999,8.752],"chargestate":[5.0,5.0,6.0],"loadpower":[14.034131,13.856388,9.957479999999999],"batterytemp":[23.0,27.0,34.0],"triggerrate":[0.0,0.0,0.6],"triggersremaining":[21605.0,21610.0,21646.0],"crcerrors":[0.0,0.0,0.0]}