{"datalatency":[47.417199000000004],"sensoruptime":[null,null,2.133611111111111],"battvoltage":[13.87,13.965,11.838],"arrayvoltage":[32.074,32.077,44.098],"chargecurrent":[1.662,1.735,4.486000000000001],"chargestate":[5.0,5.0,8.0],"loadpower":[0.0,0.0,0.0],"batterytemp":[21.0,21.0,24.0],"triggerrate":[null,null,1.0],"triggersremaining":[null,null,19701.0],"crcerrors":[0.0,null,0.0]}