{"datalatency":[6.720415],"sensoruptime":[null,null,12.61],"battvoltage":[12.149000000000001,11.633,11.31],"arrayvoltage":[1.285,12.558,19.949],"chargecurrent":[0.005,0.08900000000000001,12.057],"ledstate":[10.0,10.0,11.0],"loadpower":[8.475813999999998,7.948764,0.0],"batterytemp":[31.0,39.0,50.0],"triggerrate":[null,null,2.4000000000000004],"triggersremaining":[null,null,14592.0],"crcerrors":[null,null,0.0]}