{"datalatency":[8.244788],"sensoruptime":[101.41055555555556,100.41083333333333,101.41055555555556],"battvoltage":[11.734000000000002,11.761,11.725],"arrayvoltage":[1.111,1.178,34.863],"chargecurrent":[0.0,0.0,1.423],"chargestate":[3.0,3.0,5.0],"loadpower":[13.810614000000001,13.717046000000003,12.790060000000002],"batterytemp":[13.0,13.0,16.0],"triggerrate":[0.0,0.0,0.8],"triggersremaining":[21951.0,21952.0,22057.0],"crcerrors":[0.0,0.0,0.0]}