{"datalatency":[78.453396],"sensoruptime":[75.18,74.18,75.18],"battvoltage":[13.177,13.280999999999999,12.216],"arrayvoltage":[15.380999999999998,17.374000000000002,17.965999999999998],"chargecurrent":[3.498,4.1739999999999995,8.001],"ledstate":[6.0,5.0,6.0],"loadpower":[23.524160000000002,22.947844,21.730287],"batterytemp":[57.0,58.0,58.0],"triggerrate":[0.2,0.0,0.6],"triggersremaining":[6306.0,6309.0,6320.0],"crcerrors":[0.0,0.0,0.0]}