{"datalatency":[8.045848000000001],"sensoruptime":[22.421388888888888,21.438055555555554,null],"battvoltage":[14.267000000000001,14.212,12.07],"arrayvoltage":[41.388000000000005,41.476000000000006,42.725],"chargecurrent":[3.4589999999999996,3.805,7.474],"chargestate":[6.0,6.0,7.0],"loadpower":[11.370756,8.72505,0.0],"batterytemp":[26.0,28.0,28.0],"triggerrate":[0.0,0.0,null],"triggersremaining":[22257.0,22259.0,null],"crcerrors":[0.0,0.0,0.0]}