{"datalatency":[37.793705],"sensoruptime":[0.05722222222222222,null,7.746944444444445],"battvoltage":[11.300999999999998,12.35,10.802999999999999],"arrayvoltage":[30.666999999999998,13.324000000000002,33.400999999999996],"chargecurrent":[0.715,0.0,2.329],"chargestate":[5.0,5.0,6.0],"loadpower":[13.899776000000001,0.0,0.0],"batterytemp":[21.0,20.0,28.0],"triggerrate":[0.0,null,null],"triggersremaining":[11687.0,null,12014.0],"crcerrors":[0.0,0.0,0.0]}