{"datalatency":[20.25354],"sensoruptime":[6.435833333333333,5.436111111111111,329.74861111111113],"battvoltage":[12.32,12.75,11.911],"arrayvoltage":[16.309,15.82,17.825],"chargecurrent":[0.449,3.097,9.615],"ledstate":[6.0,6.0,8.0],"loadpower":[23.25832,23.095488000000003,5.735975000000001],"batterytemp":[48.0,53.0,57.0],"triggerrate":[1.0,0.0,14.8],"triggersremaining":[1882.0,1894.0,2784.0],"crcerrors":[0.0,0.0,0.0]}