{"datalatency":[53.390612000000004],"sensoruptime":[null,null,null],"battvoltage":[12.674000000000001,12.674000000000001,12.520999999999999],"arrayvoltage":[0.024,0.449,20.914],"chargecurrent":[0.005,0.005,4.172],"ledstate":[6.0,6.0,6.0],"loadpower":[7.432594000000002,7.673172,5.666772999999999],"batterytemp":[32.0,34.0,46.0],"triggerrate":[null,null,null],"triggersremaining":[null,null,null],"crcerrors":[null,null,null]}