{"datalatency":[10.298461000000001],"sensoruptime":[null,null,null],"battvoltage":[12.835999999999999,12.857000000000001,12.735],"arrayvoltage":[0.525,0.519,44.855],"chargecurrent":[0.0,0.0,0.609],"chargestate":[3.0,3.0,7.0],"loadpower":[0.0,0.0,0.0],"batterytemp":[8.0,10.0,25.0],"triggerrate":[null,null,null],"triggersremaining":[null,null,null],"crcerrors":[null,null,null]}