{"datalatency":[19.060552],"sensoruptime":[6.02,5.020277777777777,31.89388888888889],"battvoltage":[12.149000000000001,12.200999999999999,12.064],"arrayvoltage":[0.0,0.0,18.692],"chargecurrent":[0.005,0.002,11.344000000000001],"ledstate":[6.0,6.0,8.0],"loadpower":[23.940672,24.473968000000003,7.371546],"batterytemp":[24.0,24.0,48.0],"triggerrate":[0.0,0.0,16.800115584795222],"triggersremaining":[22433.0,22433.0,22489.0],"crcerrors":[null,null,0.0]}