{"datalatency":[19.636036],"sensoruptime":[222.17138888888888,221.17138888888888,222.17138888888888],"battvoltage":[12.216,12.228,12.03],"arrayvoltage":[0.04,9.244,16.995],"chargecurrent":[0.002,0.012,8.74],"ledstate":[6.0,6.0,8.0],"loadpower":[24.292190999999995,23.822208,22.120514],"batterytemp":[32.0,34.0,55.0],"triggerrate":[0.4,1.0,17.6],"triggersremaining":[4170.0,4185.0,5638.0],"crcerrors":[0.0,0.0,0.0]}