{"datalatency":[14.935513],"sensoruptime":[52.28638888888889,51.28916666666667,52.28638888888889],"battvoltage":[12.600999999999999,12.445,11.499],"arrayvoltage":[15.036,15.628,18.410999999999998],"chargecurrent":[8.221,6.742000000000001,11.398],"ledstate":[10.0,10.0,10.0],"loadpower":[22.65636,22.369365,21.727188],"batterytemp":[46.0,40.0,52.0],"triggerrate":[0.0,0.0,6.0],"triggersremaining":[20758.0,20759.0,21080.0],"crcerrors":[0.0,0.0,1.0]}