{"datalatency":[26.044307],"sensoruptime":[null,null,null],"battvoltage":[13.834000000000001,12.604000000000001,11.99],"arrayvoltage":[31.65,17.444000000000003,42.218],"chargecurrent":[1.196,0.0,2.839],"chargestate":[5.0,5.0,7.0],"loadpower":[0.0,0.0,0.0],"batterytemp":[8.0,8.0,32.0],"triggerrate":[null,null,null],"triggersremaining":[null,null,null],"crcerrors":[1.0,null,3.0]}