{"datalatency":[14.177712000000001],"sensoruptime":[372.8511111111111,371.8513888888889,372.8511111111111],"battvoltage":[12.270999999999999,12.296,12.064],"arrayvoltage":[0.08900000000000001,12.890999999999998,17.78],"chargecurrent":[0.002,0.012,10.61],"ledstate":[6.0,6.0,8.0],"loadpower":[24.041324,23.97056,20.806074],"batterytemp":[30.0,35.0,52.0],"triggerrate":[0.0,0.0,4.800000000000001],"triggersremaining":[12609.0,12610.0,12619.0],"crcerrors":[0.0,0.0,2.0]}