{"datalatency":[8.109925],"sensoruptime":[33.25333333333333,32.27,33.25333333333333],"battvoltage":[12.436,12.457,12.07],"arrayvoltage":[0.574,0.568,41.821000000000005],"chargecurrent":[0.0,0.002,7.474],"chargestate":[3.0,3.0,6.0],"loadpower":[14.153099999999998,13.580112000000002,8.72505],"batterytemp":[5.0,6.0,28.0],"triggerrate":[0.0,0.0,1.4],"triggersremaining":[22247.0,22248.0,22356.0],"crcerrors":[0.0,0.0,0.0]}