{"datalatency":[11.243052],"sensoruptime":[15.132222222222222,14.1325,null],"battvoltage":[11.645999999999999,11.682,11.569],"arrayvoltage":[0.0,0.0,19.736],"chargecurrent":[0.005,0.002,12.392999999999999],"chargestate":[3.0,3.0,6.0],"loadpower":[23.439556999999997,23.76012,6.808707000000001],"batterytemp":[22.0,23.0,44.0],"triggerrate":[0.0,0.0,null],"triggersremaining":[22151.0,22151.0,null],"crcerrors":[0.0,0.0,0.0]}