{"datalatency":[8.107569],"sensoruptime":[37.91916666666667,36.919444444444444,37.91916666666667],"battvoltage":[12.259,12.299000000000001,12.07],"arrayvoltage":[0.626,0.61,41.821000000000005],"chargecurrent":[0.002,0.0,7.474],"chargestate":[3.0,3.0,6.0],"loadpower":[13.588640999999999,14.108199999999998,8.72505],"batterytemp":[3.0,3.0,28.0],"triggerrate":[0.0,0.0,1.4],"triggersremaining":[22235.0,22240.0,22324.0],"crcerrors":[0.0,0.0,0.0]}