{"datalatency":[46.062798],"sensoruptime":[44.81638888888889,43.81666666666667,44.81638888888889],"battvoltage":[12.296,12.299000000000001,12.292],"arrayvoltage":[13.388,12.975999999999999,18.448],"chargecurrent":[0.155,0.017,9.011000000000001],"ledstate":[6.0,6.0,6.0],"loadpower":[23.233759999999997,23.67584,21.981199999999998],"batterytemp":[28.0,27.0,53.0],"triggerrate":[0.0,0.0,0.2],"triggersremaining":[7047.0,7048.0,7053.0],"crcerrors":[0.0,0.0,0.0]}