{"datalatency":[8.359413],"sensoruptime":[0.48944444444444446,0.5905555555555555,null],"battvoltage":[11.812999999999999,12.408,11.578],"arrayvoltage":[29.764,27.298000000000002,40.985],"chargecurrent":[0.633,0.319,3.0660000000000003],"chargestate":[5.0,5.0,6.0],"loadpower":[13.722396000000003,15.37564,0.0],"batterytemp":[27.0,25.0,27.0],"triggerrate":[9.6,7.0,null],"triggersremaining":[21285.0,21768.0,null],"crcerrors":[2.0,2.0,2.0]}