{"datalatency":[7.692970000000001],"sensoruptime":[209.89888888888888,208.91555555555556,209.89888888888888],"battvoltage":[12.299000000000001,12.335,12.106],"arrayvoltage":[0.961,0.8640000000000001,41.711000000000006],"chargecurrent":[0.0,0.0,9.777000000000001],"chargestate":[3.0,3.0,6.0],"loadpower":[14.16954,14.240356,9.02565],"batterytemp":[13.0,13.0,34.0],"triggerrate":[0.0,0.0,0.6],"triggersremaining":[20331.0,20332.0,20359.0],"crcerrors":[0.0,0.0,0.0]}