{"datalatency":[8.772306],"sensoruptime":[116.91333333333333,115.91361111111111,116.91333333333333],"battvoltage":[12.183,12.219000000000001,12.03],"arrayvoltage":[0.8390000000000001,0.8909999999999999,41.65],"chargecurrent":[0.0,0.0,11.832],"chargestate":[3.0,3.0,6.0],"loadpower":[14.148420000000002,14.167103999999998,8.207364000000002],"batterytemp":[21.0,21.0,32.0],"triggerrate":[0.0,0.0,0.6],"triggersremaining":[21470.0,21474.0,21553.0],"crcerrors":[0.0,0.0,0.0]}