{"datalatency":[15.767588000000002],"sensoruptime":[null,null,12.61],"battvoltage":[13.19,12.979000000000001,11.31],"arrayvoltage":[15.979000000000001,14.89,19.949],"chargecurrent":[3.7489999999999997,1.367,12.057],"ledstate":[6.0,6.0,11.0],"loadpower":[7.0813820000000005,9.27355,0.0],"batterytemp":[48.0,44.0,48.0],"triggerrate":[null,null,2.4000000000000004],"triggersremaining":[null,null,14641.0],"crcerrors":[0.0,null,0.0]}