{"datalatency":[8.222245000000001],"sensoruptime":[90.07888888888888,89.07888888888888,90.07888888888888],"battvoltage":[11.877,11.914000000000001,11.877],"arrayvoltage":[12.564,0.8029999999999999,35.016],"chargecurrent":[0.0,0.0,2.8360000000000003],"chargestate":[3.0,3.0,5.0],"loadpower":[13.789908000000004,13.812694,13.31694],"batterytemp":[11.0,11.0,20.0],"triggerrate":[0.0,0.0,4.4],"triggersremaining":[21966.0,21967.0,22151.0],"crcerrors":[0.0,0.0,0.0]}