{"datalatency":[10.071267],"sensoruptime":[null,null,null],"battvoltage":[12.759,13.91,10.595999999999998],"arrayvoltage":[13.280999999999999,31.345,43.347],"chargecurrent":[0.0,0.401,2.597],"chargestate":[5.0,7.0,7.0],"loadpower":[0.0,0.0,0.0],"batterytemp":[11.0,14.0,20.0],"triggerrate":[null,null,0.0],"triggersremaining":[null,null,null],"crcerrors":[0.0,null,1.0]}