{"datalatency":[19.693322000000002],"sensoruptime":[252.3311111111111,251.3311111111111,252.3311111111111],"battvoltage":[11.935,11.950999999999999,11.929],"arrayvoltage":[0.0,0.0,16.653],"chargecurrent":[0.002,0.005,9.992],"ledstate":[8.0,8.0,8.0],"loadpower":[23.833697000000004,23.70291,21.95131],"batterytemp":[28.0,29.0,50.0],"triggerrate":[0.0,0.0,8.0],"triggersremaining":[3318.0,3319.0,4164.0],"crcerrors":[0.0,0.0,0.0]}