{"datalatency":[11.131113000000001],"sensoruptime":[11.135555555555555,10.135833333333334,null],"battvoltage":[11.832,11.874,11.569],"arrayvoltage":[0.021,0.061,19.736],"chargecurrent":[0.002,0.002,12.392999999999999],"chargestate":[3.0,3.0,6.0],"loadpower":[26.641363000000002,24.488835,6.808707000000001],"batterytemp":[24.0,25.0,44.0],"triggerrate":[0.0,0.0,null],"triggersremaining":[22152.0,22160.0,null],"crcerrors":[0.0,0.0,0.0]}