{"datalatency":[7.6579820000000005],"sensoruptime":[191.9013888888889,190.9013888888889,191.9013888888889],"battvoltage":[12.921,12.241,12.106],"arrayvoltage":[18.75,37.549,43.121],"chargecurrent":[3.037,0.746,10.794],"chargestate":[5.0,5.0,6.0],"loadpower":[13.01385,13.339872,8.98432],"batterytemp":[11.0,5.0,29.0],"triggerrate":[0.0,0.0,0.4],"triggersremaining":[20355.0,20355.0,20371.0],"crcerrors":[0.0,0.0,0.0]}