{"datalatency":[19.733371],"sensoruptime":[254.33083333333335,253.3475,254.33083333333335],"battvoltage":[11.908,11.911,11.899000000000001],"arrayvoltage":[0.0,0.0,16.653],"chargecurrent":[0.005,0.005,9.992],"ledstate":[8.0,8.0,8.0],"loadpower":[23.895885000000003,24.000283,21.95131],"batterytemp":[28.0,28.0,50.0],"triggerrate":[0.0,0.0,8.0],"triggersremaining":[3318.0,3318.0,4164.0],"crcerrors":[0.0,0.0,0.0]}