{"datalatency":[11.187896],"sensoruptime":[6.466944444444445,5.466944444444445,null],"battvoltage":[12.064,12.177,11.569],"arrayvoltage":[15.384,15.380999999999998,19.736],"chargecurrent":[0.672,1.094,12.392999999999999],"chargestate":[5.0,5.0,6.0],"loadpower":[22.983597000000003,23.330552000000004,6.808707000000001],"batterytemp":[35.0,38.0,44.0],"triggerrate":[0.0,0.0,null],"triggersremaining":[22161.0,22162.0,null],"crcerrors":[0.0,0.0,0.0]}