{"datalatency":[7.508469000000001],"sensoruptime":[null,null,12.61],"battvoltage":[12.057,12.075999999999999,11.31],"arrayvoltage":[0.021,0.006,19.949],"chargecurrent":[0.002,0.005,12.057],"ledstate":[10.0,10.0,11.0],"loadpower":[8.554079999999999,8.80453,0.0],"batterytemp":[25.0,25.0,50.0],"triggerrate":[null,null,2.4000000000000004],"triggersremaining":[null,null,14585.0],"crcerrors":[null,null,0.0]}