{"datalatency":[7.656226],"sensoruptime":[200.56694444444443,199.5836111111111,200.56694444444443],"battvoltage":[12.61,12.796,12.106],"arrayvoltage":[12.024000000000001,28.726,41.711000000000006],"chargecurrent":[0.0,0.713,9.777000000000001],"chargestate":[5.0,5.0,6.0],"loadpower":[13.855093,13.997780000000002,9.02565],"batterytemp":[16.0,23.0,34.0],"triggerrate":[0.0,0.0,0.4],"triggersremaining":[20349.0,20351.0,20365.0],"crcerrors":[0.0,0.0,0.0]}