{"datalatency":[28.840149],"sensoruptime":[25.317222222222224,24.317222222222224,25.317222222222224],"battvoltage":[13.100999999999999,12.604000000000001,12.064],"arrayvoltage":[15.909,17.288,20.032],"chargecurrent":[7.856,3.6910000000000003,10.168],"chargestate":[5.0,5.0,7.0],"loadpower":[24.049307000000006,24.029789,22.619726999999994],"batterytemp":[39.0,34.0,47.0],"triggerrate":[null,null,null],"triggersremaining":[22487.0,22487.0,22493.0],"crcerrors":[null,null,0.0]}