{"datalatency":[15.555414],"sensoruptime":[410.84555555555556,409.84583333333336,410.84555555555556],"battvoltage":[12.83,12.714,12.020999999999999],"arrayvoltage":[15.142999999999999,15.677,18.317],"chargecurrent":[6.902,5.233,10.873],"ledstate":[8.0,8.0,8.0],"loadpower":[22.931124999999998,23.057502,20.983984000000003],"batterytemp":[44.0,36.0,52.0],"triggerrate":[0.0,0.0,1.2000000000000002],"triggersremaining":[12598.0,12598.0,12606.0],"crcerrors":[0.0,0.0,2.0]}