{"datalatency":[37.549574],"sensoruptime":[1.0480555555555555,0.065,5.173333333333333],"battvoltage":[12.597999999999999,12.091,10.287],"arrayvoltage":[36.279,28.76,38.15],"chargecurrent":[1.635,0.321,3.1860000000000004],"chargestate":[5.0,5.0,6.0],"loadpower":[13.834280000000001,14.035798,0.0],"batterytemp":[18.0,14.0,27.0],"triggerrate":[1.4,0.0,1.4],"triggersremaining":[11666.0,11674.0,11687.0],"crcerrors":[0.0,0.0,0.0]}