{"datalatency":[6.948737],"sensoruptime":[154.90694444444443,153.90694444444443,154.90694444444443],"battvoltage":[12.491,12.527000000000001,11.868],"arrayvoltage":[0.613,0.616,42.465],"chargecurrent":[0.0,0.0,15.0],"chargestate":[3.0,3.0,6.0],"loadpower":[13.818140000000001,13.671718,8.596613999999999],"batterytemp":[12.0,13.0,33.0],"triggerrate":[0.0,0.2,5.6],"triggersremaining":[20400.0,20400.0,20720.0],"crcerrors":[0.0,0.0,0.0]}