{"datalatency":[8.669048],"sensoruptime":[93.25,92.25,93.25],"battvoltage":[12.106,12.130999999999998,12.106],"arrayvoltage":[0.589,0.732,38.708],"chargecurrent":[0.0,0.0,8.752],"chargestate":[3.0,3.0,6.0],"loadpower":[14.035798,14.098368000000002,9.957479999999999],"batterytemp":[18.0,19.0,34.0],"triggerrate":[0.0,0.2,0.6],"triggersremaining":[21552.0,21557.0,21641.0],"crcerrors":[0.0,0.0,0.0]}