{"datalatency":[8.497776],"sensoruptime":[29.92527777777778,28.925555555555555,29.92527777777778],"battvoltage":[14.029000000000002,14.052999999999999,12.112],"arrayvoltage":[38.266,40.738,41.489],"chargecurrent":[3.503,3.694,11.902999999999999],"chargestate":[6.0,6.0,6.0],"loadpower":[9.727075999999999,9.499949999999998,9.02565],"batterytemp":[34.0,33.0,38.0],"triggerrate":[0.0,0.0,1.0],"triggersremaining":[21654.0,21654.0,21730.0],"crcerrors":[0.0,0.0,0.0]}