{"datalatency":[61.748501000000005],"sensoruptime":[null,null,null],"battvoltage":[13.712,13.248,12.177],"arrayvoltage":[15.189,15.770999999999999,18.215999999999998],"chargecurrent":[6.87,5.452000000000001,9.487],"ledstate":[6.0,6.0,6.0],"loadpower":[6.9818999999999996,6.954292000000001,5.838796],"batterytemp":[43.0,36.0,52.0],"triggerrate":[null,null,null],"triggersremaining":[null,null,null],"crcerrors":[null,null,null]}