{"datalatency":[8.716736000000001],"sensoruptime":[103.08194444444445,102.09861111111111,103.08194444444445],"battvoltage":[12.68,14.175,12.03],"arrayvoltage":[30.56,37.408,41.65],"chargecurrent":[1.123,4.053999999999999,11.832],"chargestate":[5.0,6.0,6.0],"loadpower":[13.896792,9.285212,8.207364000000002],"batterytemp":[25.0,29.0,32.0],"triggerrate":[0.2,0.0,0.6],"triggersremaining":[21509.0,21516.0,21608.0],"crcerrors":[0.0,0.0,0.0]}