{"datalatency":[16.163389000000002],"sensoruptime":[144.71583333333334,143.7186111111111,144.71583333333334],"battvoltage":[11.995999999999999,11.884,11.870999999999999],"arrayvoltage":[16.262999999999998,14.355,16.898],"chargecurrent":[1.848,0.358,10.972000000000001],"ledstate":[8.0,8.0,8.0],"loadpower":[23.596812,23.344464000000002,21.571521000000004],"batterytemp":[32.0,31.0,42.0],"triggerrate":[0.0,0.0,3.6],"triggersremaining":[12944.0,12945.0,13077.0],"crcerrors":[0.0,0.0,2.0]}