{"datalatency":[19.059888],"sensoruptime":[225.20333333333335,224.20638888888888,225.20333333333335],"battvoltage":[13.015999999999998,13.129000000000001,11.950999999999999],"arrayvoltage":[16.016,15.725999999999999,18.372],"chargecurrent":[4.836,6.489,8.75],"ledstate":[6.0,6.0,8.0],"loadpower":[22.458844,22.09212,21.252608000000002],"batterytemp":[52.0,52.0,52.0],"triggerrate":[0.0,0.0,1.2000000000000002],"triggersremaining":[12681.0,12681.0,12687.0],"crcerrors":[0.0,0.0,2.0]}