{"datalatency":[8.764703],"sensoruptime":[97.08277777777778,96.09944444444444,97.08277777777778],"battvoltage":[13.452,12.759,12.03],"arrayvoltage":[35.257,35.303000000000004,38.708],"chargecurrent":[7.8870000000000005,3.177,10.152999999999999],"chargestate":[5.0,5.0,6.0],"loadpower":[10.700800000000001,10.120000000000001,9.260525999999999],"batterytemp":[29.0,25.0,34.0],"triggerrate":[0.0,0.0,0.6],"triggersremaining":[21534.0,21536.0,21638.0],"crcerrors":[0.0,0.0,0.0]}