{"datalatency":[8.132759],"sensoruptime":[0.36972222222222223,null,11.33388888888889],"battvoltage":[14.297,14.355,10.427999999999999],"arrayvoltage":[39.251999999999995,41.846000000000004,43.015],"chargecurrent":[2.254,1.43,3.5439999999999996],"chargestate":[6.0,6.0,6.0],"loadpower":[12.411875,0.0,0.0],"batterytemp":[25.0,23.0,32.0],"triggerrate":[0.2,null,0.4],"triggersremaining":[22494.0,null,22496.0],"crcerrors":[0.0,0.0,0.0]}