{"datalatency":[8.060353000000001],"sensoruptime":[null,null,null],"battvoltage":[13.08,12.835999999999999,11.362],"arrayvoltage":[29.581,29.250999999999998,42.477],"chargecurrent":[1.044,0.609,2.3480000000000003],"chargestate":[5.0,5.0,6.0],"loadpower":[0.0,0.0,0.0],"batterytemp":[20.0,20.0,27.0],"triggerrate":[null,null,null],"triggersremaining":[null,null,null],"crcerrors":[1.0,null,1.0]}