{"datalatency":[31.193003],"sensoruptime":[5.999444444444444,4.999444444444444,152.8761111111111],"battvoltage":[11.948,11.908,11.453],"arrayvoltage":[17.038,16.748,20.047],"chargecurrent":[1.5390000000000001,1.4080000000000001,14.731],"chargestate":[5,5,6],"loadpower":[26.780975999999995,27.014802000000003,0.0],"batterytemp":[25,24,39],"triggerrate":[null,null,null],"triggersremaining":[14672.0,14672.0,14997.0],"crcerrors":[null,null,0.0]}