{"datalatency":[17.21152],"sensoruptime":[170.87805555555556,169.88083333333333,170.87805555555556],"battvoltage":[12.558,12.482000000000001,11.795],"arrayvoltage":[15.725999999999999,16.217,17.245],"chargecurrent":[7.755,6.263999999999999,12.144],"ledstate":[8.0,8.0,8.0],"loadpower":[22.478673,22.542866999999998,21.472317999999998],"batterytemp":[45.0,40.0,51.0],"triggerrate":[0.0,0.0,8.4],"triggersremaining":[12701.0,12701.0,12944.0],"crcerrors":[0.0,0.0,2.0]}