{"datalatency":[20.720441],"sensoruptime":[558.4886111111111,557.4913888888889,558.4886111111111],"battvoltage":[11.645999999999999,11.88,11.53],"arrayvoltage":[16.65,16.500999999999998,17.575],"chargecurrent":[1.073,2.133,10.924000000000001],"ledstate":[10.0,10.0,10.0],"loadpower":[23.582196000000007,22.057775999999997,21.929781999999996],"batterytemp":[31.0,32.0,51.0],"triggerrate":[0.0,0.0,2.4000000000000004],"triggersremaining":[11253.0,11253.0,11293.0],"crcerrors":[0.0,0.0,2.0]}