{"datalatency":[70.45858600000001],"sensoruptime":[43.483333333333334,42.483333333333334,43.483333333333334],"battvoltage":[12.305,12.329,12.296],"arrayvoltage":[7.401,0.0,18.448],"chargecurrent":[0.002,0.002,9.011000000000001],"ledstate":[6.0,6.0,6.0],"loadpower":[23.38112,23.119009,21.981199999999998],"batterytemp":[28.0,28.0,53.0],"triggerrate":[0.0,0.0,0.2],"triggersremaining":[7048.0,7048.0,7054.0],"crcerrors":[0.0,0.0,0.0]}