{"datalatency":[15.084078000000002],"sensoruptime":[55.9525,54.9525,55.9525],"battvoltage":[13.025,12.823,11.499],"arrayvoltage":[14.307,15.091,18.410999999999998],"chargecurrent":[8.342,6.933,12.030999999999999],"ledstate":[8.0,8.0,10.0],"loadpower":[23.4774,22.803375,21.764498],"batterytemp":[54.0,48.0,54.0],"triggerrate":[0.0,0.0,6.0],"triggersremaining":[20758.0,20758.0,21056.0],"crcerrors":[0.0,0.0,1.0]}