{"datalatency":[7.492001],"sensoruptime":[5.230277777777777,4.247222222222222,227.69416666666666],"battvoltage":[11.92,11.954,11.92],"arrayvoltage":[1.062,1.041,36.472],"chargecurrent":[0.0,0.0,3.503],"chargestate":[3.0,3.0,5.0],"loadpower":[13.836468000000002,13.854526,9.995777999999998],"batterytemp":[16.0,16.0,18.0],"triggerrate":[0.0,0.0,24.0],"triggersremaining":[18660.0,18665.0,20332.0],"crcerrors":[2.0,0.0,3.0]}