{"datalatency":[8.076409],"sensoruptime":[36.58611111111111,35.58611111111111,36.58611111111111],"battvoltage":[12.299000000000001,12.335,12.07],"arrayvoltage":[0.607,0.604,41.821000000000005],"chargecurrent":[0.0,0.0,7.474],"chargestate":[3.0,3.0,6.0],"loadpower":[13.543872,13.440336,8.72505],"batterytemp":[3.0,3.0,28.0],"triggerrate":[0.0,0.0,1.4],"triggersremaining":[22240.0,22246.0,22333.0],"crcerrors":[0.0,0.0,0.0]}