{"datalatency":[47.416551000000005],"sensoruptime":[null,null,null],"battvoltage":[14.618,13.904000000000002,12.28],"arrayvoltage":[39.655,32.129,44.098],"chargecurrent":[2.662,1.64,4.486000000000001],"chargestate":[8.0,5.0,8.0],"loadpower":[0.0,0.0,0.0],"batterytemp":[21.0,21.0,24.0],"triggerrate":[null,null,null],"triggersremaining":[null,null,null],"crcerrors":[null,null,null]}