{"datalatency":[19.618181],"sensoruptime":[256.49694444444447,255.49722222222223,256.49694444444447],"battvoltage":[11.88,11.88,11.874],"arrayvoltage":[13.474,12.762,16.653],"chargecurrent":[0.184,0.07200000000000001,9.992],"ledstate":[8.0,8.0,8.0],"loadpower":[24.061911000000002,23.860308000000003,21.95131],"batterytemp":[29.0,29.0,50.0],"triggerrate":[0.0,0.0,8.0],"triggersremaining":[3316.0,3317.0,4162.0],"crcerrors":[0.0,0.0,0.0]}