{"datalatency":[8.199872000000001],"sensoruptime":[null,null,null],"battvoltage":[12.744000000000002,12.755999999999998,12.530999999999999],"arrayvoltage":[1.089,1.0959999999999999,40.985],"chargecurrent":[0.0,0.002,1.911],"chargestate":[3.0,3.0,6.0],"loadpower":[0.0,0.0,0.0],"batterytemp":[20.0,20.0,26.0],"triggerrate":[null,null,null],"triggersremaining":[null,null,null],"crcerrors":[null,null,null]}