{"datalatency":[13.233594],"sensoruptime":[null,null,61.55722222222222],"battvoltage":[12.14,12.109000000000002,11.499],"arrayvoltage":[15.575999999999999,13.62,18.410999999999998],"chargecurrent":[0.314,0.16899999999999998,12.030999999999999],"ledstate":[8.0,8.0,10.0],"loadpower":[6.479168,8.352808,6.16488],"batterytemp":[26.0,25.0,56.0],"triggerrate":[null,null,1.2000000000000002],"triggersremaining":[null,null,20759.0],"crcerrors":[null,null,1.0]}