{"datalatency":[8.651177],"sensoruptime":[71.91944444444445,70.91972222222222,71.91944444444445],"battvoltage":[12.25,12.259,12.183],"arrayvoltage":[31.894000000000002,34.668,40.146],"chargecurrent":[0.606,0.633,10.228],"chargestate":[5.0,5.0,6.0],"loadpower":[13.356252000000001,14.132736,8.80245],"batterytemp":[19.0,17.0,34.0],"triggerrate":[0.0,0.0,0.2],"triggersremaining":[21641.0,21641.0,21648.0],"crcerrors":[0.0,0.0,0.0]}