{"datalatency":[8.171808],"sensoruptime":[2.036111111111111,1.0363888888888888,11.33388888888889],"battvoltage":[12.115,14.267000000000001,10.427999999999999],"arrayvoltage":[31.201,38.678000000000004,43.015],"chargecurrent":[0.713,2.242,3.5439999999999996],"chargestate":[5.0,6.0,6.0],"loadpower":[13.858875,13.400997,0.0],"batterytemp":[23.0,26.0,27.0],"triggerrate":[0.2,0.6,1.0],"triggersremaining":[22475.0,22488.0,22496.0],"crcerrors":[0.0,0.0,0.0]}