{"datalatency":[21.998620000000003],"sensoruptime":[307.6911111111111,306.69138888888887,307.6911111111111],"battvoltage":[12.329,12.354000000000001,12.183],"arrayvoltage":[0.0,0.0,18.463],"chargecurrent":[0.005,0.005,9.376],"ledstate":[6.0,6.0,6.0],"loadpower":[23.649431,23.451568,21.533700000000003],"batterytemp":[22.0,23.0,50.0],"triggerrate":[0.0,0.0,1.2000000000000002],"triggersremaining":[12630.0,12630.0,12641.0],"crcerrors":[0.0,0.0,2.0]}