{"datalatency":[13.303320000000001],"sensoruptime":[36.280833333333334,35.28111111111111,36.280833333333334],"battvoltage":[12.064,12.109000000000002,11.652000000000001],"arrayvoltage":[12.780999999999999,13.193,17.334],"chargecurrent":[0.036000000000000004,0.295,11.398],"chargestate":[5.0,5.0,6.0],"loadpower":[24.625655999999996,24.586992000000002,21.713829000000004],"batterytemp":[37.0,48.0,52.0],"triggerrate":[1.2000000000000002,0.0,8.4],"triggersremaining":[20976.0,21036.0,21408.0],"crcerrors":[0.0,0.0,0.0]}