{"datalatency":[8.436328000000001],"sensoruptime":[61.754444444444445,60.754444444444445,61.754444444444445],"battvoltage":[12.450999999999999,12.491,12.18],"arrayvoltage":[0.586,0.586,40.146],"chargecurrent":[0.0,0.002,10.228],"chargestate":[3.0,3.0,6.0],"loadpower":[13.948782999999999,13.631240000000002,8.80245],"batterytemp":[17.0,17.0,34.0],"triggerrate":[0.0,0.0,0.2],"triggersremaining":[21644.0,21644.0,21651.0],"crcerrors":[0.0,0.0,0.0]}