{"datalatency":[34.023168000000005],"sensoruptime":[35.01555555555556,34.01583333333333,35.01555555555556],"battvoltage":[12.445,12.253,12.064],"arrayvoltage":[16.945999999999998,16.702,18.872],"chargecurrent":[2.6719999999999997,2.022,10.158],"ledstate":[8.0,8.0,8.0],"loadpower":[24.034365000000005,24.054084,22.704083999999998],"batterytemp":[35.0,32.0,50.0],"triggerrate":[0.0,0.0,1.2000506661391244],"triggersremaining":[22426.0,22426.0,22432.0],"crcerrors":[null,null,0.0]}