{"datalatency":[8.026159],"sensoruptime":[16.755555555555556,15.755555555555556,null],"battvoltage":[12.164000000000001,12.183,12.164000000000001],"arrayvoltage":[0.69,0.674,44.162],"chargecurrent":[0.0,0.0,2.483],"chargestate":[3.0,3.0,7.0],"loadpower":[13.961088000000004,14.184885,0.0],"batterytemp":[0.0,1.0,19.0],"triggerrate":[0.4,0.8,null],"triggersremaining":[22274.0,22296.0,null],"crcerrors":[0.0,0.0,0.0]}