{"datalatency":[10.584654],"sensoruptime":[null,null,12.61],"battvoltage":[12.880999999999998,13.565,11.31],"arrayvoltage":[17.426,17.041,19.949],"chargecurrent":[1.1640000000000001,4.37,12.057],"ledstate":[6.0,5.0,11.0],"loadpower":[7.670255999999999,6.615489999999999,0.0],"batterytemp":[47.0,49.0,50.0],"triggerrate":[null,null,2.4000000000000004],"triggersremaining":[null,null,14616.0],"crcerrors":[null,null,0.0]}