{"datalatency":[16.371746],"sensoruptime":[null,null,49.00611111111111],"battvoltage":[12.329,12.112,11.569],"arrayvoltage":[17.038,16.797,17.288],"chargecurrent":[3.136,1.976,12.99],"ledstate":[6.0,10.0,10.0],"loadpower":[7.038574999999999,7.79676,6.080900000000001],"batterytemp":[38.0,34.0,38.0],"triggerrate":[null,null,2.4000000000000004],"triggersremaining":[null,null,14659.0],"crcerrors":[0.0,null,0.0]}