{"datalatency":[7.964099000000001],"sensoruptime":[26.931944444444444,25.932222222222222,26.931944444444444],"battvoltage":[14.235999999999999,14.175,11.49],"arrayvoltage":[41.388000000000005,40.738,42.996],"chargecurrent":[3.827,5.892,15.0],"chargestate":[6.0,6.0,6.0],"loadpower":[11.14058,9.137128,9.117872],"batterytemp":[27.0,29.0,29.0],"triggerrate":[0.0,0.0,0.4],"triggersremaining":[18420.0,18420.0,18434.0],"crcerrors":[0.0,0.0,0.0]}