{"datalatency":[26.006415],"sensoruptime":[30.330277777777777,29.330555555555556,30.330277777777777],"battvoltage":[12.630999999999998,13.165,12.064],"arrayvoltage":[15.573,16.016,19.625999999999998],"chargecurrent":[1.324,2.983,11.344000000000001],"chargestate":[5.0,5.0,7.0],"loadpower":[24.71694,24.3942,22.619726999999994],"batterytemp":[43.0,44.0,47.0],"triggerrate":[null,null,null],"triggersremaining":[22486.0,22486.0,22492.0],"crcerrors":[null,null,0.0]}