{"datalatency":[20.147182],"sensoruptime":[319.1502777777778,318.15055555555557,319.1502777777778],"battvoltage":[12.1,12.14,11.987],"arrayvoltage":[0.031,0.064,18.167],"chargecurrent":[0.005,0.005,9.62],"ledstate":[6.0,6.0,8.0],"loadpower":[23.716655999999997,23.927384000000004,22.125905999999997],"batterytemp":[30.0,31.0,55.0],"triggerrate":[0.8,2.4,14.8],"triggersremaining":[1929.0,1964.0,3214.0],"crcerrors":[0.0,0.0,0.0]}