{"datalatency":[6.9744150000000005],"sensoruptime":[154.24027777777778,153.24055555555555,154.24027777777778],"battvoltage":[12.527000000000001,12.567,11.868],"arrayvoltage":[0.623,0.677,42.465],"chargecurrent":[0.0,0.0,15.0],"chargestate":[3.0,3.0,6.0],"loadpower":[13.671718,13.690404000000003,8.596613999999999],"batterytemp":[12.0,14.0,33.0],"triggerrate":[0.0,0.0,6.4],"triggersremaining":[20400.0,20402.0,20881.0],"crcerrors":[0.0,0.0,0.0]}