{"datalatency":[3.82769],"sensoruptime":[1.2861111111111112,0.28694444444444445,null],"battvoltage":[11.835,11.874,11.823],"arrayvoltage":[12.549000000000001,12.503,17.825],"chargecurrent":[0.027000000000000003,0.012,11.344000000000001],"chargestate":[5.0,5.0,6.0],"loadpower":[24.024336,24.263514,0.0],"batterytemp":[24.0,26.0,47.0],"triggerrate":[4.800000000000001,7.2,null],"triggersremaining":[21597.0,22064.0,null],"crcerrors":[0.0,0.0,0.0]}