{"datalatency":[8.684757000000001],"sensoruptime":[81.25166666666667,80.26833333333333,81.25166666666667],"battvoltage":[12.421,12.491,12.183],"arrayvoltage":[0.6990000000000001,17.059,38.708],"chargecurrent":[0.0,0.005,8.752],"chargestate":[3.0,5.0,6.0],"loadpower":[14.310450000000001,14.47852,9.957479999999999],"batterytemp":[19.0,21.0,34.0],"triggerrate":[0.0,0.0,0.6],"triggersremaining":[21603.0,21603.0,21645.0],"crcerrors":[0.0,0.0,0.0]}