{"datalatency":[12.361468],"sensoruptime":[34.2325,33.23277777777778,34.2325],"battvoltage":[12.424000000000001,12.405,12.033],"arrayvoltage":[17.477,15.82,17.48],"chargecurrent":[1.754,1.5730000000000002,10.985],"ledstate":[6.0,6.0,8.0],"loadpower":[23.645844,23.323625999999997,21.514706],"batterytemp":[40.0,40.0,50.0],"triggerrate":[0.0,0.0,2.4000000000000004],"triggersremaining":[13508.0,13508.0,13547.0],"crcerrors":[0.0,0.0,2.0]}