{"datalatency":[37.658556000000004],"sensoruptime":[1.4430555555555555,0.46,9.396944444444445],"battvoltage":[14.209000000000001,11.508,10.477],"arrayvoltage":[34.671,32.529,43.448],"chargecurrent":[2.421,0.5820000000000001,5.0760000000000005],"chargestate":[5.0,5.0,8.0],"loadpower":[14.608468,13.566147,0.0],"batterytemp":[13.0,10.0,26.0],"triggerrate":[4.6,0.0,19.2],"triggersremaining":[11415.0,11441.0,11650.0],"crcerrors":[0.0,0.0,0.0]}