{"datalatency":[15.407325],"sensoruptime":[122.21916666666667,121.21944444444445,122.21916666666667],"battvoltage":[12.204,12.109000000000002,12.079],"arrayvoltage":[16.452,15.767999999999999,16.555999999999997],"chargecurrent":[1.6059999999999999,1.01,10.327],"ledstate":[8.0,8.0,8.0],"loadpower":[23.233938,23.063904,21.662788],"batterytemp":[35.0,34.0,54.0],"triggerrate":[0.0,0.0,1.2000000000000002],"triggersremaining":[13077.0,13077.0,13085.0],"crcerrors":[0.0,0.0,2.0]}