{"datalatency":[35.231429000000006],"sensoruptime":[null,null,null],"battvoltage":[13.559000000000001,13.385,11.481],"arrayvoltage":[16.357,16.116,19.680999999999997],"chargecurrent":[8.755,9.687000000000001,9.955],"chargestate":[5.0,5.0,5.0],"loadpower":[10.830400000000001,10.6784,0.0],"batterytemp":[36.0,34.0,36.0],"triggerrate":[null,null,null],"triggersremaining":[null,null,null],"crcerrors":[null,null,null]}