{"datalatency":[8.870607],"sensoruptime":[132.41027777777776,131.41055555555556,132.41027777777776],"battvoltage":[12.07,12.106,12.07],"arrayvoltage":[1.025,0.8240000000000001,34.378],"chargecurrent":[0.0,0.0,12.84],"chargestate":[3.0,3.0,5.0],"loadpower":[14.856126000000001,14.035798,10.0584],"batterytemp":[20.0,23.0,33.0],"triggerrate":[1.4,1.2,6.4],"triggersremaining":[20543.0,20623.0,21500.0],"crcerrors":[0.0,0.0,0.0]}