{"datalatency":[18.153010000000002],"sensoruptime":[46.36805555555556,45.36833333333333,46.36805555555556],"battvoltage":[13.412,13.280999999999999,12.216],"arrayvoltage":[16.086,14.307,17.917],"chargecurrent":[7.627000000000001,7.627000000000001,9.052],"ledstate":[5.0,6.0,6.0],"loadpower":[24.347315,22.920744,21.796613999999998],"batterytemp":[54.0,50.0,55.0],"triggerrate":[0.0,0.0,0.2],"triggersremaining":[6321.0,6321.0,6327.0],"crcerrors":[0.0,0.0,0.0]}