{"datalatency":[62.34671],"sensoruptime":[4.8805555555555555,3.8805555555555555,null],"battvoltage":[13.321,12.949000000000002,12.369000000000002],"arrayvoltage":[16.070999999999998,15.329,19.632],"chargecurrent":[4.631,2.235,7.9],"ledstate":[6.0,6.0,6.0],"loadpower":[22.82784,23.049107999999997,5.802676],"batterytemp":[46.0,49.0,53.0],"triggerrate":[0.0,0.8,null],"triggersremaining":[22330.0,22343.0,null],"crcerrors":[0.0,0.0,0.0]}