{"datalatency":[21.034032],"sensoruptime":[54.34583333333333,53.346111111111114,54.34583333333333],"battvoltage":[11.682,11.722000000000001,11.679],"arrayvoltage":[1.178,0.0,17.78],"chargecurrent":[0.002,0.005,7.774],"ledstate":[8.0,8.0,8.0],"loadpower":[24.372066,24.588689999999996,22.552155],"batterytemp":[26.0,25.0,40.0],"triggerrate":[0.0,0.0,7.200004464002768],"triggersremaining":[22183.0,22183.0,22427.0],"crcerrors":[null,null,0.0]}