{"datalatency":[7.60751],"sensoruptime":[186.90194444444444,185.90222222222224,186.90194444444444],"battvoltage":[12.244000000000002,12.274000000000001,12.183],"arrayvoltage":[0.6709999999999999,0.65,43.121],"chargecurrent":[0.0,0.0,10.794],"chargestate":[3.0,3.0,6.0],"loadpower":[14.208936,13.506336000000003,8.98432],"batterytemp":[4.0,5.0,29.0],"triggerrate":[0.0,0.0,0.4],"triggersremaining":[20357.0,20359.0,20372.0],"crcerrors":[0.0,0.0,0.0]}