{"datalatency":[20.855849000000003],"sensoruptime":[278.1952777777778,277.1958333333333,278.1952777777778],"battvoltage":[12.369000000000002,12.402000000000001,12.103],"arrayvoltage":[0.08900000000000001,0.092,18.506],"chargecurrent":[0.002,0.002,9.074],"ledstate":[6.0,6.0,6.0],"loadpower":[23.935509,24.244434000000002,21.141912],"batterytemp":[26.0,28.0,53.0],"triggerrate":[0.0,0.0,2.4000000000000004],"triggersremaining":[12642.0,12642.0,12672.0],"crcerrors":[0.0,0.0,2.0]}