{"datalatency":[7.484684000000001],"sensoruptime":[203.8997222222222,202.9163888888889,203.8997222222222],"battvoltage":[12.491,12.527000000000001,12.106],"arrayvoltage":[0.665,0.711,41.711000000000006],"chargecurrent":[0.0,0.0,9.777000000000001],"chargestate":[3.0,3.0,6.0],"loadpower":[13.606320000000002,13.709209,9.02565],"batterytemp":[12.0,12.0,34.0],"triggerrate":[0.0,0.0,0.4],"triggersremaining":[20348.0,20349.0,20364.0],"crcerrors":[0.0,0.0,0.0]}