{"datalatency":[10.461072000000001],"sensoruptime":[null,null,0.018333333333333333],"battvoltage":[14.005,13.937000000000001,10.595999999999998],"arrayvoltage":[41.669,42.471000000000004,43.347],"chargecurrent":[0.486,0.447,2.597],"chargestate":[7.0,7.0,7.0],"loadpower":[0.0,0.0,0.0],"batterytemp":[15.0,17.0,20.0],"triggerrate":[null,null,null],"triggersremaining":[null,null,0.0],"crcerrors":[0.0,null,1.0]}