{"datalatency":[8.15154],"sensoruptime":[null,null,5.101944444444444],"battvoltage":[12.796,12.835999999999999,11.362],"arrayvoltage":[0.946,13.455,40.985],"chargecurrent":[0.0,0.005,1.911],"chargestate":[3.0,5.0,6.0],"loadpower":[0.0,0.0,0.0],"batterytemp":[21.0,21.0,26.0],"triggerrate":[null,null,6.2],"triggersremaining":[null,null,22425.0],"crcerrors":[1.0,null,1.0]}