{"datalatency":[37.620233],"sensoruptime":[null,null,null],"battvoltage":[12.573,11.365,10.665999999999999],"arrayvoltage":[0.7659999999999999,25.723000000000003,43.448],"chargecurrent":[0.0,0.08,5.0760000000000005],"chargestate":[3.0,5.0,8.0],"loadpower":[0.0,15.38738,0.0],"batterytemp":[13.0,17.0,26.0],"triggerrate":[null,0.0,null],"triggersremaining":[null,null,null],"crcerrors":[0.0,0.0,0.0]}