{"datalatency":[18.030897],"sensoruptime":[31.370277777777776,30.386944444444445,31.370277777777776],"battvoltage":[12.405,12.445,12.14],"arrayvoltage":[0.021,0.021,17.337],"chargecurrent":[0.005,0.005,9.245],"ledstate":[6.0,6.0,6.0],"loadpower":[23.856524999999998,23.398905999999997,22.116975999999998],"batterytemp":[31.0,33.0,55.0],"triggerrate":[0.0,0.0,0.2],"triggersremaining":[6325.0,6325.0,6331.0],"crcerrors":[0.0,0.0,0.0]}