{"datalatency":[8.501334],"sensoruptime":[20.593333333333334,19.610277777777778,null],"battvoltage":[12.207,12.222000000000001,11.645999999999999],"arrayvoltage":[0.604,0.616,38.565],"chargecurrent":[0.0,0.0,15.0],"chargestate":[3.0,3.0,6.0],"loadpower":[14.252448000000001,14.191488000000001,0.0],"batterytemp":[12.0,11.0,41.0],"triggerrate":[0.0,0.2,null],"triggersremaining":[21659.0,21661.0,null],"crcerrors":[0.0,0.0,0.0]}