{"datalatency":[20.404661],"sensoruptime":[261.6980555555556,260.6983333333333,261.6980555555556],"battvoltage":[12.14,12.145999999999999,12.073],"arrayvoltage":[13.083,0.134,18.073],"chargecurrent":[0.065,0.005,9.937999999999999],"ledstate":[6.0,6.0,8.0],"loadpower":[23.3464,23.200864,21.323016],"batterytemp":[23.0,23.0,55.0],"triggerrate":[0.0,0.0,1.2000000000000002],"triggersremaining":[12670.0,12670.0,12677.0],"crcerrors":[0.0,0.0,2.0]}