{"datalatency":[7.987574],"sensoruptime":[52.91722222222222,51.93388888888889,52.91722222222222],"battvoltage":[12.604000000000001,12.674000000000001,12.115],"arrayvoltage":[0.61,13.651,42.861999999999995],"chargecurrent":[0.0,0.0,7.356],"chargestate":[3.0,5.0,6.0],"loadpower":[13.729716000000002,13.813800000000002,8.875646],"batterytemp":[14.0,18.0,30.0],"triggerrate":[0.0,0.0,0.6],"triggersremaining":[22207.0,22210.0,22254.0],"crcerrors":[0.0,0.0,0.0]}