{"datalatency":[14.177665000000001],"sensoruptime":[372.1847222222222,371.1847222222222,372.1847222222222],"battvoltage":[12.292,12.329,12.064],"arrayvoltage":[5.682,13.405999999999999,17.78],"chargecurrent":[0.005,0.16399999999999998,10.61],"ledstate":[6.0,6.0,8.0],"loadpower":[24.031959999999998,24.547781,20.806074],"batterytemp":[33.0,39.0,52.0],"triggerrate":[0.0,0.0,4.800000000000001],"triggersremaining":[12609.0,12610.0,12619.0],"crcerrors":[0.0,0.0,2.0]}