{"datalatency":[13.673164000000002],"sensoruptime":[null,null,18.859444444444446],"battvoltage":[12.085,12.1,11.456],"arrayvoltage":[0.021,0.027000000000000003,17.825],"chargecurrent":[0.002,0.002,11.344000000000001],"chargestate":[3.0,3.0,6.0],"loadpower":[8.225799,7.506647999999999,0.0],"batterytemp":[25.0,26.0,47.0],"triggerrate":[null,null,1.2000000000000002],"triggersremaining":[null,null,22152.0],"crcerrors":[null,null,0.0]}