{"datalatency":[7.8764970000000005],"sensoruptime":[null,null,null],"battvoltage":[12.512,12.527000000000001,11.319],"arrayvoltage":[0.674,0.677,42.471000000000004],"chargecurrent":[0.0,0.0,5.733],"chargestate":[3.0,3.0,6.0],"loadpower":[0.0,0.0,0.0],"batterytemp":[3.0,4.0,28.0],"triggerrate":[null,null,null],"triggersremaining":[null,null,null],"crcerrors":[0.0,null,0.0]}