{"datalatency":[8.337539000000001],"sensoruptime":[null,null,5.101944444444444],"battvoltage":[12.857000000000001,13.065,11.362],"arrayvoltage":[24.701,29.736,40.985],"chargecurrent":[0.039,0.46399999999999997,1.911],"chargestate":[5.0,5.0,6.0],"loadpower":[0.0,0.0,0.0],"batterytemp":[21.0,23.0,26.0],"triggerrate":[null,null,6.2],"triggersremaining":[null,null,22476.0],"crcerrors":[1.0,null,1.0]}