{"datalatency":[29.932341],"sensoruptime":[4.3180555555555555,3.3180555555555555,null],"battvoltage":[13.092,13.29,12.530999999999999],"arrayvoltage":[19.305,16.003,20.032],"chargecurrent":[2.708,2.45,6.841],"chargestate":[7.0,5.0,7.0],"loadpower":[24.545529,24.460296000000003,11.041264],"batterytemp":[45.0,44.0,45.0],"triggerrate":[null,null,null],"triggersremaining":[22492.0,22493.0,null],"crcerrors":[null,null,0.0]}