{"datalatency":[12.586038],"sensoruptime":[40.776944444444446,39.776944444444446,40.776944444444446],"battvoltage":[11.874,11.911,11.652000000000001],"arrayvoltage":[1.2570000000000001,0.107,17.334],"chargecurrent":[0.005,0.005,11.398],"chargestate":[3.0,3.0,6.0],"loadpower":[23.060699999999997,22.959279999999996,21.713829000000004],"batterytemp":[27.0,28.0,52.0],"triggerrate":[0.0,0.0,6.0],"triggersremaining":[20763.0,20770.0,21172.0],"crcerrors":[6.0,0.0,1.0]}