{"datalatency":[29.329148000000004],"sensoruptime":[24.650555555555556,23.650833333333335,24.650555555555556],"battvoltage":[12.793,12.369000000000002,12.064],"arrayvoltage":[16.797,17.145,20.032],"chargecurrent":[4.81,2.911,8.931000000000001],"chargestate":[5.0,5.0,7.0],"loadpower":[23.985656999999996,24.572415000000003,22.529826000000003],"batterytemp":[35.0,31.0,47.0],"triggerrate":[null,null,null],"triggersremaining":[22487.0,22488.0,22494.0],"crcerrors":[null,null,0.0]}