{"datalatency":[8.370890000000001],"sensoruptime":[0.9238888888888889,null,null],"battvoltage":[12.524000000000001,12.869000000000002,12.408],"arrayvoltage":[31.439,28.662,40.985],"chargecurrent":[0.9059999999999999,0.278,1.911],"chargestate":[5.0,5.0,6.0],"loadpower":[15.184205,0.0,0.0],"batterytemp":[25.0,24.0,26.0],"triggerrate":[7.0,null,null],"triggersremaining":[21604.0,null,null],"crcerrors":[0.0,0.0,0.0]}