{"datalatency":[26.218828000000002],"sensoruptime":[39.515,38.515,39.515],"battvoltage":[12.520999999999999,12.1,12.064],"arrayvoltage":[17.145,16.067999999999998,18.872],"chargecurrent":[3.278,0.447,7.774],"ledstate":[8.0,8.0,8.0],"loadpower":[23.19735,23.378939999999997,22.625028],"batterytemp":[33.0,30.0,50.0],"triggerrate":[0.0,0.0,2.4000255842727283],"triggersremaining":[22348.0,22382.0,22431.0],"crcerrors":[null,null,0.0]}