{"datalatency":[8.308822000000001],"sensoruptime":[null,4.868611111111111,5.101944444444444],"battvoltage":[12.567,12.415,10.427999999999999],"arrayvoltage":[0.8640000000000001,0.772,43.015],"chargecurrent":[0.002,0.0,3.5439999999999996],"chargestate":[3.0,3.0,6.0],"loadpower":[0.0,13.610016,0.0],"batterytemp":[18.0,17.0,27.0],"triggerrate":[null,4.4,6.2],"triggersremaining":[null,22168.0,22496.0],"crcerrors":[1.0,1.0,1.0]}