{"datalatency":[13.193466],"sensoruptime":[351.0211111111111,350.0211111111111,351.0211111111111],"battvoltage":[12.225,12.253,12.109000000000002],"arrayvoltage":[0.067,0.08199999999999999,17.633],"chargecurrent":[0.005,0.005,12.229000000000001],"ledstate":[6.0,6.0,6.0],"loadpower":[23.61474,23.62513,21.612250999999997],"batterytemp":[25.0,26.0,44.0],"triggerrate":[0.0,0.0,1.2000000000000002],"triggersremaining":[12619.0,12619.0,12625.0],"crcerrors":[0.0,0.0,2.0]}