{"datalatency":[49.93045600000001],"sensoruptime":[20.497222222222224,19.4975,20.497222222222224],"battvoltage":[11.569,11.588,11.53],"arrayvoltage":[13.140999999999998,3.665,17.288],"chargecurrent":[0.12300000000000001,0.013999999999999999,10.940999999999999],"ledstate":[10.0,10.0,10.0],"loadpower":[23.598333,23.22354,22.909744000000003],"batterytemp":[27.0,27.0,53.0],"triggerrate":[0.4,0.2,1.6],"triggersremaining":[0.0,23.0,31.0],"crcerrors":[0.0,0.0,0.0]}