{"datalatency":[37.993292000000004],"sensoruptime":[0.030833333333333334,0.06027777777777778,1.1758333333333333],"battvoltage":[11.456,12.145999999999999,10.26],"arrayvoltage":[31.345,32.913000000000004,41.495],"chargecurrent":[0.862,0.56,2.474],"chargestate":[5.0,5.0,7.0],"loadpower":[13.408318000000001,14.235111999999997,0.0],"batterytemp":[19.0,18.0,23.0],"triggerrate":[0.0,0.0,null],"triggersremaining":[0.0,0.0,0.0],"crcerrors":[5.0,0.0,1.0]}