{"datalatency":[25.956901000000002],"sensoruptime":[null,null,null],"battvoltage":[14.175,14.215,12.642999999999999],"arrayvoltage":[39.243,42.218,42.908],"chargecurrent":[1.4469999999999998,1.476,1.66],"chargestate":[6.0,6.0,7.0],"loadpower":[0.0,0.0,0.0],"batterytemp":[29.0,28.0,29.0],"triggerrate":[null,null,null],"triggersremaining":[null,null,null],"crcerrors":[null,null,null]}