{"datalatency":[8.105681],"sensoruptime":[1.2869444444444444,0.2872222222222222,null],"battvoltage":[11.88,11.978,10.944],"arrayvoltage":[0.9490000000000001,0.8759999999999999,41.791000000000004],"chargecurrent":[0.0,0.0,2.923],"chargestate":[3.0,3.0,6.0],"loadpower":[13.832451,13.921440000000002,0.0],"batterytemp":[11.0,12.0,32.0],"triggerrate":[0.0,0.0,null],"triggersremaining":[18371.0,18372.0,null],"crcerrors":[0.0,0.0,0.0]}