{"datalatency":[7.532572],"sensoruptime":[19.227777777777778,18.227777777777778,227.69416666666666],"battvoltage":[11.800999999999998,11.81,11.755],"arrayvoltage":[30.084,33.499,34.238],"chargecurrent":[0.425,0.616,1.4709999999999999],"chargestate":[5.0,5.0,5.0],"loadpower":[13.701444,13.78227,13.408536],"batterytemp":[20.0,20.0,20.0],"triggerrate":[0.0,0.0,24.0],"triggersremaining":[18582.0,18582.0,20012.0],"crcerrors":[2.0,0.0,3.0]}