{"datalatency":[12.342584],"sensoruptime":[24.94638888888889,23.94638888888889,24.94638888888889],"battvoltage":[11.835,11.722000000000001,11.682],"arrayvoltage":[16.843,14.940999999999999,17.526],"chargecurrent":[1.8119999999999998,0.244,10.419],"chargestate":[5.0,5.0,6.0],"loadpower":[22.800105,22.32471,21.71104],"batterytemp":[28.0,27.0,49.0],"triggerrate":[0.0,0.0,12.0],"triggersremaining":[21158.0,21171.0,21720.0],"crcerrors":[0.0,0.0,0.0]}