{"datalatency":[37.637947000000004],"sensoruptime":[0.0475,8.880277777777778,null],"battvoltage":[10.665999999999999,13.354000000000001,10.665999999999999],"arrayvoltage":[13.879000000000001,35.944,43.448],"chargecurrent":[0.0,1.57,5.0760000000000005],"chargestate":[5.0,5.0,8.0],"loadpower":[13.913015,13.677633000000004,0.0],"batterytemp":[16.0,22.0,26.0],"triggerrate":[0.0,4.2,null],"triggersremaining":[11441.0,11549.0,null],"crcerrors":[0.0,0.0,0.0]}