{"datalatency":[7.738842000000001],"sensoruptime":[3.563888888888889,2.563888888888889,227.69416666666666],"battvoltage":[11.954,11.975,11.954],"arrayvoltage":[1.038,1.1540000000000001,36.472],"chargecurrent":[0.0,0.0,3.503],"chargestate":[3.0,3.0,5.0],"loadpower":[13.854526,13.901005999999999,9.995777999999998],"batterytemp":[15.0,15.0,18.0],"triggerrate":[0.0,0.0,24.0],"triggersremaining":[18672.0,18676.0,20334.0],"crcerrors":[2.0,0.0,3.0]}