{"datalatency":[10.242865],"sensoruptime":[null,null,null],"battvoltage":[12.972999999999999,13.754000000000001,12.735],"arrayvoltage":[9.363,40.091,44.855],"chargecurrent":[0.0,0.5579999999999999,0.609],"chargestate":[3.0,7.0,7.0],"loadpower":[0.0,0.0,0.0],"batterytemp":[18.0,23.0,25.0],"triggerrate":[null,null,null],"triggersremaining":[null,null,null],"crcerrors":[null,null,null]}