{"datalatency":[16.477466],"sensoruptime":[null,null,null],"battvoltage":[12.482000000000001,12.216,12.128],"arrayvoltage":[18.909000000000002,16.8,19.680999999999997],"chargecurrent":[1.73,0.382,9.955],"chargestate":[5.0,5.0,6.0],"loadpower":[5.424015000000001,6.185906999999999,0.0],"batterytemp":[16.0,13.0,38.0],"triggerrate":[null,null,null],"triggersremaining":[null,null,null],"crcerrors":[null,null,null]}