{"datalatency":[14.966737],"sensoruptime":[390.8486111111111,389.8488888888889,390.8486111111111],"battvoltage":[12.642999999999999,12.683,12.027000000000001],"arrayvoltage":[15.82,14.651,18.365],"chargecurrent":[2.638,3.198,10.873],"ledstate":[6.0,6.0,8.0],"loadpower":[22.653000000000002,23.148748,21.833703],"batterytemp":[50.0,48.0,52.0],"triggerrate":[0.0,0.0,1.2000000000000002],"triggersremaining":[12603.0,12604.0,12611.0],"crcerrors":[0.0,0.0,2.0]}