{"datalatency":[14.981138000000001],"sensoruptime":[52.45305555555556,51.45583333333333,52.45305555555556],"battvoltage":[12.634,12.450999999999999,11.499],"arrayvoltage":[15.036,15.677,18.410999999999998],"chargecurrent":[8.359,6.841,11.398],"ledstate":[8.0,10.0,10.0],"loadpower":[22.678169999999998,22.728762,21.727188],"batterytemp":[47.0,41.0,52.0],"triggerrate":[0.0,0.0,6.0],"triggersremaining":[20758.0,20759.0,21068.0],"crcerrors":[0.0,0.0,1.0]}