{"datalatency":[6.337671],"sensoruptime":[47.77861111111111,46.778888888888886,47.77861111111111],"battvoltage":[11.6,11.578,11.569],"arrayvoltage":[16.016,12.546,17.334],"chargecurrent":[0.413,0.07,11.398],"chargestate":[5.0,5.0,6.0],"loadpower":[23.286265,24.482926000000003,21.713829000000004],"batterytemp":[26.0,25.0,52.0],"triggerrate":[0.0,0.0,6.0],"triggersremaining":[20760.0,20760.0,21171.0],"crcerrors":[0.0,0.0,1.0]}