{"datalatency":[8.012083],"sensoruptime":[9.756388888888889,8.756666666666666,null],"battvoltage":[12.299000000000001,12.32,12.299000000000001],"arrayvoltage":[0.604,0.5920000000000001,44.162],"chargecurrent":[0.0,0.0,2.483],"chargestate":[3.0,3.0,7.0],"loadpower":[14.132736,13.464952,0.0],"batterytemp":[3.0,4.0,19.0],"triggerrate":[0.0,0.0,null],"triggersremaining":[22356.0,22357.0,null],"crcerrors":[0.0,0.0,0.0]}