{"datalatency":[14.264942000000001],"sensoruptime":[369.8516666666667,368.8519444444444,369.8516666666667],"battvoltage":[12.637,13.062000000000001,12.064],"arrayvoltage":[15.573,15.725999999999999,17.633],"chargecurrent":[3.049,6.431,10.61],"ledstate":[6.0,6.0,8.0],"loadpower":[25.660815000000003,22.587948,20.806074],"batterytemp":[48.0,51.0,52.0],"triggerrate":[0.0,0.0,4.800000000000001],"triggersremaining":[12610.0,12610.0,12620.0],"crcerrors":[0.0,0.0,2.0]}