{"datalatency":[25.974223000000002],"sensoruptime":[null,null,null],"battvoltage":[14.215,14.294,12.642999999999999],"arrayvoltage":[40.741,42.044,42.908],"chargecurrent":[1.5030000000000001,1.3719999999999999,1.66],"chargestate":[6.0,6.0,7.0],"loadpower":[0.0,0.0,0.0],"batterytemp":[28.0,25.0,28.0],"triggerrate":[null,null,null],"triggersremaining":[null,null,null],"crcerrors":[null,null,null]}