{"datalatency":[19.618216],"sensoruptime":[null,null,null],"battvoltage":[12.329,12.091,11.572000000000001],"arrayvoltage":[17.145,17.334,18.805],"chargecurrent":[3.38,1.925,5.67],"chargestate":[5.0,5.0,6.0],"loadpower":[7.124262000000001,8.640566999999999,6.509968999999999],"batterytemp":[26.0,24.0,40.0],"triggerrate":[null,null,null],"triggersremaining":[null,null,null],"crcerrors":[null,null,null]}