{"datalatency":[7.55309],"sensoruptime":[185.5688888888889,184.58583333333334,185.5688888888889],"battvoltage":[12.283,12.323,12.183],"arrayvoltage":[0.647,0.65,43.121],"chargecurrent":[0.0,0.0,10.794],"chargestate":[3.0,3.0,6.0],"loadpower":[14.16954,14.068044,8.98432],"batterytemp":[5.0,7.0,29.0],"triggerrate":[0.0,0.0,0.4],"triggersremaining":[20359.0,20362.0,20376.0],"crcerrors":[0.0,0.0,0.0]}