{"datalatency":[29.448449],"sensoruptime":[37.68194444444445,36.68194444444445,37.68194444444445],"battvoltage":[12.219000000000001,12.902999999999999,12.064],"arrayvoltage":[14.940999999999999,16.452,18.872],"chargecurrent":[0.461,6.53,9.405],"ledstate":[8.0,8.0,8.0],"loadpower":[23.774317999999997,23.658690999999997,22.704083999999998],"batterytemp":[35.0,39.0,50.0],"triggerrate":[0.0,0.0,2.400006864019631],"triggersremaining":[22398.0,22425.0,22431.0],"crcerrors":[null,null,0.0]}