{"datalatency":[8.424964000000001],"sensoruptime":[null,null,null],"battvoltage":[12.512,12.299000000000001,11.307],"arrayvoltage":[0.696,0.754,39.163000000000004],"chargecurrent":[0.0,0.0,3.0660000000000003],"chargestate":[3.0,3.0,6.0],"loadpower":[0.0,13.691087999999997,0.0],"batterytemp":[18.0,20.0,27.0],"triggerrate":[null,null,null],"triggersremaining":[null,null,null],"crcerrors":[4.0,null,4.0]}