{"datalatency":[8.623004],"sensoruptime":[64.92055555555555,63.92055555555555,64.92055555555555],"battvoltage":[12.335,12.375,12.18],"arrayvoltage":[0.601,0.595,40.146],"chargecurrent":[0.0,0.0,10.228],"chargestate":[3.0,3.0,6.0],"loadpower":[14.178816000000001,14.010440000000001,8.80245],"batterytemp":[14.0,15.0,34.0],"triggerrate":[0.0,0.0,0.2],"triggersremaining":[21643.0,21644.0,21650.0],"crcerrors":[0.0,0.0,0.0]}