{"datalatency":[7.495083],"sensoruptime":[164.40527777777777,163.42222222222222,164.40527777777777],"battvoltage":[12.228,12.259,11.868],"arrayvoltage":[0.6409999999999999,0.635,42.465],"chargecurrent":[0.0,0.0,15.0],"chargestate":[3.0,3.0,6.0],"loadpower":[14.153159999999998,14.187959999999999,8.596613999999999],"batterytemp":[7.0,8.0,33.0],"triggerrate":[0.0,0.0,0.8],"triggersremaining":[20371.0,20372.0,20462.0],"crcerrors":[0.0,0.0,0.0]}