{"datalatency":[20.916823],"sensoruptime":[559.1552777777778,558.1552777777778,559.1552777777778],"battvoltage":[11.645999999999999,11.687999999999999,11.53],"arrayvoltage":[16.217,16.504,17.575],"chargecurrent":[1.249,1.276,9.682],"ledstate":[10.0,10.0,10.0],"loadpower":[23.188000000000002,24.604846000000002,21.929781999999996],"batterytemp":[30.0,32.0,51.0],"triggerrate":[0.0,0.0,2.4000000000000004],"triggersremaining":[11253.0,11253.0,11292.0],"crcerrors":[0.0,0.0,2.0]}