{"datalatency":[7.979675],"sensoruptime":[34.26444444444444,33.28111111111111,34.26444444444444],"battvoltage":[12.07,12.130999999999998,11.49],"arrayvoltage":[0.772,0.83,42.148],"chargecurrent":[0.0,0.0,12.352],"chargestate":[3.0,3.0,6.0],"loadpower":[14.049513000000003,14.101860000000002,8.277874],"batterytemp":[12.0,14.0,29.0],"triggerrate":[0.0,0.0,0.4],"triggersremaining":[18418.0,18418.0,18429.0],"crcerrors":[0.0,0.0,0.0]}