{"datalatency":[24.750679],"sensoruptime":[27.816666666666666,26.816944444444445,27.816666666666666],"battvoltage":[13.684000000000001,13.214,12.064],"arrayvoltage":[17.859,16.070999999999998,20.032],"chargecurrent":[9.607999999999999,6.445,11.344000000000001],"chargestate":[6.0,5.0,7.0],"loadpower":[23.947026000000005,23.707111999999995,22.619726999999994],"batterytemp":[45.0,43.0,47.0],"triggerrate":[null,null,null],"triggersremaining":[22487.0,22487.0,22493.0],"crcerrors":[null,null,0.0]}