{"datalatency":[7.784542],"sensoruptime":[12.22888888888889,11.245833333333334,227.69416666666666],"battvoltage":[11.825999999999999,11.838,11.755],"arrayvoltage":[28.568,24.706999999999997,36.472],"chargecurrent":[0.278,0.11599999999999999,3.503],"chargestate":[5.0,5.0,5.0],"loadpower":[13.746840000000002,14.54992,9.995777999999998],"batterytemp":[18.0,17.0,18.0],"triggerrate":[0.0,0.2,24.0],"triggersremaining":[18613.0,18617.0,20289.0],"crcerrors":[2.0,0.0,3.0]}