{"datalatency":[8.243009],"sensoruptime":[94.41166666666666,93.42833333333333,94.41166666666666],"battvoltage":[11.914000000000001,11.914000000000001,11.815999999999999],"arrayvoltage":[33.154,34.717,35.016],"chargecurrent":[0.573,0.652,2.8360000000000003],"chargestate":[5.0,5.0,5.0],"loadpower":[13.836468000000002,13.812694,12.913230000000002],"batterytemp":[16.0,15.0,20.0],"triggerrate":[0.2,0.0,4.4],"triggersremaining":[21955.0,21956.0,22117.0],"crcerrors":[0.0,0.0,0.0]}