{"datalatency":[10.059588],"sensoruptime":[null,0.002777777777777778,0.018333333333333333],"battvoltage":[13.970999999999998,13.87,10.595999999999998],"arrayvoltage":[41.992,40.872,43.347],"chargecurrent":[0.466,1.6159999999999999,2.597],"chargestate":[7.0,7.0,7.0],"loadpower":[0.0,14.251734,0.0],"batterytemp":[16.0,19.0,20.0],"triggerrate":[null,0.0,null],"triggersremaining":[null,0.0,0.0],"crcerrors":[0.0,0.0,1.0]}