{"datalatency":[8.138810000000001],"sensoruptime":[9.670555555555556,8.670833333333333,62.22694444444444],"battvoltage":[11.645999999999999,13.864,11.319],"arrayvoltage":[24.713,28.857,42.471000000000004],"chargecurrent":[0.046,2.032,5.733],"chargestate":[5.0,5.0,6.0],"loadpower":[13.581442000000001,14.733210000000001,0.0],"batterytemp":[17.0,23.0,28.0],"triggerrate":[0.0,0.0,0.5],"triggersremaining":[18395.0,18399.0,18409.0],"crcerrors":[0.0,0.0,0.0]}