{"datalatency":[11.916511000000002],"sensoruptime":[0.6172222222222222,null,null],"battvoltage":[11.874,12.027000000000001,11.856],"arrayvoltage":[12.888,15.142999999999999,17.825],"chargecurrent":[0.121,0.408,11.344000000000001],"chargestate":[5.0,5.0,6.0],"loadpower":[23.089473,6.881157,0.0],"batterytemp":[26.0,26.0,47.0],"triggerrate":[7.2,null,null],"triggersremaining":[21886.0,null,null],"crcerrors":[0.0,0.0,0.0]}