{"datalatency":[8.015387],"sensoruptime":[45.26277777777778,44.279444444444444,45.26277777777778],"battvoltage":[11.725,11.761,11.49],"arrayvoltage":[0.653,0.662,42.148],"chargecurrent":[0.0,0.0,12.352],"chargestate":[3.0,3.0,6.0],"loadpower":[13.611816000000003,13.658376000000004,8.277874],"batterytemp":[6.0,6.0,29.0],"triggerrate":[0.0,0.0,0.4],"triggersremaining":[18412.0,18412.0,18422.0],"crcerrors":[0.0,0.0,0.0]}