{"datalatency":[14.113668],"sensoruptime":[15.447777777777778,14.450833333333334,null],"battvoltage":[12.027000000000001,12.064,11.798],"arrayvoltage":[0.021,0.064,17.526],"chargecurrent":[0.002,0.002,10.419],"chargestate":[3.0,3.0,5.0],"loadpower":[23.507483999999998,23.788673999999997,6.167125],"batterytemp":[27.0,28.0,49.0],"triggerrate":[1.2000000000000002,1.2000000000000002,null],"triggersremaining":[21176.0,21193.0,null],"crcerrors":[0.0,0.0,0.0]}