{"datalatency":[8.445591],"sensoruptime":[23.259722222222223,22.259722222222223,null],"battvoltage":[12.604000000000001,12.183,12.07],"arrayvoltage":[18.307000000000002,13.748,38.565],"chargecurrent":[2.165,0.0,15.0],"chargestate":[5.0,5.0,6.0],"loadpower":[13.729716000000002,13.269984000000003,0.0],"batterytemp":[14.0,11.0,41.0],"triggerrate":[0.0,0.0,null],"triggersremaining":[21659.0,21659.0,null],"crcerrors":[0.0,0.0,0.0]}