{"datalatency":[8.768639],"sensoruptime":[111.7475,110.76416666666667,111.7475],"battvoltage":[12.32,12.335,12.03],"arrayvoltage":[1.038,1.083,41.65],"chargecurrent":[0.0,0.002,11.832],"chargestate":[3.0,3.0,6.0],"loadpower":[14.301896,13.797267999999999,8.207364000000002],"batterytemp":[21.0,21.0,32.0],"triggerrate":[0.6,0.2,0.6],"triggersremaining":[21483.0,21491.0,21577.0],"crcerrors":[0.0,0.0,0.0]}