{"datalatency":[8.272109],"sensoruptime":[89.91222222222223,88.92888888888889,89.91222222222223],"battvoltage":[11.884,11.914000000000001,11.88],"arrayvoltage":[11.374,0.7929999999999999,35.016],"chargecurrent":[0.0,0.0,2.8360000000000003],"chargestate":[3.0,3.0,5.0],"loadpower":[13.825449000000003,13.836468000000002,13.31694],"batterytemp":[11.0,11.0,20.0],"triggerrate":[0.0,0.0,4.4],"triggersremaining":[21966.0,21967.0,22151.0],"crcerrors":[0.0,0.0,0.0]}