{"datalatency":[8.022729],"sensoruptime":[2.3383333333333334,1.355,62.22694444444444],"battvoltage":[14.27,14.52,11.319],"arrayvoltage":[42.148,41.074,42.471000000000004],"chargecurrent":[3.264,5.481,7.752000000000001],"chargestate":[6.0,6.0,6.0],"loadpower":[11.073186,9.439776,0.0],"batterytemp":[26.0,18.0,34.0],"triggerrate":[0.0,0.0,0.5],"triggersremaining":[18401.0,18401.0,18411.0],"crcerrors":[0.0,0.0,0.0]}