{"datalatency":[74.898476],"sensoruptime":[89.0111111111111,88.01138888888889,89.0111111111111],"battvoltage":[12.253,12.255999999999998,12.216],"arrayvoltage":[14.892999999999999,13.504000000000001,17.965999999999998],"chargecurrent":[0.28300000000000003,0.201,8.001],"ledstate":[6.0,6.0,6.0],"loadpower":[22.736052000000004,23.710817,21.730287],"batterytemp":[30.0,28.0,58.0],"triggerrate":[0.0,0.2,0.6],"triggersremaining":[6297.0,6297.0,6316.0],"crcerrors":[0.0,0.0,0.0]}