{"datalatency":[40.652208],"sensoruptime":[19.711666666666666,18.711666666666666,null],"battvoltage":[12.186,12.186,12.158],"arrayvoltage":[15.573,14.606,19.632],"chargecurrent":[0.478,0.28300000000000003,7.9],"ledstate":[6.0,6.0,6.0],"loadpower":[22.479072000000002,23.561668,5.802676],"batterytemp":[29.0,29.0,49.0],"triggerrate":[0.0,0.0,null],"triggersremaining":[22327.0,22327.0,null],"crcerrors":[0.0,0.0,0.0]}