{"datalatency":[13.548064],"sensoruptime":[64.89416666666666,63.894444444444446,64.89416666666666],"battvoltage":[12.1,12.125,12.015],"arrayvoltage":[0.11599999999999999,0.214,17.000999999999998],"chargecurrent":[0.005,0.005,10.545],"ledstate":[8.0,8.0,8.0],"loadpower":[23.56575,23.825447999999998,21.262392999999996],"batterytemp":[28.0,29.0,52.0],"triggerrate":[0.0,0.0,6.0],"triggersremaining":[13104.0,13105.0,13481.0],"crcerrors":[0.0,0.0,2.0]}