{"datalatency":[16.386151],"sensoruptime":[null,null,null],"battvoltage":[12.216,12.241,11.606],"arrayvoltage":[0.107,0.057999999999999996,19.680999999999997],"chargecurrent":[0.002,0.002,9.955],"chargestate":[3.0,3.0,6.0],"loadpower":[6.187428000000001,6.083568,0.0],"batterytemp":[10.0,10.0,38.0],"triggerrate":[null,null,null],"triggersremaining":[null,null,null],"crcerrors":[null,null,null]}