{"datalatency":[22.862877],"sensoruptime":[331.6877777777778,330.6877777777778,331.6877777777778],"battvoltage":[12.177,12.18,12.173],"arrayvoltage":[0.0,0.0,18.753],"chargecurrent":[0.002,0.005,11.622],"ledstate":[6.0,6.0,6.0],"loadpower":[23.775593,24.182032000000007,20.870528999999998],"batterytemp":[25.0,26.0,44.0],"triggerrate":[0.0,0.0,1.2000000000000002],"triggersremaining":[12624.0,12624.0,12630.0],"crcerrors":[0.0,0.0,2.0]}