{"datalatency":[26.074067000000003],"sensoruptime":[null,null,null],"battvoltage":[14.597000000000001,12.692,12.299000000000001],"arrayvoltage":[34.332,1.187,44.974],"chargecurrent":[0.41100000000000003,0.0,2.773],"chargestate":[5.0,3.0,6.0],"loadpower":[0.0,0.0,0.0],"batterytemp":[1.0,0.0,11.0],"triggerrate":[null,null,null],"triggersremaining":[null,null,null],"crcerrors":[null,null,null]}