{"datalatency":[12.318393],"sensoruptime":[25.113055555555555,24.113055555555555,25.113055555555555],"battvoltage":[11.835,11.719000000000001,11.682],"arrayvoltage":[16.653,15.823,17.526],"chargecurrent":[1.8630000000000002,0.312,10.419],"chargestate":[5.0,5.0,6.0],"loadpower":[22.823670999999997,22.266360000000002,21.71104],"batterytemp":[28.0,27.0,49.0],"triggerrate":[0.0,0.0,12.0],"triggersremaining":[21156.0,21170.0,21660.0],"crcerrors":[0.0,0.0,0.0]}