{"datalatency":[48.855593000000006],"sensoruptime":[null,null,null],"battvoltage":[12.195,12.200999999999999,11.987],"arrayvoltage":[0.21100000000000002,0.0,18.362000000000002],"chargecurrent":[0.002,0.002,9.487],"ledstate":[6.0,6.0,8.0],"loadpower":[7.650924,8.162469,5.89088],"batterytemp":[26.0,26.0,52.0],"triggerrate":[null,null,null],"triggersremaining":[null,null,null],"crcerrors":[null,null,null]}