{"datalatency":[7.053954],"sensoruptime":[152.74055555555555,151.75722222222223,152.74055555555555],"battvoltage":[12.604000000000001,12.796,11.868],"arrayvoltage":[11.707,18.991,42.465],"chargecurrent":[0.0,0.667,15.0],"chargestate":[5.0,5.0,6.0],"loadpower":[13.729716000000002,13.004478000000002,8.596613999999999],"batterytemp":[15.0,20.0,33.0],"triggerrate":[0.2,0.2,6.4],"triggersremaining":[20404.0,20413.0,21048.0],"crcerrors":[0.0,0.0,0.0]}