{"datalatency":[15.52105],"sensoruptime":[18.669166666666666,17.669444444444444,null],"battvoltage":[11.539000000000001,11.575,11.337],"arrayvoltage":[0.0,0.0,19.305],"chargecurrent":[0.002,0.005,7.371],"ledstate":[10.0,10.0,11.0],"loadpower":[23.885325,23.379223999999997,0.0],"batterytemp":[20.0,21.0,49.0],"triggerrate":[0.0,0.0,null],"triggersremaining":[14560.0,14560.0,null],"crcerrors":[0.0,0.0,0.0]}