{"datalatency":[74.482431],"sensoruptime":[11.988333333333333,10.988611111111112,null],"battvoltage":[12.450999999999999,12.520999999999999,12.450999999999999],"arrayvoltage":[0.021,0.021,19.229],"chargecurrent":[0.002,0.005,8.175],"ledstate":[6.0,6.0,6.0],"loadpower":[23.572968,23.116632000000003,6.0236],"batterytemp":[33.0,35.0,54.0],"triggerrate":[0.0,0.0,null],"triggersremaining":[7057.0,7057.0,null],"crcerrors":[0.0,0.0,0.0]}