{"datalatency":[78.13189200000001],"sensoruptime":[28.1875,27.1875,28.1875],"battvoltage":[12.552,13.092,12.14],"arrayvoltage":[16.8,15.573,17.337],"chargecurrent":[0.457,3.505,9.245],"ledstate":[6.0,6.0,6.0],"loadpower":[23.442404,23.190454,22.116975999999998],"batterytemp":[50.0,54.0,55.0],"triggerrate":[0.0,0.0,0.2],"triggersremaining":[6325.0,6326.0,6332.0],"crcerrors":[0.0,0.0,0.0]}