{"datalatency":[10.257448],"sensoruptime":[0.009166666666666667,null,0.018333333333333333],"battvoltage":[14.575,14.690999999999999,10.595999999999998],"arrayvoltage":[41.928000000000004,43.118,43.89],"chargecurrent":[1.609,1.771,2.597],"chargestate":[6.0,6.0,7.0],"loadpower":[14.940747,14.436628000000002,0.0],"batterytemp":[16.0,12.0,16.0],"triggerrate":[null,null,0.0],"triggersremaining":[0.0,null,0.0],"crcerrors":[0.0,0.0,1.0]}