{"datalatency":[12.421657000000002],"sensoruptime":[12.485833333333334,11.488888888888889,null],"battvoltage":[12.329,12.369000000000002,12.329],"arrayvoltage":[0.021,0.024,20.032],"chargecurrent":[0.005,0.002,7.09],"chargestate":[3.0,3.0,7.0],"loadpower":[25.693056999999996,24.924069,11.041264],"batterytemp":[27.0,29.0,47.0],"triggerrate":[null,null,null],"triggersremaining":[22490.0,22491.0,null],"crcerrors":[null,null,0.0]}