{"datalatency":[8.603785],"sensoruptime":[79.08527777777778,78.10194444444444,79.08527777777778],"battvoltage":[12.527000000000001,12.704,12.183],"arrayvoltage":[24.408,32.617,38.708],"chargecurrent":[0.06,1.495,8.752],"chargestate":[5.0,5.0,6.0],"loadpower":[14.197622999999998,13.954180000000001,9.957479999999999],"batterytemp":[24.0,28.0,34.0],"triggerrate":[0.2,0.0,0.6],"triggersremaining":[21608.0,21610.0,21646.0],"crcerrors":[0.0,0.0,0.0]}