{"datalatency":[16.339477000000002],"sensoruptime":[145.3825,144.3825,145.3825],"battvoltage":[11.975,11.987,11.870999999999999],"arrayvoltage":[16.266,16.217,16.898],"chargecurrent":[1.4980000000000002,1.7369999999999999,10.972000000000001],"ledstate":[8.0,8.0,8.0],"loadpower":[23.536136,23.667105000000003,21.571521000000004],"batterytemp":[34.0,32.0,42.0],"triggerrate":[0.0,0.0,3.6],"triggersremaining":[12944.0,12944.0,13077.0],"crcerrors":[0.0,0.0,2.0]}