{"datalatency":[20.326324],"sensoruptime":[0.8358333333333333,null,null],"battvoltage":[12.14,12.225,12.1],"arrayvoltage":[15.575999999999999,15.770999999999999,17.825],"chargecurrent":[0.94,0.36700000000000005,9.615],"ledstate":[6.0,6.0,8.0],"loadpower":[22.815716999999996,6.827520000000001,5.735975000000001],"batterytemp":[33.0,31.0,57.0],"triggerrate":[0.0,null,null],"triggersremaining":[1866.0,null,null],"crcerrors":[0.0,0.0,0.0]}