{"datalatency":[22.421249000000003],"sensoruptime":[319.68944444444446,318.6897222222222,319.68944444444446],"battvoltage":[12.9,12.939,12.253],"arrayvoltage":[16.016,15.677,18.753],"chargecurrent":[2.884,2.918,11.622],"ledstate":[6.0,6.0,6.0],"loadpower":[22.411686000000003,22.829960999999997,20.870528999999998],"batterytemp":[39.0,41.0,50.0],"triggerrate":[0.0,0.0,1.2000000000000002],"triggersremaining":[12627.0,12627.0,12633.0],"crcerrors":[0.0,0.0,2.0]}