{"datalatency":[7.963075000000001],"sensoruptime":[0.008888888888888889,0.6747222222222222,null],"battvoltage":[13.379000000000001,11.767999999999999,11.328],"arrayvoltage":[16.262999999999998,14.322000000000001,19.949],"chargecurrent":[3.682,0.797,9.745],"ledstate":[6.0,8.0,10.0],"loadpower":[22.587328,25.401574,5.908896],"batterytemp":[42.0,49.0,51.0],"triggerrate":[0.0,0.0,null],"triggersremaining":[14568.0,14569.0,null],"crcerrors":[0.0,0.0,0.0]}