{"datalatency":[19.099994000000002],"sensoruptime":[8.519722222222223,7.5225,31.89388888888889],"battvoltage":[12.1,12.103,12.073],"arrayvoltage":[15.575999999999999,13.623,18.692],"chargecurrent":[0.321,0.152,11.344000000000001],"ledstate":[6.0,6.0,8.0],"loadpower":[23.692265999999996,25.312271999999997,7.371546],"batterytemp":[25.0,23.0,48.0],"triggerrate":[0.0,0.0,16.800115584795222],"triggersremaining":[22432.0,22433.0,22488.0],"crcerrors":[null,null,0.0]}