{"datalatency":[13.519820000000001],"sensoruptime":[353.6872222222222,352.6875,353.6872222222222],"battvoltage":[12.14,12.177,12.109000000000002],"arrayvoltage":[0.0,0.079,17.633],"chargecurrent":[0.005,0.002,12.229000000000001],"ledstate":[6.0,6.0,6.0],"loadpower":[23.491936,23.768456000000004,21.612250999999997],"batterytemp":[24.0,24.0,44.0],"triggerrate":[0.0,0.0,1.2000000000000002],"triggersremaining":[12618.0,12618.0,12624.0],"crcerrors":[0.0,0.0,2.0]}