{"datalatency":[13.099586],"sensoruptime":[338.3561111111111,337.3563888888889,338.3561111111111],"battvoltage":[12.433,12.558,12.109000000000002],"arrayvoltage":[16.168,16.605,18.03],"chargecurrent":[1.524,5.655,11.622],"ledstate":[6.0,6.0,6.0],"loadpower":[23.323625999999997,22.444200000000002,20.870528999999998],"batterytemp":[34.0,28.0,44.0],"triggerrate":[0.0,0.0,1.2000000000000002],"triggersremaining":[12622.0,12622.0,12628.0],"crcerrors":[0.0,0.0,2.0]}