{"datalatency":[37.875582],"sensoruptime":[0.0005555555555555556,0.0075,1.8325],"battvoltage":[14.844000000000001,14.902000000000001,10.526],"arrayvoltage":[41.089,39.792,42.858999999999995],"chargecurrent":[1.8869999999999998,2.145,2.6189999999999998],"chargestate":[6.0,6.0,7.0],"loadpower":[16.773522999999997,14.189175,0.0],"batterytemp":[7.0,5.0,19.0],"triggerrate":[null,0.0,0.0],"triggersremaining":[0.0,0.0,0.0],"crcerrors":[5.0,1.0,1.0]}