{"datalatency":[7.9825680000000006],"sensoruptime":[47.09583333333333,46.09583333333333,47.09583333333333],"battvoltage":[11.838,11.685,11.645999999999999],"arrayvoltage":[37.75,12.622,42.148],"chargecurrent":[0.7709999999999999,0.0,12.352],"chargestate":[5.0,3.0,6.0],"loadpower":[13.746840000000002,13.686492000000001,8.277874],"batterytemp":[8.0,6.0,29.0],"triggerrate":[0.0,0.0,0.4],"triggersremaining":[18412.0,18412.0,18421.0],"crcerrors":[0.0,0.0,0.0]}