{"datalatency":[21.119711000000002],"sensoruptime":[284.19444444444446,283.1947222222222,284.19444444444446],"battvoltage":[12.222000000000001,12.253,12.103],"arrayvoltage":[0.0,0.0,18.506],"chargecurrent":[0.002,0.005,9.074],"ledstate":[6.0,6.0,6.0],"loadpower":[23.553720000000002,23.808745000000002,21.141912],"batterytemp":[23.0,23.0,53.0],"triggerrate":[0.0,0.0,2.4000000000000004],"triggersremaining":[12640.0,12641.0,12670.0],"crcerrors":[0.0,0.0,2.0]}