{"datalatency":[75.29338100000001],"sensoruptime":[128.67222222222222,127.67222222222222,128.67222222222222],"battvoltage":[12.424000000000001,12.445,12.216],"arrayvoltage":[0.015,0.012,18.167],"chargecurrent":[0.005,0.002,7.931],"ledstate":[6.0,6.0,6.0],"loadpower":[23.596272,23.970824,21.885253],"batterytemp":[33.0,34.0,57.0],"triggerrate":[0.0,0.0,0.6],"triggersremaining":[6259.0,6261.0,6291.0],"crcerrors":[0.0,0.0,0.0]}