{"datalatency":[14.461037000000001],"sensoruptime":[92.39027777777778,91.39027777777778,92.39027777777778],"battvoltage":[12.1,12.119000000000002,11.984000000000002],"arrayvoltage":[0.08199999999999999,0.107,17.337],"chargecurrent":[0.005,0.005,9.687000000000001],"ledstate":[8.0,8.0,8.0],"loadpower":[23.474895999999998,23.740831999999997,21.70458],"batterytemp":[27.0,28.0,58.0],"triggerrate":[0.0,0.0,2.4000000000000004],"triggersremaining":[13086.0,13087.0,13097.0],"crcerrors":[0.0,0.0,2.0]}