{"datalatency":[16.99136],"sensoruptime":[6.849722222222222,5.849722222222222,null],"battvoltage":[13.51,11.675999999999998,11.31],"arrayvoltage":[14.844000000000001,16.168,19.531],"chargecurrent":[9.136000000000001,1.875,12.99],"ledstate":[6.0,10.0,11.0],"loadpower":[26.542966,27.790256,0.0],"batterytemp":[44.0,40.0,44.0],"triggerrate":[0.0,0.0,null],"triggersremaining":[14570.0,14570.0,null],"crcerrors":[0.0,0.0,0.0]}