{"datalatency":[16.054024000000002],"sensoruptime":[138.55027777777778,137.55027777777778,138.55027777777778],"battvoltage":[11.917,11.950999999999999,11.914000000000001],"arrayvoltage":[0.0,0.018000000000000002,16.898],"chargecurrent":[0.002,0.005,10.972000000000001],"ledstate":[8.0,8.0,8.0],"loadpower":[23.488626,23.452929,21.720998],"batterytemp":[29.0,29.0,42.0],"triggerrate":[0.0,0.0,3.6],"triggersremaining":[12946.0,12946.0,13079.0],"crcerrors":[0.0,0.0,2.0]}