{"datalatency":[12.324099],"sensoruptime":[23.78,22.782777777777778,null],"battvoltage":[11.722000000000001,11.722000000000001,11.703],"arrayvoltage":[15.283,12.645999999999999,17.526],"chargecurrent":[0.345,0.057999999999999996,10.419],"chargestate":[5.0,5.0,5.0],"loadpower":[22.46475,24.268611,6.167125],"batterytemp":[26.0,25.0,49.0],"triggerrate":[0.0,0.0,null],"triggersremaining":[21171.0,21171.0,null],"crcerrors":[0.0,0.0,0.0]}