{"datalatency":[8.159056],"sensoruptime":[101.24388888888889,100.26083333333334,101.24388888888889],"battvoltage":[11.745999999999999,11.761,11.725],"arrayvoltage":[1.126,1.8430000000000002,34.863],"chargecurrent":[0.0,0.0,1.423],"chargestate":[3.0,3.0,5.0],"loadpower":[13.646898000000002,13.693578000000002,12.790060000000002],"batterytemp":[13.0,13.0,16.0],"triggerrate":[0.0,0.0,0.8],"triggersremaining":[21952.0,21952.0,22061.0],"crcerrors":[0.0,0.0,0.0]}