{"datalatency":[8.589586],"sensoruptime":[74.7525,73.76916666666666,74.7525],"battvoltage":[12.9,12.784,12.183],"arrayvoltage":[34.375,33.736999999999995,40.088],"chargecurrent":[2.4619999999999997,2.329,6.209],"chargestate":[5.0,5.0,6.0],"loadpower":[13.048295000000001,13.031424,8.80245],"batterytemp":[28.0,26.0,34.0],"triggerrate":[0.0,0.2,0.6],"triggersremaining":[21630.0,21636.0,21647.0],"crcerrors":[0.0,0.0,0.0]}