{"datalatency":[17.19465],"sensoruptime":[null,null,null],"battvoltage":[12.482000000000001,12.482000000000001,12.18],"arrayvoltage":[0.128,0.107,19.625999999999998],"chargecurrent":[0.005,0.005,5.361000000000001],"chargestate":[3.0,3.0,6.0],"loadpower":[5.548705000000001,6.321783000000001,4.102919999999999],"batterytemp":[16.0,17.0,45.0],"triggerrate":[null,null,null],"triggersremaining":[null,null,null],"crcerrors":[null,null,null]}