{"datalatency":[31.730238000000003],"sensoruptime":[25.483888888888888,24.483888888888888,25.483888888888888],"battvoltage":[13.140999999999998,12.75,12.064],"arrayvoltage":[15.915,16.653,20.032],"chargecurrent":[8.639,4.532,10.168],"chargestate":[5.0,5.0,7.0],"loadpower":[24.00441,23.918518000000002,22.619726999999994],"batterytemp":[40.0,34.0,47.0],"triggerrate":[null,null,null],"triggersremaining":[22487.0,22487.0,22493.0],"crcerrors":[null,null,0.0]}