{"datalatency":[7.461185],"sensoruptime":[167.90472222222223,166.92138888888888,167.90472222222223],"battvoltage":[12.796,12.299000000000001,12.183],"arrayvoltage":[18.945,19.394000000000002,42.465],"chargecurrent":[2.918,0.821,15.0],"chargestate":[5.0,5.0,6.0],"loadpower":[12.983022,13.331790000000002,8.596613999999999],"batterytemp":[12.0,8.0,33.0],"triggerrate":[0.0,0.0,0.8],"triggersremaining":[20371.0,20371.0,20462.0],"crcerrors":[0.0,0.0,0.0]}