{"datalatency":[39.496096],"sensoruptime":[9.882777777777777,8.885555555555555,57.48722222222222],"battvoltage":[11.835,11.908,11.639000000000001],"arrayvoltage":[0.021,0.107,17.242],"chargecurrent":[0.002,0.005,12.284],"ledstate":[8.0,8.0,10.0],"loadpower":[27.535767000000003,24.892041000000006,6.942914999999999],"batterytemp":[25.0,26.0,48.0],"triggerrate":[0.0,0.0,7.200004464002768],"triggersremaining":[22166.0,22166.0,22313.0],"crcerrors":[null,null,0.0]}