{"datalatency":[21.562554000000002],"sensoruptime":[296.0261111111111,295.02916666666664,296.0261111111111],"battvoltage":[13.797,13.794,12.183],"arrayvoltage":[16.953,16.797,18.463],"chargecurrent":[6.216,6.931,9.376],"ledstate":[3.0,3.0,6.0],"loadpower":[22.367092000000003,22.425988999999998,21.539708],"batterytemp":[48.0,48.0,49.0],"triggerrate":[0.0,0.0,1.2000000000000002],"triggersremaining":[12632.0,12633.0,12648.0],"crcerrors":[0.0,0.0,2.0]}