{"datalatency":[8.094721],"sensoruptime":[7.004166666666666,6.021111111111111,62.22694444444444],"battvoltage":[14.267000000000001,14.267000000000001,11.319],"arrayvoltage":[41.953,41.931000000000004,42.471000000000004],"chargecurrent":[2.6069999999999998,2.7489999999999997,5.733],"chargestate":[6.0,6.0,6.0],"loadpower":[12.331824000000001,12.331824000000001,0.0],"batterytemp":[26.0,26.0,32.0],"triggerrate":[0.0,0.0,0.5],"triggersremaining":[18400.0,18400.0,18410.0],"crcerrors":[0.0,0.0,0.0]}