{"datalatency":[8.563514000000001],"sensoruptime":[58.588055555555556,57.58833333333333,58.588055555555556],"battvoltage":[12.546,12.573,12.18],"arrayvoltage":[0.555,0.555,40.146],"chargecurrent":[0.0,0.0,10.228],"chargestate":[3.0,3.0,6.0],"loadpower":[13.715478000000003,13.776126,8.80245],"batterytemp":[19.0,20.0,34.0],"triggerrate":[0.0,0.0,0.2],"triggersremaining":[21645.0,21645.0,21653.0],"crcerrors":[0.0,0.0,0.0]}