{"datalatency":[8.206829],"sensoruptime":[null,null,null],"battvoltage":[12.421,12.421,10.944],"arrayvoltage":[0.7659999999999999,0.867,41.791000000000004],"chargecurrent":[0.002,0.002,2.923],"chargestate":[3.0,3.0,6.0],"loadpower":[0.0,0.0,0.0],"batterytemp":[9.0,8.0,32.0],"triggerrate":[null,null,null],"triggersremaining":[null,null,null],"crcerrors":[0.0,null,0.0]}