{"datalatency":[21.283387],"sensoruptime":[null,null,57.48722222222222],"battvoltage":[12.479000000000001,12.067,11.639000000000001],"arrayvoltage":[16.666,16.452,17.78],"chargecurrent":[4.706,1.58,9.692],"ledstate":[8.0,10.0,10.0],"loadpower":[7.844768999999999,9.108287999999998,6.949343999999999],"batterytemp":[35.0,32.0,40.0],"triggerrate":[null,null,7.200004464002768],"triggersremaining":[null,null,22426.0],"crcerrors":[null,null,0.0]}