{"datalatency":[16.983444000000002],"sensoruptime":[162.04583333333332,161.04888888888888,162.04583333333332],"battvoltage":[11.874,11.88,11.868],"arrayvoltage":[0.0,0.021,17.245],"chargecurrent":[0.005,0.002,12.144],"ledstate":[8.0,8.0,8.0],"loadpower":[23.746608,24.002616000000003,21.472317999999998],"batterytemp":[30.0,30.0,51.0],"triggerrate":[0.0,0.0,8.4],"triggersremaining":[12704.0,12704.0,12946.0],"crcerrors":[0.0,0.0,2.0]}