{"datalatency":[7.848518],"sensoruptime":[36.43083333333333,35.4475,36.43083333333333],"battvoltage":[11.99,12.03,11.49],"arrayvoltage":[0.7659999999999999,0.7659999999999999,42.148],"chargecurrent":[0.0,0.0,12.352],"chargestate":[3.0,3.0,6.0],"loadpower":[13.901005999999999,14.028,8.277874],"batterytemp":[10.0,11.0,29.0],"triggerrate":[0.0,0.0,0.4],"triggersremaining":[18417.0,18418.0,18428.0],"crcerrors":[0.0,0.0,0.0]}