{"datalatency":[8.71752],"sensoruptime":[99.24916666666667,98.26583333333333,99.24916666666667],"battvoltage":[13.754000000000001,14.107999999999999,12.03],"arrayvoltage":[33.884,39.111,41.65],"chargecurrent":[5.191,8.446,11.832],"chargestate":[5.0,6.0,6.0],"loadpower":[10.643818,9.624432,9.0954],"batterytemp":[29.0,31.0,34.0],"triggerrate":[0.2,0.0,0.6],"triggersremaining":[21527.0,21530.0,21627.0],"crcerrors":[0.0,0.0,0.0]}