{"datalatency":[8.836684],"sensoruptime":[117.41333333333333,116.41333333333333,117.41333333333333],"battvoltage":[12.183,12.207,12.03],"arrayvoltage":[0.925,0.9490000000000001,41.65],"chargecurrent":[0.0,0.0,11.832],"chargestate":[3.0,3.0,6.0],"loadpower":[14.124109999999998,14.167103999999998,8.207364000000002],"batterytemp":[21.0,21.0,32.0],"triggerrate":[0.0,0.0,0.6],"triggersremaining":[21470.0,21473.0,21549.0],"crcerrors":[0.0,0.0,0.0]}