{"datalatency":[18.119021],"sensoruptime":[198.54055555555556,197.54083333333332,198.54055555555556],"battvoltage":[12.985,12.946,11.800999999999998],"arrayvoltage":[15.335,15.335,18.445],"chargecurrent":[8.462,8.892000000000001,10.17],"ledstate":[8.0,8.0,8.0],"loadpower":[22.653349,22.673958,21.692814],"batterytemp":[49.0,47.0,53.0],"triggerrate":[0.0,0.0,1.2000000000000002],"triggersremaining":[12688.0,12688.0,12699.0],"crcerrors":[0.0,0.0,2.0]}