{"datalatency":[9.543399],"sensoruptime":[10.671388888888888,9.671388888888888,10.671388888888888],"battvoltage":[11.694,11.835,11.285],"arrayvoltage":[12.125,15.967,19.965],"chargecurrent":[0.0,0.28300000000000003,7.916],"ledstate":[10.0,10.0,11.0],"loadpower":[27.43617,25.993298,0.0],"batterytemp":[35.0,45.0,51.0],"triggerrate":[0.0,0.0,1.2000000000000002],"triggersremaining":[14565.0,14565.0,14568.0],"crcerrors":[0.0,0.0,0.0]}