{"datalatency":[8.794991000000001],"sensoruptime":[125.24555555555555,124.2625,125.24555555555555],"battvoltage":[12.380999999999998,12.808,12.073],"arrayvoltage":[30.27,33.203,40.521],"chargecurrent":[1.012,3.2319999999999998,12.84],"chargestate":[5.0,5.0,6.0],"loadpower":[14.4536,11.064808,8.207364000000002],"batterytemp":[29.0,30.0,33.0],"triggerrate":[0.4,0.2,1.0],"triggersremaining":[21402.0,21422.0,21522.0],"crcerrors":[0.0,0.0,0.0]}