{"datalatency":[19.202791],"sensoruptime":[7.353055555555556,6.356111111111111,31.89388888888889],"battvoltage":[12.115,12.14,12.064],"arrayvoltage":[13.474,1.715,18.692],"chargecurrent":[0.121,0.002,11.344000000000001],"ledstate":[6.0,6.0,8.0],"loadpower":[24.441935999999995,25.371776,7.371546],"batterytemp":[23.0,23.0,48.0],"triggerrate":[0.0,0.0,16.800115584795222],"triggersremaining":[22433.0,22433.0,22488.0],"crcerrors":[null,null,0.0]}