{"datalatency":[7.67572],"sensoruptime":[18.1,17.116944444444446,31.859444444444446],"battvoltage":[11.645999999999999,11.685,11.465],"arrayvoltage":[0.684,0.684,42.996],"chargecurrent":[0.0,0.0,15.002],"chargestate":[3.0,3.0,6.0],"loadpower":[14.115870000000001,13.744782,0.0],"batterytemp":[2.0,3.0,28.0],"triggerrate":[0.0,0.0,1.0],"triggersremaining":[18425.0,18425.0,18453.0],"crcerrors":[0.0,0.0,4.0]}