{"datalatency":[37.559799000000005],"sensoruptime":[2.381111111111111,1.381388888888889,5.173333333333333],"battvoltage":[14.557,13.123,10.287],"arrayvoltage":[41.931000000000004,33.981,43.448],"chargecurrent":[3.167,2.022,5.0760000000000005],"chargestate":[8.0,5.0,8.0],"loadpower":[10.895299999999999,14.304040000000002,0.0],"batterytemp":[23.0,20.0,27.0],"triggerrate":[2.8,0.0,2.8],"triggersremaining":[11636.0,11664.0,11687.0],"crcerrors":[0.0,0.0,0.0]}