{"datalatency":[16.643698],"sensoruptime":[154.7136111111111,153.71666666666667,154.7136111111111],"battvoltage":[12.1,12.454,11.870999999999999],"arrayvoltage":[14.215,16.608,17.245],"chargecurrent":[0.40299999999999997,3.513,12.144],"ledstate":[8.0,8.0,8.0],"loadpower":[23.668163999999997,22.639362,21.472317999999998],"batterytemp":[40.0,49.0,51.0],"triggerrate":[0.0,0.0,8.4],"triggersremaining":[12706.0,12710.0,12989.0],"crcerrors":[0.0,0.0,2.0]}