{"datalatency":[8.128791],"sensoruptime":[84.91277777777778,83.92972222222222,84.91277777777778],"battvoltage":[11.99,11.99,11.978],"arrayvoltage":[0.851,0.775,35.016],"chargecurrent":[0.0,0.0,2.8360000000000003],"chargestate":[3.0,3.0,5.0],"loadpower":[13.924932,13.924932,13.31694],"batterytemp":[11.0,11.0,20.0],"triggerrate":[0.2,0.0,4.4],"triggersremaining":[21981.0,21987.0,22185.0],"crcerrors":[0.0,0.0,0.0]}