{"datalatency":[15.826121],"sensoruptime":[131.88444444444445,130.88472222222222,131.88444444444445],"battvoltage":[12.027000000000001,12.064,12.027000000000001],"arrayvoltage":[7.827999999999999,13.100999999999999,16.898],"chargecurrent":[0.002,0.162,10.972000000000001],"ledstate":[8.0,8.0,8.0],"loadpower":[23.711688000000002,23.668163999999997,21.720998],"batterytemp":[31.0,33.0,42.0],"triggerrate":[1.2000000000000002,0.0,3.6],"triggersremaining":[12972.0,12987.0,13081.0],"crcerrors":[0.0,0.0,2.0]}