{"datalatency":[8.213883000000001],"sensoruptime":[9.784166666666666,8.784444444444444,114.10888888888888],"battvoltage":[11.645999999999999,11.685,11.469000000000001],"arrayvoltage":[0.626,0.568,35.4],"chargecurrent":[0.0,0.0,6.643],"chargestate":[3.0,3.0,5.0],"loadpower":[13.639532000000003,14.22276,0.0],"batterytemp":[17.0,18.0,27.0],"triggerrate":[0.4,0.4,1.6],"triggersremaining":[21844.0,21872.0,21939.0],"crcerrors":[0.0,0.0,0.0]}