{"datalatency":[7.617101000000001],"sensoruptime":[187.56861111111112,186.58555555555554,187.56861111111112],"battvoltage":[12.222000000000001,12.259,12.183],"arrayvoltage":[0.6679999999999999,0.665,43.121],"chargecurrent":[0.0,0.0,10.794],"chargestate":[3.0,3.0,6.0],"loadpower":[13.789152,13.478562,8.98432],"batterytemp":[4.0,4.0,29.0],"triggerrate":[0.0,0.0,0.4],"triggersremaining":[20357.0,20357.0,20372.0],"crcerrors":[0.0,0.0,0.0]}