{"datalatency":[10.287431],"sensoruptime":[null,null,null],"battvoltage":[12.527000000000001,12.537,10.352],"arrayvoltage":[11.859000000000002,11.874,44.562],"chargecurrent":[0.0,0.0,2.6889999999999996],"chargestate":[5.0,5.0,7.0],"loadpower":[0.0,0.0,0.0],"batterytemp":[1.0,2.0,16.0],"triggerrate":[null,null,null],"triggersremaining":[null,null,null],"crcerrors":[0.0,null,1.0]}