{"datalatency":[22.852426],"sensoruptime":[1.6875,0.6875,31.89388888888889],"battvoltage":[12.341,12.387,12.064],"arrayvoltage":[0.024,0.021,18.692],"chargecurrent":[0.005,0.002,11.344000000000001],"ledstate":[6.0,6.0,8.0],"loadpower":[24.276806999999998,24.541002000000002,7.371546],"batterytemp":[27.0,28.0,48.0],"triggerrate":[0.0,0.0,16.800115584795222],"triggersremaining":[22434.0,22434.0,22490.0],"crcerrors":[null,null,0.0]}