{"datalatency":[10.302895000000001],"sensoruptime":[null,null,null],"battvoltage":[14.517000000000001,14.658,10.595999999999998],"arrayvoltage":[41.931000000000004,42.471000000000004,43.381],"chargecurrent":[1.913,1.923,2.597],"chargestate":[6.0,6.0,7.0],"loadpower":[19.191249000000003,19.309618,0.0],"batterytemp":[18.0,13.0,18.0],"triggerrate":[null,null,null],"triggersremaining":[null,null,null],"crcerrors":[0.0,0.0,1.0]}