{"datalatency":[15.373773000000002],"sensoruptime":[400.34722222222223,399.3475,400.34722222222223],"battvoltage":[12.14,12.177,12.027000000000001],"arrayvoltage":[0.031,0.021,18.365],"chargecurrent":[0.002,0.005,10.873],"ledstate":[6.0,6.0,8.0],"loadpower":[23.673856,23.817522,21.895564000000004],"batterytemp":[27.0,28.0,52.0],"triggerrate":[0.0,0.0,1.2000000000000002],"triggersremaining":[12600.0,12601.0,12608.0],"crcerrors":[0.0,0.0,2.0]}