{"datalatency":[22.028928],"sensoruptime":[null,null,null],"battvoltage":[11.53,11.565999999999999,11.53],"arrayvoltage":[0.128,0.22,19.342],"chargecurrent":[0.002,0.005,5.67],"chargestate":[3.0,3.0,6.0],"loadpower":[8.073417000000001,7.981740999999999,6.509968999999999],"batterytemp":[13.0,14.0,26.0],"triggerrate":[null,null,null],"triggersremaining":[null,null,null],"crcerrors":[null,null,null]}