{"datalatency":[20.098633],"sensoruptime":[null,329.4822222222222,329.74861111111113],"battvoltage":[12.1,11.993,11.911],"arrayvoltage":[15.915,16.36,18.167],"chargecurrent":[0.541,0.978,9.62],"ledstate":[8.0,8.0,8.0],"loadpower":[7.134192,23.543595,6.640101],"batterytemp":[32.0,31.0,55.0],"triggerrate":[null,0.0,14.8],"triggersremaining":[null,1907.0,3210.0],"crcerrors":[0.0,0.0,0.0]}