{"datalatency":[7.7206410000000005],"sensoruptime":[7.0633333333333335,6.08,227.69416666666666],"battvoltage":[11.899000000000001,11.914000000000001,11.899000000000001],"arrayvoltage":[1.364,1.099,36.472],"chargecurrent":[0.0,0.0,3.503],"chargestate":[3.0,3.0,5.0],"loadpower":[13.872129000000001,13.812694,9.995777999999998],"batterytemp":[16.0,16.0,18.0],"triggerrate":[0.0,0.0,24.0],"triggersremaining":[18648.0,18655.0,20321.0],"crcerrors":[2.0,0.0,3.0]}