{"datalatency":[10.241199],"sensoruptime":[14.00611111111111,13.00611111111111,14.684444444444445],"battvoltage":[11.685,11.71,11.45],"arrayvoltage":[0.107,0.128,19.305],"chargecurrent":[0.002,0.002,7.371],"ledstate":[10.0,10.0,11.0],"loadpower":[27.179430000000004,27.179430000000004,0.0],"batterytemp":[25.0,26.0,49.0],"triggerrate":[0.0,0.0,1.2000000000000002],"triggersremaining":[14561.0,14561.0,14564.0],"crcerrors":[0.0,0.0,0.0]}