{"datalatency":[38.125142000000004],"sensoruptime":[0.0025,0.010833333333333334,1.8325],"battvoltage":[14.825,14.853,10.526],"arrayvoltage":[42.575,41.058,42.858999999999995],"chargecurrent":[1.7080000000000002,1.819,2.6189999999999998],"chargestate":[6.0,6.0,7.0],"loadpower":[14.151968000000002,14.214122000000001,0.0],"batterytemp":[8.0,7.0,19.0],"triggerrate":[null,null,0.0],"triggersremaining":[0.0,0.0,0.0],"crcerrors":[5.0,0.0,1.0]}