{"datalatency":[15.474782000000001],"sensoruptime":[123.55222222222223,122.55527777777777,123.55222222222223],"battvoltage":[12.729000000000001,12.378,12.079],"arrayvoltage":[15.625,16.55,16.846],"chargecurrent":[5.196000000000001,3.005,10.972000000000001],"ledstate":[8.0,8.0,8.0],"loadpower":[22.601670000000002,22.52152,21.720998],"batterytemp":[41.0,37.0,54.0],"triggerrate":[0.0,0.0,1.2000000000000002],"triggersremaining":[13077.0,13077.0,13085.0],"crcerrors":[0.0,0.0,2.0]}