{"datalatency":[10.327509000000001],"sensoruptime":[null,null,null],"battvoltage":[12.027000000000001,12.039000000000001,11.456],"arrayvoltage":[16.653,17.142,19.736],"chargecurrent":[0.9109999999999999,1.329,12.392999999999999],"chargestate":[5.0,5.0,6.0],"loadpower":[0.0,0.0,0.0],"batterytemp":[24.0,22.0,44.0],"triggerrate":[null,null,null],"triggersremaining":[null,null,null],"crcerrors":[0.0,null,0.0]}