{"datalatency":[8.176522],"sensoruptime":[77.41388888888889,76.43055555555556,77.41388888888889],"battvoltage":[12.130999999999998,12.145999999999999,12.106],"arrayvoltage":[0.763,1.047,35.016],"chargecurrent":[0.0,0.0,2.8360000000000003],"chargestate":[3.0,3.0,5.0],"loadpower":[14.07763,14.07763,13.31694],"batterytemp":[11.0,11.0,20.0],"triggerrate":[0.8,0.8,4.4],"triggersremaining":[22057.0,22065.0,22207.0],"crcerrors":[0.0,0.0,0.0]}