{"datalatency":[7.913784000000001],"sensoruptime":[22.088055555555556,21.105,null],"battvoltage":[14.232999999999999,14.212,12.07],"arrayvoltage":[41.388000000000005,41.388000000000005,42.725],"chargecurrent":[3.5989999999999998,4.36,7.474],"chargestate":[6.0,6.0,7.0],"loadpower":[9.265014,10.126771999999999,0.0],"batterytemp":[27.0,28.0,28.0],"triggerrate":[0.0,0.2,null],"triggersremaining":[22257.0,22259.0,null],"crcerrors":[0.0,0.0,0.0]}