{"datalatency":[8.282924000000001],"sensoruptime":[0.5363888888888889,null,11.33388888888889],"battvoltage":[14.290999999999999,14.359000000000002,10.427999999999999],"arrayvoltage":[38.895,40.521,43.015],"chargecurrent":[2.23,1.256,3.5439999999999996],"chargestate":[6.0,6.0,6.0],"loadpower":[12.36932,0.0,0.0],"batterytemp":[25.0,23.0,32.0],"triggerrate":[0.0,null,0.4],"triggersremaining":[22494.0,null,22496.0],"crcerrors":[0.0,0.0,0.0]}