{"datalatency":[37.664102],"sensoruptime":[0.44333333333333336,null,9.396944444444445],"battvoltage":[11.517000000000001,12.567,10.477],"arrayvoltage":[32.523,26.273000000000003,43.448],"chargecurrent":[0.5770000000000001,0.099,5.0760000000000005],"chargestate":[5.0,5.0,8.0],"loadpower":[13.388328000000003,0.0,0.0],"batterytemp":[10.0,8.0,26.0],"triggerrate":[0.0,0.0,19.2],"triggersremaining":[11441.0,null,11664.0],"crcerrors":[0.0,0.0,0.0]}