{"datalatency":[8.39639],"sensoruptime":[47.58972222222222,46.58972222222222,47.58972222222222],"battvoltage":[12.491,12.255999999999998,12.18],"arrayvoltage":[28.516,26.169,41.489],"chargecurrent":[2.215,0.13,11.902999999999999],"chargestate":[5.0,5.0,6.0],"loadpower":[14.609826,14.212421999999998,9.02565],"batterytemp":[17.0,15.0,35.0],"triggerrate":[0.0,0.0,0.4],"triggersremaining":[21648.0,21648.0,21659.0],"crcerrors":[0.0,0.0,0.0]}