{"datalatency":[8.636486],"sensoruptime":[67.92,66.92027777777778,67.92],"battvoltage":[12.259,12.299000000000001,12.18],"arrayvoltage":[0.723,0.626,40.146],"chargecurrent":[0.0,0.0,10.228],"chargestate":[3.0,3.0,6.0],"loadpower":[14.004495,14.255415999999999,8.80245],"batterytemp":[15.0,14.0,34.0],"triggerrate":[0.2,0.0,0.2],"triggersremaining":[21642.0,21643.0,21649.0],"crcerrors":[0.0,0.0,0.0]}