{"datalatency":[8.207429000000001],"sensoruptime":[91.41194444444444,90.42888888888889,91.41194444444444],"battvoltage":[11.877,11.877,11.815999999999999],"arrayvoltage":[27.051,12.674000000000001,35.016],"chargecurrent":[0.174,0.0,2.8360000000000003],"chargestate":[5.0,5.0,5.0],"loadpower":[13.789908000000004,13.766214,12.913230000000002],"batterytemp":[12.0,12.0,20.0],"triggerrate":[0.2,0.2,4.4],"triggersremaining":[21962.0,21965.0,22145.0],"crcerrors":[0.0,0.0,0.0]}