{"datalatency":[10.168748],"sensoruptime":[null,null,null],"battvoltage":[12.972999999999999,13.970999999999998,12.72],"arrayvoltage":[14.517000000000001,36.163000000000004,44.205],"chargecurrent":[0.0,0.275,0.563],"chargestate":[7.0,7.0,7.0],"loadpower":[0.0,0.0,0.0],"batterytemp":[14.0,16.0,18.0],"triggerrate":[null,null,null],"triggersremaining":[null,null,null],"crcerrors":[null,null,null]}