{"datalatency":[13.053948],"sensoruptime":[54.895833333333336,53.895833333333336,54.895833333333336],"battvoltage":[12.9,12.634,12.015],"arrayvoltage":[15.142999999999999,16.305999999999997,17.526],"chargecurrent":[8.088,4.643,10.985],"ledstate":[8.0,8.0,8.0],"loadpower":[22.129421999999998,22.030776,21.262392999999996],"batterytemp":[46.0,42.0,50.0],"triggerrate":[0.0,0.0,6.0],"triggersremaining":[13120.0,13121.0,13509.0],"crcerrors":[0.0,0.0,2.0]}