{"datalatency":[30.873957],"sensoruptime":[17.518333333333334,16.518333333333334,31.89388888888889],"battvoltage":[13.565,13.568,12.07],"arrayvoltage":[18.076,18.488,18.872],"chargecurrent":[3.846,4.353,10.158],"ledstate":[5.0,5.0,8.0],"loadpower":[23.637515999999998,23.381756999999997,7.371546],"batterytemp":[49.0,49.0,50.0],"triggerrate":[0.0,0.0,16.800115584795222],"triggersremaining":[22430.0,22430.0,22486.0],"crcerrors":[null,null,0.0]}