{"datalatency":[7.576169],"sensoruptime":[220.3975,219.41416666666666,220.3975],"battvoltage":[12.200999999999999,12.427,12.097000000000001],"arrayvoltage":[34.131,31.842,41.711000000000006],"chargecurrent":[0.457,0.7170000000000001,3.503],"chargestate":[5.0,5.0,6.0],"loadpower":[14.167103999999998,13.563732,9.49424],"batterytemp":[15.0,18.0,29.0],"triggerrate":[0.6,0.4,1.6],"triggersremaining":[20231.0,20266.0,20351.0],"crcerrors":[0.0,0.0,0.0]}