{"datalatency":[12.253044000000001],"sensoruptime":[17.947222222222223,16.9475,null],"battvoltage":[11.911,11.96,11.798],"arrayvoltage":[0.0,0.0,17.526],"chargecurrent":[0.002,0.002,10.419],"chargestate":[3.0,3.0,5.0],"loadpower":[23.250646,23.27325,6.167125],"batterytemp":[26.0,26.0,49.0],"triggerrate":[0.0,0.0,null],"triggersremaining":[21172.0,21172.0,null],"crcerrors":[0.0,0.0,0.0]}