{"datalatency":[9.657808000000001],"sensoruptime":[null,null,null],"battvoltage":[12.765999999999998,12.759,11.493],"arrayvoltage":[20.804000000000002,0.8270000000000001,45.004],"chargecurrent":[0.01,0.0,2.194],"chargestate":[5.0,3.0,6.0],"loadpower":[0.0,0.0,0.0],"batterytemp":[7.0,7.0,22.0],"triggerrate":[null,null,null],"triggersremaining":[null,null,null],"crcerrors":[5.0,null,5.0]}