{"datalatency":[9.969286],"sensoruptime":[null,null,4.153611111111111],"battvoltage":[14.087,14.059000000000001,12.704],"arrayvoltage":[41.17100000000001,42.038000000000004,44.955],"chargecurrent":[0.348,0.345,2.194],"chargestate":[7.0,7.0,7.0],"loadpower":[0.0,0.0,0.0],"batterytemp":[12.0,13.0,22.0],"triggerrate":[null,null,59.0],"triggersremaining":[null,null,16283.0],"crcerrors":[5.0,null,5.0]}