{"datalatency":[168.137159],"sensoruptime":[0.16972222222222222,4.3375,null],"battvoltage":[13.544,13.62,11.328],"arrayvoltage":[18.768,19.195999999999998,19.949],"chargecurrent":[2.805,3.097,9.745],"ledstate":[5.0,5.0,10.0],"loadpower":[23.91252,24.072021000000003,5.908896],"batterytemp":[50.0,47.0,50.0],"triggerrate":[0.0,0.0,null],"triggersremaining":[14569.0,14569.0,null],"crcerrors":[0.0,0.0,0.0]}