{"datalatency":[47.382181],"sensoruptime":[null,null,2.133611111111111],"battvoltage":[14.615,13.720999999999998,11.752],"arrayvoltage":[38.571,35.11,43.338],"chargecurrent":[2.986,1.8769999999999998,4.486000000000001],"chargestate":[8.0,5.0,8.0],"loadpower":[0.0,0.0,0.0],"batterytemp":[21.0,14.0,22.0],"triggerrate":[null,null,1.0],"triggersremaining":[null,null,19717.0],"crcerrors":[0.0,null,0.0]}