{"datalatency":[7.6517360000000005],"sensoruptime":[188.06861111111112,187.08527777777778,188.06861111111112],"battvoltage":[12.222000000000001,12.228,12.183],"arrayvoltage":[0.677,0.659,43.121],"chargecurrent":[0.0,0.0,10.794],"chargestate":[3.0,3.0,6.0],"loadpower":[13.728191999999998,13.621992,8.98432],"batterytemp":[4.0,4.0,29.0],"triggerrate":[0.0,0.0,0.4],"triggersremaining":[20356.0,20357.0,20371.0],"crcerrors":[0.0,0.0,0.0]}