{"datalatency":[37.690088],"sensoruptime":[null,2.593611111111111,9.396944444444445],"battvoltage":[13.757,14.407,10.477],"arrayvoltage":[40.955,41.446000000000005,43.57899999999999],"chargecurrent":[2.157,2.3819999999999997,2.897],"chargestate":[7.0,6.0,7.0],"loadpower":[19.172486,20.143400999999997,0.0],"batterytemp":[23.0,21.0,26.0],"triggerrate":[0.0,56.2,58.6],"triggersremaining":[null,182.0,11614.0],"crcerrors":[24.0,7.0,20.0]}