{"datalatency":[32.018041000000004],"sensoruptime":[15.02138888888889,14.021666666666667,31.89388888888889],"battvoltage":[13.47,12.979000000000001,12.07],"arrayvoltage":[15.68,14.812999999999999,18.692],"chargecurrent":[7.797999999999999,3.93,10.950999999999999],"ledstate":[6.0,6.0,8.0],"loadpower":[24.809400000000004,24.574227,7.371546],"batterytemp":[48.0,48.0,49.0],"triggerrate":[0.0,0.0,16.800115584795222],"triggersremaining":[22431.0,22431.0,22487.0],"crcerrors":[null,null,0.0]}