{"datalatency":[21.771508],"sensoruptime":[26.683611111111112,25.683611111111112,26.683611111111112],"battvoltage":[12.247,12.292,12.07],"arrayvoltage":[0.024,0.076,18.872],"chargecurrent":[0.005,0.005,10.158],"ledstate":[6.0,6.0,8.0],"loadpower":[24.261552000000005,23.91675,22.619726999999994],"batterytemp":[25.0,26.0,50.0],"triggerrate":[0.0,0.0,1.2000035280103725],"triggersremaining":[22428.0,22428.0,22434.0],"crcerrors":[null,null,0.0]}