{"datalatency":[7.796819],"sensoruptime":[15.395,14.395,227.69416666666666],"battvoltage":[11.832,11.800999999999998,11.755],"arrayvoltage":[31.982,31.644000000000002,34.763000000000005],"chargecurrent":[0.8190000000000001,0.8290000000000001,1.4709999999999999],"chargestate":[5.0,5.0,5.0],"loadpower":[13.766214,13.789908000000004,13.04223],"batterytemp":[20.0,19.0,20.0],"triggerrate":[0.0,0.2,24.0],"triggersremaining":[18587.0,18592.0,20266.0],"crcerrors":[2.0,0.0,3.0]}