{"datalatency":[8.409943],"sensoruptime":[6.595555555555555,5.595555555555555,11.467222222222222],"battvoltage":[13.931,13.931,11.478],"arrayvoltage":[38.028,38.245,38.565],"chargecurrent":[5.247000000000001,6.356,15.0],"chargestate":[6.0,6.0,6.0],"loadpower":[10.00352,9.934719999999999,0.0],"batterytemp":[37.0,37.0,41.0],"triggerrate":[0.0,0.0,1.6],"triggersremaining":[21728.0,21732.0,21927.0],"crcerrors":[0.0,0.0,0.0]}