{"datalatency":[8.577039000000001],"sensoruptime":[46.42305555555556,45.44,46.42305555555556],"battvoltage":[12.255999999999998,12.259,12.155],"arrayvoltage":[20.352,0.659,41.489],"chargecurrent":[0.01,0.0,11.902999999999999],"chargestate":[5.0,3.0,6.0],"loadpower":[14.09562,14.187959999999999,9.02565],"batterytemp":[15.0,15.0,35.0],"triggerrate":[0.0,0.0,0.4],"triggersremaining":[21648.0,21648.0,21659.0],"crcerrors":[0.0,0.0,0.0]}