{"datalatency":[75.93891500000001],"sensoruptime":[108.675,107.69166666666666,108.675],"battvoltage":[12.329,12.335,12.222000000000001],"arrayvoltage":[0.0,0.0,18.340999999999998],"chargecurrent":[0.002,0.002,7.815],"ledstate":[6.0,6.0,6.0],"loadpower":[23.091031000000005,23.981199,21.964412],"batterytemp":[29.0,30.0,55.0],"triggerrate":[0.0,0.0,0.4],"triggersremaining":[6290.0,6291.0,6298.0],"crcerrors":[0.0,0.0,0.0]}