{"datalatency":[15.876194000000002],"sensoruptime":[134.2175,133.2175,134.2175],"battvoltage":[11.987,12.005999999999998,11.987],"arrayvoltage":[0.015,0.021,16.898],"chargecurrent":[0.002,0.002,10.972000000000001],"ledstate":[8.0,8.0,8.0],"loadpower":[23.698525,23.95,21.720998],"batterytemp":[30.0,30.0,42.0],"triggerrate":[0.0,0.0,3.6],"triggersremaining":[12947.0,12958.0,13080.0],"crcerrors":[0.0,0.0,2.0]}