{"datalatency":[25.96197],"sensoruptime":[null,null,null],"battvoltage":[14.902000000000001,14.905,12.299000000000001],"arrayvoltage":[43.448,34.253,44.974],"chargecurrent":[0.266,0.43200000000000005,2.773],"chargestate":[6.0,5.0,6.0],"loadpower":[0.0,0.0,0.0],"batterytemp":[5.0,1.0,11.0],"triggerrate":[null,null,null],"triggersremaining":[null,null,null],"crcerrors":[null,null,null]}