{"datalatency":[8.759544],"sensoruptime":[114.91361111111111,113.91388888888889,114.91361111111111],"battvoltage":[12.222000000000001,12.259,12.03],"arrayvoltage":[0.9279999999999999,0.815,41.65],"chargecurrent":[0.0,0.0,11.832],"chargestate":[3.0,3.0,6.0],"loadpower":[15.020544,14.212421999999998,8.207364000000002],"batterytemp":[21.0,21.0,32.0],"triggerrate":[0.2,0.0,0.6],"triggersremaining":[21474.0,21475.0,21565.0],"crcerrors":[0.0,0.0,0.0]}