{"datalatency":[7.582448],"sensoruptime":[7.935,6.951944444444444,31.859444444444446],"battvoltage":[12.079,13.599,11.465],"arrayvoltage":[30.765,39.7,42.996],"chargecurrent":[0.406,5.172000000000001,15.002],"chargestate":[5.0,5.0,6.0],"loadpower":[14.018367999999999,10.98493,0.0],"batterytemp":[12.0,17.0,28.0],"triggerrate":[0.0,0.0,2.0],"triggersremaining":[18431.0,18432.0,18582.0],"crcerrors":[1.0,0.0,4.0]}