{"datalatency":[37.702085000000004],"sensoruptime":[1.9430555555555555,0.96,9.396944444444445],"battvoltage":[14.63,11.984000000000002,10.477],"arrayvoltage":[37.589,33.321999999999996,43.231],"chargecurrent":[2.3,1.073,3.198],"chargestate":[6.0,5.0,8.0],"loadpower":[15.438088,13.533833,0.0],"batterytemp":[14.0,11.0,26.0],"triggerrate":[13.2,0.0,19.2],"triggersremaining":[11313.0,11440.0,11634.0],"crcerrors":[0.0,0.0,0.0]}