{"datalatency":[10.072107],"sensoruptime":[8.716666666666667,7.716944444444445,20.196666666666665],"battvoltage":[13.321,13.684000000000001,11.224],"arrayvoltage":[15.677,17.7,19.736],"chargecurrent":[4.841,6.612,8.165],"ledstate":[8.0,5.0,11.0],"loadpower":[25.840584,25.757688,0.0],"batterytemp":[50.0,45.0,50.0],"triggerrate":[0.0,0.0,1.2000000000000002],"triggersremaining":[14557.0,14558.0,14563.0],"crcerrors":[0.0,0.0,0.0]}