{"datalatency":[14.064517],"sensoruptime":[null,null,20.196666666666665],"battvoltage":[12.292,12.216,11.224],"arrayvoltage":[14.008,13.47,19.305],"chargecurrent":[0.203,0.106,7.371],"ledstate":[11.0,11.0,11.0],"loadpower":[0.0,0.0,0.0],"batterytemp":[20.0,20.0,49.0],"triggerrate":[null,null,null],"triggersremaining":[null,null,14564.0],"crcerrors":[0.0,null,0.0]}