{"datalatency":[7.775818],"sensoruptime":[2.0641666666666665,1.0811111111111111,227.69416666666666],"battvoltage":[11.99,11.984000000000002,11.96],"arrayvoltage":[1.028,0.961,36.472],"chargecurrent":[0.0,0.0,3.503],"chargestate":[3.0,3.0,5.0],"loadpower":[14.271859,17.500656,9.995777999999998],"batterytemp":[15.0,15.0,18.0],"triggerrate":[0.4,2.6,24.0],"triggersremaining":[18681.0,18794.0,20339.0],"crcerrors":[2.0,0.0,3.0]}