{"datalatency":[14.243739000000001],"sensoruptime":[85.72444444444444,84.7275,85.72444444444444],"battvoltage":[12.253,12.259,11.984000000000002],"arrayvoltage":[0.064,0.107,17.337],"chargecurrent":[0.002,0.005,9.687000000000001],"ledstate":[8.0,8.0,8.0],"loadpower":[23.295132000000002,23.306864,21.70458],"batterytemp":[32.0,35.0,58.0],"triggerrate":[0.0,0.0,4.800000000000001],"triggersremaining":[13088.0,13088.0,13105.0],"crcerrors":[0.0,0.0,2.0]}