{"datalatency":[7.75288],"sensoruptime":[10.062777777777777,9.063055555555556,227.69416666666666],"battvoltage":[11.838,11.862,11.838],"arrayvoltage":[4.285,1.111,36.472],"chargecurrent":[0.0,0.0,3.503],"chargestate":[3.0,3.0,5.0],"loadpower":[13.746840000000002,13.789908000000004,9.995777999999998],"batterytemp":[16.0,16.0,18.0],"triggerrate":[0.0,0.0,24.0],"triggersremaining":[18623.0,18632.0,20292.0],"crcerrors":[2.0,0.0,3.0]}