{"datalatency":[18.112436000000002],"sensoruptime":[24.704722222222223,23.705,24.704722222222223],"battvoltage":[13.44,13.427999999999999,12.14],"arrayvoltage":[15.894,14.16,17.526],"chargecurrent":[7.0520000000000005,8.349,9.245],"ledstate":[5.0,6.0,6.0],"loadpower":[22.530442999999998,24.4872,22.116975999999998],"batterytemp":[53.0,52.0,53.0],"triggerrate":[0.0,0.0,1.6],"triggersremaining":[6326.0,6327.0,6343.0],"crcerrors":[0.0,0.0,0.0]}