{"datalatency":[12.03034],"sensoruptime":[4.116388888888889,3.1191666666666666,7.988333333333333],"battvoltage":[12.1,12.17,11.798],"arrayvoltage":[17.145,17.09,17.730999999999998],"chargecurrent":[2.2880000000000003,3.4210000000000003,11.344000000000001],"chargestate":[5.0,5.0,6.0],"loadpower":[22.800491999999995,23.819392,6.167125],"batterytemp":[29.0,26.0,47.0],"triggerrate":[0.0,0.0,15.600000000000001],"triggersremaining":[21429.0,21433.0,22150.0],"crcerrors":[0.0,0.0,0.0]}