{"datalatency":[7.656615],"sensoruptime":[206.0661111111111,205.08277777777778,206.0661111111111],"battvoltage":[12.415,12.450999999999999,12.106],"arrayvoltage":[0.6709999999999999,0.705,41.711000000000006],"chargecurrent":[0.0,0.0,9.777000000000001],"chargestate":[3.0,3.0,6.0],"loadpower":[14.117759999999999,13.588574,9.02565],"batterytemp":[12.0,12.0,34.0],"triggerrate":[0.0,0.0,0.6],"triggersremaining":[20339.0,20344.0,20363.0],"crcerrors":[0.0,0.0,0.0]}