{"datalatency":[8.813098],"sensoruptime":[114.24694444444444,113.24722222222222,114.24694444444444],"battvoltage":[12.259,12.28,12.03],"arrayvoltage":[0.812,1.0590000000000002,41.65],"chargecurrent":[0.0,0.0,11.832],"chargestate":[3.0,3.0,6.0],"loadpower":[14.212421999999998,14.255415999999999,8.207364000000002],"batterytemp":[21.0,21.0,32.0],"triggerrate":[0.0,0.0,0.6],"triggersremaining":[21475.0,21475.0,21569.0],"crcerrors":[0.0,0.0,0.0]}