{"datalatency":[37.603801000000004],"sensoruptime":[null,null,null],"battvoltage":[12.341,12.344000000000001,10.287],"arrayvoltage":[0.711,0.711,38.15],"chargecurrent":[0.0,0.0,3.1860000000000004],"chargestate":[3.0,3.0,6.0],"loadpower":[0.0,0.0,0.0],"batterytemp":[15.0,16.0,27.0],"triggerrate":[null,null,null],"triggersremaining":[null,null,null],"crcerrors":[0.0,null,0.0]}