{"datalatency":[25.801017],"sensoruptime":[2.2044444444444444,1.2058333333333333,null],"battvoltage":[13.147,13.51,12.642999999999999],"arrayvoltage":[29.153000000000002,36.681999999999995,42.218],"chargecurrent":[1.65,1.901,2.839],"chargestate":[7.0,7.0,7.0],"loadpower":[14.289900000000001,13.839336000000001,0.0],"batterytemp":[28.0,31.0,32.0],"triggerrate":[18.0,11.2,null],"triggersremaining":[17504.0,18349.0,null],"crcerrors":[0.0,0.0,2.0]}