{"datalatency":[8.227238],"sensoruptime":[9.928333333333333,8.945,11.467222222222222],"battvoltage":[12.527000000000001,12.567,11.478],"arrayvoltage":[0.5920000000000001,1.419,38.565],"chargecurrent":[0.0,0.0,15.0],"chargestate":[3.0,3.0,6.0],"loadpower":[13.646724,13.665330000000003,0.0],"batterytemp":[19.0,22.0,41.0],"triggerrate":[0.0,0.2,1.6],"triggersremaining":[21695.0,21712.0,21905.0],"crcerrors":[0.0,0.0,0.0]}