{"datalatency":[10.258237000000001],"sensoruptime":[null,null,null],"battvoltage":[14.687999999999999,12.799000000000001,12.735],"arrayvoltage":[31.924,21.105999999999998,44.205],"chargecurrent":[0.413,0.01,0.563],"chargestate":[6.0,5.0,7.0],"loadpower":[0.0,0.0,0.0],"batterytemp":[12.0,11.0,18.0],"triggerrate":[null,null,null],"triggersremaining":[null,null,null],"crcerrors":[null,null,null]}