{"datalatency":[7.585726],"sensoruptime":[193.4011111111111,192.4013888888889,193.4011111111111],"battvoltage":[14.084000000000001,14.444,12.106],"arrayvoltage":[40.436,39.984,43.121],"chargecurrent":[4.803,8.158,9.777000000000001],"chargestate":[6.0,6.0,6.0],"loadpower":[9.0954,9.371085,8.98432],"batterytemp":[32.0,20.0,32.0],"triggerrate":[0.0,0.0,0.4],"triggersremaining":[20353.0,20354.0,20370.0],"crcerrors":[0.0,0.0,0.0]}