{"datalatency":[19.819391],"sensoruptime":[258.49666666666667,257.49694444444447,258.49666666666667],"battvoltage":[11.92,11.908,11.874],"arrayvoltage":[16.266,15.286,16.750999999999998],"chargecurrent":[0.7659999999999999,0.319,9.992],"ledstate":[8.0,8.0,8.0],"loadpower":[23.231781000000005,22.663311000000004,21.95131],"batterytemp":[32.0,30.0,50.0],"triggerrate":[0.0,0.0,8.0],"triggersremaining":[3316.0,3316.0,4162.0],"crcerrors":[0.0,0.0,0.0]}