{"datalatency":[7.974455000000001],"sensoruptime":[0.03638888888888889,null,11.33388888888889],"battvoltage":[14.355,14.359000000000002,10.427999999999999],"arrayvoltage":[40.012,40.598,43.015],"chargecurrent":[2.324,1.2830000000000001,3.5439999999999996],"chargestate":[6.0,6.0,6.0],"loadpower":[12.43036,0.0,0.0],"batterytemp":[23.0,23.0,32.0],"triggerrate":[0.0,null,0.4],"triggersremaining":[22496.0,null,22496.0],"crcerrors":[0.0,0.0,0.0]}