{"datalatency":[10.359713000000001],"sensoruptime":[null,null,null],"battvoltage":[14.825,12.796,12.759],"arrayvoltage":[41.983000000000004,13.434000000000001,44.855],"chargecurrent":[0.319,0.0,0.609],"chargestate":[6.0,5.0,7.0],"loadpower":[0.0,0.0,0.0],"batterytemp":[8.0,4.0,25.0],"triggerrate":[null,null,null],"triggersremaining":[null,null,null],"crcerrors":[null,null,null]}