{"datalatency":[58.967874],"sensoruptime":[null,null,1.8772222222222221],"battvoltage":[12.642999999999999,12.027000000000001,11.752],"arrayvoltage":[16.797,15.335,18.362000000000002],"chargecurrent":[4.513,0.505,10.335],"ledstate":[8.0,8.0,10.0],"loadpower":[6.896579999999999,7.051044000000001,6.079374],"batterytemp":[32.0,30.0,53.0],"triggerrate":[null,null,0.0],"triggersremaining":[null,null,0.0],"crcerrors":[0.0,null,1.0]}