{"datalatency":[8.113497],"sensoruptime":[54.250277777777775,53.25055555555556,54.250277777777775],"battvoltage":[12.567,12.604000000000001,12.115],"arrayvoltage":[0.607,0.5489999999999999,42.861999999999995],"chargecurrent":[0.0,0.0,7.356],"chargestate":[3.0,3.0,6.0],"loadpower":[13.690404000000003,13.729716000000002,8.875646],"batterytemp":[12.0,13.0,30.0],"triggerrate":[0.2,0.0,0.6],"triggersremaining":[22204.0,22207.0,22252.0],"crcerrors":[0.0,0.0,0.0]}