{"datalatency":[7.708148],"sensoruptime":[30.93138888888889,29.93166666666667,30.93138888888889],"battvoltage":[14.206,14.235999999999999,11.49],"arrayvoltage":[40.845,42.038000000000004,42.148],"chargecurrent":[3.293,3.447,12.352],"chargestate":[6.0,6.0,6.0],"loadpower":[13.250172,13.250172,8.277874],"batterytemp":[28.0,27.0,29.0],"triggerrate":[0.0,0.0,0.4],"triggersremaining":[18419.0,18419.0,18432.0],"crcerrors":[0.0,0.0,0.0]}