{"datalatency":[8.094797],"sensoruptime":[96.57805555555555,95.57805555555555,96.57805555555555],"battvoltage":[11.838,11.877,11.815999999999999],"arrayvoltage":[28.47,32.721,35.016],"chargecurrent":[0.278,0.879,1.423],"chargestate":[5.0,5.0,5.0],"loadpower":[13.746840000000002,13.854526,12.913230000000002],"batterytemp":[14.0,14.0,17.0],"triggerrate":[0.0,0.0,1.0],"triggersremaining":[21954.0,21955.0,22082.0],"crcerrors":[0.0,0.0,0.0]}