{"datalatency":[26.052760000000003],"sensoruptime":[null,null,null],"battvoltage":[14.940999999999999,12.780999999999999,12.299000000000001],"arrayvoltage":[44.0,26.419,44.974],"chargecurrent":[0.321,0.057999999999999996,2.773],"chargestate":[6.0,5.0,6.0],"loadpower":[0.0,0.0,0.0],"batterytemp":[4.0,1.0,11.0],"triggerrate":[null,null,null],"triggersremaining":[null,null,null],"crcerrors":[null,null,null]}