{"datalatency":[8.272296],"sensoruptime":[105.74333333333334,104.76,105.74333333333334],"battvoltage":[11.645999999999999,11.685,11.645999999999999],"arrayvoltage":[1.028,1.105,34.863],"chargecurrent":[0.0,0.0,1.423],"chargestate":[3.0,3.0,5.0],"loadpower":[13.523352000000003,13.604886,12.790060000000002],"batterytemp":[13.0,13.0,16.0],"triggerrate":[0.0,0.0,0.6],"triggersremaining":[21938.0,21939.0,22003.0],"crcerrors":[0.0,0.0,0.0]}