{"datalatency":[16.006764],"sensoruptime":[null,null,null],"battvoltage":[12.369000000000002,12.405,11.481],"arrayvoltage":[0.125,13.405999999999999,19.680999999999997],"chargecurrent":[0.002,0.08,9.955],"chargestate":[3.0,5.0,6.0],"loadpower":[6.264999,6.283251,0.0],"batterytemp":[18.0,24.0,38.0],"triggerrate":[null,null,null],"triggersremaining":[null,null,null],"crcerrors":[null,null,null]}