{"datalatency":[13.744131000000001],"sensoruptime":[71.72666666666667,70.72666666666667,71.72666666666667],"battvoltage":[12.054,12.027000000000001,11.984000000000002],"arrayvoltage":[16.553,16.019000000000002,17.000999999999998],"chargecurrent":[0.9179999999999999,0.573,10.545],"ledstate":[8.0,8.0,8.0],"loadpower":[22.417199999999998,22.656699999999997,21.262392999999996],"batterytemp":[30.0,28.0,52.0],"triggerrate":[0.0,0.0,4.800000000000001],"triggersremaining":[13097.0,13097.0,13160.0],"crcerrors":[0.0,0.0,2.0]}