{"datalatency":[14.834869000000001],"sensoruptime":[408.0127777777778,407.0155555555556,408.0127777777778],"battvoltage":[12.027000000000001,12.027000000000001,12.020999999999999],"arrayvoltage":[15.918,15.575999999999999,18.365],"chargecurrent":[0.488,0.36,10.873],"ledstate":[8.0,8.0,8.0],"loadpower":[22.848300000000002,23.639813999999998,20.983984000000003],"batterytemp":[28.0,27.0,52.0],"triggerrate":[0.0,0.0,1.2000000000000002],"triggersremaining":[12598.0,12599.0,12606.0],"crcerrors":[0.0,0.0,2.0]}