{"datalatency":[8.0862],"sensoruptime":[23.42111111111111,22.421388888888888,null],"battvoltage":[14.331,14.267000000000001,12.07],"arrayvoltage":[40.561,41.388000000000005,42.725],"chargecurrent":[3.4010000000000002,3.4589999999999996,7.474],"chargestate":[6.0,6.0,7.0],"loadpower":[9.521877,11.370756,0.0],"batterytemp":[24.0,26.0,28.0],"triggerrate":[0.0,0.0,null],"triggersremaining":[22257.0,22257.0,null],"crcerrors":[0.0,0.0,0.0]}