{"datalatency":[19.350157000000003],"sensoruptime":[221.67138888888888,220.67166666666665,221.67138888888888],"battvoltage":[12.216,12.253,12.03],"arrayvoltage":[0.327,12.842,16.995],"chargecurrent":[0.002,0.005,8.74],"ledstate":[6.0,6.0,8.0],"loadpower":[24.200532000000003,24.443532000000005,22.120514],"batterytemp":[33.0,35.0,55.0],"triggerrate":[0.2,0.8,17.6],"triggersremaining":[4175.0,4213.0,5639.0],"crcerrors":[0.0,0.0,0.0]}