{"datalatency":[8.596981000000001],"sensoruptime":[69.91972222222222,68.92,69.91972222222222],"battvoltage":[12.222000000000001,12.259,12.18],"arrayvoltage":[4.037,0.677,40.146],"chargecurrent":[0.0,0.0,10.228],"chargestate":[3.0,3.0,6.0],"loadpower":[14.142719999999999,14.212421999999998,8.80245],"batterytemp":[16.0,15.0,34.0],"triggerrate":[0.0,0.0,0.2],"triggersremaining":[21641.0,21641.0,21648.0],"crcerrors":[0.0,0.0,0.0]}