{"datalatency":[74.929225],"sensoruptime":[47.48277777777778,46.48277777777778,47.48277777777778],"battvoltage":[12.292,12.299000000000001,12.274000000000001],"arrayvoltage":[15.380999999999998,15.142999999999999,18.448],"chargecurrent":[0.556,0.316,9.011000000000001],"ledstate":[6.0,6.0,6.0],"loadpower":[22.777222000000002,22.621368,21.948113000000003],"batterytemp":[31.0,29.0,53.0],"triggerrate":[0.0,0.0,0.2],"triggersremaining":[7047.0,7047.0,7053.0],"crcerrors":[0.0,0.0,0.0]}