{"datalatency":[8.505545],"sensoruptime":[94.91638888888889,93.91666666666667,94.91638888888889],"battvoltage":[12.106,12.106,12.03],"arrayvoltage":[33.056999999999995,5.579,38.708],"chargecurrent":[0.6759999999999999,0.0,8.752],"chargestate":[5.0,3.0,6.0],"loadpower":[13.22958,14.035798,9.957479999999999],"batterytemp":[19.0,18.0,34.0],"triggerrate":[0.2,0.4,0.6],"triggersremaining":[21539.0,21545.0,21641.0],"crcerrors":[0.0,0.0,0.0]}