{"datalatency":[19.439949000000002],"sensoruptime":[182.51416666666665,181.53083333333333,182.51416666666665],"battvoltage":[12.1,12.125,12.1],"arrayvoltage":[0.62,0.0,17.969],"chargecurrent":[0.005,0.002,9.81],"ledstate":[6.0,6.0,6.0],"loadpower":[24.151824,24.35732,21.942296000000002],"batterytemp":[30.0,30.0,52.0],"triggerrate":[0.0,0.0,6.4],"triggersremaining":[5813.0,5813.0,6175.0],"crcerrors":[0.0,0.0,0.0]}