{"datalatency":[7.6336200000000005],"sensoruptime":[201.9,200.91666666666666,201.9],"battvoltage":[12.567,12.604000000000001,12.106],"arrayvoltage":[0.647,0.867,41.711000000000006],"chargecurrent":[0.0,0.0,9.777000000000001],"chargestate":[3.0,3.0,6.0],"loadpower":[13.690404000000003,14.069187000000001,9.02565],"batterytemp":[13.0,15.0,34.0],"triggerrate":[0.0,0.0,0.4],"triggersremaining":[20349.0,20349.0,20364.0],"crcerrors":[0.0,0.0,0.0]}