{"datalatency":[7.933306000000001],"sensoruptime":[39.58555555555556,38.58583333333333,39.58555555555556],"battvoltage":[12.183,12.222000000000001,12.07],"arrayvoltage":[0.638,0.635,41.821000000000005],"chargecurrent":[0.0,0.0,7.474],"chargestate":[3.0,3.0,6.0],"loadpower":[14.124109999999998,14.106144,8.72505],"batterytemp":[3.0,3.0,28.0],"triggerrate":[0.2,0.0,1.4],"triggersremaining":[22228.0,22234.0,22302.0],"crcerrors":[0.0,0.0,0.0]}