{"datalatency":[25.999911],"sensoruptime":[null,null,null],"battvoltage":[12.642999999999999,12.604000000000001,11.99],"arrayvoltage":[0.742,0.897,42.218],"chargecurrent":[0.0,0.0,2.839],"chargestate":[3.0,3.0,7.0],"loadpower":[0.0,0.0,0.0],"batterytemp":[19.0,19.0,32.0],"triggerrate":[null,null,null],"triggersremaining":[null,null,null],"crcerrors":[1.0,null,3.0]}