{"datalatency":[17.222159],"sensoruptime":[null,null,null],"battvoltage":[12.445,12.450999999999999,12.18],"arrayvoltage":[0.0,0.183,19.625999999999998],"chargecurrent":[0.005,0.005,5.361000000000001],"chargestate":[3.0,3.0,6.0],"loadpower":[6.278665,6.005139,4.102919999999999],"batterytemp":[15.0,16.0,45.0],"triggerrate":[null,null,null],"triggersremaining":[null,null,null],"crcerrors":[null,null,null]}