{"datalatency":[13.404693],"sensoruptime":[null,null,152.8761111111111],"battvoltage":[11.655,11.645999999999999,11.453],"arrayvoltage":[0.278,9.027000000000001,18.973],"chargecurrent":[0.002,0.005,7.525],"chargestate":[3,3,6],"loadpower":[0.0,0.0,0.0],"batterytemp":[24,26,39],"triggerrate":[null,null,null],"triggersremaining":[null,null,15539.0],"crcerrors":[null,null,0.0]}