{"datalatency":[9.41646],"sensoruptime":[9.338055555555556,8.338333333333333,null],"battvoltage":[11.584000000000001,12.234000000000002,11.285],"arrayvoltage":[17.093,15.619000000000002,19.965],"chargecurrent":[0.493,1.321,7.916],"ledstate":[10.0,6.0,11.0],"loadpower":[26.539537999999997,26.63388,0.0],"batterytemp":[47.0,49.0,51.0],"triggerrate":[0.0,0.0,null],"triggersremaining":[14565.0,14565.0,null],"crcerrors":[0.0,0.0,0.0]}