{"datalatency":[25.891265],"sensoruptime":[6.653888888888889,5.653888888888889,null],"battvoltage":[13.052,12.975999999999999,12.530999999999999],"arrayvoltage":[19.199,15.335,20.032],"chargecurrent":[2.628,1.78,7.09],"chargestate":[7.0,7.0,7.0],"loadpower":[24.278468000000004,26.267664,11.041264],"batterytemp":[46.0,45.0,46.0],"triggerrate":[null,null,null],"triggersremaining":[22492.0,22492.0,null],"crcerrors":[null,null,0.0]}