{"datalatency":[8.05719],"sensoruptime":[12.922777777777778,11.939444444444444,null],"battvoltage":[12.228,12.259,12.228],"arrayvoltage":[0.635,0.659,44.162],"chargecurrent":[0.0,0.0,2.483],"chargestate":[3.0,3.0,7.0],"loadpower":[14.058749999999998,14.090112000000001,0.0],"batterytemp":[1.0,2.0,19.0],"triggerrate":[0.2,0.0,null],"triggersremaining":[22330.0,22341.0,null],"crcerrors":[0.0,0.0,0.0]}