{"datalatency":[10.006483000000001],"sensoruptime":[null,0.0002777777777777778,null],"battvoltage":[12.567,12.009,10.352],"arrayvoltage":[11.917,36.234,44.562],"chargecurrent":[0.0,0.389,2.6889999999999996],"chargestate":[5.0,7.0,7.0],"loadpower":[0.0,15.514830000000002,0.0],"batterytemp":[6.0,12.0,16.0],"triggerrate":[null,0.0,null],"triggersremaining":[null,0.0,null],"crcerrors":[0.0,0.0,1.0]}