{"datalatency":[15.323007],"sensoruptime":[399.01416666666665,398.01416666666665,399.01416666666665],"battvoltage":[12.177,12.216,12.027000000000001],"arrayvoltage":[0.037000000000000005,0.021,18.365],"chargecurrent":[0.005,0.005,10.873],"ledstate":[6.0,6.0,8.0],"loadpower":[23.890096000000003,23.920322,21.895564000000004],"batterytemp":[28.0,29.0,52.0],"triggerrate":[0.0,0.0,1.2000000000000002],"triggersremaining":[12601.0,12601.0,12609.0],"crcerrors":[0.0,0.0,2.0]}