{"datalatency":[20.549308],"sensoruptime":[14.83361111111111,13.850277777777778,14.83361111111111],"battvoltage":[12.14,12.173,12.1],"arrayvoltage":[0.021,0.021,17.383],"chargecurrent":[0.005,0.005,10.453],"ledstate":[6.0,6.0,6.0],"loadpower":[23.698112,23.734496,6.478731],"batterytemp":[31.0,32.0,52.0],"triggerrate":[0.0,0.0,5.0],"triggersremaining":[1676.0,1676.0,1866.0],"crcerrors":[0.0,0.0,0.0]}