{"datalatency":[8.687589000000001],"sensoruptime":[85.9175,84.91777777777777,85.9175],"battvoltage":[12.222000000000001,12.259,12.183],"arrayvoltage":[0.711,0.7140000000000001,38.708],"chargecurrent":[0.0,0.0,8.752],"chargestate":[3.0,3.0,6.0],"loadpower":[14.167103999999998,14.065649999999998,9.957479999999999],"batterytemp":[19.0,19.0,34.0],"triggerrate":[0.2,0.0,0.6],"triggersremaining":[21589.0,21595.0,21644.0],"crcerrors":[0.0,0.0,0.0]}