{"datalatency":[10.242496000000001],"sensoruptime":[null,null,null],"battvoltage":[13.782,13.843,12.735],"arrayvoltage":[41.125,41.605,44.855],"chargecurrent":[0.10400000000000001,0.33799999999999997,0.609],"chargestate":[7.0,7.0,7.0],"loadpower":[0.0,0.0,0.0],"batterytemp":[22.0,20.0,22.0],"triggerrate":[null,null,null],"triggersremaining":[null,null,null],"crcerrors":[null,null,null]}