{"datalatency":[8.157061],"sensoruptime":[43.25194444444445,42.26861111111111,43.25194444444445],"battvoltage":[13.181,12.183,12.115],"arrayvoltage":[38.034,31.79,41.821000000000005],"chargecurrent":[2.6889999999999996,0.502,7.474],"chargestate":[5.0,5.0,6.0],"loadpower":[12.012947999999998,13.422432,8.72505],"batterytemp":[11.0,5.0,28.0],"triggerrate":[0.0,0.0,0.6],"triggersremaining":[22216.0,22216.0,22269.0],"crcerrors":[0.0,0.0,0.0]}