{"datalatency":[13.888505],"sensoruptime":[363.51916666666665,362.51944444444445,363.51916666666665],"battvoltage":[12.823,12.833,12.064],"arrayvoltage":[15.335,16.119,17.633],"chargecurrent":[5.257000000000001,5.527,12.229000000000001],"ledstate":[6.0,8.0,8.0],"loadpower":[22.391563999999995,22.624525,21.612250999999997],"batterytemp":[41.0,38.0,44.0],"triggerrate":[0.0,0.0,4.800000000000001],"triggersremaining":[12612.0,12616.0,12622.0],"crcerrors":[0.0,0.0,2.0]}