{"datalatency":[10.098403000000001],"sensoruptime":[null,null,null],"battvoltage":[12.72,12.759,10.595999999999998],"arrayvoltage":[13.217,13.324000000000002,43.347],"chargecurrent":[0.0,0.002,2.597],"chargestate":[5.0,7.0,7.0],"loadpower":[0.0,0.0,0.0],"batterytemp":[10.0,12.0,20.0],"triggerrate":[null,null,null],"triggersremaining":[null,null,null],"crcerrors":[0.0,null,1.0]}