{"datalatency":[20.606801],"sensoruptime":[13.31638888888889,12.316666666666666,null],"battvoltage":[12.292,12.329,12.292],"arrayvoltage":[0.021,0.021,20.032],"chargecurrent":[0.005,0.005,7.09],"chargestate":[3.0,3.0,7.0],"loadpower":[24.38808,24.547781,11.041264],"batterytemp":[26.0,28.0,47.0],"triggerrate":[null,null,null],"triggersremaining":[22490.0,22490.0,null],"crcerrors":[null,null,0.0]}