{"datalatency":[12.342748],"sensoruptime":[34.56583333333333,33.56611111111111,34.56583333333333],"battvoltage":[12.369000000000002,12.710999999999999,12.033],"arrayvoltage":[17.145,16.653,17.526],"chargecurrent":[1.0190000000000001,4.737,10.985],"ledstate":[6.0,6.0,8.0],"loadpower":[22.675597,22.227342,21.514706],"batterytemp":[41.0,39.0,50.0],"triggerrate":[0.0,0.0,2.4000000000000004],"triggersremaining":[13507.0,13508.0,13541.0],"crcerrors":[0.0,0.0,2.0]}