{"datalatency":[12.258989000000001],"sensoruptime":[19.113888888888887,18.116666666666667,null],"battvoltage":[11.874,11.911,11.798],"arrayvoltage":[0.0,0.0,17.526],"chargecurrent":[0.005,0.005,10.419],"chargestate":[3.0,3.0,5.0],"loadpower":[23.302998,24.029919999999997,6.167125],"batterytemp":[25.0,26.0,49.0],"triggerrate":[0.0,0.0,null],"triggersremaining":[21172.0,21172.0,null],"crcerrors":[0.0,0.0,0.0]}