{"datalatency":[8.753377],"sensoruptime":[94.41638888888889,93.43333333333334,94.41638888888889],"battvoltage":[12.097000000000001,12.106,12.07],"arrayvoltage":[23.428,0.601,38.708],"chargecurrent":[0.019,0.0,8.752],"chargestate":[5.0,3.0,6.0],"loadpower":[14.035798,14.059956000000003,9.957479999999999],"batterytemp":[18.0,18.0,34.0],"triggerrate":[0.0,0.2,0.6],"triggersremaining":[21541.0,21549.0,21641.0],"crcerrors":[0.0,0.0,0.0]}