{"datalatency":[8.065225],"sensoruptime":[null,null,5.101944444444444],"battvoltage":[12.787,12.796,11.362],"arrayvoltage":[0.662,0.946,40.985],"chargecurrent":[0.0,0.0,1.911],"chargestate":[3.0,3.0,6.0],"loadpower":[0.0,0.0,0.0],"batterytemp":[20.0,21.0,26.0],"triggerrate":[null,null,6.2],"triggersremaining":[null,null,22264.0],"crcerrors":[1.0,null,1.0]}