{"datalatency":[8.686628],"sensoruptime":[96.4161111111111,95.41638888888889,96.4161111111111],"battvoltage":[12.975999999999999,12.375,12.03],"arrayvoltage":[34.811,37.161,38.708],"chargecurrent":[4.648,2.766,8.752],"chargestate":[5.0,5.0,6.0],"loadpower":[10.273600000000002,13.923215999999998,9.260525999999999],"batterytemp":[27.0,21.0,34.0],"triggerrate":[0.0,0.0,0.6],"triggersremaining":[21534.0,21539.0,21640.0],"crcerrors":[0.0,0.0,0.0]}