{"datalatency":[21.965105],"sensoruptime":[306.69138888888887,305.69416666666666,306.69138888888887],"battvoltage":[12.354000000000001,12.369000000000002,12.183],"arrayvoltage":[0.0,0.0,18.463],"chargecurrent":[0.005,0.002,9.376],"ledstate":[6.0,6.0,6.0],"loadpower":[23.451568,23.577156000000002,21.533700000000003],"batterytemp":[23.0,23.0,50.0],"triggerrate":[0.0,0.0,1.2000000000000002],"triggersremaining":[12630.0,12630.0,12641.0],"crcerrors":[0.0,0.0,2.0]}