{"datalatency":[37.694265],"sensoruptime":[1.248888888888889,0.2658333333333333,9.396944444444445],"battvoltage":[14.345999999999998,14.470999999999998,10.477],"arrayvoltage":[40.878,40.695,43.57899999999999],"chargecurrent":[2.324,2.148,2.897],"chargestate":[6.0,6.0,8.0],"loadpower":[20.257059,18.630684,0.0],"batterytemp":[23.0,19.0,26.0],"triggerrate":[56.4,51.2,58.6],"triggersremaining":[4714.0,7801.0,11629.0],"crcerrors":[1.0,0.0,1.0]}