{"datalatency":[20.041565000000002],"sensoruptime":[537.825,536.8252777777777,537.825],"battvoltage":[12.292,11.995999999999999,11.606],"arrayvoltage":[15.915,16.500999999999998,16.705],"chargecurrent":[3.6239999999999997,2.201,11.448],"ledstate":[8.0,8.0,10.0],"loadpower":[23.059023,23.8063,22.057775999999997],"batterytemp":[48.0,40.0,51.0],"triggerrate":[0.0,0.0,3.6],"triggersremaining":[11275.0,11276.0,11325.0],"crcerrors":[0.0,0.0,2.0]}