{"datalatency":[11.318008],"sensoruptime":[15.465555555555556,14.465555555555556,null],"battvoltage":[11.620999999999999,11.682,11.569],"arrayvoltage":[0.0,0.0,19.736],"chargecurrent":[0.002,0.005,12.392999999999999],"chargestate":[3.0,3.0,6.0],"loadpower":[23.385098000000003,22.972323,6.808707000000001],"batterytemp":[21.0,22.0,44.0],"triggerrate":[0.0,0.0,null],"triggersremaining":[22151.0,22151.0,null],"crcerrors":[0.0,0.0,0.0]}