{"datalatency":[19.780412000000002],"sensoruptime":[244.70055555555555,243.70333333333335,244.70055555555555],"battvoltage":[12.558,13.052,12.073],"arrayvoltage":[14.606,15.14,18.073],"chargecurrent":[2.097,8.061,9.881],"ledstate":[6.0,8.0,8.0],"loadpower":[24.358506,22.629605,21.323016],"batterytemp":[48.0,47.0,52.0],"triggerrate":[0.0,0.0,1.2000000000000002],"triggersremaining":[12675.0,12676.0,12682.0],"crcerrors":[0.0,0.0,2.0]}