{"datalatency":[51.772722],"sensoruptime":[43.81666666666667,42.81666666666667,43.81666666666667],"battvoltage":[12.299000000000001,12.329,12.292],"arrayvoltage":[12.975999999999999,0.021,18.448],"chargecurrent":[0.017,0.005,9.011000000000001],"ledstate":[6.0,6.0,6.0],"loadpower":[23.67584,23.378589,21.981199999999998],"batterytemp":[27.0,28.0,53.0],"triggerrate":[0.0,0.0,0.2],"triggersremaining":[7048.0,7048.0,7054.0],"crcerrors":[0.0,0.0,0.0]}