{"datalatency":[77.168476],"sensoruptime":[183.99722222222223,183.01388888888889,183.99722222222223],"battvoltage":[12.14,12.1,12.1],"arrayvoltage":[14.355,12.677,17.969],"chargecurrent":[0.319,0.005,9.81],"ledstate":[6.0,6.0,6.0],"loadpower":[23.474895999999998,24.067207999999997,21.942296000000002],"batterytemp":[30.0,30.0,52.0],"triggerrate":[0.2,0.0,6.4],"triggersremaining":[5812.0,5813.0,6174.0],"crcerrors":[0.0,0.0,0.0]}