{"datalatency":[7.983668000000001],"sensoruptime":[48.91777777777778,47.934444444444445,48.91777777777778],"battvoltage":[14.235999999999999,14.163,12.115],"arrayvoltage":[41.714,40.643,42.148],"chargecurrent":[2.802,3.1430000000000002,7.356],"chargestate":[6.0,6.0,6.0],"loadpower":[13.31505,11.497122000000001,8.875646],"batterytemp":[27.0,29.0,30.0],"triggerrate":[0.0,0.0,0.6],"triggersremaining":[22213.0,22214.0,22256.0],"crcerrors":[0.0,0.0,0.0]}