{"datalatency":[37.750342],"sensoruptime":[0.0030555555555555557,0.004722222222222222,9.396944444444445],"battvoltage":[13.754000000000001,13.785,10.477],"arrayvoltage":[37.921,41.254,43.57899999999999],"chargecurrent":[1.817,1.9180000000000001,2.897],"chargestate":[7.0,7.0,7.0],"loadpower":[14.712887,15.812509999999998,0.0],"batterytemp":[23.0,22.0,25.0],"triggerrate":[0.0,0.0,58.6],"triggersremaining":[0.0,0.0,11611.0],"crcerrors":[27.0,5.0,20.0]}