{"datalatency":[8.248379],"sensoruptime":[null,3.651111111111111,null],"battvoltage":[12.375,12.399000000000001,11.307],"arrayvoltage":[18.347,17.822,39.163000000000004],"chargecurrent":[0.006999999999999999,0.005,3.0660000000000003],"chargestate":[5.0,5.0,6.0],"loadpower":[14.343728,19.70184,0.0],"batterytemp":[20.0,26.0,27.0],"triggerrate":[null,19.8,null],"triggersremaining":[null,18682.0,null],"crcerrors":[4.0,0.0,4.0]}