{"datalatency":[21.920363000000002],"sensoruptime":[301.3588888888889,300.3616666666667,301.3588888888889],"battvoltage":[12.482000000000001,12.520999999999999,12.183],"arrayvoltage":[0.052000000000000005,1.608,18.463],"chargecurrent":[0.005,0.005,9.376],"ledstate":[6.0,6.0,6.0],"loadpower":[23.529003,23.842154,21.533700000000003],"batterytemp":[28.0,32.0,50.0],"triggerrate":[0.0,0.0,1.2000000000000002],"triggersremaining":[12631.0,12631.0,12642.0],"crcerrors":[0.0,0.0,2.0]}