{"datalatency":[7.743785000000001],"sensoruptime":[224.39555555555555,223.41361111111112,224.39555555555555],"battvoltage":[12.085,12.042,12.036],"arrayvoltage":[7.916,21.776999999999997,36.472],"chargecurrent":[0.0,0.0,3.503],"chargestate":[3.0,5.0,5.0],"loadpower":[14.035798,14.059956000000003,9.995777999999998],"batterytemp":[14.0,15.0,18.0],"triggerrate":[2.0,2.2,4.4],"triggersremaining":[19871.0,19991.0,20349.0],"crcerrors":[0.0,0.0,0.0]}