{"datalatency":[31.021044000000003],"sensoruptime":[2.6666666666666665,1.6666666666666667,152.8761111111111],"battvoltage":[12.1,12.292,11.453],"arrayvoltage":[16.989,16.986,18.973],"chargecurrent":[3.138,2.8989999999999996,13.193],"chargestate":[5,5,6],"loadpower":[26.343485999999995,26.566176000000006,0.0],"batterytemp":[29,31,39],"triggerrate":[null,null,null],"triggersremaining":[14673.0,14673.0,15185.0],"crcerrors":[0.0,null,0.0]}