{"datalatency":[23.283998],"sensoruptime":[10.519444444444444,9.519444444444444,31.89388888888889],"battvoltage":[12.14,12.1,12.07],"arrayvoltage":[17.969,16.553,18.692],"chargecurrent":[1.3769999999999998,0.47600000000000003,11.344000000000001],"ledstate":[8.0,8.0,8.0],"loadpower":[24.006767999999997,23.174072999999996,7.371546],"batterytemp":[28.0,26.0,48.0],"triggerrate":[0.0,0.0,16.800115584795222],"triggersremaining":[22432.0,22432.0,22488.0],"crcerrors":[null,null,0.0]}