{"datalatency":[13.461826],"sensoruptime":[12.040555555555555,11.040833333333333,49.00611111111111],"battvoltage":[11.502,11.533,11.42],"arrayvoltage":[0.0,0.012,19.531],"chargecurrent":[0.002,0.002,12.99],"ledstate":[10.0,10.0,10.0],"loadpower":[23.861760000000004,23.609061,5.941168],"batterytemp":[23.0,23.0,41.0],"triggerrate":[0.0,0.0,2.4000000000000004],"triggersremaining":[14584.0,14585.0,14653.0],"crcerrors":[0.0,0.0,0.0]}