{"datalatency":[10.278399],"sensoruptime":[0.0044444444444444444,null,0.29555555555555557],"battvoltage":[10.696,12.491,10.352],"arrayvoltage":[26.019000000000002,11.807,44.562],"chargecurrent":[0.031,0.0,2.6889999999999996],"chargestate":[5.0,5.0,7.0],"loadpower":[13.961794,0.0,0.0],"batterytemp":[0.0,0.0,16.0],"triggerrate":[null,null,0.0],"triggersremaining":[0.0,null,0.0],"crcerrors":[0.0,0.0,1.0]}