{"datalatency":[66.059026],"sensoruptime":[12.023333333333333,11.02361111111111,76.74361111111111],"battvoltage":[12.177,12.200999999999999,12.177],"arrayvoltage":[0.0,0.0,17.526],"chargecurrent":[0.005,0.002,8.977],"ledstate":[6.0,6.0,6.0],"loadpower":[23.391372000000004,23.269732000000005,21.808872],"batterytemp":[29.0,29.0,51.0],"triggerrate":[0.2,0.0,3.8],"triggersremaining":[6329.0,6330.0,7039.0],"crcerrors":[0.0,0.0,0.0]}