{"datalatency":[9.678354],"sensoruptime":[12.3375,11.337777777777777,12.3375],"battvoltage":[11.722000000000001,11.722000000000001,11.285],"arrayvoltage":[0.107,0.214,19.965],"chargecurrent":[0.002,0.002,7.916],"ledstate":[10.0,10.0,11.0],"loadpower":[27.20277,27.546571000000004,0.0],"batterytemp":[28.0,30.0,51.0],"triggerrate":[0.0,0.0,1.2000000000000002],"triggersremaining":[14564.0,14565.0,14568.0],"crcerrors":[0.0,0.0,0.0]}