{"datalatency":[27.761159000000003],"sensoruptime":[5.984444444444445,4.9847222222222225,null],"battvoltage":[13.052,13.092,12.530999999999999],"arrayvoltage":[19.199,19.864,20.032],"chargecurrent":[2.655,2.918,7.09],"chargestate":[7.0,7.0,7.0],"loadpower":[24.010604,24.198,11.041264],"batterytemp":[46.0,45.0,46.0],"triggerrate":[null,null,null],"triggersremaining":[22492.0,22492.0,null],"crcerrors":[null,null,0.0]}