{"datalatency":[20.606763],"sensoruptime":[11.816666666666666,10.816944444444445,null],"battvoltage":[12.363,12.405,12.36],"arrayvoltage":[0.021,0.061,20.032],"chargecurrent":[0.005,0.005,7.09],"chargestate":[3.0,3.0,7.0],"loadpower":[24.375343,24.9039,11.041264],"batterytemp":[28.0,29.0,47.0],"triggerrate":[null,null,null],"triggersremaining":[22491.0,22491.0,null],"crcerrors":[null,null,0.0]}