{"datalatency":[21.796209],"sensoruptime":[25.183888888888887,24.186666666666667,25.183888888888887],"battvoltage":[12.296,12.35,12.07],"arrayvoltage":[0.079,0.098,18.872],"chargecurrent":[0.005,0.005,10.158],"ledstate":[6.0,6.0,8.0],"loadpower":[24.38808,24.904974,22.619726999999994],"batterytemp":[26.0,27.0,50.0],"triggerrate":[0.0,0.0,1.2000035280103725],"triggersremaining":[22428.0,22429.0,22434.0],"crcerrors":[null,null,0.0]}