{"datalatency":[46.958045000000006],"sensoruptime":[null,null,18.476666666666667],"battvoltage":[12.32,12.332,11.437999999999999],"arrayvoltage":[1.9169999999999998,1.81,35.223],"chargecurrent":[0.0,0.0,2.0780000000000003],"chargestate":[3.0,3.0,6.0],"loadpower":[0.0,0.0,0.0],"batterytemp":[12.0,11.0,16.0],"triggerrate":[null,null,4.2],"triggersremaining":[null,null,20184.0],"crcerrors":[0.0,null,0.0]}