{"datalatency":[8.083910000000001],"sensoruptime":[100.24416666666667,99.24416666666667,100.24416666666667],"battvoltage":[11.761,11.767999999999999,11.725],"arrayvoltage":[2.084,12.457,34.863],"chargecurrent":[0.0,0.0,1.423],"chargestate":[3.0,5.0,5.0],"loadpower":[13.752248000000002,13.900160000000001,12.790060000000002],"batterytemp":[13.0,13.0,16.0],"triggerrate":[0.0,0.0,0.8],"triggersremaining":[21952.0,21953.0,22070.0],"crcerrors":[0.0,0.0,0.0]}