{"datalatency":[7.525277000000001],"sensoruptime":[19.56111111111111,18.57777777777778,227.69416666666666],"battvoltage":[11.770999999999999,11.800999999999998,11.728],"arrayvoltage":[26.611,28.711,34.238],"chargecurrent":[0.215,0.285,1.4709999999999999],"chargestate":[5.0,5.0,5.0],"loadpower":[13.736756999999999,13.736756999999999,13.408536],"batterytemp":[19.0,20.0,20.0],"triggerrate":[0.0,0.0,24.0],"triggersremaining":[18582.0,18582.0,19965.0],"crcerrors":[2.0,0.0,3.0]}