{"datalatency":[8.574843000000001],"sensoruptime":[55.42194444444444,54.42194444444444,55.42194444444444],"battvoltage":[12.642999999999999,12.988,12.18],"arrayvoltage":[28.516,31.79,40.146],"chargecurrent":[0.519,1.619,10.228],"chargestate":[5.0,5.0,6.0],"loadpower":[13.87134,14.247390000000001,8.80245],"batterytemp":[26.0,28.0,34.0],"triggerrate":[0.0,0.0,0.2],"triggersremaining":[21646.0,21646.0,21654.0],"crcerrors":[0.0,0.0,0.0]}