{"datalatency":[7.473886],"sensoruptime":[218.06444444444443,217.0811111111111,218.06444444444443],"battvoltage":[12.183,12.149000000000001,12.097000000000001],"arrayvoltage":[32.525999999999996,26.566,41.711000000000006],"chargecurrent":[1.061,0.188,3.9760000000000004],"chargestate":[5.0,5.0,6.0],"loadpower":[13.363896,13.601445,9.02565],"batterytemp":[14.0,13.0,33.0],"triggerrate":[0.0,0.0,0.8],"triggersremaining":[20287.0,20288.0,20353.0],"crcerrors":[0.0,0.0,0.0]}