{"datalatency":[8.255888],"sensoruptime":[92.91166666666666,91.91194444444444,92.91166666666666],"battvoltage":[11.914000000000001,11.877,11.815999999999999],"arrayvoltage":[33.260999999999996,33.203,35.016],"chargecurrent":[0.56,1.0170000000000001,2.8360000000000003],"chargestate":[5.0,5.0,5.0],"loadpower":[13.516026,13.087522,12.913230000000002],"batterytemp":[15.0,13.0,20.0],"triggerrate":[0.0,0.0,4.4],"triggersremaining":[21956.0,21962.0,22126.0],"crcerrors":[0.0,0.0,0.0]}