{"datalatency":[20.618615000000002],"sensoruptime":[16.333333333333332,15.333333333333334,null],"battvoltage":[12.1,12.130999999999998,12.1],"arrayvoltage":[0.021,0.021,17.383],"chargecurrent":[0.002,0.002,10.453],"ledstate":[6.0,6.0,6.0],"loadpower":[23.668638,23.269399999999997,6.478731],"batterytemp":[30.0,31.0,52.0],"triggerrate":[0.0,0.0,null],"triggersremaining":[1675.0,1676.0,null],"crcerrors":[0.0,0.0,0.0]}