{"datalatency":[8.494758000000001],"sensoruptime":[74.41916666666667,73.43611111111112,74.41916666666667],"battvoltage":[13.113,12.527000000000001,12.183],"arrayvoltage":[34.28,34.329,40.088],"chargecurrent":[4.312,2.585,4.687],"chargestate":[5.0,5.0,6.0],"loadpower":[10.421188000000003,13.899526,8.80245],"batterytemp":[28.0,23.0,34.0],"triggerrate":[0.0,0.0,0.6],"triggersremaining":[21630.0,21638.0,21647.0],"crcerrors":[0.0,0.0,0.0]}