{"datalatency":[54.818639000000005],"sensoruptime":[null,null,null],"battvoltage":[12.392999999999999,12.405,12.177],"arrayvoltage":[0.10400000000000001,0.018000000000000002,18.215999999999998],"chargecurrent":[0.005,0.005,8.373],"ledstate":[6.0,6.0,6.0],"loadpower":[7.8428700000000005,7.510157999999999,5.838796],"batterytemp":[28.0,28.0,53.0],"triggerrate":[null,null,null],"triggersremaining":[null,null,null],"crcerrors":[null,null,null]}