{"datalatency":[8.101568],"sensoruptime":[87.07916666666667,86.09611111111111,87.07916666666667],"battvoltage":[11.950999999999999,11.954,11.950999999999999],"arrayvoltage":[0.745,0.754,35.016],"chargecurrent":[0.0,0.0,2.8360000000000003],"chargestate":[3.0,3.0,5.0],"loadpower":[13.878372000000002,13.878372000000002,13.31694],"batterytemp":[11.0,11.0,20.0],"triggerrate":[0.0,0.0,4.4],"triggersremaining":[21973.0,21974.0,22166.0],"crcerrors":[0.0,0.0,0.0]}