{"datalatency":[18.971526],"sensoruptime":[147.3527777777778,146.3527777777778,147.3527777777778],"battvoltage":[12.936,13.205,12.253],"arrayvoltage":[15.573,14.937999999999999,18.066],"chargecurrent":[2.764,4.984,9.651],"ledstate":[6.0,6.0,6.0],"loadpower":[23.286011999999996,23.101936,22.10415],"batterytemp":[55.0,52.0,56.0],"triggerrate":[0.0,0.0,1.6],"triggersremaining":[6185.0,6186.0,6282.0],"crcerrors":[0.0,0.0,0.0]}