{"datalatency":[20.164638],"sensoruptime":[284.15972222222223,283.1763888888889,284.15972222222223],"battvoltage":[12.823,12.75,11.945],"arrayvoltage":[15.475,15.915,17.151],"chargecurrent":[6.829,5.706,9.39],"ledstate":[8.0,8.0,8.0],"loadpower":[22.4329,22.72829,21.841950000000004],"batterytemp":[44.0,36.0,58.0],"triggerrate":[0.0,0.0,0.8],"triggersremaining":[3275.0,3276.0,3314.0],"crcerrors":[0.0,0.0,0.0]}