{"datalatency":[8.61125],"sensoruptime":[50.089166666666664,49.089444444444446,50.089166666666664],"battvoltage":[14.139000000000001,14.175,12.18],"arrayvoltage":[38.629,39.774,41.17100000000001],"chargecurrent":[5.071000000000001,8.296,10.228],"chargestate":[6.0,6.0,6.0],"loadpower":[9.190773,9.144952,9.02565],"batterytemp":[30.0,29.0,35.0],"triggerrate":[0.0,0.0,0.2],"triggersremaining":[21647.0,21647.0,21655.0],"crcerrors":[0.0,0.0,0.0]}