{"datalatency":[8.110575],"sensoruptime":[60.24944444444444,59.26638888888889,60.24944444444444],"battvoltage":[12.375,12.411,12.115],"arrayvoltage":[0.659,0.6559999999999999,42.861999999999995],"chargecurrent":[0.0,0.0,7.356],"chargestate":[3.0,3.0,6.0],"loadpower":[13.504336000000002,14.006304,8.875646],"batterytemp":[13.0,13.0,30.0],"triggerrate":[0.0,0.2,0.6],"triggersremaining":[22189.0,22196.0,22240.0],"crcerrors":[0.0,0.0,0.0]}