{"datalatency":[8.349284],"sensoruptime":[null,null,5.101944444444444],"battvoltage":[12.869000000000002,13.065,11.362],"arrayvoltage":[25.351,29.587,40.985],"chargecurrent":[0.08,0.495,1.911],"chargestate":[5.0,5.0,6.0],"loadpower":[0.0,0.0,0.0],"batterytemp":[22.0,23.0,26.0],"triggerrate":[null,null,6.2],"triggersremaining":[null,null,22476.0],"crcerrors":[1.0,null,1.0]}