{"datalatency":[17.894871000000002],"sensoruptime":[190.20833333333334,189.21138888888888,190.20833333333334],"battvoltage":[11.865,11.874,11.795],"arrayvoltage":[13.425,11.172,17.38],"chargecurrent":[0.13,0.002,11.315],"ledstate":[8.0,8.0,8.0],"loadpower":[23.740584000000002,23.646735,21.720450999999997],"batterytemp":[24.0,24.0,53.0],"triggerrate":[0.0,0.0,1.2000000000000002],"triggersremaining":[12690.0,12690.0,12703.0],"crcerrors":[0.0,0.0,2.0]}