{"datalatency":[25.967570000000002],"sensoruptime":[null,null,null],"battvoltage":[14.597000000000001,14.690999999999999,12.299000000000001],"arrayvoltage":[42.038000000000004,42.751999999999995,44.162],"chargecurrent":[0.258,0.263,1.176],"chargestate":[6.0,6.0,6.0],"loadpower":[0.0,0.0,0.0],"batterytemp":[15.0,12.0,15.0],"triggerrate":[null,null,null],"triggersremaining":[null,null,null],"crcerrors":[null,null,null]}