{"datalatency":[10.098104000000001],"sensoruptime":[null,null,null],"battvoltage":[12.700999999999999,12.72,10.595999999999998],"arrayvoltage":[12.119000000000002,13.217,43.347],"chargecurrent":[0.002,0.0,2.597],"chargestate":[3.0,5.0,7.0],"loadpower":[0.0,0.0,0.0],"batterytemp":[10.0,11.0,20.0],"triggerrate":[null,null,null],"triggersremaining":[null,null,null],"crcerrors":[0.0,null,1.0]}