{"datalatency":[10.094179],"sensoruptime":[null,null,null],"battvoltage":[12.835999999999999,12.835999999999999,12.704],"arrayvoltage":[0.5579999999999999,0.54,44.955],"chargecurrent":[0.0,0.0,0.606],"chargestate":[3.0,3.0,7.0],"loadpower":[0.0,0.0,0.0],"batterytemp":[5.0,6.0,14.0],"triggerrate":[null,null,null],"triggersremaining":[null,null,null],"crcerrors":[null,null,null]}