{"datalatency":[14.430587000000001],"sensoruptime":[90.39055555555555,89.39333333333333,90.39055555555555],"battvoltage":[12.14,12.164000000000001,11.984000000000002],"arrayvoltage":[0.079,0.107,17.337],"chargecurrent":[0.005,0.002,9.687000000000001],"ledstate":[8.0,8.0,8.0],"loadpower":[23.880032,23.734496,21.70458],"batterytemp":[28.0,29.0,58.0],"triggerrate":[0.0,0.0,4.800000000000001],"triggersremaining":[13087.0,13087.0,13104.0],"crcerrors":[0.0,0.0,2.0]}