{"datalatency":[11.32014],"sensoruptime":[null,null,12.61],"battvoltage":[12.466,13.379000000000001,11.31],"arrayvoltage":[16.315,15.915,19.949],"chargecurrent":[0.7829999999999999,3.3480000000000003,12.057],"ledstate":[6.0,6.0,11.0],"loadpower":[7.454555,7.309772,0.0],"batterytemp":[45.0,49.0,50.0],"triggerrate":[null,null,2.4000000000000004],"triggersremaining":[null,null,14608.0],"crcerrors":[null,null,0.0]}