{"datalatency":[74.80432300000001],"sensoruptime":[13.023333333333333,12.023333333333333,76.74361111111111],"battvoltage":[12.173,12.177,12.161],"arrayvoltage":[0.0,0.0,17.526],"chargecurrent":[0.005,0.005,8.977],"ledstate":[6.0,6.0,6.0],"loadpower":[23.58896,23.391372000000004,21.808872],"batterytemp":[29.0,29.0,51.0],"triggerrate":[0.0,0.2,3.8],"triggersremaining":[6329.0,6329.0,7039.0],"crcerrors":[0.0,0.0,0.0]}