{"datalatency":[13.065026000000001],"sensoruptime":[16.9475,15.947777777777778,null],"battvoltage":[11.96,11.993,11.798],"arrayvoltage":[0.0,0.021,17.526],"chargecurrent":[0.002,0.005,10.419],"chargestate":[3.0,3.0,5.0],"loadpower":[23.27325,23.746425000000002,6.167125],"batterytemp":[26.0,27.0,49.0],"triggerrate":[0.0,1.2000000000000002,null],"triggersremaining":[21172.0,21174.0,null],"crcerrors":[0.0,0.0,0.0]}