{"datalatency":[20.872395],"sensoruptime":[43.51694444444445,42.51722222222222,43.51694444444445],"battvoltage":[12.1,12.149000000000001,12.042],"arrayvoltage":[16.406,16.653,17.38],"chargecurrent":[1.1520000000000001,1.524,7.774],"ledstate":[8.0,8.0,8.0],"loadpower":[25.150436999999993,24.668352000000002,22.552155],"batterytemp":[33.0,32.0,44.0],"triggerrate":[0.0,0.0,2.4000255842727283],"triggersremaining":[22317.0,22317.0,22430.0],"crcerrors":[null,null,0.0]}