{"datalatency":[38.043979],"sensoruptime":[null,null,1.1758333333333333],"battvoltage":[12.415,12.399000000000001,10.26],"arrayvoltage":[1.08,5.792000000000001,34.711],"chargecurrent":[0.0,0.0,1.672],"chargestate":[3.0,3.0,5.0],"loadpower":[0.0,0.0,0.0],"batterytemp":[17.0,17.0,19.0],"triggerrate":[null,null,0.0],"triggersremaining":[null,null,0.0],"crcerrors":[0.0,null,0.0]}