{"datalatency":[20.703750000000003],"sensoruptime":[55.327777777777776,54.34444444444444,55.327777777777776],"battvoltage":[12.634,12.253,11.874],"arrayvoltage":[15.335,15.770999999999999,16.553],"chargecurrent":[4.795,1.5490000000000002,10.463],"ledstate":[6.0,6.0,8.0],"loadpower":[22.955040000000004,23.693219999999997,21.727188],"batterytemp":[47.0,48.0,50.0],"triggerrate":[0.0,0.0,1.4],"triggersremaining":[1510.0,1510.0,1589.0],"crcerrors":[0.0,0.0,0.0]}