{"datalatency":[7.9634730000000005],"sensoruptime":[79.41361111111111,78.43027777777777,79.41361111111111],"battvoltage":[12.075999999999999,12.106,12.07],"arrayvoltage":[0.763,0.858,35.016],"chargecurrent":[0.0,0.0,2.8360000000000003],"chargestate":[3.0,3.0,5.0],"loadpower":[14.035798,14.059956000000003,13.31694],"batterytemp":[12.0,11.0,20.0],"triggerrate":[0.2,0.6,4.4],"triggersremaining":[22030.0,22038.0,22204.0],"crcerrors":[0.0,0.0,0.0]}