{"datalatency":[8.232116000000001],"sensoruptime":[71.0813888888889,70.09833333333333,71.0813888888889],"battvoltage":[12.527000000000001,12.442,12.145999999999999],"arrayvoltage":[32.031,34.027,42.861999999999995],"chargecurrent":[1.321,1.401,3.508],"chargestate":[5.0,5.0,6.0],"loadpower":[13.773396,13.690404000000003,9.883398999999999],"batterytemp":[20.0,18.0,29.0],"triggerrate":[0.0,0.6,0.8],"triggersremaining":[22113.0,22119.0,22214.0],"crcerrors":[0.0,0.0,0.0]}