{"datalatency":[8.621594],"sensoruptime":[75.91888888888889,74.91916666666667,75.91888888888889],"battvoltage":[13.147,12.927,12.183],"arrayvoltage":[33.835,33.154,38.788000000000004],"chargecurrent":[4.044,2.5,6.209],"chargestate":[5.0,5.0,6.0],"loadpower":[10.482942,10.273600000000002,9.069320000000001],"batterytemp":[29.0,29.0,34.0],"triggerrate":[0.2,0.0,0.6],"triggersremaining":[21618.0,21629.0,21647.0],"crcerrors":[0.0,0.0,0.0]}