{"datalatency":[8.810048],"sensoruptime":[124.41222222222223,123.42916666666666,124.41222222222223],"battvoltage":[12.988,12.415,12.073],"arrayvoltage":[33.884,32.272,40.521],"chargecurrent":[4.604,2.805,5.989],"chargestate":[5.0,5.0,6.0],"loadpower":[10.3048,14.583999,8.207364000000002],"batterytemp":[31.0,27.0,31.0],"triggerrate":[0.0,0.0,0.8],"triggersremaining":[21422.0,21430.0,21524.0],"crcerrors":[0.0,0.0,0.0]}