{"datalatency":[34.899103000000004],"sensoruptime":[null,null,null],"battvoltage":[12.75,11.911,11.481],"arrayvoltage":[17.429000000000002,17.145,19.680999999999997],"chargecurrent":[6.482,0.461,6.482],"chargestate":[5.0,5.0,5.0],"loadpower":[11.01594,0.0,0.0],"batterytemp":[20.0,13.0,26.0],"triggerrate":[null,null,null],"triggersremaining":[null,null,null],"crcerrors":[null,null,null]}