{"datalatency":[8.707335],"sensoruptime":[88.91722222222222,87.91722222222222,88.91722222222222],"battvoltage":[12.183,12.198,12.183],"arrayvoltage":[0.732,0.653,38.708],"chargecurrent":[0.0,0.0,8.752],"chargestate":[3.0,3.0,6.0],"loadpower":[14.124109999999998,14.131082,9.957479999999999],"batterytemp":[19.0,19.0,34.0],"triggerrate":[0.2,0.0,0.6],"triggersremaining":[21572.0,21577.0,21643.0],"crcerrors":[0.0,0.0,0.0]}