{"datalatency":[15.060784000000002],"sensoruptime":[52.952777777777776,51.95305555555556,52.952777777777776],"battvoltage":[12.708,12.558,11.499],"arrayvoltage":[14.499,15.283,18.410999999999998],"chargecurrent":[8.402000000000001,7.75,11.398],"ledstate":[8.0,10.0,10.0],"loadpower":[23.032178000000002,22.691326,21.727188],"batterytemp":[49.0,45.0,52.0],"triggerrate":[0.0,0.0,6.0],"triggersremaining":[20758.0,20759.0,21058.0],"crcerrors":[0.0,0.0,1.0]}