{"datalatency":[22.836638],"sensoruptime":[332.0211111111111,331.0211111111111,332.0211111111111],"battvoltage":[12.177,12.177,12.167],"arrayvoltage":[0.0,0.0,18.753],"chargecurrent":[0.002,0.005,11.622],"ledstate":[6.0,6.0,6.0],"loadpower":[23.613215999999998,24.072556000000002,20.870528999999998],"batterytemp":[24.0,25.0,44.0],"triggerrate":[0.0,0.0,1.2000000000000002],"triggersremaining":[12623.0,12624.0,12629.0],"crcerrors":[0.0,0.0,2.0]}