{"datalatency":[8.536866],"sensoruptime":[50.4225,49.422777777777775,50.4225],"battvoltage":[14.139000000000001,13.892000000000001,12.18],"arrayvoltage":[38.031,34.714,41.17100000000001],"chargecurrent":[4.542,5.843999999999999,10.228],"chargestate":[6.0,5.0,6.0],"loadpower":[9.162795000000001,10.542457999999998,9.02565],"batterytemp":[30.0,28.0,35.0],"triggerrate":[0.0,0.0,0.2],"triggersremaining":[21647.0,21647.0,21655.0],"crcerrors":[0.0,0.0,0.0]}