{"datalatency":[8.447095000000001],"sensoruptime":[82.58472222222223,81.60166666666667,82.58472222222223],"battvoltage":[12.36,12.415,12.183],"arrayvoltage":[0.735,0.616,38.708],"chargecurrent":[0.0,0.0,8.752],"chargestate":[3.0,3.0,6.0],"loadpower":[14.282008000000001,14.204448000000001,9.957479999999999],"batterytemp":[19.0,19.0,34.0],"triggerrate":[0.0,0.0,0.6],"triggersremaining":[21601.0,21603.0,21645.0],"crcerrors":[0.0,0.0,0.0]}