{"datalatency":[8.427126000000001],"sensoruptime":[8.095277777777778,7.095277777777778,11.467222222222222],"battvoltage":[12.604000000000001,12.872,11.478],"arrayvoltage":[30.618000000000002,34.763000000000005,38.565],"chargecurrent":[0.063,1.829,15.0],"chargestate":[5.0,5.0,6.0],"loadpower":[13.792581,14.12749,0.0],"batterytemp":[25.0,33.0,41.0],"triggerrate":[0.4,0.0,1.6],"triggersremaining":[21716.0,21721.0,21921.0],"crcerrors":[0.0,0.0,0.0]}