{"datalatency":[7.918298],"sensoruptime":[19.933055555555555,18.933333333333334,null],"battvoltage":[11.594000000000001,11.624,11.594000000000001],"arrayvoltage":[0.677,0.684,42.996],"chargecurrent":[0.0,0.0,15.002],"chargestate":[3.0,3.0,6.0],"loadpower":[14.209887,13.596094,0.0],"batterytemp":[2.0,2.0,28.0],"triggerrate":[0.0,0.0,1.0],"triggersremaining":[18425.0,18425.0,null],"crcerrors":[0.0,0.0,0.0]}