{"datalatency":[17.08428],"sensoruptime":[null,null,null],"battvoltage":[12.520999999999999,12.520999999999999,12.18],"arrayvoltage":[0.07,0.10400000000000001,19.625999999999998],"chargecurrent":[0.005,0.005,5.361000000000001],"chargestate":[3.0,3.0,6.0],"loadpower":[5.566505,7.005040000000001,4.102919999999999],"batterytemp":[18.0,18.0,45.0],"triggerrate":[null,null,null],"triggersremaining":[null,null,null],"crcerrors":[null,null,null]}