{"datalatency":[13.40962],"sensoruptime":[60.56166666666667,59.56444444444445,60.56166666666667],"battvoltage":[12.216,12.225,12.015],"arrayvoltage":[0.107,13.083,17.000999999999998],"chargecurrent":[0.005,0.055999999999999994,10.545],"ledstate":[8.0,8.0,8.0],"loadpower":[23.572935,23.736780000000003,21.262392999999996],"batterytemp":[33.0,37.0,52.0],"triggerrate":[0.0,0.0,6.0],"triggersremaining":[13105.0,13107.0,13505.0],"crcerrors":[0.0,0.0,2.0]}