{"datalatency":[8.553351000000001],"sensoruptime":[48.922777777777775,47.93944444444445,48.922777777777775],"battvoltage":[14.175,12.567,12.18],"arrayvoltage":[39.760999999999996,34.238,41.489],"chargecurrent":[8.639,2.459,10.228],"chargestate":[6.0,5.0,6.0],"loadpower":[9.215082,13.813800000000002,9.02565],"batterytemp":[29.0,19.0,35.0],"triggerrate":[0.0,0.0,0.4],"triggersremaining":[21647.0,21648.0,21656.0],"crcerrors":[0.0,0.0,0.0]}