{"datalatency":[8.192246],"sensoruptime":[84.24638888888889,83.26305555555555,84.24638888888889],"battvoltage":[11.99,12.015,11.99],"arrayvoltage":[0.763,0.8,35.016],"chargecurrent":[0.0,0.0,2.8360000000000003],"chargestate":[3.0,3.0,5.0],"loadpower":[13.924932,13.943999999999999,13.31694],"batterytemp":[11.0,12.0,20.0],"triggerrate":[0.0,0.0,4.4],"triggersremaining":[21985.0,21990.0,22189.0],"crcerrors":[0.0,0.0,0.0]}