{"datalatency":[60.694072000000006],"sensoruptime":[7.546666666666667,6.546944444444445,null],"battvoltage":[12.402000000000001,12.445,12.369000000000002],"arrayvoltage":[12.012,14.664000000000001,19.632],"chargecurrent":[0.0,0.251,7.9],"ledstate":[6.0,6.0,6.0],"loadpower":[23.841648000000003,24.401816999999998,5.802676],"batterytemp":[35.0,40.0,49.0],"triggerrate":[0.0,0.0,null],"triggersremaining":[22330.0,22330.0,null],"crcerrors":[0.0,0.0,0.0]}