{"datalatency":[20.223098],"sensoruptime":[263.49611111111113,262.5127777777778,263.49611111111113],"battvoltage":[12.369000000000002,12.975999999999999,11.874],"arrayvoltage":[14.258,14.550999999999998,17.432000000000002],"chargecurrent":[1.278,8.134,9.035],"ledstate":[8.0,8.0,8.0],"loadpower":[25.046432,23.113476,22.057204000000002],"batterytemp":[55.0,55.0,55.0],"triggerrate":[0.2,0.0,2.8],"triggersremaining":[3303.0,3310.0,3800.0],"crcerrors":[0.0,0.0,0.0]}