{"datalatency":[35.109177],"sensoruptime":[null,null,null],"battvoltage":[13.623,13.205,11.481],"arrayvoltage":[16.119,16.116,19.680999999999997],"chargecurrent":[9.675,8.583,9.955],"chargestate":[5.0,5.0,5.0],"loadpower":[10.861600000000001,10.524799999999999,0.0],"batterytemp":[35.0,33.0,35.0],"triggerrate":[null,null,null],"triggersremaining":[null,null,null],"crcerrors":[null,null,null]}