{"datalatency":[11.272242],"sensoruptime":[12.715555555555556,11.715555555555556,20.196666666666665],"battvoltage":[11.682,11.725,11.224],"arrayvoltage":[0.107,2.802,19.736],"chargecurrent":[0.002,0.005,8.165],"ledstate":[10.0,8.0,11.0],"loadpower":[23.438609999999997,24.174955,0.0],"batterytemp":[30.0,33.0,50.0],"triggerrate":[0.0,0.0,1.2000000000000002],"triggersremaining":[14556.0,14557.0,14562.0],"crcerrors":[0.0,0.0,0.0]}