{"datalatency":[37.553697],"sensoruptime":[4.223333333333334,3.24,7.746944444444445],"battvoltage":[12.167,13.87,10.802999999999999],"arrayvoltage":[31.842,30.225,38.15],"chargecurrent":[1.114,1.706,3.1860000000000004],"chargestate":[5.0,5.0,6.0],"loadpower":[13.671,14.238273000000001,0.0],"batterytemp":[26.0,27.0,28.0],"triggerrate":[0.0,0.0,null],"triggersremaining":[11686.0,11687.0,12014.0],"crcerrors":[0.0,0.0,0.0]}