{"datalatency":[8.002041],"sensoruptime":[null,5.051944444444445,5.101944444444444],"battvoltage":[12.573,11.96,10.427999999999999],"arrayvoltage":[0.873,0.784,43.015],"chargecurrent":[0.0,0.0,3.5439999999999996],"chargestate":[3.0,3.0,6.0],"loadpower":[0.0,17.9175,0.0],"batterytemp":[18.0,17.0,27.0],"triggerrate":[null,5.4,6.2],"triggersremaining":[null,22116.0,22496.0],"crcerrors":[1.0,1.0,1.0]}