{"datalatency":[28.640295000000002],"sensoruptime":[24.150555555555556,23.15361111111111,24.150555555555556],"battvoltage":[12.597999999999999,12.253,12.064],"arrayvoltage":[17.239,17.038,20.032],"chargecurrent":[3.612,2.338,7.09],"chargestate":[5.0,5.0,7.0],"loadpower":[24.127515000000002,24.761916,22.529826000000003],"batterytemp":[33.0,30.0,47.0],"triggerrate":[null,null,null],"triggersremaining":[22487.0,22488.0,22494.0],"crcerrors":[null,null,0.0]}