{"datalatency":[11.421654],"sensoruptime":[7.070555555555556,6.071111111111111,10.618611111111111],"battvoltage":[12.445,12.369000000000002,11.264000000000001],"arrayvoltage":[17.191,14.752,19.733],"chargecurrent":[2.375,0.565,9.152999999999999],"ledstate":[6.0,6.0,11.0],"loadpower":[26.320099000000003,28.710927,0.0],"batterytemp":[35.0,43.0,53.0],"triggerrate":[2.4000000000000004,13.200000000000001,20.400000000000002],"triggersremaining":[13817.0,14053.0,14551.0],"crcerrors":[11.58953722334004,0.0,2.0]}