{"datalatency":[7.771014],"sensoruptime":[18.56111111111111,17.56138888888889,227.69416666666666],"battvoltage":[11.800999999999998,11.838,11.755],"arrayvoltage":[29.108,31.836,34.238],"chargecurrent":[0.358,0.45899999999999996,1.4709999999999999],"chargestate":[5.0,5.0,5.0],"loadpower":[13.677901999999998,13.78227,13.408536],"batterytemp":[20.0,20.0,20.0],"triggerrate":[0.0,0.0,24.0],"triggersremaining":[18582.0,18582.0,20093.0],"crcerrors":[2.0,0.0,3.0]}