{"datalatency":[10.438936],"sensoruptime":[12.672777777777778,11.673055555555555,14.684444444444445],"battvoltage":[11.6,11.682,11.45],"arrayvoltage":[0.128,0.107,19.305],"chargecurrent":[0.002,0.002,7.371],"ledstate":[10.0,10.0,11.0],"loadpower":[27.060224,27.26112,0.0],"batterytemp":[26.0,28.0,49.0],"triggerrate":[0.0,0.0,1.2000000000000002],"triggersremaining":[14561.0,14562.0,14564.0],"crcerrors":[0.0,0.0,0.0]}