{"datalatency":[59.598003000000006],"sensoruptime":[null,null,20.630555555555556],"battvoltage":[12.1,12.177,11.517000000000001],"arrayvoltage":[12.762,14.937999999999999,17.145],"chargecurrent":[0.019,0.442,10.335],"ledstate":[8.0,8.0,10.0],"loadpower":[7.530823999999999,7.760632000000001,6.079374],"batterytemp":[38.0,47.0,53.0],"triggerrate":[null,null,1.6],"triggersremaining":[null,null,28.0],"crcerrors":[1.0000115742080349,null,1.0]}