{"datalatency":[8.737941000000001],"sensoruptime":[120.24638888888889,119.24638888888889,120.24638888888889],"battvoltage":[12.192,12.145999999999999,12.073],"arrayvoltage":[31.549,22.995,41.65],"chargecurrent":[1.305,0.017,11.832],"chargestate":[5.0,5.0,6.0],"loadpower":[13.924179999999998,14.101860000000002,8.207364000000002],"batterytemp":[24.0,22.0,32.0],"triggerrate":[0.0,0.0,0.6],"triggersremaining":[21453.0,21459.0,21535.0],"crcerrors":[0.0,0.0,0.0]}