{"datalatency":[9.843239],"sensoruptime":[29.615,28.618055555555557,29.615],"battvoltage":[12.369000000000002,11.755,11.652000000000001],"arrayvoltage":[16.217,16.843,17.526],"chargecurrent":[4.66,1.254,10.419],"chargestate":[5.0,5.0,6.0],"loadpower":[22.9636,24.034471,21.713829000000004],"batterytemp":[37.0,31.0,49.0],"triggerrate":[0.0,0.0,8.4],"triggersremaining":[21056.0,21063.0,21429.0],"crcerrors":[0.0,0.0,0.0]}