{"datalatency":[10.338014000000001],"sensoruptime":[0.014166666666666666,null,0.018333333333333333],"battvoltage":[13.87,13.907,10.595999999999998],"arrayvoltage":[41.196000000000005,41.931000000000004,43.347],"chargecurrent":[1.561,1.945,2.597],"chargestate":[7.0,7.0,7.0],"loadpower":[14.156868000000001,19.622374,0.0],"batterytemp":[19.0,18.0,19.0],"triggerrate":[null,null,0.0],"triggersremaining":[0.0,null,0.0],"crcerrors":[0.0,0.0,1.0]}