{"datalatency":[7.971247000000001],"sensoruptime":[62.41583333333333,61.416111111111114,62.41583333333333],"battvoltage":[12.299000000000001,12.335,12.115],"arrayvoltage":[0.623,0.613,42.861999999999995],"chargecurrent":[0.0,0.0,7.356],"chargestate":[3.0,3.0,6.0],"loadpower":[13.985519999999998,14.031119999999998,8.875646],"batterytemp":[13.0,13.0,30.0],"triggerrate":[0.0,0.0,0.6],"triggersremaining":[22176.0,22181.0,22234.0],"crcerrors":[0.0,0.0,0.0]}