{"datalatency":[48.388202],"sensoruptime":[18.711666666666666,17.711944444444445,null],"battvoltage":[12.186,12.177,12.158],"arrayvoltage":[14.606,12.655999999999999,19.632],"chargecurrent":[0.28300000000000003,0.005,7.9],"ledstate":[6.0,6.0,6.0],"loadpower":[23.561668,23.866528000000002,5.802676],"batterytemp":[29.0,28.0,49.0],"triggerrate":[0.0,0.0,null],"triggersremaining":[22327.0,22327.0,null],"crcerrors":[0.0,0.0,0.0]}