{"datalatency":[8.342593],"sensoruptime":[40.92388888888889,39.92388888888889,40.92388888888889],"battvoltage":[12.366,12.380999999999998,12.112],"arrayvoltage":[0.659,0.604,41.489],"chargecurrent":[0.0,0.0,11.902999999999999],"chargestate":[3.0,3.0,6.0],"loadpower":[14.133880000000001,13.99255,9.02565],"batterytemp":[16.0,16.0,35.0],"triggerrate":[0.0,0.0,0.4],"triggersremaining":[21650.0,21651.0,21667.0],"crcerrors":[0.0,0.0,0.0]}