{"datalatency":[17.429185],"sensoruptime":[null,48.04222222222222,49.00611111111111],"battvoltage":[11.722000000000001,11.645999999999999,11.569],"arrayvoltage":[16.016,16.36,17.288],"chargecurrent":[0.517,1.051,9.298],"ledstate":[10.0,10.0,10.0],"loadpower":[6.96699,23.24597,6.5118599999999995],"batterytemp":[29.0,29.0,38.0],"triggerrate":[null,0.0,2.4000000000000004],"triggersremaining":[null,14649.0,14660.0],"crcerrors":[0.0,0.0,0.0]}