{"datalatency":[30.585598],"sensoruptime":[2.1544444444444446,1.1575,null],"battvoltage":[13.446,13.892000000000001,12.530999999999999],"arrayvoltage":[14.895999999999999,19.083,19.305],"chargecurrent":[4.467,4.931,6.841],"chargestate":[5.0,6.0,6.0],"loadpower":[23.681700000000003,23.773881999999997,11.041264],"batterytemp":[42.0,38.0,42.0],"triggerrate":[null,null,null],"triggersremaining":[22493.0,22493.0,null],"crcerrors":[0.0,null,0.0]}