{"datalatency":[37.515143],"sensoruptime":[6.9302777777777775,5.947222222222222,6.9302777777777775],"battvoltage":[12.142999999999999,12.375,12.142999999999999],"arrayvoltage":[26.906999999999996,32.074,33.400999999999996],"chargecurrent":[0.297,0.966,2.329],"chargestate":[5.0,5.0,5.0],"loadpower":[13.874495999999999,13.581400000000002,13.441868999999999],"batterytemp":[24.0,26.0,28.0],"triggerrate":[1.4,1.0,null],"triggersremaining":[11726.0,11794.0,12014.0],"crcerrors":[1.0,0.0,0.0]}