{"datalatency":[7.951199000000001],"sensoruptime":[63.41583333333333,62.4325,63.41583333333333],"battvoltage":[12.259,12.299000000000001,12.115],"arrayvoltage":[0.65,0.62,42.861999999999995],"chargecurrent":[0.0,0.0,7.356],"chargestate":[3.0,3.0,6.0],"loadpower":[14.212421999999998,14.230879999999997,8.875646],"batterytemp":[13.0,13.0,30.0],"triggerrate":[0.0,0.0,0.8],"triggersremaining":[22165.0,22176.0,22229.0],"crcerrors":[0.0,0.0,0.0]}