{"datalatency":[20.204494],"sensoruptime":[300.8238888888889,299.84055555555557,300.8238888888889],"battvoltage":[12.07,12.1,11.945],"arrayvoltage":[0.0,0.0,17.093],"chargecurrent":[0.005,0.002,10.847000000000001],"ledstate":[8.0,6.0,8.0],"loadpower":[23.848929,23.740831999999997,21.841950000000004],"batterytemp":[30.0,30.0,54.0],"triggerrate":[0.0,0.0,1.4],"triggersremaining":[3212.0,3213.0,3277.0],"crcerrors":[0.0,0.0,0.0]}