{"datalatency":[7.725663000000001],"sensoruptime":[5.8966666666666665,4.913611111111111,227.69416666666666],"battvoltage":[11.914000000000001,11.937999999999999,11.914000000000001],"arrayvoltage":[0.888,0.882,36.472],"chargecurrent":[0.0,0.0,3.503],"chargestate":[3.0,3.0,5.0],"loadpower":[13.836468000000002,13.854526,9.995777999999998],"batterytemp":[16.0,16.0,18.0],"triggerrate":[0.2,0.2,24.0],"triggersremaining":[18657.0,18660.0,20331.0],"crcerrors":[2.0,0.0,3.0]}