{"datalatency":[8.665068],"sensoruptime":[86.08416666666666,85.10111111111111,86.08416666666666],"battvoltage":[12.222000000000001,12.259,12.183],"arrayvoltage":[0.708,0.684,38.708],"chargecurrent":[0.0,0.0,8.752],"chargestate":[3.0,3.0,6.0],"loadpower":[14.167103999999998,14.212421999999998,9.957479999999999],"batterytemp":[19.0,19.0,34.0],"triggerrate":[0.0,0.0,0.6],"triggersremaining":[21589.0,21595.0,21644.0],"crcerrors":[0.0,0.0,0.0]}