{"datalatency":[47.352291],"sensoruptime":[null,null,null],"battvoltage":[13.390999999999998,12.299000000000001,11.752],"arrayvoltage":[34.521,17.01,37.445],"chargecurrent":[1.1640000000000001,0.0,2.0780000000000003],"chargestate":[5.0,5.0,6.0],"loadpower":[0.0,0.0,0.0],"batterytemp":[14.0,12.0,16.0],"triggerrate":[null,null,null],"triggersremaining":[null,null,null],"crcerrors":[0.0,null,0.0]}