{"datalatency":[70.795846],"sensoruptime":[159.6675,158.6677777777778,159.6675],"battvoltage":[12.216,12.216,12.200999999999999],"arrayvoltage":[13.277999999999999,3.748,18.066],"chargecurrent":[0.15,0.005,9.651],"ledstate":[6.0,6.0,6.0],"loadpower":[24.218524000000002,24.091392,22.10415],"batterytemp":[30.0,30.0,55.0],"triggerrate":[0.0,0.0,1.6],"triggersremaining":[6175.0,6175.0,6258.0],"crcerrors":[0.0,0.0,0.0]}