{"datalatency":[10.288935],"sensoruptime":[11.673055555555555,10.673055555555555,14.684444444444445],"battvoltage":[11.682,11.682,11.45],"arrayvoltage":[0.107,11.475,19.305],"chargecurrent":[0.002,0.0,7.371],"ledstate":[10.0,8.0,11.0],"loadpower":[27.26112,27.151482,0.0],"batterytemp":[28.0,34.0,49.0],"triggerrate":[0.0,0.0,1.2000000000000002],"triggersremaining":[14562.0,14562.0,14565.0],"crcerrors":[0.0,0.0,0.0]}