{"datalatency":[19.201316000000002],"sensoruptime":[230.2025,229.20555555555555,230.2025],"battvoltage":[12.262,12.292,11.950999999999999],"arrayvoltage":[0.107,0.107,18.372],"chargecurrent":[0.005,0.005,8.75],"ledstate":[6.0,6.0,8.0],"loadpower":[23.661853,23.8846,21.252608000000002],"batterytemp":[28.0,30.0,52.0],"triggerrate":[0.0,0.0,1.2000000000000002],"triggersremaining":[12680.0,12680.0,12686.0],"crcerrors":[0.0,0.0,2.0]}