{"datalatency":[26.647882000000003],"sensoruptime":[31.849444444444444,30.852222222222224,31.849444444444444],"battvoltage":[12.1,12.073,12.064],"arrayvoltage":[16.409000000000002,12.655999999999999,18.872],"chargecurrent":[0.423,0.002,10.158],"ledstate":[8.0,8.0,8.0],"loadpower":[23.318685,25.78914,22.619726999999994],"batterytemp":[26.0,25.0,50.0],"triggerrate":[0.0,0.0,1.2000506661391244],"triggersremaining":[22427.0,22427.0,22433.0],"crcerrors":[null,null,0.0]}