{"datalatency":[12.358091],"sensoruptime":[32.06611111111111,31.069166666666668,32.06611111111111],"battvoltage":[12.634,13.177,12.033],"arrayvoltage":[15.82,16.357,17.38],"chargecurrent":[2.4930000000000003,10.977,10.985],"ledstate":[6.0,6.0,8.0],"loadpower":[22.733351999999996,22.273107999999997,21.514706],"batterytemp":[49.0,49.0,50.0],"triggerrate":[0.0,0.0,9.600000000000001],"triggersremaining":[13508.0,13509.0,13721.0],"crcerrors":[0.0,0.0,2.0]}