{"datalatency":[25.525276],"sensoruptime":[20.517777777777777,19.518055555555556,null],"battvoltage":[12.524000000000001,12.674000000000001,12.07],"arrayvoltage":[13.519,17.09,18.872],"chargecurrent":[0.11800000000000001,0.978,10.158],"ledstate":[6.0,6.0,8.0],"loadpower":[24.26746,24.145886,8.28036],"batterytemp":[37.0,44.0,50.0],"triggerrate":[0.0,0.0,null],"triggersremaining":[22429.0,22430.0,null],"crcerrors":[null,null,0.0]}