{"datalatency":[8.273709],"sensoruptime":[10.095,9.111666666666666,11.467222222222222],"battvoltage":[12.527000000000001,12.561,11.478],"arrayvoltage":[0.589,0.7290000000000001,38.565],"chargecurrent":[0.0,0.0,15.0],"chargestate":[3.0,3.0,6.0],"loadpower":[13.646724,13.753089000000001,0.0],"batterytemp":[19.0,21.0,41.0],"triggerrate":[0.8,0.4,1.6],"triggersremaining":[21689.0,21708.0,21904.0],"crcerrors":[0.0,0.0,0.0]}