{"datalatency":[7.688134000000001],"sensoruptime":[40.43,39.44694444444445,40.43],"battvoltage":[11.877,11.914000000000001,11.49],"arrayvoltage":[0.674,0.61,42.148],"chargecurrent":[0.0,0.0,12.352],"chargestate":[3.0,3.0,6.0],"loadpower":[13.789908000000004,14.038547000000001,8.277874],"batterytemp":[7.0,8.0,29.0],"triggerrate":[0.0,0.0,0.4],"triggersremaining":[18415.0,18417.0,18425.0],"crcerrors":[0.0,0.0,0.0]}