{"datalatency":[34.050118000000005],"sensoruptime":[16.354444444444443,15.354722222222222,31.89388888888889],"battvoltage":[13.565,13.585999999999999,12.07],"arrayvoltage":[18.410999999999998,17.697,18.692],"chargecurrent":[4.749,6.194,10.158],"ledstate":[5.0,5.0,8.0],"loadpower":[26.410482,23.920896999999997,7.371546],"batterytemp":[49.0,48.0,49.0],"triggerrate":[0.0,0.0,16.800115584795222],"triggersremaining":[22430.0,22431.0,22486.0],"crcerrors":[null,null,0.0]}