{"datalatency":[37.618699],"sensoruptime":[0.38166666666666665,null,5.173333333333333],"battvoltage":[12.259,12.335,10.287],"arrayvoltage":[33.008,7.19,38.15],"chargecurrent":[1.331,0.0,3.1860000000000004],"chargestate":[5.0,3.0,6.0],"loadpower":[13.504336000000002,0.0,0.0],"batterytemp":[16.0,14.0,27.0],"triggerrate":[0.2,null,0.8],"triggersremaining":[11673.0,null,11687.0],"crcerrors":[0.0,0.0,0.0]}