{"datalatency":[9.827833],"sensoruptime":[14.1175,13.117777777777778,null],"battvoltage":[12.067,12.112,11.798],"arrayvoltage":[0.043,0.531,17.526],"chargecurrent":[0.002,0.002,10.419],"chargestate":[3.0,3.0,5.0],"loadpower":[25.324896,23.680391999999998,6.167125],"batterytemp":[29.0,32.0,49.0],"triggerrate":[4.800000000000001,2.4000000000000004,null],"triggersremaining":[21251.0,21360.0,null],"crcerrors":[0.0,0.0,0.0]}