{"datalatency":[7.970809000000001],"sensoruptime":[48.41777777777778,47.418055555555554,48.41777777777778],"battvoltage":[14.215,14.175,12.115],"arrayvoltage":[40.811,40.753,41.931000000000004],"chargecurrent":[3.0439999999999996,2.988,7.356],"chargestate":[6.0,6.0,6.0],"loadpower":[11.279200000000001,12.118858000000001,8.875646],"batterytemp":[28.0,29.0,30.0],"triggerrate":[0.0,0.0,0.6],"triggersremaining":[22213.0,22214.0,22256.0],"crcerrors":[0.0,0.0,0.0]}