{"datalatency":[8.341351000000001],"sensoruptime":[33.59166666666667,32.608333333333334,33.59166666666667],"battvoltage":[12.604000000000001,12.64,12.112],"arrayvoltage":[0.58,7.367000000000001,41.489],"chargecurrent":[0.0,0.0,11.902999999999999],"chargestate":[3.0,3.0,6.0],"loadpower":[13.729716000000002,13.773396,9.02565],"batterytemp":[20.0,22.0,35.0],"triggerrate":[0.0,0.0,1.0],"triggersremaining":[21653.0,21653.0,21700.0],"crcerrors":[0.0,0.0,0.0]}