{"datalatency":[11.277351000000001],"sensoruptime":[13.6325,12.6325,null],"battvoltage":[11.722000000000001,11.761,11.569],"arrayvoltage":[0.0,0.0,19.736],"chargecurrent":[0.002,0.002,12.392999999999999],"chargestate":[3.0,3.0,6.0],"loadpower":[23.727126000000002,23.632951999999996,6.808707000000001],"batterytemp":[23.0,24.0,44.0],"triggerrate":[0.0,0.0,null],"triggersremaining":[22151.0,22151.0,null],"crcerrors":[0.0,0.0,0.0]}