{"datalatency":[40.390709],"sensoruptime":[null,null,20.630555555555556],"battvoltage":[11.987,11.987,11.517000000000001],"arrayvoltage":[0.107,0.0,17.145],"chargecurrent":[0.005,0.002,10.335],"ledstate":[8.0,8.0,10.0],"loadpower":[8.011275,7.9514000000000005,6.079374],"batterytemp":[28.0,28.0,53.0],"triggerrate":[null,null,1.6],"triggersremaining":[null,null,25.0],"crcerrors":[1.0,null,1.0]}