{"datalatency":[37.708425000000005],"sensoruptime":[2.2455555555555557,1.248888888888889,9.396944444444445],"battvoltage":[14.401,14.345999999999998,10.477],"arrayvoltage":[42.032,40.878,43.57899999999999],"chargecurrent":[2.404,2.324,2.897],"chargestate":[6.0,6.0,6.0],"loadpower":[20.34252,20.257059,0.0],"batterytemp":[21.0,23.0,26.0],"triggerrate":[58.0,56.4,58.6],"triggersremaining":[1381.0,4714.0,11621.0],"crcerrors":[10.0,9.0,10.0]}