{"datalatency":[15.162148],"sensoruptime":[51.95305555555556,50.95611111111111,51.95305555555556],"battvoltage":[12.558,12.405,11.499],"arrayvoltage":[15.283,16.012999999999998,18.410999999999998],"chargecurrent":[7.75,6.143,11.398],"ledstate":[10.0,10.0,10.0],"loadpower":[22.691326,22.195234,21.727188],"batterytemp":[45.0,37.0,52.0],"triggerrate":[0.0,0.0,6.0],"triggersremaining":[20759.0,20759.0,21103.0],"crcerrors":[0.0,0.0,1.0]}