{"datalatency":[76.22621000000001],"sensoruptime":[102.3425,101.34277777777778,102.3425],"battvoltage":[12.482000000000001,12.485,12.222000000000001],"arrayvoltage":[0.0,10.91,18.340999999999998],"chargecurrent":[0.005,0.005,7.815],"ledstate":[6.0,6.0,6.0],"loadpower":[23.750784000000003,23.790852000000005,21.964412],"batterytemp":[35.0,38.0,55.0],"triggerrate":[0.0,0.0,0.4],"triggersremaining":[6292.0,6292.0,6300.0],"crcerrors":[0.0,0.0,0.0]}