{"datalatency":[61.486171000000006],"sensoruptime":[null,null,null],"battvoltage":[12.482000000000001,12.488,12.177],"arrayvoltage":[0.125,13.297,18.215999999999998],"chargecurrent":[0.005,0.040999999999999995,8.373],"ledstate":[6.0,6.0,6.0],"loadpower":[7.556214000000001,7.671316000000001,5.838796],"batterytemp":[34.0,39.0,53.0],"triggerrate":[null,null,null],"triggersremaining":[null,null,null],"crcerrors":[null,null,null]}