{"datalatency":[9.078353],"sensoruptime":[3.838888888888889,2.8419444444444446,6.051944444444445],"battvoltage":[13.715,13.739,11.285],"arrayvoltage":[18.660999999999998,19.199,19.949],"chargecurrent":[5.462000000000001,3.208,9.745],"ledstate":[5.0,5.0,11.0],"loadpower":[25.757688,25.92886,0.0],"batterytemp":[44.0,43.0,51.0],"triggerrate":[0.0,0.0,1.2000000000000002],"triggersremaining":[14567.0,14567.0,14570.0],"crcerrors":[0.0,0.0,0.0]}