{"datalatency":[9.422704000000001],"sensoruptime":[9.004722222222222,8.005,null],"battvoltage":[11.658,13.547,11.285],"arrayvoltage":[17.477,18.768,19.965],"chargecurrent":[1.0290000000000001,2.8310000000000004,7.916],"ledstate":[10.0,5.0,11.0],"loadpower":[26.83041,25.438314000000002,0.0],"batterytemp":[48.0,50.0,51.0],"triggerrate":[0.0,1.2000000000000002,null],"triggersremaining":[14565.0,14565.0,null],"crcerrors":[0.0,0.0,0.0]}