{"datalatency":[8.767899],"sensoruptime":[130.24444444444444,129.2447222222222,130.24444444444444],"battvoltage":[12.115,12.145999999999999,12.073],"arrayvoltage":[0.6709999999999999,0.867,34.378],"chargecurrent":[0.0,0.0,12.84],"chargestate":[3.0,3.0,5.0],"loadpower":[14.059956000000003,14.07763,10.0584],"batterytemp":[22.0,22.0,33.0],"triggerrate":[4.8,1.2,4.8],"triggersremaining":[20887.0,21007.0,21501.0],"crcerrors":[0.0,0.0,0.0]}