{"datalatency":[7.423473],"sensoruptime":[213.065,212.06527777777777,213.065],"battvoltage":[12.222000000000001,12.247,12.106],"arrayvoltage":[1.016,0.958,41.711000000000006],"chargecurrent":[0.002,0.0,9.777000000000001],"chargestate":[3.0,3.0,6.0],"loadpower":[13.984224000000001,14.212421999999998,9.02565],"batterytemp":[12.0,13.0,34.0],"triggerrate":[0.0,0.0,0.8],"triggersremaining":[20295.0,20307.0,20356.0],"crcerrors":[0.0,0.0,0.0]}