{"datalatency":[13.543244000000001],"sensoruptime":[62.72805555555556,61.73083333333334,62.72805555555556],"battvoltage":[12.14,12.177,12.015],"arrayvoltage":[0.214,0.107,17.000999999999998],"chargecurrent":[0.005,0.002,10.545],"ledstate":[8.0,8.0,8.0],"loadpower":[23.552576,23.306224,21.262392999999996],"batterytemp":[30.0,31.0,52.0],"triggerrate":[0.0,0.0,6.0],"triggersremaining":[13105.0,13105.0,13500.0],"crcerrors":[0.0,0.0,2.0]}