{"datalatency":[13.126188],"sensoruptime":[341.18916666666667,340.19194444444446,341.18916666666667],"battvoltage":[12.634,12.897,12.109000000000002],"arrayvoltage":[16.305999999999997,15.573,18.03],"chargecurrent":[3.4739999999999998,4.087,11.622],"ledstate":[6.0,6.0,6.0],"loadpower":[23.554071999999998,22.565454,21.638656000000005],"batterytemp":[42.0,40.0,44.0],"triggerrate":[0.0,0.0,1.2000000000000002],"triggersremaining":[12621.0,12621.0,12627.0],"crcerrors":[0.0,0.0,2.0]}