{"datalatency":[6.317966],"sensoruptime":[41.61277777777778,40.613055555555555,41.61277777777778],"battvoltage":[11.829,11.874,11.652000000000001],"arrayvoltage":[0.0,0.0,17.334],"chargecurrent":[0.002,0.005,11.398],"chargestate":[3.0,3.0,6.0],"loadpower":[24.025537,23.569728,21.713829000000004],"batterytemp":[26.0,27.0,52.0],"triggerrate":[0.0,0.0,6.0],"triggersremaining":[20761.0,20764.0,21172.0],"crcerrors":[0.0,0.0,1.0]}