{"datalatency":[15.381630000000001],"sensoruptime":[24.87611111111111,23.87638888888889,24.87611111111111],"battvoltage":[12.253,12.255999999999998,12.054],"arrayvoltage":[16.797,16.608,18.340999999999998],"chargecurrent":[2.324,2.14,9.9],"ledstate":[8.0,8.0,8.0],"loadpower":[22.8825,23.114376000000004,21.60339],"batterytemp":[34.0,34.0,52.0],"triggerrate":[0.0,0.0,1.2000000000000002],"triggersremaining":[14660.0,14661.0,14672.0],"crcerrors":[0.0,0.0,0.0]}