{"datalatency":[7.034940000000001],"sensoruptime":[156.24,155.24027777777778,156.24],"battvoltage":[12.450999999999999,12.491,11.868],"arrayvoltage":[0.61,0.613,42.465],"chargecurrent":[0.0,0.0,15.0],"chargestate":[3.0,3.0,6.0],"loadpower":[13.588574,13.730920000000003,8.596613999999999],"batterytemp":[11.0,12.0,33.0],"triggerrate":[0.0,0.0,3.0],"triggersremaining":[20397.0,20400.0,20554.0],"crcerrors":[0.0,0.0,0.0]}