{"datalatency":[11.181961000000001],"sensoruptime":[15.548333333333334,14.551388888888889,20.196666666666665],"battvoltage":[11.523,11.620999999999999,11.224],"arrayvoltage":[0.107,0.107,19.736],"chargecurrent":[0.002,0.002,8.165],"ledstate":[10.0,10.0,11.0],"loadpower":[24.308886,23.2348,0.0],"batterytemp":[26.0,27.0,50.0],"triggerrate":[0.0,0.0,1.2000000000000002],"triggersremaining":[14556.0,14556.0,14561.0],"crcerrors":[0.0,0.0,0.0]}