{"datalatency":[9.79016],"sensoruptime":[5.3838888888888885,4.384166666666666,20.196666666666665],"battvoltage":[12.472999999999999,13.663,11.224],"arrayvoltage":[15.43,19.089000000000002,19.736],"chargecurrent":[2.155,2.839,8.165],"ledstate":[6.0,5.0,11.0],"loadpower":[26.161622999999995,25.784916000000003,0.0],"batterytemp":[44.0,46.0,49.0],"triggerrate":[0.0,0.0,1.2000000000000002],"triggersremaining":[14558.0,14558.0,14563.0],"crcerrors":[0.0,0.0,0.0]}