{"datalatency":[19.02269],"sensoruptime":[138.68722222222223,137.6875,138.68722222222223],"battvoltage":[12.292,12.292,12.253],"arrayvoltage":[15.479000000000001,15.14,18.167],"chargecurrent":[0.862,0.66,7.931],"ledstate":[6.0,6.0,6.0],"loadpower":[23.331346,23.098766999999995,21.885253],"batterytemp":[35.0,33.0,57.0],"triggerrate":[0.0,0.0,0.6],"triggersremaining":[6257.0,6257.0,6288.0],"crcerrors":[0.0,0.0,0.0]}