{"datalatency":[37.514798],"sensoruptime":[5.763888888888889,4.764166666666667,5.763888888888889],"battvoltage":[12.442,12.759,12.442],"arrayvoltage":[32.129,32.766999999999996,33.400999999999996],"chargecurrent":[1.0170000000000001,1.838,2.329],"chargestate":[5.0,5.0,5.0],"loadpower":[13.687128000000001,13.997780000000002,13.687128000000001],"batterytemp":[26.0,28.0,28.0],"triggerrate":[0.6,1.6,null],"triggersremaining":[11803.0,11906.0,12014.0],"crcerrors":[1.0,0.0,0.0]}