{"datalatency":[11.515393000000001],"sensoruptime":[50.78111111111111,49.78388888888889,50.78111111111111],"battvoltage":[12.378,11.606,11.499],"arrayvoltage":[16.262999999999998,16.653,18.410999999999998],"chargecurrent":[6.117000000000001,1.3869999999999998,11.398],"ledstate":[10.0,10.0,10.0],"loadpower":[22.737181999999997,24.147859999999998,21.727188],"batterytemp":[36.0,28.0,52.0],"triggerrate":[0.0,0.0,6.0],"triggersremaining":[20759.0,20759.0,21155.0],"crcerrors":[0.0,0.0,1.0]}