{"datalatency":[38.021681],"sensoruptime":[null,0.08361111111111111,1.1758333333333333],"battvoltage":[12.564,11.99,10.26],"arrayvoltage":[25.732,31.441999999999997,34.711],"chargecurrent":[0.14,0.09699999999999999,1.672],"chargestate":[5.0,5.0,7.0],"loadpower":[0.0,13.924932,0.0],"batterytemp":[18.0,19.0,21.0],"triggerrate":[null,0.0,0.0],"triggersremaining":[null,0.0,0.0],"crcerrors":[0.0,0.0,0.0]}