{"datalatency":[9.273812000000001],"sensoruptime":[5.171944444444445,4.1722222222222225,6.051944444444445],"battvoltage":[13.684000000000001,12.405,11.285],"arrayvoltage":[19.0,15.475,19.519000000000002],"chargecurrent":[3.2760000000000002,1.921,7.916],"ledstate":[5.0,6.0,11.0],"loadpower":[25.714838,26.927313000000005,0.0],"batterytemp":[45.0,44.0,51.0],"triggerrate":[0.0,0.0,1.2000000000000002],"triggersremaining":[14566.0,14566.0,14570.0],"crcerrors":[0.0,0.0,0.0]}