{"datalatency":[16.944504000000002],"sensoruptime":[5.016666666666667,4.016666666666667,null],"battvoltage":[13.333,12.936,11.31],"arrayvoltage":[16.357,16.51,19.531],"chargecurrent":[4.317,4.329,12.99],"ledstate":[6.0,6.0,11.0],"loadpower":[26.066208,26.531119999999998,0.0],"batterytemp":[41.0,34.0,41.0],"triggerrate":[0.0,0.0,null],"triggersremaining":[14571.0,14572.0,null],"crcerrors":[0.0,0.0,0.0]}