{"datalatency":[7.716186],"sensoruptime":[224.0636111111111,223.08027777777778,224.0636111111111],"battvoltage":[12.106,12.106,12.036],"arrayvoltage":[12.427,24.701,36.472],"chargecurrent":[0.0,0.057999999999999996,3.503],"chargestate":[5.0,5.0,5.0],"loadpower":[14.035798,14.881328,9.995777999999998],"batterytemp":[14.0,15.0,19.0],"triggerrate":[4.4,2.0,4.4],"triggersremaining":[19908.0,20030.0,20349.0],"crcerrors":[0.0,0.0,0.0]}