{"datalatency":[27.309217],"sensoruptime":[31.349444444444444,30.349722222222223,31.349444444444444],"battvoltage":[12.091,12.1,12.064],"arrayvoltage":[13.77,2.1790000000000003,18.872],"chargecurrent":[0.21,0.005,10.158],"ledstate":[8.0,6.0,8.0],"loadpower":[24.945569999999996,24.260656,22.619726999999994],"batterytemp":[25.0,24.0,50.0],"triggerrate":[0.0,0.0,1.2000506661391244],"triggersremaining":[22427.0,22427.0,22433.0],"crcerrors":[null,null,0.0]}