{"datalatency":[16.210019000000003],"sensoruptime":[null,null,null],"battvoltage":[12.253,12.253,11.481],"arrayvoltage":[0.128,0.18899999999999997,19.680999999999997],"chargecurrent":[0.002,0.005,9.955],"chargestate":[3.0,3.0,6.0],"loadpower":[6.206187,9.694872,0.0],"batterytemp":[11.0,11.0,38.0],"triggerrate":[null,null,null],"triggersremaining":[null,null,null],"crcerrors":[null,null,null]}