{"datalatency":[21.274942000000003],"sensoruptime":[22.036666666666665,21.036944444444444,null],"battvoltage":[11.823,11.835,11.815999999999999],"arrayvoltage":[0.555,0.0,17.48],"chargecurrent":[0.005,0.002,11.001],"ledstate":[8.0,8.0,8.0],"loadpower":[23.707396,24.331734000000004,6.678672000000001],"batterytemp":[32.0,32.0,51.0],"triggerrate":[0.0,0.0,null],"triggersremaining":[1285.0,1287.0,null],"crcerrors":[0.0,0.0,0.0]}