{"datalatency":[16.475092],"sensoruptime":[null,null,null],"battvoltage":[12.289000000000001,12.216,11.911],"arrayvoltage":[17.09,16.070999999999998,19.680999999999997],"chargecurrent":[0.486,0.309,9.955],"chargestate":[5.0,5.0,6.0],"loadpower":[5.324835,7.784960000000001,0.0],"batterytemp":[14.0,12.0,38.0],"triggerrate":[null,null,null],"triggersremaining":[null,null,null],"crcerrors":[null,null,null]}