{"datalatency":[23.528217],"sensoruptime":[24.183888888888887,23.184166666666666,24.183888888888887],"battvoltage":[12.354000000000001,12.405,12.07],"arrayvoltage":[0.098,0.107,18.872],"chargecurrent":[0.005,0.002,10.158],"ledstate":[6.0,6.0,8.0],"loadpower":[24.165954,24.417432,22.619726999999994],"batterytemp":[27.0,28.0,50.0],"triggerrate":[0.0,0.0,2.4000061440157285],"triggersremaining":[22429.0,22429.0,22436.0],"crcerrors":[null,null,0.0]}