{"datalatency":[19.649381],"sensoruptime":[4.714722222222222,3.7175,20.196666666666665],"battvoltage":[12.585,13.684000000000001,11.224],"arrayvoltage":[15.770999999999999,17.349,19.736],"chargecurrent":[2.375,6.506,8.165],"ledstate":[8.0,5.0,11.0],"loadpower":[26.193846,25.757688,0.0],"batterytemp":[44.0,45.0,49.0],"triggerrate":[0.0,0.0,1.2000000000000002],"triggersremaining":[14558.0,14559.0,14564.0],"crcerrors":[0.0,0.0,0.0]}