{"datalatency":[11.327804],"sensoruptime":[null,7.766111111111111,18.859444444444446],"battvoltage":[12.234000000000002,12.14,11.456],"arrayvoltage":[15.14,16.116,17.825],"chargecurrent":[0.621,0.833,11.344000000000001],"chargestate":[5.0,5.0,6.0],"loadpower":[6.95628,27.277295999999996,0.0],"batterytemp":[35.0,40.0,47.0],"triggerrate":[null,0.0,9.600000000000001],"triggersremaining":[null,22145.0,22161.0],"crcerrors":[0.0,null,0.0]}