{"datalatency":[16.974621000000003],"sensoruptime":[null,null,null],"battvoltage":[12.582,12.597999999999999,12.18],"arrayvoltage":[0.107,2.4659999999999997,19.625999999999998],"chargecurrent":[0.002,0.005,5.361000000000001],"chargestate":[3.0,3.0,6.0],"loadpower":[6.3805950000000005,6.317670000000001,4.102919999999999],"batterytemp":[21.0,25.0,45.0],"triggerrate":[null,null,null],"triggersremaining":[null,null,null],"crcerrors":[null,null,null]}