{"datalatency":[13.437111000000002],"sensoruptime":[null,null,61.55722222222222],"battvoltage":[12.216,12.234000000000002,11.499],"arrayvoltage":[0.021,0.021,18.410999999999998],"chargecurrent":[0.005,0.002,12.030999999999999],"ledstate":[8.0,8.0,10.0],"loadpower":[8.201088,7.7221779999999995,7.310196],"batterytemp":[29.0,30.0,56.0],"triggerrate":[null,null,1.2000000000000002],"triggersremaining":[null,null,20773.0],"crcerrors":[0.0,null,1.0]}