{"datalatency":[21.160536],"sensoruptime":[2.039722222222222,1.04,64.02638888888889],"battvoltage":[12.177,11.911,11.835],"arrayvoltage":[16.797,16.452,16.797],"chargecurrent":[2.59,0.742,10.463],"ledstate":[8.0,8.0,8.0],"loadpower":[22.908951,23.374089,6.678672000000001],"batterytemp":[34.0,32.0,50.0],"triggerrate":[0.0,0.0,3.0],"triggersremaining":[1333.0,1334.0,1511.0],"crcerrors":[0.0,0.0,0.0]}