{"datalatency":[21.503067],"sensoruptime":[290.52694444444444,289.53,290.52694444444444],"battvoltage":[13.147,12.872,12.183],"arrayvoltage":[15.869000000000002,16.653,18.463],"chargecurrent":[7.843999999999999,5.008,9.074],"ledstate":[6.0,6.0,6.0],"loadpower":[22.570254000000002,22.10415,21.642846000000002],"batterytemp":[36.0,30.0,53.0],"triggerrate":[0.0,0.0,2.4000000000000004],"triggersremaining":[12639.0,12639.0,12667.0],"crcerrors":[0.0,0.0,2.0]}