{"datalatency":[8.179829],"sensoruptime":[64.41555555555556,63.4325,64.41555555555556],"battvoltage":[12.247,12.259,12.115],"arrayvoltage":[0.653,0.65,42.861999999999995],"chargecurrent":[0.0,0.0,7.356],"chargestate":[3.0,3.0,6.0],"loadpower":[14.065649999999998,14.236884000000002,8.875646],"batterytemp":[13.0,13.0,30.0],"triggerrate":[0.0,0.2,0.8],"triggersremaining":[22160.0,22164.0,22221.0],"crcerrors":[0.0,0.0,0.0]}