{"datalatency":[8.019047],"sensoruptime":[60.416111111111114,59.433055555555555,60.416111111111114],"battvoltage":[12.375,12.399000000000001,12.115],"arrayvoltage":[0.659,0.638,42.861999999999995],"chargecurrent":[0.0,0.0,7.356],"chargestate":[3.0,3.0,6.0],"loadpower":[14.257320000000002,13.733856,8.875646],"batterytemp":[13.0,13.0,30.0],"triggerrate":[0.2,0.0,0.6],"triggersremaining":[22188.0,22195.0,22240.0],"crcerrors":[0.0,0.0,0.0]}