{"datalatency":[13.898008],"sensoruptime":[367.6852777777778,366.68833333333333,367.6852777777778],"battvoltage":[13.015999999999998,12.755999999999998,12.064],"arrayvoltage":[15.625,15.915,17.633],"chargecurrent":[6.013,4.051,10.61],"ledstate":[6.0,6.0,8.0],"loadpower":[22.663542000000003,23.034172,20.806074],"batterytemp":[46.0,42.0,46.0],"triggerrate":[0.0,0.0,4.800000000000001],"triggersremaining":[12611.0,12611.0,12621.0],"crcerrors":[0.0,0.0,2.0]}