{"datalatency":[14.864572],"sensoruptime":[386.0161111111111,385.0188888888889,386.0161111111111],"battvoltage":[12.793,12.088,12.027000000000001],"arrayvoltage":[15.725999999999999,16.266,18.365],"chargecurrent":[5.566,0.7879999999999999,10.61],"ledstate":[8.0,8.0,8.0],"loadpower":[22.622688,23.379738000000003,20.806074],"batterytemp":[37.0,30.0,52.0],"triggerrate":[0.0,0.0,4.800000000000001],"triggersremaining":[12606.0,12606.0,12616.0],"crcerrors":[0.0,0.0,2.0]}