{"datalatency":[37.728989000000006],"sensoruptime":[1.5569444444444445,0.5738888888888889,7.746944444444445],"battvoltage":[13.489,12.387,10.802999999999999],"arrayvoltage":[32.574,31.693,38.15],"chargecurrent":[1.916,1.317,3.1860000000000004],"chargestate":[5.0,5.0,6.0],"loadpower":[14.78585,13.609596,0.0],"batterytemp":[25.0,23.0,28.0],"triggerrate":[0.0,0.0,null],"triggersremaining":[11687.0,11687.0,12014.0],"crcerrors":[0.0,0.0,0.0]}