{"datalatency":[22.910719],"sensoruptime":[5.52,4.520277777777777,31.89388888888889],"battvoltage":[12.177,12.216,12.064],"arrayvoltage":[0.0,0.057999999999999996,18.692],"chargecurrent":[0.002,0.005,11.344000000000001],"ledstate":[6.0,6.0,8.0],"loadpower":[24.096884000000003,24.090696,7.371546],"batterytemp":[24.0,25.0,48.0],"triggerrate":[0.0,0.0,16.800115584795222],"triggersremaining":[22433.0,22433.0,22489.0],"crcerrors":[null,null,0.0]}