{"datalatency":[13.628819],"sensoruptime":[null,null,18.859444444444446],"battvoltage":[12.142999999999999,12.244000000000002,11.456],"arrayvoltage":[12.869000000000002,15.14,17.825],"chargecurrent":[0.028999999999999998,0.626,11.344000000000001],"chargestate":[5.0,5.0,6.0],"loadpower":[7.349568,6.399611999999999,0.0],"batterytemp":[30.0,35.0,47.0],"triggerrate":[null,null,9.600000000000001],"triggersremaining":[null,null,22160.0],"crcerrors":[0.0,null,0.0]}