{"datalatency":[18.017873],"sensoruptime":[19.705555555555556,18.7225,76.74361111111111],"battvoltage":[13.092,12.558,12.14],"arrayvoltage":[15.475,16.653,17.526],"chargecurrent":[7.124,3.4010000000000002,8.977],"ledstate":[6.0,6.0,6.0],"loadpower":[23.007852,25.661202000000007,21.808872],"batterytemp":[38.0,33.0,51.0],"triggerrate":[0.0,0.0,3.8],"triggersremaining":[6328.0,6328.0,6640.0],"crcerrors":[0.0,0.0,0.0]}