{"datalatency":[21.214349000000002],"sensoruptime":[24.53638888888889,23.53638888888889,24.53638888888889],"battvoltage":[11.835,11.835,11.798],"arrayvoltage":[14.499,14.844000000000001,17.48],"chargecurrent":[0.47600000000000003,0.336,11.001],"ledstate":[8.0,8.0,8.0],"loadpower":[23.165377999999997,23.000415999999998,21.806852],"batterytemp":[34.0,32.0,51.0],"triggerrate":[0.0,0.0,0.8],"triggersremaining":[1284.0,1285.0,1334.0],"crcerrors":[0.0,0.0,0.0]}