{"datalatency":[76.83414],"sensoruptime":[104.34222222222222,103.3425,104.34222222222222],"battvoltage":[12.427,12.445,12.222000000000001],"arrayvoltage":[0.018000000000000002,0.003,18.340999999999998],"chargecurrent":[0.005,0.005,7.815],"ledstate":[6.0,6.0,6.0],"loadpower":[23.472342,23.361607,21.964412],"batterytemp":[32.0,33.0,55.0],"triggerrate":[0.0,0.0,0.4],"triggersremaining":[6291.0,6292.0,6299.0],"crcerrors":[0.0,0.0,0.0]}