{"datalatency":[19.216026000000003],"sensoruptime":[168.01638888888888,167.03305555555556,168.01638888888888],"battvoltage":[13.280999999999999,13.022,12.200999999999999],"arrayvoltage":[14.749,16.266,17.969],"chargecurrent":[7.582999999999999,6.375,9.81],"ledstate":[6.0,6.0,6.0],"loadpower":[23.212728000000002,22.990491000000002,21.942296000000002],"batterytemp":[50.0,42.0,55.0],"triggerrate":[1.2,0.8,4.2],"triggersremaining":[6103.0,6126.0,6207.0],"crcerrors":[0.0,0.0,0.0]}