{"datalatency":[7.548028],"sensoruptime":[9.89611111111111,8.89638888888889,227.69416666666666],"battvoltage":[11.838,11.874,11.838],"arrayvoltage":[2.1,0.861,36.472],"chargecurrent":[0.0,0.0,3.503],"chargestate":[3.0,3.0,5.0],"loadpower":[13.864940000000002,13.789908000000004,9.995777999999998],"batterytemp":[16.0,16.0,18.0],"triggerrate":[0.0,0.0,24.0],"triggersremaining":[18623.0,18632.0,20292.0],"crcerrors":[2.0,0.0,3.0]}