{"datalatency":[8.098687],"sensoruptime":[96.24472222222222,95.26138888888889,96.24472222222222],"battvoltage":[11.838,11.884,11.815999999999999],"arrayvoltage":[31.296,32.15,35.016],"chargecurrent":[0.522,0.522,1.423],"chargestate":[5.0,5.0,5.0],"loadpower":[13.789908000000004,13.769699999999998,12.913230000000002],"batterytemp":[14.0,14.0,20.0],"triggerrate":[0.0,0.0,4.4],"triggersremaining":[21954.0,21955.0,22108.0],"crcerrors":[0.0,0.0,0.0]}