{"datalatency":[63.668356],"sensoruptime":[null,null,null],"battvoltage":[12.405,12.375,12.25],"arrayvoltage":[15.335,13.513,18.215999999999998],"chargecurrent":[0.546,0.18600000000000003,8.373],"ledstate":[6.0,6.0,6.0],"loadpower":[9.57747,8.983539,5.838796],"batterytemp":[30.0,28.0,53.0],"triggerrate":[null,null,null],"triggersremaining":[null,null,null],"crcerrors":[null,null,null]}