{"datalatency":[12.002695000000001],"sensoruptime":[26.900277777777777,25.903333333333332,26.900277777777777],"battvoltage":[12.558,12.442,11.892999999999999],"arrayvoltage":[16.305999999999997,16.397000000000002,19.733],"chargecurrent":[2.884,1.993,9.152999999999999],"ledstate":[8.0,8.0,8.0],"loadpower":[22.593828,22.773951000000004,21.57225],"batterytemp":[41.0,35.0,53.0],"triggerrate":[0.0,0.0,20.400000000000002],"triggersremaining":[13511.0,13511.0,14551.0],"crcerrors":[0.0,0.0,2.0]}