{"datalatency":[23.625104],"sensoruptime":[null,null,null],"battvoltage":[11.569,11.606,11.569],"arrayvoltage":[0.214,0.214,19.342],"chargecurrent":[0.005,0.005,5.67],"chargestate":[3.0,3.0,6.0],"loadpower":[8.26111,7.6752280000000015,6.509968999999999],"batterytemp":[14.0,14.0,26.0],"triggerrate":[null,null,null],"triggersremaining":[null,null,null],"crcerrors":[null,null,null]}