{"datalatency":[11.987807],"sensoruptime":[0.2841666666666667,null,null],"battvoltage":[11.859000000000002,11.993,11.859000000000002],"arrayvoltage":[12.479000000000001,14.453,17.825],"chargecurrent":[0.012,0.22699999999999998,11.344000000000001],"chargestate":[5.0,5.0,6.0],"loadpower":[27.771948,7.78375,0.0],"batterytemp":[26.0,25.0,47.0],"triggerrate":[8.4,null,null],"triggersremaining":[22065.0,null,null],"crcerrors":[0.0,0.0,0.0]}