{"datalatency":[8.788708],"sensoruptime":[132.07694444444445,131.07722222222222,132.07694444444445],"battvoltage":[12.091,12.103,12.073],"arrayvoltage":[1.041,0.812,34.378],"chargecurrent":[0.0,0.0,12.84],"chargestate":[3.0,3.0,5.0],"loadpower":[14.035798,15.550024,10.0584],"batterytemp":[21.0,23.0,33.0],"triggerrate":[0.6,4.2,6.4],"triggersremaining":[20564.0,20683.0,21500.0],"crcerrors":[0.0,0.0,0.0]}