{"datalatency":[7.957473],"sensoruptime":[39.75222222222222,38.7525,39.75222222222222],"battvoltage":[12.183,12.222000000000001,12.07],"arrayvoltage":[0.638,0.635,41.821000000000005],"chargecurrent":[0.0,0.0,7.474],"chargestate":[3.0,3.0,6.0],"loadpower":[14.124109999999998,14.106144,8.72505],"batterytemp":[3.0,3.0,28.0],"triggerrate":[0.2,0.0,1.4],"triggersremaining":[22225.0,22234.0,22296.0],"crcerrors":[0.0,0.0,0.0]}