{"datalatency":[38.065864000000005],"sensoruptime":[null,null,null],"battvoltage":[12.399000000000001,12.395999999999999,10.26],"arrayvoltage":[0.659,0.6409999999999999,34.711],"chargecurrent":[0.0,0.0,1.672],"chargestate":[3.0,3.0,5.0],"loadpower":[0.0,0.0,0.0],"batterytemp":[5.0,6.0,19.0],"triggerrate":[null,null,null],"triggersremaining":[null,null,null],"crcerrors":[0.0,null,0.0]}