{"datalatency":[16.844356],"sensoruptime":[null,null,null],"battvoltage":[12.634,12.79,12.18],"arrayvoltage":[13.62,17.288,19.625999999999998],"chargecurrent":[0.075,0.512,5.361000000000001],"chargestate":[5.0,5.0,6.0],"loadpower":[6.399354,5.55147,4.102919999999999],"batterytemp":[29.0,39.0,45.0],"triggerrate":[null,null,null],"triggersremaining":[null,null,null],"crcerrors":[null,null,null]}