{"datalatency":[19.086874],"sensoruptime":[547.99,546.9902777777778,547.99],"battvoltage":[11.569,11.606,11.565999999999999],"arrayvoltage":[0.0,0.0,17.575],"chargecurrent":[0.002,0.005,11.448],"ledstate":[10.0,10.0,10.0],"loadpower":[24.032320000000002,23.506938000000005,22.237292000000004],"batterytemp":[27.0,27.0,51.0],"triggerrate":[0.0,0.0,2.4000000000000004],"triggersremaining":[11255.0,11256.0,11311.0],"crcerrors":[0.0,0.0,2.0]}