{"datalatency":[8.176247],"sensoruptime":[76.74722222222222,75.7475,76.74722222222222],"battvoltage":[12.145999999999999,12.155,12.106],"arrayvoltage":[0.8270000000000001,12.741,35.016],"chargecurrent":[0.0,0.0,2.8360000000000003],"chargestate":[3.0,5.0,5.0],"loadpower":[14.07763,14.113651999999998,13.31694],"batterytemp":[11.0,12.0,20.0],"triggerrate":[0.2,0.0,4.4],"triggersremaining":[22062.0,22073.0,22207.0],"crcerrors":[0.0,0.0,0.0]}