{"datalatency":[21.018048],"sensoruptime":[10.983611111111111,9.983888888888888,null],"battvoltage":[12.402000000000001,12.445,12.399000000000001],"arrayvoltage":[0.061,6.1129999999999995,20.032],"chargecurrent":[0.005,0.005,7.09],"chargestate":[3.0,3.0,7.0],"loadpower":[24.038076,24.356247,11.041264],"batterytemp":[29.0,32.0,47.0],"triggerrate":[null,null,null],"triggersremaining":[22491.0,22491.0,null],"crcerrors":[null,null,0.0]}