{"datalatency":[22.779327000000002],"sensoruptime":[52.01305555555555,51.01305555555555,52.01305555555555],"battvoltage":[11.758,11.798,11.758],"arrayvoltage":[0.0,0.0,17.78],"chargecurrent":[0.002,0.005,7.774],"ledstate":[8.0,8.0,8.0],"loadpower":[24.149776,24.661038,22.552155],"batterytemp":[26.0,26.0,40.0],"triggerrate":[0.0,0.0,7.200004464002768],"triggersremaining":[22184.0,22184.0,22428.0],"crcerrors":[null,null,0.0]}