{"datalatency":[25.968645000000002],"sensoruptime":[null,null,null],"battvoltage":[14.658,14.828,12.299000000000001],"arrayvoltage":[42.691,42.798,44.162],"chargecurrent":[0.258,0.28300000000000003,1.2830000000000001],"chargestate":[6.0,6.0,6.0],"loadpower":[0.0,0.0,0.0],"batterytemp":[13.0,8.0,13.0],"triggerrate":[null,null,null],"triggersremaining":[null,null,null],"crcerrors":[null,null,null]}