{"datalatency":[19.32376],"sensoruptime":[172.6822222222222,171.6988888888889,172.6822222222222],"battvoltage":[12.392999999999999,12.597999999999999,12.200999999999999],"arrayvoltage":[14.937999999999999,17.188,17.969],"chargecurrent":[0.47100000000000003,2.114,9.81],"ledstate":[6.0,6.0,6.0],"loadpower":[24.652215,23.548841999999997,21.942296000000002],"batterytemp":[41.0,39.0,52.0],"triggerrate":[0.0,0.2,6.4],"triggersremaining":[5816.0,5818.0,6181.0],"crcerrors":[0.0,0.0,0.0]}