{"datalatency":[8.222266000000001],"sensoruptime":[1.6202777777777777,0.6202777777777778,null],"battvoltage":[11.92,11.914000000000001,10.944],"arrayvoltage":[0.955,0.9,41.791000000000004],"chargecurrent":[0.0,0.0,2.923],"chargestate":[3.0,3.0,6.0],"loadpower":[13.819665999999998,13.839960000000003,0.0],"batterytemp":[11.0,12.0,32.0],"triggerrate":[0.0,0.0,null],"triggersremaining":[18371.0,18371.0,null],"crcerrors":[0.0,0.0,0.0]}