{"datalatency":[20.360598],"sensoruptime":[325.64944444444444,324.64944444444444,325.64944444444444],"battvoltage":[11.950999999999999,11.966,11.950999999999999],"arrayvoltage":[0.0,0.0,18.167],"chargecurrent":[0.002,0.005,9.62],"ledstate":[8.0,8.0,8.0],"loadpower":[24.108306,23.583560000000002,22.125905999999997],"batterytemp":[29.0,29.0,55.0],"triggerrate":[0.0,0.0,14.8],"triggersremaining":[1908.0,1908.0,3212.0],"crcerrors":[0.0,0.0,0.0]}