{"datalatency":[12.650997],"sensoruptime":[40.39833333333333,39.39861111111111,40.39833333333333],"battvoltage":[12.17,12.177,12.033],"arrayvoltage":[0.214,0.107,17.526],"chargecurrent":[0.005,0.005,10.985],"ledstate":[6.0,6.0,8.0],"loadpower":[22.970432000000002,23.330552000000004,21.514706],"batterytemp":[29.0,30.0,50.0],"triggerrate":[0.0,0.0,2.4000000000000004],"triggersremaining":[13484.0,13497.0,13515.0],"crcerrors":[0.0,0.0,2.0]}