{"datalatency":[8.375306],"sensoruptime":[null,null,null],"battvoltage":[12.32,12.372,11.307],"arrayvoltage":[12.902999999999999,27.399,39.163000000000004],"chargecurrent":[0.0,0.237,3.0660000000000003],"chargestate":[5.0,5.0,6.0],"loadpower":[14.21574,13.714184000000001,0.0],"batterytemp":[22.0,21.0,27.0],"triggerrate":[null,null,null],"triggersremaining":[null,null,null],"crcerrors":[4.0,null,4.0]}