{"datalatency":[20.318754000000002],"sensoruptime":[538.8247222222222,537.825,538.8247222222222],"battvoltage":[11.884,12.292,11.606],"arrayvoltage":[16.748,15.915,17.575],"chargecurrent":[0.604,3.6239999999999997,11.448],"ledstate":[8.0,8.0,10.0],"loadpower":[23.539593,23.059023,22.057775999999997],"batterytemp":[44.0,48.0,51.0],"triggerrate":[0.0,0.0,3.6],"triggersremaining":[11274.0,11275.0,11323.0],"crcerrors":[0.0,0.0,2.0]}