{"datalatency":[18.993927000000003],"sensoruptime":[171.01583333333335,170.03277777777777,171.01583333333335],"battvoltage":[12.411,12.454,12.200999999999999],"arrayvoltage":[15.475,15.142999999999999,17.969],"chargecurrent":[0.478,0.7879999999999999,9.81],"ledstate":[6.0,6.0,6.0],"loadpower":[23.25603,24.754102999999997,21.942296000000002],"batterytemp":[38.0,43.0,55.0],"triggerrate":[0.0,4.8,6.4],"triggersremaining":[5826.0,5852.0,6186.0],"crcerrors":[0.0,0.0,0.0]}