{"datalatency":[12.753677000000001],"sensoruptime":[8.285,7.288055555555555,8.285],"battvoltage":[13.174000000000001,13.159,11.798],"arrayvoltage":[15.335,15.335,17.730999999999998],"chargecurrent":[8.774,10.253,10.419],"chargestate":[5.0,5.0,5.0],"loadpower":[23.707111999999995,22.789439999999995,6.167125],"batterytemp":[47.0,41.0,47.0],"triggerrate":[0.0,0.0,15.600000000000001],"triggersremaining":[21427.0,21429.0,22148.0],"crcerrors":[0.0,0.0,0.0]}