{"datalatency":[14.272018000000001],"sensoruptime":[371.8513888888889,370.8513888888889,371.8513888888889],"battvoltage":[12.296,12.369000000000002,12.064],"arrayvoltage":[12.890999999999998,16.214000000000002,17.78],"chargecurrent":[0.012,0.314,10.61],"ledstate":[6.0,6.0,8.0],"loadpower":[23.97056,22.786450000000002,20.806074],"batterytemp":[35.0,42.0,52.0],"triggerrate":[0.0,0.0,4.800000000000001],"triggersremaining":[12610.0,12610.0,12620.0],"crcerrors":[0.0,0.0,2.0]}