{"datalatency":[21.633460000000003],"sensoruptime":[11.546388888888888,10.546666666666667,57.48722222222222],"battvoltage":[11.765,11.825999999999999,11.639000000000001],"arrayvoltage":[0.021,0.027000000000000003,17.242],"chargecurrent":[0.002,0.002,12.284],"ledstate":[8.0,8.0,10.0],"loadpower":[24.431679999999997,24.108017999999998,6.942914999999999],"batterytemp":[25.0,25.0,48.0],"triggerrate":[0.0,0.0,7.200004464002768],"triggersremaining":[22166.0,22166.0,22290.0],"crcerrors":[null,null,0.0]}