{"datalatency":[8.712002],"sensoruptime":[115.41361111111111,114.43027777777777,115.41361111111111],"battvoltage":[12.222000000000001,12.259,12.03],"arrayvoltage":[0.934,0.934,41.65],"chargecurrent":[0.0,0.0,11.832],"chargestate":[3.0,3.0,6.0],"loadpower":[14.142719999999999,14.212421999999998,8.207364000000002],"batterytemp":[21.0,22.0,32.0],"triggerrate":[0.0,0.0,0.6],"triggersremaining":[21474.0,21475.0,21564.0],"crcerrors":[0.0,0.0,0.0]}