{"datalatency":[7.680141000000001],"sensoruptime":[222.73055555555555,221.74722222222223,222.73055555555555],"battvoltage":[12.145999999999999,12.145999999999999,12.07],"arrayvoltage":[26.514,26.755,41.711000000000006],"chargecurrent":[0.17600000000000002,0.191,3.503],"chargestate":[5.0,5.0,6.0],"loadpower":[14.101860000000002,14.07763,9.995777999999998],"batterytemp":[15.0,15.0,24.0],"triggerrate":[1.2,1.2,3.0],"triggersremaining":[20072.0,20150.0,20351.0],"crcerrors":[0.0,0.0,0.0]}