{"datalatency":[77.843061],"sensoruptime":[41.18555555555555,40.18555555555555,41.18555555555555],"battvoltage":[12.259,12.253,12.177],"arrayvoltage":[16.119,15.775,17.337],"chargecurrent":[0.72,0.358,9.245],"ledstate":[6.0,6.0,6.0],"loadpower":[22.580712000000002,23.260824,21.967200000000002],"batterytemp":[30.0,28.0,55.0],"triggerrate":[0.0,0.0,0.2],"triggersremaining":[6322.0,6322.0,6328.0],"crcerrors":[0.0,0.0,0.0]}