{"datalatency":[7.539331000000001],"sensoruptime":[195.23416666666665,194.23444444444445,195.23416666666665],"battvoltage":[14.139000000000001,14.059000000000001,12.106],"arrayvoltage":[40.668,40.195,43.097],"chargecurrent":[3.3819999999999997,3.841,9.777000000000001],"chargestate":[6.0,6.0,6.0],"loadpower":[10.771968,13.147784999999999,9.02565],"batterytemp":[30.0,33.0,34.0],"triggerrate":[0.0,0.0,0.4],"triggersremaining":[20353.0,20353.0,20369.0],"crcerrors":[0.0,0.0,0.0]}