{"datalatency":[7.710349000000001],"sensoruptime":[26.265555555555554,25.282222222222224,26.265555555555554],"battvoltage":[14.215,14.212,11.49],"arrayvoltage":[41.06100000000001,39.760999999999996,42.996],"chargecurrent":[4.03,9.402000000000001,15.002],"chargestate":[6.0,6.0,6.0],"loadpower":[11.255200000000002,9.241362,9.117872],"batterytemp":[28.0,28.0,29.0],"triggerrate":[0.0,0.0,0.4],"triggersremaining":[18420.0,18420.0,18434.0],"crcerrors":[0.0,0.0,0.0]}