{"datalatency":[8.371444],"sensoruptime":[3.1527777777777777,2.154166666666667,null],"battvoltage":[12.450999999999999,12.439,11.307],"arrayvoltage":[25.046,27.579,40.985],"chargecurrent":[0.121,0.304,3.0660000000000003],"chargestate":[5.0,5.0,6.0],"loadpower":[13.712784000000001,13.646724,0.0],"batterytemp":[26.0,27.0,27.0],"triggerrate":[21.0,12.6,null],"triggersremaining":[19298.0,20270.0,null],"crcerrors":[3.0,0.0,3.0]}