{"datalatency":[7.968085],"sensoruptime":[37.59722222222222,36.61388888888889,37.59722222222222],"battvoltage":[11.969000000000001,11.99,11.49],"arrayvoltage":[0.748,0.7659999999999999,42.148],"chargecurrent":[0.0,0.0,12.352],"chargestate":[3.0,3.0,6.0],"loadpower":[13.854526,13.924932,8.277874],"batterytemp":[10.0,10.0,29.0],"triggerrate":[0.0,0.0,0.4],"triggersremaining":[18417.0,18417.0,18427.0],"crcerrors":[0.0,0.0,0.0]}