{"datalatency":[10.257064000000002],"sensoruptime":[12.339444444444444,11.3425,14.684444444444445],"battvoltage":[11.658,11.722000000000001,11.45],"arrayvoltage":[0.128,0.177,19.305],"chargecurrent":[0.005,0.002,7.371],"ledstate":[10.0,10.0,11.0],"loadpower":[27.365390000000005,27.289017,0.0],"batterytemp":[27.0,30.0,49.0],"triggerrate":[0.0,0.0,1.2000000000000002],"triggersremaining":[14561.0,14562.0,14564.0],"crcerrors":[0.0,0.0,0.0]}