{"datalatency":[10.353969000000001],"sensoruptime":[null,null,null],"battvoltage":[12.064,11.950999999999999,11.456],"arrayvoltage":[16.750999999999998,16.452,19.736],"chargecurrent":[1.3430000000000002,0.691,12.392999999999999],"chargestate":[5.0,5.0,6.0],"loadpower":[0.0,0.0,0.0],"batterytemp":[24.0,23.0,44.0],"triggerrate":[null,null,null],"triggersremaining":[null,null,null],"crcerrors":[0.0,null,0.0]}