{"datalatency":[37.670792000000006],"sensoruptime":[null,null,7.746944444444445],"battvoltage":[12.415,12.341,11.110999999999999],"arrayvoltage":[0.851,12.875,33.400999999999996],"chargecurrent":[0.0,0.0,2.329],"chargestate":[3.0,5.0,6.0],"loadpower":[0.0,0.0,0.0],"batterytemp":[21.0,23.0,28.0],"triggerrate":[null,null,null],"triggersremaining":[null,null,12014.0],"crcerrors":[1.0,null,0.0]}