{"datalatency":[13.439369000000001],"sensoruptime":[350.3544444444444,349.3575,350.3544444444444],"battvoltage":[12.253,12.289000000000001,12.109000000000002],"arrayvoltage":[0.085,0.064,17.633],"chargecurrent":[0.005,0.002,12.229000000000001],"ledstate":[6.0,6.0,6.0],"loadpower":[23.68053,23.392551,21.612250999999997],"batterytemp":[25.0,27.0,44.0],"triggerrate":[0.0,0.0,1.2000000000000002],"triggersremaining":[12619.0,12619.0,12625.0],"crcerrors":[0.0,0.0,2.0]}