{"datalatency":[14.105939000000001],"sensoruptime":[null,null,20.196666666666665],"battvoltage":[12.267999999999999,12.177,11.224],"arrayvoltage":[13.956,13.083,19.305],"chargecurrent":[0.17600000000000002,0.055999999999999994,7.371],"ledstate":[11.0,11.0,11.0],"loadpower":[0.0,0.0,0.0],"batterytemp":[20.0,20.0,49.0],"triggerrate":[null,null,null],"triggersremaining":[null,null,14564.0],"crcerrors":[0.0,null,0.0]}