{"datalatency":[15.349124000000002],"sensoruptime":[18.876944444444444,17.877222222222223,null],"battvoltage":[12.1,12.14,12.1],"arrayvoltage":[0.0,0.0,18.439],"chargecurrent":[0.005,0.005,9.9],"ledstate":[6.0,6.0,8.0],"loadpower":[23.32405,23.316375,5.933112000000001],"batterytemp":[28.0,28.0,52.0],"triggerrate":[0.0,0.0,null],"triggersremaining":[14662.0,14662.0,null],"crcerrors":[0.0,0.0,0.0]}