{"datalatency":[17.925620000000002],"sensoruptime":[37.869166666666665,36.86944444444445,37.869166666666665],"battvoltage":[12.253,12.28,12.14],"arrayvoltage":[0.0,0.0,17.337],"chargecurrent":[0.002,0.002,9.245],"ledstate":[6.0,6.0,6.0],"loadpower":[23.949765999999997,24.127010999999996,22.116975999999998],"batterytemp":[27.0,28.0,55.0],"triggerrate":[0.0,0.0,0.2],"triggersremaining":[6323.0,6323.0,6329.0],"crcerrors":[0.0,0.0,0.0]}