{"datalatency":[17.487000000000002],"sensoruptime":[null,48.87555555555556,49.00611111111111],"battvoltage":[11.792,11.606,11.569],"arrayvoltage":[16.217,16.309,17.288],"chargecurrent":[1.0190000000000001,0.831,9.298],"ledstate":[10.0,10.0,10.0],"loadpower":[7.094583999999999,22.946244,6.45351],"batterytemp":[29.0,29.0,38.0],"triggerrate":[null,0.0,2.4000000000000004],"triggersremaining":[null,14649.0,14660.0],"crcerrors":[0.0,null,0.0]}