{"datalatency":[15.084875],"sensoruptime":[148.1436111111111,147.14388888888888,148.1436111111111],"battvoltage":[11.569,11.734000000000002,11.53],"arrayvoltage":[15.967,16.452,17.730999999999998],"chargecurrent":[0.688,2.22,7.525],"chargestate":[5,5,6],"loadpower":[22.089606000000003,22.902669,21.429213],"batterytemp":[29,30,46],"triggerrate":[null,null,null],"triggersremaining":[15167.0,15185.0,15591.0],"crcerrors":[null,null,0.0]}