{"datalatency":[17.130553000000003],"sensoruptime":[456.3377777777778,455.3377777777778,456.3377777777778],"battvoltage":[12.064,12.024000000000001,11.984000000000002],"arrayvoltage":[16.262999999999998,15.770999999999999,17.487000000000002],"chargecurrent":[1.121,0.541,10.864],"ledstate":[8.0,8.0,8.0],"loadpower":[23.36334,23.369344,21.481326],"batterytemp":[31.0,29.0,49.0],"triggerrate":[0.0,0.0,16.8],"triggersremaining":[11708.0,11709.0,12472.0],"crcerrors":[0.0,0.0,2.0]}