{"datalatency":[7.8674610000000005],"sensoruptime":[11.934444444444445,10.95138888888889,31.859444444444446],"battvoltage":[11.862,11.884,11.465],"arrayvoltage":[0.757,0.983,42.996],"chargecurrent":[0.0,0.0,15.002],"chargestate":[3.0,3.0,6.0],"loadpower":[13.766214,13.789908000000004,0.0],"batterytemp":[7.0,7.0,28.0],"triggerrate":[0.0,0.0,2.0],"triggersremaining":[18429.0,18429.0,18579.0],"crcerrors":[1.0,0.0,4.0]}