{"datalatency":[9.95941],"sensoruptime":[2.6744444444444446,1.6744444444444444,14.684444444444445],"battvoltage":[13.776,13.776,11.425999999999998],"arrayvoltage":[17.572,15.68,19.965],"chargecurrent":[6.372999999999999,7.071000000000001,7.916],"ledstate":[5.0,6.0,11.0],"loadpower":[25.907155999999997,25.977159999999998,0.0],"batterytemp":[42.0,37.0,51.0],"triggerrate":[0.0,0.0,1.2000000000000002],"triggersremaining":[14564.0,14564.0,14567.0],"crcerrors":[0.0,0.0,0.0]}