{"datalatency":[16.910963000000002],"sensoruptime":[4.85,3.8530555555555557,null],"battvoltage":[13.100999999999999,13.345,11.31],"arrayvoltage":[15.378,16.653,19.531],"chargecurrent":[4.331,4.515,12.99],"ledstate":[6.0,6.0,11.0],"loadpower":[26.555547999999998,26.394686999999998,0.0],"batterytemp":[40.0,33.0,41.0],"triggerrate":[0.0,0.0,null],"triggersremaining":[14572.0,14573.0,null],"crcerrors":[0.0,0.0,0.0]}