{"datalatency":[72.203131],"sensoruptime":[105.67527777777778,104.67555555555556,105.67527777777778],"battvoltage":[12.402000000000001,12.415,12.222000000000001],"arrayvoltage":[0.018000000000000002,0.018000000000000002,18.340999999999998],"chargecurrent":[0.005,0.005,7.815],"ledstate":[6.0,6.0,6.0],"loadpower":[23.218803,23.05098,21.964412],"batterytemp":[31.0,32.0,55.0],"triggerrate":[0.0,0.0,0.4],"triggersremaining":[6291.0,6291.0,6299.0],"crcerrors":[0.0,0.0,0.0]}