{"datalatency":[73.994606],"sensoruptime":[156.8347222222222,155.8513888888889,156.8347222222222],"battvoltage":[12.253,12.277000000000001,12.253],"arrayvoltage":[0.0,0.0,18.066],"chargecurrent":[0.005,0.002,9.651],"ledstate":[6.0,6.0,6.0],"loadpower":[23.501514000000004,23.710817,22.10415],"batterytemp":[31.0,31.0,55.0],"triggerrate":[0.0,0.0,1.6],"triggersremaining":[6175.0,6176.0,6258.0],"crcerrors":[0.0,0.0,0.0]}