{"datalatency":[25.838389000000003],"sensoruptime":[null,null,null],"battvoltage":[12.835999999999999,13.155999999999999,12.491],"arrayvoltage":[13.519,29.984,43.881],"chargecurrent":[0.0,0.674,2.781],"chargestate":[5.0,5.0,7.0],"loadpower":[0.0,0.0,0.0],"batterytemp":[18.0,20.0,26.0],"triggerrate":[null,null,null],"triggersremaining":[null,null,null],"crcerrors":[0.0,null,0.0]}