{"datalatency":[25.999755],"sensoruptime":[5.2025,4.203333333333333,null],"battvoltage":[12.183,12.267999999999999,11.99],"arrayvoltage":[3.738,25.662,42.218],"chargecurrent":[0.0,0.16699999999999998,2.839],"chargestate":[3.0,5.0,7.0],"loadpower":[14.914185,14.676115999999999,0.0],"batterytemp":[24.0,26.0,32.0],"triggerrate":[32.2,20.0,null],"triggersremaining":[14143.0,15600.0,null],"crcerrors":[0.0,0.0,2.0]}