{"datalatency":[8.323824],"sensoruptime":[null,null,114.10888888888888],"battvoltage":[12.130999999999998,12.106,11.469000000000001],"arrayvoltage":[33.981,33.008,34.766],"chargecurrent":[1.855,1.735,2.718],"chargestate":[5.0,5.0,5.0],"loadpower":[0.0,0.0,0.0],"batterytemp":[19.0,18.0,19.0],"triggerrate":[null,null,0.6],"triggersremaining":[null,null,21956.0],"crcerrors":[0.0,null,0.0]}