{"datalatency":[12.413666000000001],"sensoruptime":[27.945833333333333,26.94611111111111,27.945833333333333],"battvoltage":[11.758,11.835,11.682],"arrayvoltage":[16.653,15.677,17.526],"chargecurrent":[1.09,0.5579999999999999,10.419],"chargestate":[5.0,5.0,6.0],"loadpower":[24.658220999999998,22.7933,21.71104],"batterytemp":[31.0,34.0,49.0],"triggerrate":[0.0,0.0,8.4],"triggersremaining":[21104.0,21155.0,21430.0],"crcerrors":[0.0,0.0,0.0]}