{"datalatency":[7.634812],"sensoruptime":[2.7691666666666666,1.7694444444444444,31.859444444444446],"battvoltage":[13.419,13.184000000000001,11.465],"arrayvoltage":[36.336999999999996,35.739000000000004,41.821000000000005],"chargecurrent":[5.766,6.01,15.002],"chargestate":[5.0,5.0,6.0],"loadpower":[9.733404,10.456800000000001,0.0],"batterytemp":[26.0,25.0,28.0],"triggerrate":[0.0,0.0,2.0],"triggersremaining":[18434.0,18434.0,18592.0],"crcerrors":[1.0,0.0,4.0]}