{"datalatency":[37.661422],"sensoruptime":[1.5822222222222222,0.5825,9.396944444444445],"battvoltage":[14.355,14.38,10.477],"arrayvoltage":[40.598,42.34,43.57899999999999],"chargecurrent":[2.119,2.114,2.897],"chargestate":[6.0,6.0,6.0],"loadpower":[16.884156,17.927841,0.0],"batterytemp":[23.0,22.0,26.0],"triggerrate":[55.2,54.2,58.6],"triggersremaining":[3595.0,6734.0,11629.0],"crcerrors":[1.0,0.0,1.0]}