{"datalatency":[20.733232],"sensoruptime":[274.6961111111111,273.69916666666666,274.6961111111111],"battvoltage":[12.517999999999999,13.058,12.103],"arrayvoltage":[16.989,16.037,18.506],"chargecurrent":[0.45399999999999996,3.52,9.074],"ledstate":[6.0,6.0,6.0],"loadpower":[22.825246,22.822732,21.141912],"batterytemp":[45.0,48.0,53.0],"triggerrate":[0.0,0.0,2.4000000000000004],"triggersremaining":[12643.0,12644.0,12674.0],"crcerrors":[0.0,0.0,2.0]}