{"datalatency":[15.648964000000001],"sensoruptime":[127.21861111111112,126.2213888888889,127.21861111111112],"battvoltage":[12.335,12.195,12.079],"arrayvoltage":[16.357,15.573,16.898],"chargecurrent":[1.814,1.097,10.972000000000001],"ledstate":[8.0,8.0,8.0],"loadpower":[23.408914,23.062944,21.720998],"batterytemp":[39.0,37.0,52.0],"triggerrate":[0.0,0.0,1.2000000000000002],"triggersremaining":[13068.0,13075.0,13084.0],"crcerrors":[0.0,0.0,2.0]}