{"datalatency":[37.566018],"sensoruptime":[4.0475,3.0644444444444443,5.173333333333333],"battvoltage":[14.462,14.462,10.287],"arrayvoltage":[42.798,41.537,43.448],"chargecurrent":[3.015,3.1039999999999996,5.0760000000000005],"chargestate":[8.0,8.0,8.0],"loadpower":[13.545630000000001,10.910457,0.0],"batterytemp":[26.0,26.0,27.0],"triggerrate":[0.4,0.0,2.8],"triggersremaining":[11630.0,11634.0,11687.0],"crcerrors":[0.0,0.0,0.0]}