{"datalatency":[7.967393],"sensoruptime":[30.420277777777777,29.436944444444446,30.420277777777777],"battvoltage":[12.527000000000001,12.567,12.07],"arrayvoltage":[0.565,0.5710000000000001,41.821000000000005],"chargecurrent":[0.0,0.0,7.474],"chargestate":[3.0,3.0,6.0],"loadpower":[13.621730000000001,13.690404000000003,8.72505],"batterytemp":[8.0,10.0,28.0],"triggerrate":[0.0,0.0,1.4],"triggersremaining":[22252.0,22254.0,22375.0],"crcerrors":[0.0,0.0,0.0]}