{"datalatency":[7.2918140000000005],"sensoruptime":[157.74,156.75666666666666,157.74],"battvoltage":[12.415,12.445,11.868],"arrayvoltage":[0.613,0.613,42.465],"chargecurrent":[0.0,0.0,15.0],"chargestate":[3.0,3.0,6.0],"loadpower":[13.523328000000001,13.588574,8.596613999999999],"batterytemp":[11.0,11.0,33.0],"triggerrate":[0.0,0.0,0.8],"triggersremaining":[20390.0,20395.0,20485.0],"crcerrors":[0.0,0.0,0.0]}