{"datalatency":[78.034434],"sensoruptime":[26.18777777777778,25.188055555555554,26.18777777777778],"battvoltage":[13.327,13.382,12.14],"arrayvoltage":[15.14,16.8,17.526],"chargecurrent":[5.566,5.94,9.245],"ledstate":[6.0,5.0,6.0],"loadpower":[22.81979,22.212721000000002,22.116975999999998],"batterytemp":[53.0,55.0,55.0],"triggerrate":[0.0,0.0,0.2],"triggersremaining":[6326.0,6326.0,6334.0],"crcerrors":[0.0,0.0,0.0]}