{"datalatency":[21.919945000000002],"sensoruptime":[308.35777777777776,307.35777777777776,308.35777777777776],"battvoltage":[12.305,12.329,12.183],"arrayvoltage":[0.0,0.0,18.463],"chargecurrent":[0.002,0.005,9.376],"ledstate":[6.0,6.0,6.0],"loadpower":[23.31972,24.0123,21.533700000000003],"batterytemp":[22.0,23.0,50.0],"triggerrate":[0.0,0.0,1.2000000000000002],"triggersremaining":[12629.0,12630.0,12640.0],"crcerrors":[0.0,0.0,2.0]}