{"datalatency":[15.734887],"sensoruptime":[129.55138888888888,128.55444444444444,129.55138888888888],"battvoltage":[12.173,12.216,12.079],"arrayvoltage":[16.067999999999998,14.749,16.898],"chargecurrent":[1.012,0.46399999999999997,10.972000000000001],"ledstate":[8.0,8.0,8.0],"loadpower":[22.788512,24.741576000000006,21.720998],"batterytemp":[35.0,40.0,45.0],"triggerrate":[0.0,1.2000000000000002,3.6],"triggersremaining":[12997.0,13026.0,13081.0],"crcerrors":[0.0,0.0,2.0]}