{"datalatency":[7.997179000000001],"sensoruptime":[42.59638888888889,41.596666666666664,42.59638888888889],"battvoltage":[11.804,11.838,11.49],"arrayvoltage":[0.65,0.647,42.148],"chargecurrent":[0.0,0.0,12.352],"chargestate":[3.0,3.0,6.0],"loadpower":[13.701444,13.78227,8.277874],"batterytemp":[7.0,7.0,29.0],"triggerrate":[0.0,0.0,0.4],"triggersremaining":[18415.0,18415.0,18425.0],"crcerrors":[0.0,0.0,0.0]}