{"datalatency":[13.804512],"sensoruptime":[73.72638888888889,72.72916666666667,73.72638888888889],"battvoltage":[12.378,12.109000000000002,11.984000000000002],"arrayvoltage":[16.605,16.406,17.337],"chargecurrent":[2.863,1.9040000000000001,10.545],"ledstate":[8.0,8.0,8.0],"loadpower":[22.57064,23.300382000000003,21.297936],"batterytemp":[36.0,31.0,52.0],"triggerrate":[0.0,0.0,4.800000000000001],"triggersremaining":[13096.0,13096.0,13159.0],"crcerrors":[0.0,0.0,2.0]}