{"datalatency":[8.03229],"sensoruptime":[null,null,62.22694444444444],"battvoltage":[12.564,12.552,11.319],"arrayvoltage":[0.8540000000000001,0.8059999999999999,42.471000000000004],"chargecurrent":[0.0,0.0,5.733],"chargestate":[3.0,3.0,6.0],"loadpower":[0.0,0.0,0.0],"batterytemp":[11.0,12.0,28.0],"triggerrate":[null,null,0.5],"triggersremaining":[null,null,18409.0],"crcerrors":[0.0,null,0.0]}