{"datalatency":[8.450935000000001],"sensoruptime":[17.760555555555555,16.760555555555555,null],"battvoltage":[12.265,12.299000000000001,11.645999999999999],"arrayvoltage":[0.601,0.607,38.565],"chargecurrent":[0.0,0.0,15.0],"chargestate":[3.0,3.0,6.0],"loadpower":[14.334731999999999,14.071395999999998,0.0],"batterytemp":[12.0,12.0,41.0],"triggerrate":[0.2,0.0,null],"triggersremaining":[21665.0,21668.0,null],"crcerrors":[0.0,0.0,0.0]}