{"datalatency":[13.851336000000002],"sensoruptime":[74.05972222222222,73.05972222222222,74.05972222222222],"battvoltage":[12.555,12.14,11.984000000000002],"arrayvoltage":[16.262999999999998,16.553,17.337],"chargecurrent":[4.095,2.181,10.545],"ledstate":[8.0,8.0,8.0],"loadpower":[22.144944000000002,23.680526000000004,21.297936],"batterytemp":[38.0,32.0,52.0],"triggerrate":[0.0,0.0,4.800000000000001],"triggersremaining":[13096.0,13096.0,13158.0],"crcerrors":[0.0,0.0,2.0]}