{"datalatency":[7.683378],"sensoruptime":[201.56666666666666,200.56694444444443,201.56666666666666],"battvoltage":[12.567,12.61,12.106],"arrayvoltage":[0.6709999999999999,12.024000000000001,41.711000000000006],"chargecurrent":[0.0,0.0,9.777000000000001],"chargestate":[3.0,5.0,6.0],"loadpower":[13.690404000000003,13.855093,9.02565],"batterytemp":[13.0,16.0,34.0],"triggerrate":[0.0,0.0,0.4],"triggersremaining":[20349.0,20349.0,20364.0],"crcerrors":[0.0,0.0,0.0]}