{"datalatency":[76.79664100000001],"sensoruptime":[280.6436111111111,279.6436111111111,280.6436111111111],"battvoltage":[11.957,11.975,11.874],"arrayvoltage":[13.474,12.878,17.432000000000002],"chargecurrent":[0.184,0.07200000000000001,9.39],"ledstate":[8.0,8.0,8.0],"loadpower":[23.41647,23.1539,22.057204000000002],"batterytemp":[30.0,29.0,58.0],"triggerrate":[0.0,0.0,0.8],"triggersremaining":[3276.0,3277.0,3316.0],"crcerrors":[0.0,0.0,0.0]}