{"datalatency":[19.654297],"sensoruptime":[529.1597222222222,528.1597222222222,529.1597222222222],"battvoltage":[11.758,11.682,11.606],"arrayvoltage":[15.915,15.823,17.145],"chargecurrent":[1.5490000000000002,0.8240000000000001,3.602],"ledstate":[10.0,10.0,10.0],"loadpower":[23.893987,23.776565999999995,22.057775999999997],"batterytemp":[32.0,30.0,37.0],"triggerrate":[0.0,0.0,3.6],"triggersremaining":[11310.0,11310.0,11401.0],"crcerrors":[0.0,0.0,2.0]}