{"datalatency":[7.838808],"sensoruptime":[null,null,31.859444444444446],"battvoltage":[11.761,11.685,11.465],"arrayvoltage":[35.355,1.8619999999999999,35.355],"chargecurrent":[0.708,0.0,1.4709999999999999],"chargestate":[5.0,3.0,5.0],"loadpower":[0.0,0.0,0.0],"batterytemp":[11.0,12.0,20.0],"triggerrate":[null,null,2.0],"triggersremaining":[null,null,18620.0],"crcerrors":[1.0,null,4.0]}