{"datalatency":[19.952926],"sensoruptime":[533.4922222222223,532.4925,533.4922222222223],"battvoltage":[12.106,12.216,11.606],"arrayvoltage":[15.725999999999999,16.116,17.145],"chargecurrent":[2.476,3.7539999999999996,11.424000000000001],"ledstate":[8.0,8.0,10.0],"loadpower":[22.810788000000002,23.176608,22.057775999999997],"batterytemp":[45.0,43.0,45.0],"triggerrate":[0.0,0.0,3.6],"triggersremaining":[11300.0,11309.0,11345.0],"crcerrors":[0.0,0.0,2.0]}