{"datalatency":[15.183651000000001],"sensoruptime":[135.21722222222223,134.2175,135.21722222222223],"battvoltage":[11.984000000000002,11.987,11.984000000000002],"arrayvoltage":[0.015,0.015,16.898],"chargecurrent":[0.002,0.002,10.972000000000001],"ledstate":[8.0,8.0,8.0],"loadpower":[23.762584999999998,23.698525,21.720998],"batterytemp":[30.0,30.0,42.0],"triggerrate":[0.0,0.0,3.6],"triggersremaining":[12947.0,12947.0,13080.0],"crcerrors":[0.0,0.0,2.0]}