{"datalatency":[37.549837000000004],"sensoruptime":[2.7144444444444447,1.7147222222222223,5.173333333333333],"battvoltage":[14.49,13.297,10.287],"arrayvoltage":[41.547,34.473,43.448],"chargecurrent":[3.24,2.375,5.0760000000000005],"chargestate":[8.0,5.0,8.0],"loadpower":[12.667284,14.481720000000001,0.0],"batterytemp":[25.0,20.0,27.0],"triggerrate":[0.2,1.0,2.8],"triggersremaining":[11634.0,11658.0,11687.0],"crcerrors":[0.0,0.0,0.0]}