{"datalatency":[8.266041000000001],"sensoruptime":[104.07694444444445,103.09361111111112,104.07694444444445],"battvoltage":[11.685,11.71,11.685],"arrayvoltage":[1.135,1.1079999999999999,34.863],"chargecurrent":[0.0,0.0,1.423],"chargestate":[3.0,3.0,5.0],"loadpower":[13.768098,14.208210000000001,12.790060000000002],"batterytemp":[13.0,13.0,16.0],"triggerrate":[0.0,0.0,0.6],"triggersremaining":[21940.0,21943.0,22020.0],"crcerrors":[0.0,0.0,0.0]}