{"datalatency":[7.8183620000000005],"sensoruptime":[20.394166666666667,19.41111111111111,227.69416666666666],"battvoltage":[11.749,11.770999999999999,11.685],"arrayvoltage":[11.917,26.892,34.238],"chargecurrent":[0.0,0.24600000000000002,1.4709999999999999],"chargestate":[5.0,5.0,5.0],"loadpower":[13.975194,13.842695999999998,13.408536],"batterytemp":[18.0,19.0,20.0],"triggerrate":[0.0,0.0,24.0],"triggersremaining":[18580.0,18582.0,19870.0],"crcerrors":[2.0,0.0,3.0]}