{"datalatency":[8.071687],"sensoruptime":[0.12055555555555555,11.100555555555555,null],"battvoltage":[12.009,11.508,10.944],"arrayvoltage":[0.867,0.778,41.791000000000004],"chargecurrent":[0.0,0.0,2.923],"chargestate":[3.0,3.0,6.0],"loadpower":[13.925408000000001,14.167553999999999,0.0],"batterytemp":[12.0,14.0,32.0],"triggerrate":[0.0,0.2,null],"triggersremaining":[18372.0,18372.0,null],"crcerrors":[0.0,0.0,0.0]}