{"datalatency":[46.139159],"sensoruptime":[45.14972222222222,44.166666666666664,45.14972222222222],"battvoltage":[12.292,12.292,12.292],"arrayvoltage":[13.513,13.263,18.448],"chargecurrent":[0.179,0.08,9.011000000000001],"ledstate":[6.0,6.0,6.0],"loadpower":[23.52848,24.65824,21.981199999999998],"batterytemp":[28.0,27.0,53.0],"triggerrate":[0.0,0.0,0.2],"triggersremaining":[7047.0,7047.0,7053.0],"crcerrors":[0.0,0.0,0.0]}