{"datalatency":[7.955908000000001],"sensoruptime":[0.7941666666666667,0.06638888888888889,11.33388888888889],"battvoltage":[13.29,11.136,10.427999999999999],"arrayvoltage":[34.668,32.33,41.791000000000004],"chargecurrent":[1.693,0.39899999999999997,2.923],"chargestate":[5.0,5.0,6.0],"loadpower":[13.633201000000003,13.760388000000003,0.0],"batterytemp":[14.0,9.0,32.0],"triggerrate":[0.0,0.0,0.8],"triggersremaining":[18366.0,18367.0,18392.0],"crcerrors":[0.0,0.0,0.0]}