{"datalatency":[9.210882],"sensoruptime":[5.838611111111111,4.841666666666667,6.051944444444445],"battvoltage":[13.623,13.715,11.285],"arrayvoltage":[19.08,18.982,19.519000000000002],"chargecurrent":[5.063,3.3939999999999997,7.916],"ledstate":[5.0,5.0,11.0],"loadpower":[25.613896,25.784916000000003,0.0],"batterytemp":[47.0,44.0,51.0],"triggerrate":[0.0,0.0,1.2000000000000002],"triggersremaining":[14566.0,14566.0,14569.0],"crcerrors":[0.0,0.0,0.0]}