{"datalatency":[14.312115],"sensoruptime":[35.4475,34.45055555555555,35.4475],"battvoltage":[12.103,12.630999999999998,11.652000000000001],"arrayvoltage":[14.453,15.82,17.334],"chargecurrent":[0.271,3.72,11.398],"chargestate":[5.0,5.0,6.0],"loadpower":[24.230425,24.213779999999996,21.713829000000004],"batterytemp":[45.0,52.0,52.0],"triggerrate":[0.0,1.2000000000000002,8.4],"triggersremaining":[21030.0,21050.0,21420.0],"crcerrors":[0.0,0.0,0.0]}