{"datalatency":[21.320054000000003],"sensoruptime":[286.86083333333335,285.8638888888889,286.86083333333335],"battvoltage":[12.253,12.216,12.103],"arrayvoltage":[16.989,13.474,18.506],"chargecurrent":[0.652,0.133,9.074],"ledstate":[6.0,6.0,6.0],"loadpower":[22.187136000000002,23.561668,21.141912],"batterytemp":[24.0,23.0,53.0],"triggerrate":[0.0,0.0,2.4000000000000004],"triggersremaining":[12640.0,12640.0,12670.0],"crcerrors":[0.0,0.0,2.0]}