{"datalatency":[8.513878],"sensoruptime":[35.92472222222222,34.94138888888889,35.92472222222222],"battvoltage":[12.515,12.537,12.112],"arrayvoltage":[0.58,0.568,41.489],"chargecurrent":[0.0,0.0,11.902999999999999],"chargestate":[3.0,3.0,6.0],"loadpower":[13.884167,13.712196000000002,9.02565],"batterytemp":[17.0,18.0,35.0],"triggerrate":[0.0,0.0,0.8],"triggersremaining":[21653.0,21653.0,21685.0],"crcerrors":[0.0,0.0,0.0]}