{"datalatency":[18.560971000000002],"sensoruptime":[211.0388888888889,210.04166666666666,211.0388888888889],"battvoltage":[12.050999999999998,12.064,11.800999999999998],"arrayvoltage":[0.0,0.0,18.445],"chargecurrent":[0.002,0.005,8.948],"ledstate":[8.0,8.0,8.0],"loadpower":[23.915892,23.403041999999996,21.692814],"batterytemp":[24.0,24.0,51.0],"triggerrate":[0.0,0.0,1.2000000000000002],"triggersremaining":[12685.0,12685.0,12691.0],"crcerrors":[0.0,0.0,2.0]}