{"datalatency":[12.570358],"sensoruptime":[37.23222222222222,36.235,37.23222222222222],"battvoltage":[12.238,12.253,12.033],"arrayvoltage":[0.128,2.7039999999999997,17.526],"chargecurrent":[0.005,0.005,10.985],"ledstate":[6.0,6.0,8.0],"loadpower":[23.114376000000004,23.453756,21.514706],"batterytemp":[31.0,33.0,50.0],"triggerrate":[0.0,0.0,1.2000000000000002],"triggersremaining":[13505.0,13505.0,13517.0],"crcerrors":[0.0,0.0,2.0]}