{"datalatency":[11.360571],"sensoruptime":[17.29861111111111,16.29888888888889,null],"battvoltage":[11.53,11.578,11.53],"arrayvoltage":[0.0,0.0,19.736],"chargecurrent":[0.005,0.005,12.392999999999999],"chargestate":[3.0,3.0,6.0],"loadpower":[23.573745000000002,23.108,6.808707000000001],"batterytemp":[21.0,21.0,44.0],"triggerrate":[0.0,0.0,null],"triggersremaining":[22150.0,22150.0,null],"crcerrors":[0.0,0.0,0.0]}