{"datalatency":[8.593756],"sensoruptime":[52.75555555555555,51.772222222222226,52.75555555555555],"battvoltage":[13.602,14.059000000000001,12.18],"arrayvoltage":[33.260999999999996,39.194,40.738],"chargecurrent":[2.655,3.4930000000000003,10.228],"chargestate":[5.0,6.0,6.0],"loadpower":[10.847568,9.0954,8.80245],"batterytemp":[34.0,33.0,35.0],"triggerrate":[0.0,0.0,0.2],"triggersremaining":[21646.0,21647.0,21654.0],"crcerrors":[0.0,0.0,0.0]}