{"datalatency":[12.286747],"sensoruptime":[22.446666666666665,21.446944444444444,null],"battvoltage":[11.731,11.78,11.728],"arrayvoltage":[12.332,0.0,17.526],"chargecurrent":[0.002,0.002,10.419],"chargestate":[5.0,3.0,5.0],"loadpower":[23.308637,23.210095999999997,6.167125],"batterytemp":[25.0,25.0,49.0],"triggerrate":[0.0,0.0,null],"triggersremaining":[21171.0,21171.0,null],"crcerrors":[0.0,0.0,0.0]}