{"datalatency":[13.466766000000002],"sensoruptime":[348.0213888888889,347.02166666666665,348.0213888888889],"battvoltage":[12.302,12.378,12.109000000000002],"arrayvoltage":[11.798,16.553,17.633],"chargecurrent":[0.0,0.428,12.229000000000001],"ledstate":[6.0,6.0,6.0],"loadpower":[24.05652,23.710225,21.612250999999997],"batterytemp":[32.0,38.0,44.0],"triggerrate":[0.0,0.0,1.2000000000000002],"triggersremaining":[12619.0,12620.0,12625.0],"crcerrors":[0.0,0.0,2.0]}