{"datalatency":[7.956772000000001],"sensoruptime":[9.934722222222222,8.935,31.859444444444446],"battvoltage":[11.914000000000001,11.954,11.465],"arrayvoltage":[1.068,2.313,42.996],"chargecurrent":[0.0,0.0,15.002],"chargestate":[3.0,3.0,6.0],"loadpower":[13.812694,13.878372000000002,0.0],"batterytemp":[8.0,8.0,28.0],"triggerrate":[0.0,0.0,2.0],"triggersremaining":[18429.0,18429.0,18579.0],"crcerrors":[1.0,0.0,4.0]}