{"datalatency":[7.867923],"sensoruptime":[4.418055555555555,3.435,11.270277777777778],"battvoltage":[14.297,14.27,11.154000000000002],"arrayvoltage":[39.760999999999996,40.39,42.471000000000004],"chargecurrent":[1.9569999999999999,1.9369999999999998,2.805],"chargestate":[6.0,6.0,6.0],"loadpower":[14.340935,14.300193,0.0],"batterytemp":[25.0,26.0,27.0],"triggerrate":[0.0,0.0,0.4],"triggersremaining":[18390.0,18391.0,18400.0],"crcerrors":[0.0,0.0,0.0]}