{"datalatency":[31.145609],"sensoruptime":[3.8330555555555557,2.8330555555555557,152.8761111111111],"battvoltage":[11.966,12.292,11.453],"arrayvoltage":[17.09,17.142,18.973],"chargecurrent":[1.5530000000000002,4.187,14.731],"chargestate":[5,5,6],"loadpower":[26.910422000000004,26.653536000000003,0.0],"batterytemp":[28,29,39],"triggerrate":[null,null,null],"triggersremaining":[14673.0,14673.0,15185.0],"crcerrors":[0.0,null,0.0]}