{"datalatency":[14.599734000000002],"sensoruptime":[96.05638888888889,95.05638888888889,96.05638888888889],"battvoltage":[12.1,12.1,12.057],"arrayvoltage":[16.608,16.36,17.337],"chargecurrent":[0.9129999999999999,0.428,9.687000000000001],"ledstate":[8.0,8.0,8.0],"loadpower":[22.643828999999997,22.535369999999997,21.70458],"batterytemp":[30.0,29.0,58.0],"triggerrate":[0.0,0.0,2.4000000000000004],"triggersremaining":[13085.0,13086.0,13096.0],"crcerrors":[0.0,0.0,2.0]}