{"datalatency":[7.916169000000001],"sensoruptime":[7.9511111111111115,6.9511111111111115,114.10888888888888],"battvoltage":[11.725,11.761,11.469000000000001],"arrayvoltage":[0.659,0.6679999999999999,35.4],"chargecurrent":[0.0,0.0,6.643],"chargestate":[3.0,3.0,5.0],"loadpower":[13.869084,13.658376000000004,0.0],"batterytemp":[18.0,18.0,27.0],"triggerrate":[0.2,0.0,1.2],"triggersremaining":[21878.0,21902.0,21943.0],"crcerrors":[0.0,0.0,0.0]}