{"datalatency":[8.45522],"sensoruptime":[65.58722222222222,64.60388888888889,65.58722222222222],"battvoltage":[12.32,12.344000000000001,12.18],"arrayvoltage":[0.598,0.601,40.146],"chargecurrent":[0.0,0.0,10.228],"chargestate":[3.0,3.0,6.0],"loadpower":[14.21574,14.21574,8.80245],"batterytemp":[14.0,15.0,34.0],"triggerrate":[0.0,0.0,0.2],"triggersremaining":[21643.0,21643.0,21650.0],"crcerrors":[0.0,0.0,0.0]}