{"datalatency":[8.270403],"sensoruptime":[104.91,103.91027777777778,104.91],"battvoltage":[11.67,11.685,11.67],"arrayvoltage":[1.074,1.157,34.863],"chargecurrent":[0.0,0.0,1.423],"chargestate":[3.0,3.0,5.0],"loadpower":[13.604886,14.246075999999999,12.790060000000002],"batterytemp":[13.0,13.0,16.0],"triggerrate":[0.0,0.0,0.6],"triggersremaining":[21938.0,21941.0,22012.0],"crcerrors":[0.0,0.0,0.0]}