{"datalatency":[20.575956],"sensoruptime":[267.6972222222222,266.6972222222222,267.6972222222222],"battvoltage":[13.083,12.949000000000002,12.103],"arrayvoltage":[15.036,15.677,18.506],"chargecurrent":[7.662999999999999,6.754,9.937999999999999],"ledstate":[6.0,6.0,8.0],"loadpower":[23.190454,23.000700000000002,21.141912],"batterytemp":[47.0,41.0,55.0],"triggerrate":[0.0,0.0,1.2000000000000002],"triggersremaining":[12666.0,12667.0,12676.0],"crcerrors":[0.0,0.0,2.0]}