{"datalatency":[8.131242],"sensoruptime":[null,null,114.10888888888888],"battvoltage":[12.149000000000001,12.183,11.469000000000001],"arrayvoltage":[33.646,33.835,34.766],"chargecurrent":[1.9369999999999998,2.249,2.8310000000000004],"chargestate":[5.0,5.0,5.0],"loadpower":[0.0,0.0,0.0],"batterytemp":[20.0,18.0,20.0],"triggerrate":[null,null,0.6],"triggersremaining":[null,null,21956.0],"crcerrors":[0.0,null,0.0]}