{"datalatency":[20.513854000000002],"sensoruptime":[321.15,320.1669444444444,321.15],"battvoltage":[12.054,12.067,11.987],"arrayvoltage":[0.018000000000000002,0.021,18.167],"chargecurrent":[0.002,0.005,9.62],"ledstate":[8.0,8.0,8.0],"loadpower":[23.939916000000004,24.162254999999995,22.125905999999997],"batterytemp":[29.0,30.0,55.0],"triggerrate":[0.4,0.0,14.8],"triggersremaining":[1910.0,1915.0,3213.0],"crcerrors":[0.0,0.0,0.0]}