{"datalatency":[8.442692000000001],"sensoruptime":[32.09166666666667,31.091944444444444,32.09166666666667],"battvoltage":[12.659,13.11,12.112],"arrayvoltage":[24.31,33.981,41.489],"chargecurrent":[0.055999999999999994,1.8940000000000001,11.902999999999999],"chargestate":[5.0,5.0,6.0],"loadpower":[13.87705,14.41307,9.02565],"batterytemp":[24.0,30.0,35.0],"triggerrate":[0.0,0.0,1.0],"triggersremaining":[21653.0,21654.0,21716.0],"crcerrors":[0.0,0.0,0.0]}