{"datalatency":[20.887695],"sensoruptime":[277.3622222222222,276.3652777777778,277.3622222222222],"battvoltage":[12.402000000000001,12.411,12.103],"arrayvoltage":[0.092,1.501,18.506],"chargecurrent":[0.005,0.005,9.074],"ledstate":[6.0,6.0,6.0],"loadpower":[23.552442000000003,23.683023,21.141912],"batterytemp":[28.0,32.0,53.0],"triggerrate":[0.0,0.0,2.4000000000000004],"triggersremaining":[12642.0,12642.0,12672.0],"crcerrors":[0.0,0.0,2.0]}