{"datalatency":[15.275213],"sensoruptime":[149.64333333333335,148.64333333333335,149.64333333333335],"battvoltage":[11.835,11.645999999999999,11.53],"arrayvoltage":[18.340999999999998,16.36,18.973],"chargecurrent":[1.8630000000000002,1.36,7.525],"chargestate":[5,5,6],"loadpower":[23.019381,22.608300000000003,21.429213],"batterytemp":[35,30,43],"triggerrate":[null,null,null],"triggersremaining":[14758.0,15108.0,15591.0],"crcerrors":[null,null,0.0]}