{"datalatency":[7.5558760000000005],"sensoruptime":[22.227222222222224,21.24416666666667,227.69416666666666],"battvoltage":[11.71,11.725,11.685],"arrayvoltage":[1.053,1.044,34.238],"chargecurrent":[0.0,0.0,1.4709999999999999],"chargestate":[3.0,3.0,5.0],"loadpower":[13.752144,14.430396,13.408536],"batterytemp":[18.0,18.0,20.0],"triggerrate":[0.0,0.0,23.2],"triggersremaining":[18579.0,18579.0,19597.0],"crcerrors":[2.0,0.0,3.0]}