{"datalatency":[8.424201],"sensoruptime":[66.08694444444444,65.10388888888889,66.08694444444444],"battvoltage":[12.299000000000001,12.335,12.18],"arrayvoltage":[0.604,0.595,40.146],"chargecurrent":[0.0,0.0,10.228],"chargestate":[3.0,3.0,6.0],"loadpower":[13.691087999999997,13.711112000000002,8.80245],"batterytemp":[14.0,14.0,34.0],"triggerrate":[0.0,0.0,0.2],"triggersremaining":[21643.0,21643.0,21650.0],"crcerrors":[0.0,0.0,0.0]}