{"datalatency":[19.991066],"sensoruptime":[274.6611111111111,273.6611111111111,274.6611111111111],"battvoltage":[12.064,12.1,11.874],"arrayvoltage":[0.021,0.015,17.432000000000002],"chargecurrent":[0.005,0.005,9.39],"ledstate":[8.0,8.0,8.0],"loadpower":[24.222509999999993,23.723722,22.057204000000002],"batterytemp":[31.0,32.0,58.0],"triggerrate":[0.0,0.0,0.8],"triggersremaining":[3278.0,3278.0,3319.0],"crcerrors":[0.0,0.0,0.0]}