{"datalatency":[47.383996],"sensoruptime":[null,null,2.133611111111111],"battvoltage":[13.965,13.464,11.752],"arrayvoltage":[32.077,30.768,43.338],"chargecurrent":[1.735,1.276,4.486000000000001],"chargestate":[5.0,5.0,8.0],"loadpower":[0.0,0.0,0.0],"batterytemp":[21.0,14.0,22.0],"triggerrate":[null,null,1.0],"triggersremaining":[null,null,19718.0],"crcerrors":[0.0,null,0.0]}