{"datalatency":[14.088128000000001],"sensoruptime":[78.05916666666667,77.06194444444445,78.05916666666667],"battvoltage":[12.445,12.9,11.984000000000002],"arrayvoltage":[14.937999999999999,14.401,17.337],"chargecurrent":[1.742,8.32,9.525],"ledstate":[8.0,8.0,8.0],"loadpower":[24.338616000000002,22.784823,21.576829],"batterytemp":[52.0,52.0,54.0],"triggerrate":[0.0,0.0,4.800000000000001],"triggersremaining":[13095.0,13095.0,13121.0],"crcerrors":[0.0,0.0,2.0]}