{"datalatency":[7.626893000000001],"sensoruptime":[188.40194444444444,187.40194444444444,188.40194444444444],"battvoltage":[12.207,12.222000000000001,12.183],"arrayvoltage":[0.687,0.6809999999999999,43.121],"chargecurrent":[0.0,0.0,10.794],"chargestate":[3.0,3.0,6.0],"loadpower":[14.163618,14.167103999999998,8.98432],"batterytemp":[4.0,4.0,29.0],"triggerrate":[0.0,0.0,0.4],"triggersremaining":[20356.0,20357.0,20371.0],"crcerrors":[0.0,0.0,0.0]}