{"datalatency":[14.575091],"sensoruptime":[null,60.618611111111115,61.55722222222222],"battvoltage":[12.253,12.216,11.499],"arrayvoltage":[0.021,12.655999999999999,18.410999999999998],"chargecurrent":[0.002,0.0,12.030999999999999],"ledstate":[8.0,8.0,10.0],"loadpower":[8.164747,23.822208,7.601661],"batterytemp":[32.0,37.0,56.0],"triggerrate":[null,0.0,4.800000000000001],"triggersremaining":[null,20754.0,20865.0],"crcerrors":[0.0,0.0,1.0]}