{"datalatency":[20.258614],"sensoruptime":[306.4897222222222,305.49,306.4897222222222],"battvoltage":[12.005999999999998,12.027000000000001,11.987],"arrayvoltage":[15.237,15.142999999999999,17.093],"chargecurrent":[0.527,0.32899999999999996,10.847000000000001],"ledstate":[8.0,8.0,8.0],"loadpower":[23.291375,22.7046,21.841950000000004],"batterytemp":[33.0,31.0,54.0],"triggerrate":[0.0,0.0,1.4],"triggersremaining":[3210.0,3210.0,3276.0],"crcerrors":[0.0,0.0,0.0]}