{"datalatency":[38.101103],"sensoruptime":[0.23333333333333334,0.001388888888888889,null],"battvoltage":[14.478,14.52,10.26],"arrayvoltage":[42.581,42.798,43.533],"chargecurrent":[2.1959999999999997,2.276,3.411],"chargestate":[6.0,6.0,6.0],"loadpower":[12.630048000000002,13.753281000000001,0.0],"batterytemp":[19.0,18.0,19.0],"triggerrate":[0.0,0.0,0.0],"triggersremaining":[0.0,0.0,null],"crcerrors":[0.0,0.0,0.0]}