{"datalatency":[37.987031],"sensoruptime":[0.050555555555555555,null,3.008888888888889],"battvoltage":[11.74,12.472999999999999,10.460999999999999],"arrayvoltage":[27.103,13.540999999999999,43.57899999999999],"chargecurrent":[0.174,0.0,2.897],"chargestate":[5.0,5.0,7.0],"loadpower":[13.552770000000002,0.0,0.0],"batterytemp":[12.0,13.0,24.0],"triggerrate":[0.0,null,58.6],"triggersremaining":[0.0,null,11441.0],"crcerrors":[28.0,0.0,20.0]}