{"datalatency":[8.36895],"sensoruptime":[null,null,null],"battvoltage":[14.139000000000001,12.988,11.362],"arrayvoltage":[32.525999999999996,29.486,42.477],"chargecurrent":[1.271,0.792,2.3480000000000003],"chargestate":[5.0,5.0,6.0],"loadpower":[0.0,0.0,0.0],"batterytemp":[21.0,20.0,27.0],"triggerrate":[null,null,null],"triggersremaining":[null,null,null],"crcerrors":[1.0,null,1.0]}