{"datalatency":[20.388065],"sensoruptime":[null,null,329.74861111111113],"battvoltage":[13.100999999999999,12.949000000000002,11.911],"arrayvoltage":[14.697000000000001,14.844000000000001,17.825],"chargecurrent":[7.808,6.81,9.62],"ledstate":[6.0,8.0,8.0],"loadpower":[7.272480000000001,6.709113,5.735975000000001],"batterytemp":[50.0,45.0,55.0],"triggerrate":[null,null,14.8],"triggersremaining":[null,null,3192.0],"crcerrors":[0.0,null,0.0]}