{"datalatency":[77.413765],"sensoruptime":[6.655833333333334,5.655833333333334,null],"battvoltage":[13.544,13.547,12.488],"arrayvoltage":[18.018,18.979,19.229],"chargecurrent":[3.218,3.945,8.175],"ledstate":[5.0,5.0,6.0],"loadpower":[23.116799999999998,22.600674,6.0236],"batterytemp":[50.0,50.0,52.0],"triggerrate":[0.0,0.0,null],"triggersremaining":[7063.0,7064.0,null],"crcerrors":[0.0,0.0,0.0]}