{"datalatency":[9.629272],"sensoruptime":[11.504444444444445,10.5075,11.504444444444445],"battvoltage":[11.798,11.835,11.285],"arrayvoltage":[0.192,12.46,19.965],"chargecurrent":[0.005,0.019,7.916],"ledstate":[10.0,10.0,11.0],"loadpower":[27.466172999999998,27.470555,0.0],"batterytemp":[30.0,36.0,51.0],"triggerrate":[0.0,0.0,1.2000000000000002],"triggersremaining":[14565.0,14565.0,14568.0],"crcerrors":[0.0,0.0,0.0]}