{"datalatency":[13.356552],"sensoruptime":[63.227777777777774,62.23083333333334,63.227777777777774],"battvoltage":[12.14,12.173,12.015],"arrayvoltage":[0.214,0.171,17.000999999999998],"chargecurrent":[0.005,0.005,10.545],"ledstate":[8.0,8.0,8.0],"loadpower":[23.491936,23.6496,21.262392999999996],"batterytemp":[30.0,31.0,52.0],"triggerrate":[0.0,0.0,6.0],"triggersremaining":[13105.0,13105.0,13497.0],"crcerrors":[0.0,0.0,2.0]}