{"datalatency":[8.000474],"sensoruptime":[13.089444444444444,12.106111111111112,null],"battvoltage":[12.222000000000001,12.259,12.222000000000001],"arrayvoltage":[0.638,0.653,44.162],"chargecurrent":[0.0,0.0,2.483],"chargestate":[3.0,3.0,7.0],"loadpower":[13.691616,13.857723,0.0],"batterytemp":[1.0,1.0,19.0],"triggerrate":[0.0,0.6,null],"triggersremaining":[22330.0,22337.0,null],"crcerrors":[0.0,0.0,0.0]}