{"datalatency":[7.605282000000001],"sensoruptime":[203.73305555555555,202.74972222222223,203.73305555555555],"battvoltage":[12.491,12.527000000000001,12.106],"arrayvoltage":[0.659,0.726,41.711000000000006],"chargecurrent":[0.0,0.0,9.777000000000001],"chargestate":[3.0,3.0,6.0],"loadpower":[13.631240000000002,13.646724,9.02565],"batterytemp":[12.0,12.0,34.0],"triggerrate":[0.2,0.0,0.4],"triggersremaining":[20348.0,20349.0,20364.0],"crcerrors":[0.0,0.0,0.0]}