{"datalatency":[17.236814000000003],"sensoruptime":[453.6713888888889,452.6716666666667,453.6713888888889],"battvoltage":[11.987,11.99,11.987],"arrayvoltage":[12.869000000000002,0.107,17.487000000000002],"chargecurrent":[0.06,0.002,10.864],"ledstate":[8.0,8.0,8.0],"loadpower":[24.440974999999998,24.2374,21.481326],"batterytemp":[27.0,27.0,49.0],"triggerrate":[0.0,0.0,16.8],"triggersremaining":[11709.0,11709.0,12573.0],"crcerrors":[0.0,0.0,2.0]}