{"datalatency":[20.440633000000002],"sensoruptime":[262.0313888888889,261.0341666666667,262.0313888888889],"battvoltage":[12.14,12.14,12.073],"arrayvoltage":[13.422,4.633,18.073],"chargecurrent":[0.11800000000000001,0.002,9.937999999999999],"ledstate":[6.0,6.0,8.0],"loadpower":[23.686388,23.491936,21.323016],"batterytemp":[23.0,23.0,55.0],"triggerrate":[0.0,0.0,1.2000000000000002],"triggersremaining":[12670.0,12670.0,12677.0],"crcerrors":[0.0,0.0,2.0]}