{"datalatency":[12.648796],"sensoruptime":[41.73138888888889,40.73166666666667,41.73138888888889],"battvoltage":[12.14,12.14,12.033],"arrayvoltage":[0.0,0.214,17.526],"chargecurrent":[0.002,0.005,10.985],"ledstate":[6.0,6.0,8.0],"loadpower":[22.824896,25.189516000000005,21.514706],"batterytemp":[29.0,29.0,50.0],"triggerrate":[0.0,0.0,2.4000000000000004],"triggersremaining":[13477.0,13484.0,13515.0],"crcerrors":[0.0,0.0,2.0]}