{"datalatency":[28.452003],"sensoruptime":[24.317222222222224,23.32027777777778,24.317222222222224],"battvoltage":[12.604000000000001,12.289000000000001,12.064],"arrayvoltage":[17.288,17.09,20.032],"chargecurrent":[3.6910000000000003,2.6689999999999996,7.09],"chargestate":[5.0,5.0,7.0],"loadpower":[24.029789,24.806143999999996,22.529826000000003],"batterytemp":[34.0,30.0,47.0],"triggerrate":[null,null,null],"triggersremaining":[22487.0,22488.0,22494.0],"crcerrors":[null,null,0.0]}