{"datalatency":[20.39696],"sensoruptime":[317.15055555555557,316.16833333333335,317.15055555555557],"battvoltage":[12.145999999999999,12.25,11.987],"arrayvoltage":[12.655999999999999,15.380999999999998,18.167],"chargecurrent":[0.002,0.778,9.62],"ledstate":[6.0,6.0,8.0],"loadpower":[24.437920000000002,23.633336999999994,22.125905999999997],"batterytemp":[35.0,40.0,55.0],"triggerrate":[4.4,9.0,14.8],"triggersremaining":[2166.0,2708.0,3248.0],"crcerrors":[0.0,0.0,0.0]}