{"datalatency":[46.161279],"sensoruptime":[70.81277777777778,69.82944444444445,70.81277777777778],"battvoltage":[12.259,12.292,12.259],"arrayvoltage":[13.3,15.237,18.410999999999998],"chargecurrent":[0.145,0.287,7.945],"ledstate":[6.0,6.0,6.0],"loadpower":[23.747539999999997,23.545212000000003,21.948113000000003],"batterytemp":[30.0,30.0,55.0],"triggerrate":[1.8,0.8,2.6],"triggersremaining":[6846.0,6926.0,7047.0],"crcerrors":[0.0,0.0,0.0]}