{"datalatency":[20.177826],"sensoruptime":[312.65555555555557,311.65555555555557,312.65555555555557],"battvoltage":[12.392999999999999,12.329,11.987],"arrayvoltage":[14.749,15.767999999999999,18.167],"chargecurrent":[1.3430000000000002,1.4709999999999999,9.62],"ledstate":[6.0,6.0,8.0],"loadpower":[24.714000000000002,23.87752,22.125905999999997],"batterytemp":[50.0,46.0,55.0],"triggerrate":[0.4,1.4,1.8],"triggersremaining":[3119.0,3140.0,3273.0],"crcerrors":[0.0,0.0,0.0]}