{"datalatency":[7.699239],"sensoruptime":[205.89944444444444,204.91611111111112,205.89944444444444],"battvoltage":[12.436,12.450999999999999,12.106],"arrayvoltage":[0.693,0.665,41.711000000000006],"chargecurrent":[0.0,0.0,9.777000000000001],"chargestate":[3.0,3.0,6.0],"loadpower":[13.563732,13.588574,9.02565],"batterytemp":[12.0,12.0,34.0],"triggerrate":[0.4,0.0,0.6],"triggersremaining":[20339.0,20344.0,20363.0],"crcerrors":[0.0,0.0,0.0]}