{"datalatency":[10.092829],"sensoruptime":[null,null,0.018333333333333333],"battvoltage":[12.592,12.616,10.595999999999998],"arrayvoltage":[14.300999999999998,0.574,43.347],"chargecurrent":[0.0,0.0,2.597],"chargestate":[5.0,3.0,7.0],"loadpower":[0.0,0.0,0.0],"batterytemp":[10.0,10.0,20.0],"triggerrate":[null,null,null],"triggersremaining":[null,null,0.0],"crcerrors":[0.0,null,1.0]}