{"datalatency":[18.884839],"sensoruptime":[124.52277777777778,123.52277777777778,124.52277777777778],"battvoltage":[12.530999999999999,12.86,12.216],"arrayvoltage":[13.62,15.332,18.167],"chargecurrent":[0.239,1.954,7.931],"ledstate":[6.0,6.0,6.0],"loadpower":[24.930437,25.102626,21.885253],"batterytemp":[45.0,55.0,57.0],"triggerrate":[0.4,0.0,0.6],"triggersremaining":[6276.0,6282.0,6292.0],"crcerrors":[0.0,0.0,0.0]}