{"datalatency":[8.465349],"sensoruptime":[21.426666666666666,20.44333333333333,null],"battvoltage":[12.183,12.21,11.645999999999999],"arrayvoltage":[0.674,0.604,38.565],"chargecurrent":[0.0,0.0,15.0],"chargestate":[3.0,3.0,6.0],"loadpower":[14.355055,14.435328000000002,0.0],"batterytemp":[11.0,12.0,41.0],"triggerrate":[0.0,0.0,null],"triggersremaining":[21659.0,21659.0,null],"crcerrors":[0.0,0.0,0.0]}