{"datalatency":[37.768375],"sensoruptime":[0.2238888888888889,null,7.746944444444445],"battvoltage":[11.950999999999999,12.436,10.802999999999999],"arrayvoltage":[29.456,22.046,33.400999999999996],"chargecurrent":[0.473,0.022000000000000002,2.329],"chargestate":[5.0,5.0,6.0],"loadpower":[13.854526,0.0,0.0],"batterytemp":[22.0,20.0,28.0],"triggerrate":[0.0,null,null],"triggersremaining":[11687.0,null,12014.0],"crcerrors":[0.0,0.0,0.0]}