{"datalatency":[25.831947000000003],"sensoruptime":[null,null,null],"battvoltage":[13.485999999999999,12.689,12.642999999999999],"arrayvoltage":[29.581,16.794,43.881],"chargecurrent":[1.1159999999999999,0.002,2.781],"chargestate":[5.0,5.0,7.0],"loadpower":[0.0,0.0,0.0],"batterytemp":[22.0,21.0,26.0],"triggerrate":[null,null,null],"triggersremaining":[null,null,null],"crcerrors":[0.0,null,0.0]}