{"datalatency":[7.806233000000001],"sensoruptime":[21.894166666666667,20.910833333333333,227.69416666666666],"battvoltage":[11.725,11.731,11.685],"arrayvoltage":[1.083,1.218,34.238],"chargecurrent":[0.0,0.0,1.4709999999999999],"chargestate":[3.0,3.0,5.0],"loadpower":[14.091270000000002,14.126352,13.408536],"batterytemp":[18.0,18.0,20.0],"triggerrate":[0.0,0.0,24.0],"triggersremaining":[18579.0,18579.0,19746.0],"crcerrors":[2.0,0.0,3.0]}