{"datalatency":[7.169796000000001],"sensoruptime":[42.779444444444444,41.782222222222224,42.779444444444444],"battvoltage":[11.758,11.807,11.652000000000001],"arrayvoltage":[0.0,0.0,17.334],"chargecurrent":[0.002,0.002,11.398],"chargestate":[3.0,3.0,6.0],"loadpower":[23.632951999999996,24.143366999999998,21.713829000000004],"batterytemp":[25.0,26.0,52.0],"triggerrate":[0.0,0.0,6.0],"triggersremaining":[20761.0,20761.0,21172.0],"crcerrors":[0.0,0.0,1.0]}