{"datalatency":[8.083565],"sensoruptime":[42.91861111111111,41.93527777777778,42.91861111111111],"battvoltage":[12.839,12.137,12.115],"arrayvoltage":[29.296999999999997,23.685,41.821000000000005],"chargecurrent":[2.5269999999999997,0.006999999999999999,7.474],"chargestate":[5.0,5.0,6.0],"loadpower":[14.855699999999999,14.07763,8.72505],"batterytemp":[9.0,4.0,28.0],"triggerrate":[0.0,0.0,0.6],"triggersremaining":[22216.0,22216.0,22269.0],"crcerrors":[0.0,0.0,0.0]}