{"datalatency":[21.167706000000003],"sensoruptime":[null,null,null],"battvoltage":[12.918,14.290999999999999,11.493],"arrayvoltage":[13.565,32.129,45.004],"chargecurrent":[0.0,0.58,2.194],"chargestate":[5.0,5.0,6.0],"loadpower":[0.0,0.0,0.0],"batterytemp":[13.0,17.0,22.0],"triggerrate":[null,null,null],"triggersremaining":[null,null,null],"crcerrors":[5.0,null,5.0]}