{"datalatency":[12.294165000000001],"sensoruptime":[23.113333333333333,22.113333333333333,null],"battvoltage":[11.722000000000001,11.755,11.722000000000001],"arrayvoltage":[13.47,6.781000000000001,17.526],"chargecurrent":[0.174,0.005,10.419],"chargestate":[5.0,3.0,5.0],"loadpower":[23.347485,23.654200000000003,6.167125],"batterytemp":[25.0,25.0,49.0],"triggerrate":[0.0,0.0,null],"triggersremaining":[21171.0,21171.0,null],"crcerrors":[0.0,0.0,0.0]}