{"datalatency":[12.847936],"sensoruptime":[47.897222222222226,46.8975,47.897222222222226],"battvoltage":[12.177,12.027000000000001,12.015],"arrayvoltage":[16.452,12.762,17.526],"chargecurrent":[1.855,0.034,10.985],"ledstate":[8.0,8.0,8.0],"loadpower":[22.49744,23.327304,21.514706],"batterytemp":[30.0,27.0,50.0],"triggerrate":[0.0,0.0,6.0],"triggersremaining":[13160.0,13162.0,13512.0],"crcerrors":[0.0,0.0,2.0]}