{"datalatency":[38.042738],"sensoruptime":[0.059166666666666666,0.21416666666666667,1.1758333333333333],"battvoltage":[12.027000000000001,11.565999999999999,10.26],"arrayvoltage":[27.78,32.272,41.495],"chargecurrent":[0.135,0.759,2.474],"chargestate":[5.0,5.0,7.0],"loadpower":[13.943999999999999,13.408318000000001,0.0],"batterytemp":[18.0,19.0,22.0],"triggerrate":[0.0,0.0,0.0],"triggersremaining":[0.0,0.0,0.0],"crcerrors":[1.0,0.0,1.0]}