{"datalatency":[25.837148000000003],"sensoruptime":[null,null,null],"battvoltage":[14.294,13.132,12.642999999999999],"arrayvoltage":[42.044,31.930999999999997,43.49100000000001],"chargecurrent":[1.3719999999999999,0.836,2.781],"chargestate":[6.0,5.0,7.0],"loadpower":[0.0,0.0,0.0],"batterytemp":[25.0,23.0,26.0],"triggerrate":[null,null,null],"triggersremaining":[null,null,null],"crcerrors":[0.0,null,0.0]}