{"datalatency":[20.036383],"sensoruptime":[306.9897222222222,305.9897222222222,306.9897222222222],"battvoltage":[12.671,12.027000000000001,11.987],"arrayvoltage":[16.116,15.872,18.167],"chargecurrent":[4.853,0.389,10.847000000000001],"ledstate":[8.0,8.0,8.0],"loadpower":[23.28225,22.740524999999998,21.841950000000004],"batterytemp":[35.0,32.0,54.0],"triggerrate":[0.0,0.0,1.4],"triggersremaining":[3210.0,3210.0,3276.0],"crcerrors":[0.0,0.0,0.0]}