{"datalatency":[17.510078],"sensoruptime":[178.84777777777776,177.84805555555556,178.84777777777776],"battvoltage":[12.167,12.177,12.155],"arrayvoltage":[0.0,0.018000000000000002,17.969],"chargecurrent":[0.005,0.002,9.81],"ledstate":[6.0,6.0,6.0],"loadpower":[23.673856,23.975244,21.942296000000002],"batterytemp":[30.0,31.0,52.0],"triggerrate":[0.0,0.0,6.4],"triggersremaining":[5814.0,5814.0,6176.0],"crcerrors":[0.0,0.0,0.0]}