{"datalatency":[18.886677000000002],"sensoruptime":[507.66305555555556,506.6661111111111,507.66305555555556],"battvoltage":[11.911,12.024000000000001,11.85],"arrayvoltage":[15.915,16.750999999999998,17.038],"chargecurrent":[0.679,1.5630000000000002,10.192],"ledstate":[8.0,8.0,8.0],"loadpower":[23.83659,23.369344,20.930414],"batterytemp":[32.0,30.0,51.0],"triggerrate":[0.0,0.0,2.4000000000000004],"triggersremaining":[11353.0,11363.0,11445.0],"crcerrors":[0.0,0.0,2.0]}