{"datalatency":[7.097304],"sensoruptime":[151.57416666666666,150.57416666666666,151.57416666666666],"battvoltage":[12.909,14.169,11.868],"arrayvoltage":[29.044,41.513000000000005,42.465],"chargecurrent":[1.157,3.484,15.0],"chargestate":[5.0,6.0,6.0],"loadpower":[14.114410000000003,10.407292,8.596613999999999],"batterytemp":[22.0,29.0,33.0],"triggerrate":[0.4,0.0,6.4],"triggersremaining":[20417.0,20433.0,21163.0],"crcerrors":[0.0,0.0,0.0]}