{"datalatency":[21.214304000000002],"sensoruptime":[36.53277777777778,35.533055555555556,36.53277777777778],"battvoltage":[11.783,11.835,11.78],"arrayvoltage":[11.185,14.163,17.337],"chargecurrent":[0.0,0.275,10.720999999999998],"ledstate":[8.0,8.0,8.0],"loadpower":[24.114537999999996,24.157121999999998,21.698432000000004],"batterytemp":[31.0,33.0,49.0],"triggerrate":[0.0,0.0,16.8],"triggersremaining":[45.0,46.0,1312.0],"crcerrors":[1.9999768521197672,0.0,2.0]}