{"datalatency":[31.26301],"sensoruptime":[null,null,1.8772222222222221],"battvoltage":[12.027000000000001,11.987,11.6],"arrayvoltage":[15.380999999999998,12.972999999999999,17.145],"chargecurrent":[0.33299999999999996,0.087,10.335],"ledstate":[8.0,8.0,10.0],"loadpower":[6.454525,7.699925,6.079374],"batterytemp":[29.0,28.0,53.0],"triggerrate":[null,null,0.0],"triggersremaining":[null,null,0.0],"crcerrors":[1.0,null,1.0]}