{"datalatency":[8.021172],"sensoruptime":[85.07944444444445,84.07972222222222,85.07944444444445],"battvoltage":[11.981,11.99,11.978],"arrayvoltage":[0.845,0.772,35.016],"chargecurrent":[0.0,0.0,2.8360000000000003],"chargestate":[3.0,3.0,5.0],"loadpower":[13.901005999999999,13.924932,13.31694],"batterytemp":[11.0,11.0,20.0],"triggerrate":[0.2,0.0,4.4],"triggersremaining":[21979.0,21986.0,22184.0],"crcerrors":[0.0,0.0,0.0]}