{"datalatency":[19.810251],"sensoruptime":[527.4933333333333,526.4933333333333,527.4933333333333],"battvoltage":[11.682,11.609000000000002,11.606],"arrayvoltage":[15.729000000000001,12.546,17.145],"chargecurrent":[0.809,0.068,3.602],"ledstate":[10.0,10.0,10.0],"loadpower":[23.51586,23.889051,22.003115999999995],"batterytemp":[30.0,28.0,37.0],"triggerrate":[0.0,0.0,3.6],"triggersremaining":[11311.0,11311.0,11423.0],"crcerrors":[0.0,0.0,2.0]}