{"datalatency":[17.679153],"sensoruptime":[5.375,4.375,49.00611111111111],"battvoltage":[11.609000000000002,11.609000000000002,11.523],"arrayvoltage":[2.4659999999999997,12.225,19.531],"chargecurrent":[0.002,0.005,12.99],"ledstate":[10.0,10.0,10.0],"loadpower":[23.307008000000003,23.605384000000004,5.941168],"batterytemp":[25.0,26.0,41.0],"triggerrate":[0.0,0.0,2.4000000000000004],"triggersremaining":[14593.0,14607.0,14655.0],"crcerrors":[0.0,0.0,0.0]}