{"datalatency":[20.489902],"sensoruptime":[7.334722222222222,6.335,11.918333333333333],"battvoltage":[13.277999999999999,13.052,12.1],"arrayvoltage":[14.935,15.036,17.288],"chargecurrent":[7.577999999999999,6.31,10.453],"ledstate":[6.0,6.0,6.0],"loadpower":[23.367712,23.654276000000003,6.478731],"batterytemp":[49.0,51.0,57.0],"triggerrate":[1.0,0.0,2.4],"triggersremaining":[1798.0,1837.0,1903.0],"crcerrors":[0.0,0.0,0.0]}