{"datalatency":[7.896345],"sensoruptime":[3.9180555555555556,2.9183333333333334,11.270277777777778],"battvoltage":[14.27,14.267000000000001,11.154000000000002],"arrayvoltage":[39.804,40.323,42.471000000000004],"chargecurrent":[1.923,1.923,2.805],"chargestate":[6.0,6.0,6.0],"loadpower":[13.701184000000001,13.626383000000002,0.0],"batterytemp":[26.0,26.0,27.0],"triggerrate":[0.0,0.0,0.4],"triggersremaining":[18391.0,18392.0,18400.0],"crcerrors":[0.0,0.0,0.0]}