{"datalatency":[8.795765000000001],"sensoruptime":[114.74694444444444,113.76388888888889,114.74694444444444],"battvoltage":[12.234000000000002,12.259,12.03],"arrayvoltage":[0.8759999999999999,0.885,41.65],"chargecurrent":[0.0,0.0,11.832],"chargestate":[3.0,3.0,6.0],"loadpower":[14.212421999999998,14.090112000000001,8.207364000000002],"batterytemp":[21.0,21.0,32.0],"triggerrate":[0.0,0.0,0.6],"triggersremaining":[21475.0,21475.0,21565.0],"crcerrors":[0.0,0.0,0.0]}