{"datalatency":[7.860037],"sensoruptime":[4.590833333333333,3.5908333333333333,null],"battvoltage":[12.472999999999999,12.665,12.299000000000001],"arrayvoltage":[1.193,35.992,44.162],"chargecurrent":[0.0,0.626,2.483],"chargestate":[3.0,7.0,7.0],"loadpower":[13.880440000000002,13.7885,0.0],"batterytemp":[10.0,16.0,19.0],"triggerrate":[0.0,0.0,null],"triggersremaining":[22376.0,22380.0,null],"crcerrors":[0.0,0.0,0.0]}