{"datalatency":[20.285488],"sensoruptime":[266.6972222222222,265.7002777777778,266.6972222222222],"battvoltage":[12.949000000000002,12.833,12.103],"arrayvoltage":[15.677,16.357,18.506],"chargecurrent":[6.754,5.281000000000001,9.937999999999999],"ledstate":[6.0,6.0,8.0],"loadpower":[23.000700000000002,22.25405,21.141912],"batterytemp":[41.0,32.0,55.0],"triggerrate":[0.0,0.0,1.2000000000000002],"triggersremaining":[12667.0,12668.0,12676.0],"crcerrors":[0.0,0.0,2.0]}