{"datalatency":[7.062823000000001],"sensoruptime":[150.07416666666666,149.0911111111111,150.07416666666666],"battvoltage":[14.142000000000001,14.139000000000001,11.868],"arrayvoltage":[42.028999999999996,41.931000000000004,42.465],"chargecurrent":[3.728,4.063,15.0],"chargestate":[6.0,6.0,6.0],"loadpower":[10.407292,9.0954,8.596613999999999],"batterytemp":[30.0,30.0,33.0],"triggerrate":[0.0,0.0,6.4],"triggersremaining":[20435.0,20447.0,21368.0],"crcerrors":[0.0,0.0,0.0]}