{"datalatency":[7.946067],"sensoruptime":[10.756388888888889,9.773055555555555,null],"battvoltage":[12.283,12.299000000000001,12.283],"arrayvoltage":[0.6409999999999999,0.601,44.162],"chargecurrent":[0.0,0.0,2.483],"chargestate":[3.0,3.0,7.0],"loadpower":[13.924179999999998,14.132736,0.0],"batterytemp":[2.0,3.0,19.0],"triggerrate":[0.0,0.0,null],"triggersremaining":[22354.0,22356.0,null],"crcerrors":[0.0,0.0,0.0]}