{"datalatency":[15.358914],"sensoruptime":[21.376666666666665,20.376666666666665,null],"battvoltage":[12.097000000000001,12.064,12.054],"arrayvoltage":[16.016,13.232000000000001,18.439],"chargecurrent":[0.66,0.16899999999999998,9.9],"ledstate":[8.0,8.0,8.0],"loadpower":[22.535369999999997,23.318685,5.933112000000001],"batterytemp":[30.0,28.0,52.0],"triggerrate":[0.0,0.0,null],"triggersremaining":[14661.0,14661.0,null],"crcerrors":[0.0,0.0,0.0]}