{"datalatency":[37.968644000000005],"sensoruptime":[null,null,null],"battvoltage":[12.543,12.549000000000001,10.443],"arrayvoltage":[0.958,1.126,45.523],"chargecurrent":[0.002,0.0,2.6189999999999998],"chargestate":[3.0,3.0,7.0],"loadpower":[0.0,0.0,0.0],"batterytemp":[0.0,0.0,10.0],"triggerrate":[null,null,null],"triggersremaining":[null,null,null],"crcerrors":[7.0,null,1.0]}