{"datalatency":[11.154123],"sensoruptime":[4.967222222222222,3.9672222222222224,null],"battvoltage":[12.213,12.325999999999999,11.569],"arrayvoltage":[16.553,16.119,19.736],"chargecurrent":[1.797,2.4419999999999997,12.392999999999999],"chargestate":[5.0,5.0,6.0],"loadpower":[23.269732000000005,23.96355,6.808707000000001],"batterytemp":[36.0,42.0,44.0],"triggerrate":[0.0,0.0,null],"triggersremaining":[22162.0,22163.0,null],"crcerrors":[0.0,0.0,0.0]}