{"datalatency":[12.737777000000001],"sensoruptime":[49.60888888888889,48.60916666666667,49.60888888888889],"battvoltage":[11.569,11.53,11.499],"arrayvoltage":[16.555999999999997,13.77,17.334],"chargecurrent":[0.945,0.23199999999999998,11.398],"chargestate":[5.0,5.0,6.0],"loadpower":[22.792143000000003,23.010966000000003,21.713829000000004],"batterytemp":[28.0,27.0,52.0],"triggerrate":[0.0,0.0,6.0],"triggersremaining":[20759.0,20759.0,21155.0],"crcerrors":[0.0,0.0,1.0]}