{"datalatency":[37.513433],"sensoruptime":[6.0969444444444445,5.097222222222222,6.0969444444444445],"battvoltage":[12.375,12.674000000000001,12.344000000000001],"arrayvoltage":[31.885,32.571,33.400999999999996],"chargecurrent":[0.9490000000000001,1.575,2.329],"chargestate":[5.0,5.0,5.0],"loadpower":[13.606320000000002,13.936104000000002,13.581400000000002],"batterytemp":[26.0,28.0,28.0],"triggerrate":[0.8,2.8,null],"triggersremaining":[11789.0,11865.0,12014.0],"crcerrors":[1.0,0.0,0.0]}