{"datalatency":[20.171478],"sensoruptime":[537.4916666666667,536.4947222222222,537.4916666666667],"battvoltage":[12.369000000000002,11.908,11.606],"arrayvoltage":[15.82,15.68,16.705],"chargecurrent":[4.501,0.86,11.448],"ledstate":[8.0,8.0,10.0],"loadpower":[23.094375,23.895885000000003,22.057775999999997],"batterytemp":[46.0,42.0,51.0],"triggerrate":[0.0,0.0,3.6],"triggersremaining":[11275.0,11276.0,11326.0],"crcerrors":[0.0,0.0,2.0]}