{"datalatency":[8.629911],"sensoruptime":[64.2538888888889,63.25416666666667,64.2538888888889],"battvoltage":[12.366,12.392999999999999,12.18],"arrayvoltage":[0.595,0.601,40.146],"chargecurrent":[0.0,0.0,10.228],"chargestate":[3.0,3.0,6.0],"loadpower":[14.257320000000002,13.857696,8.80245],"batterytemp":[15.0,16.0,34.0],"triggerrate":[0.0,0.0,0.2],"triggersremaining":[21643.0,21644.0,21650.0],"crcerrors":[0.0,0.0,0.0]}