{"datalatency":[8.134503],"sensoruptime":[100.0775,99.09416666666667,100.0775],"battvoltage":[11.761,11.770999999999999,11.725],"arrayvoltage":[9.351,15.253,34.863],"chargecurrent":[0.0,0.0,1.423],"chargestate":[3.0,5.0,5.0],"loadpower":[13.658376000000004,13.677901999999998,12.790060000000002],"batterytemp":[13.0,13.0,16.0],"triggerrate":[0.0,0.0,0.8],"triggersremaining":[21952.0,21953.0,22071.0],"crcerrors":[0.0,0.0,0.0]}