{"datalatency":[9.76712],"sensoruptime":[5.217222222222222,4.220277777777778,20.196666666666665],"battvoltage":[12.717,13.663,11.224],"arrayvoltage":[15.283,19.293,19.736],"chargecurrent":[2.52,2.8310000000000004,8.165],"ledstate":[6.0,5.0,11.0],"loadpower":[26.640848000000002,25.752011999999997,0.0],"batterytemp":[44.0,46.0,49.0],"triggerrate":[0.0,0.0,1.2000000000000002],"triggersremaining":[14558.0,14558.0,14563.0],"crcerrors":[0.0,0.0,0.0]}