{"datalatency":[8.720161000000001],"sensoruptime":[109.24777777777778,108.26444444444445,109.24777777777778],"battvoltage":[12.380999999999998,12.415,12.03],"arrayvoltage":[1.089,1.193,41.65],"chargecurrent":[0.0,0.0,11.832],"chargestate":[3.0,3.0,6.0],"loadpower":[13.917359999999999,14.05584,8.207364000000002],"batterytemp":[20.0,20.0,32.0],"triggerrate":[0.2,0.0,0.6],"triggersremaining":[21496.0,21500.0,21595.0],"crcerrors":[0.0,0.0,0.0]}