{"datalatency":[7.650923000000001],"sensoruptime":[186.23555555555555,185.23555555555555,186.23555555555555],"battvoltage":[12.259,12.299000000000001,12.183],"arrayvoltage":[0.6559999999999999,0.6409999999999999,43.121],"chargecurrent":[0.0,0.0,10.794],"chargestate":[3.0,3.0,6.0],"loadpower":[13.417406999999999,13.482531999999999,8.98432],"batterytemp":[5.0,6.0,29.0],"triggerrate":[0.0,0.0,0.4],"triggersremaining":[20357.0,20359.0,20375.0],"crcerrors":[0.0,0.0,0.0]}