{"datalatency":[13.428869],"sensoruptime":[382.5163888888889,381.51944444444445,382.5163888888889],"battvoltage":[12.057,12.054,12.033],"arrayvoltage":[13.765999999999998,12.762,17.78],"chargecurrent":[0.198,0.019,10.61],"ledstate":[8.0,8.0,8.0],"loadpower":[23.711688000000002,23.4234,20.806074],"batterytemp":[25.0,24.0,52.0],"triggerrate":[0.0,0.0,4.800000000000001],"triggersremaining":[12607.0,12607.0,12617.0],"crcerrors":[0.0,0.0,2.0]}