{"datalatency":[19.233574],"sensoruptime":[229.20277777777778,228.20277777777778,229.20277777777778],"battvoltage":[12.292,12.311,11.950999999999999],"arrayvoltage":[0.107,6.454,18.372],"chargecurrent":[0.005,0.005,8.75],"ledstate":[6.0,6.0,8.0],"loadpower":[23.67584,23.97056,21.252608000000002],"batterytemp":[30.0,34.0,52.0],"triggerrate":[0.0,0.0,1.2000000000000002],"triggersremaining":[12680.0,12680.0,12686.0],"crcerrors":[0.0,0.0,2.0]}