{"datalatency":[38.054836],"sensoruptime":[0.04722222222222222,0.1075,1.1758333333333333],"battvoltage":[11.954,10.944,10.26],"arrayvoltage":[29.688000000000002,32.327,41.495],"chargecurrent":[0.701,0.602,2.474],"chargestate":[5.0,5.0,7.0],"loadpower":[13.104000000000001,13.565124,0.0],"batterytemp":[19.0,18.0,23.0],"triggerrate":[0.0,0.0,0.0],"triggersremaining":[0.0,0.0,0.0],"crcerrors":[2.0,0.0,1.0]}