{"datalatency":[37.661172],"sensoruptime":[null,null,null],"battvoltage":[12.524000000000001,12.527000000000001,10.665999999999999],"arrayvoltage":[0.6679999999999999,0.653,43.448],"chargecurrent":[0.0,0.002,5.0760000000000005],"chargestate":[3.0,3.0,8.0],"loadpower":[0.0,0.0,0.0],"batterytemp":[10.0,11.0,26.0],"triggerrate":[null,null,null],"triggersremaining":[null,null,null],"crcerrors":[0.0,null,0.0]}