{"datalatency":[8.346075],"sensoruptime":[41.090555555555554,40.10722222222222,41.090555555555554],"battvoltage":[12.36,12.375,12.112],"arrayvoltage":[0.647,0.583,41.489],"chargecurrent":[0.002,0.0,11.902999999999999],"chargestate":[3.0,3.0,6.0],"loadpower":[14.220288000000004,14.1956,9.02565],"batterytemp":[16.0,16.0,35.0],"triggerrate":[0.0,0.0,0.4],"triggersremaining":[21650.0,21650.0,21667.0],"crcerrors":[0.0,0.0,0.0]}