{"datalatency":[38.166042000000004],"sensoruptime":[null,null,null],"battvoltage":[12.527000000000001,12.530999999999999,10.535],"arrayvoltage":[0.8909999999999999,0.848,43.533],"chargecurrent":[0.0,0.0,3.411],"chargestate":[3.0,3.0,7.0],"loadpower":[0.0,0.0,0.0],"batterytemp":[-1.0,-1.0,19.0],"triggerrate":[null,null,null],"triggersremaining":[null,null,null],"crcerrors":[0.0,null,0.0]}