{"datalatency":[18.735877000000002],"sensoruptime":[118.52361111111111,117.52361111111111,118.52361111111111],"battvoltage":[13.129000000000001,13.350999999999999,12.216],"arrayvoltage":[15.378,14.606,18.340999999999998],"chargecurrent":[3.728,7.542000000000001,7.931],"ledstate":[6.0,6.0,6.0],"loadpower":[23.224752,23.423284000000002,21.885253],"batterytemp":[53.0,51.0,55.0],"triggerrate":[0.0,0.0,0.4],"triggersremaining":[6283.0,6283.0,6296.0],"crcerrors":[0.0,0.0,0.0]}