{"datalatency":[78.25774700000001],"sensoruptime":[43.35194444444444,42.35194444444444,43.35194444444444],"battvoltage":[12.68,12.259,12.216],"arrayvoltage":[16.214000000000002,16.262999999999998,17.917],"chargecurrent":[2.6910000000000003,0.879,9.245],"ledstate":[6.0,6.0,6.0],"loadpower":[22.401300000000003,22.691754,21.967200000000002],"batterytemp":[37.0,31.0,55.0],"triggerrate":[0.0,0.0,0.2],"triggersremaining":[6322.0,6322.0,6328.0],"crcerrors":[0.0,0.0,0.0]}