{"datalatency":[26.002107000000002],"sensoruptime":[null,5.717777777777778,null],"battvoltage":[12.097000000000001,12.161,11.99],"arrayvoltage":[0.9740000000000001,0.79,42.218],"chargecurrent":[0.0,0.0,2.839],"chargestate":[3.0,3.0,7.0],"loadpower":[8.69688,14.973356,0.0],"batterytemp":[19.0,24.0,32.0],"triggerrate":[null,26.4,null],"triggersremaining":[null,13287.0,null],"crcerrors":[1.0,0.0,3.0]}