{"datalatency":[15.237279000000001],"sensoruptime":[149.31,148.31222222222223,149.31],"battvoltage":[12.067,11.78,11.53],"arrayvoltage":[17.236,17.239,17.969],"chargecurrent":[4.071000000000001,3.235,7.525],"chargestate":[5,5,6],"loadpower":[22.024818,23.726919999999996,21.429213],"batterytemp":[32,29,45],"triggerrate":[null,null,null],"triggersremaining":[14865.0,15155.0,15591.0],"crcerrors":[null,null,0.0]}