{"datalatency":[20.493704],"sensoruptime":[316.6508333333333,315.65194444444444,316.6508333333333],"battvoltage":[12.192,12.253,11.987],"arrayvoltage":[14.895999999999999,15.234000000000002,18.167],"chargecurrent":[0.331,1.068,9.62],"ledstate":[6.0,6.0,8.0],"loadpower":[24.085518,23.86995,22.125905999999997],"batterytemp":[38.0,41.0,55.0],"triggerrate":[11.2,4.6,14.8],"triggersremaining":[2353.0,2865.0,3260.0],"crcerrors":[0.0,0.0,0.0]}