{"datalatency":[8.773584000000001],"sensoruptime":[115.91361111111111,114.93027777777777,115.91361111111111],"battvoltage":[12.219000000000001,12.228,12.03],"arrayvoltage":[0.8909999999999999,0.912,41.65],"chargecurrent":[0.0,0.0,11.832],"chargestate":[3.0,3.0,6.0],"loadpower":[14.167103999999998,14.194991999999997,8.207364000000002],"batterytemp":[21.0,21.0,32.0],"triggerrate":[0.0,0.2,0.6],"triggersremaining":[21474.0,21474.0,21561.0],"crcerrors":[0.0,0.0,0.0]}