{"datalatency":[10.258767],"sensoruptime":[null,null,null],"battvoltage":[13.782,13.696,12.735],"arrayvoltage":[39.455999999999996,41.666000000000004,44.855],"chargecurrent":[0.418,0.58,0.609],"chargestate":[7.0,7.0,7.0],"loadpower":[0.0,0.0,0.0],"batterytemp":[22.0,25.0,25.0],"triggerrate":[null,null,null],"triggersremaining":[null,null,null],"crcerrors":[null,null,null]}