{"datalatency":[78.53774200000001],"sensoruptime":[71.34722222222223,70.3638888888889,71.34722222222223],"battvoltage":[13.382,13.412,12.216],"arrayvoltage":[17.078,16.278,17.965999999999998],"chargecurrent":[5.979,7.175,8.001],"ledstate":[5.0,5.0,6.0],"loadpower":[22.758390000000002,22.979968000000003,21.730287],"batterytemp":[55.0,54.0,58.0],"triggerrate":[0.0,0.0,0.2],"triggersremaining":[6314.0,6315.0,6321.0],"crcerrors":[0.0,0.0,0.0]}