{"datalatency":[7.957447],"sensoruptime":[46.918055555555554,45.93472222222222,46.918055555555554],"battvoltage":[14.175,14.175,12.115],"arrayvoltage":[41.388000000000005,41.541000000000004,41.931000000000004],"chargecurrent":[3.556,4.092,7.356],"chargestate":[6.0,6.0,6.0],"loadpower":[10.14048,13.184439999999999,8.875646],"batterytemp":[29.0,29.0,30.0],"triggerrate":[0.0,0.0,0.6],"triggersremaining":[22214.0,22215.0,22257.0],"crcerrors":[0.0,0.0,0.0]}