{"datalatency":[19.515678],"sensoruptime":[233.66944444444445,232.66972222222222,233.66944444444445],"battvoltage":[12.106,12.036,11.993],"arrayvoltage":[16.357,15.234000000000002,16.995],"chargecurrent":[1.3119999999999998,0.57,8.74],"ledstate":[8.0,8.0,8.0],"loadpower":[23.294582999999996,22.918896000000004,22.120514],"batterytemp":[33.0,32.0,55.0],"triggerrate":[0.0,0.0,17.6],"triggersremaining":[4162.0,4162.0,5631.0],"crcerrors":[0.0,0.0,0.0]}