{"datalatency":[8.194831],"sensoruptime":[0.7030555555555555,null,11.33388888888889],"battvoltage":[14.267000000000001,14.355,10.427999999999999],"arrayvoltage":[40.146,39.760999999999996,43.015],"chargecurrent":[2.256,1.251,3.5439999999999996],"chargestate":[6.0,6.0,6.0],"loadpower":[12.40575,0.0,0.0],"batterytemp":[26.0,23.0,32.0],"triggerrate":[0.2,null,0.4],"triggersremaining":[22493.0,null,22496.0],"crcerrors":[0.0,0.0,0.0]}