{"datalatency":[12.744745],"sensoruptime":[null,null,12.61],"battvoltage":[12.119000000000002,12.177,11.31],"arrayvoltage":[1.245,9.421,19.949],"chargecurrent":[0.002,0.002,12.057],"ledstate":[10.0,10.0,11.0],"loadpower":[8.779025,8.174208000000002,0.0],"batterytemp":[27.0,33.0,50.0],"triggerrate":[null,null,2.4000000000000004],"triggersremaining":[null,null,14586.0],"crcerrors":[null,null,0.0]}