{"datalatency":[8.24821],"sensoruptime":[6.618055555555555,5.634722222222222,114.10888888888888],"battvoltage":[11.761,11.800999999999998,11.469000000000001],"arrayvoltage":[0.7140000000000001,0.9640000000000001,35.4],"chargecurrent":[0.0,0.0,6.643],"chargestate":[3.0,3.0,5.0],"loadpower":[13.658376000000004,13.701444,0.0],"batterytemp":[18.0,18.0,27.0],"triggerrate":[0.0,0.2,0.8],"triggersremaining":[21905.0,21914.0,21951.0],"crcerrors":[0.0,0.0,0.0]}