{"datalatency":[5.412419000000001],"sensoruptime":[17.713333333333335,16.713333333333335,null],"battvoltage":[12.14,12.177,12.1],"arrayvoltage":[0.0,0.0,18.439],"chargecurrent":[0.002,0.002,9.9],"ledstate":[6.0,6.0,8.0],"loadpower":[24.450073999999997,24.547079999999998,5.933112000000001],"batterytemp":[28.0,28.0,52.0],"triggerrate":[0.0,0.0,null],"triggersremaining":[14662.0,14662.0,null],"crcerrors":[0.0,0.0,0.0]}