{"datalatency":[8.098479000000001],"sensoruptime":[6.504444444444444,5.504444444444444,62.22694444444444],"battvoltage":[14.267000000000001,14.300999999999998,11.319],"arrayvoltage":[42.255,41.931000000000004,42.471000000000004],"chargecurrent":[2.7439999999999998,2.52,5.733],"chargestate":[6.0,6.0,6.0],"loadpower":[12.331824000000001,12.392625,0.0],"batterytemp":[26.0,25.0,32.0],"triggerrate":[0.0,0.0,0.5],"triggersremaining":[18400.0,18400.0,18410.0],"crcerrors":[0.0,0.0,0.0]}