{"datalatency":[8.172823000000001],"sensoruptime":[67.58194444444445,66.59861111111111,67.58194444444445],"battvoltage":[12.222000000000001,12.222000000000001,12.145999999999999],"arrayvoltage":[32.525999999999996,26.95,42.861999999999995],"chargecurrent":[0.631,0.191,7.356],"chargestate":[5.0,5.0,6.0],"loadpower":[13.356252000000001,13.606271999999999,8.875646],"batterytemp":[15.0,13.0,30.0],"triggerrate":[0.4,0.0,0.8],"triggersremaining":[22142.0,22148.0,22216.0],"crcerrors":[0.0,0.0,0.0]}