{"datalatency":[8.135988000000001],"sensoruptime":[47.75111111111111,46.768055555555556,47.75111111111111],"battvoltage":[14.169,14.139000000000001,12.115],"arrayvoltage":[40.802,41.62,41.931000000000004],"chargecurrent":[3.29,3.38,7.356],"chargestate":[6.0,6.0,6.0],"loadpower":[10.888750000000002,12.27275,8.875646],"batterytemp":[29.0,30.0,30.0],"triggerrate":[0.0,0.0,0.6],"triggersremaining":[22214.0,22214.0,22257.0],"crcerrors":[0.0,0.0,0.0]}