{"datalatency":[20.417167000000003],"sensoruptime":[544.3241666666667,543.3241666666667,544.3241666666667],"battvoltage":[11.645999999999999,11.687999999999999,11.606],"arrayvoltage":[0.021,0.021,17.575],"chargecurrent":[0.002,0.002,11.448],"ledstate":[10.0,8.0,10.0],"loadpower":[26.911820000000002,23.5734,22.237292000000004],"batterytemp":[29.0,29.0,51.0],"triggerrate":[0.0,0.0,2.4000000000000004],"triggersremaining":[11256.0,11257.0,11312.0],"crcerrors":[0.0,0.0,2.0]}