{"datalatency":[25.990023],"sensoruptime":[3.703611111111111,2.7044444444444444,null],"battvoltage":[12.302,13.100999999999999,12.204],"arrayvoltage":[27.74,29.84,42.218],"chargecurrent":[0.512,1.577,2.839],"chargestate":[5.0,7.0,7.0],"loadpower":[13.668624,16.612414,0.0],"batterytemp":[26.0,28.0,32.0],"triggerrate":[16.6,13.8,null],"triggersremaining":[16128.0,17080.0,null],"crcerrors":[0.0,0.0,2.0]}