{"datalatency":[20.680773000000002],"sensoruptime":[267.03055555555557,266.0308333333333,267.03055555555557],"battvoltage":[13.013,12.869000000000002,12.103],"arrayvoltage":[15.378,16.116,18.506],"chargecurrent":[7.114,5.808,9.937999999999999],"ledstate":[6.0,6.0,8.0],"loadpower":[22.744118,22.129777999999998,21.141912],"batterytemp":[44.0,36.0,55.0],"triggerrate":[0.0,0.0,1.2000000000000002],"triggersremaining":[12667.0,12668.0,12676.0],"crcerrors":[0.0,0.0,2.0]}