{"datalatency":[18.079134],"sensoruptime":[193.20805555555555,192.21083333333334,193.20805555555555],"battvoltage":[11.838,11.835,11.800999999999998],"arrayvoltage":[16.070999999999998,14.606,17.38],"chargecurrent":[0.614,0.285,11.315],"ledstate":[8.0,8.0,8.0],"loadpower":[23.247983,22.859019999999997,21.720450999999997],"batterytemp":[27.0,26.0,53.0],"triggerrate":[0.0,0.0,1.2000000000000002],"triggersremaining":[12689.0,12689.0,12701.0],"crcerrors":[0.0,0.0,2.0]}