{"datalatency":[7.897678000000001],"sensoruptime":[21.766111111111112,20.783055555555556,null],"battvoltage":[11.533,11.569,11.533],"arrayvoltage":[2.362,0.6809999999999999,42.996],"chargecurrent":[0.0,0.0,15.002],"chargestate":[3.0,3.0,6.0],"loadpower":[13.564395000000001,14.000446,0.0],"batterytemp":[2.0,2.0,28.0],"triggerrate":[0.0,0.0,null],"triggersremaining":[18422.0,18422.0,null],"crcerrors":[0.0,0.0,0.0]}