{"datalatency":[8.800572],"sensoruptime":[125.91222222222223,124.92888888888889,125.91222222222223],"battvoltage":[12.424000000000001,12.415,12.073],"arrayvoltage":[27.203000000000003,32.117,39.211999999999996],"chargecurrent":[0.623,0.826,12.84],"chargestate":[5.0,5.0,6.0],"loadpower":[14.266368000000002,13.709209,8.207364000000002],"batterytemp":[26.0,31.0,33.0],"triggerrate":[0.4,0.6,1.4],"triggersremaining":[21377.0,21408.0,21518.0],"crcerrors":[0.0,0.0,0.0]}