{"datalatency":[21.402541000000003],"sensoruptime":[30.868333333333332,29.885555555555555,30.868333333333332],"battvoltage":[12.128,12.14,11.798],"arrayvoltage":[15.14,15.872,17.48],"chargecurrent":[1.331,1.669,11.001],"ledstate":[8.0,8.0,8.0],"loadpower":[25.16097,24.381496,21.698432000000004],"batterytemp":[48.0,44.0,51.0],"triggerrate":[9.2,4.6,10.2],"triggersremaining":[815.0,1224.0,1320.0],"crcerrors":[1.9999768521197672,1.999444598722577,2.0]}