{"datalatency":[7.9811700000000005],"sensoruptime":[39.096944444444446,38.11388888888889,39.096944444444446],"battvoltage":[11.914000000000001,11.954,11.49],"arrayvoltage":[0.7140000000000001,0.745,42.148],"chargecurrent":[0.0,0.0,12.352],"chargestate":[3.0,3.0,6.0],"loadpower":[13.812694,13.914141,8.277874],"batterytemp":[8.0,9.0,29.0],"triggerrate":[0.0,0.0,0.4],"triggersremaining":[18417.0,18417.0,18426.0],"crcerrors":[0.0,0.0,0.0]}