{"datalatency":[19.852107],"sensoruptime":[532.4925,531.4925,532.4925],"battvoltage":[12.216,12.103,11.606],"arrayvoltage":[16.116,16.067999999999998,17.145],"chargecurrent":[3.7539999999999996,2.8480000000000003,10.482000000000001],"ledstate":[8.0,8.0,10.0],"loadpower":[23.176608,23.18316,22.057775999999997],"batterytemp":[43.0,42.0,43.0],"triggerrate":[0.0,0.0,3.6],"triggersremaining":[11309.0,11310.0,11345.0],"crcerrors":[0.0,0.0,2.0]}