{"datalatency":[7.8154],"sensoruptime":[18.894444444444446,17.91111111111111,227.69416666666666],"battvoltage":[11.761,11.761,11.755],"arrayvoltage":[32.525999999999996,31.695999999999998,34.238],"chargecurrent":[0.9129999999999999,0.884,1.4709999999999999],"chargestate":[5.0,5.0,5.0],"loadpower":[13.766214,13.766214,13.408536],"batterytemp":[20.0,20.0,20.0],"triggerrate":[0.0,0.0,24.0],"triggersremaining":[18582.0,18582.0,20048.0],"crcerrors":[2.0,0.0,3.0]}