{"datalatency":[20.577425],"sensoruptime":[null,null,329.74861111111113],"battvoltage":[12.186,12.204,11.911],"arrayvoltage":[12.869000000000002,0.0,17.825],"chargecurrent":[0.019,0.005,9.615],"ledstate":[6.0,6.0,8.0],"loadpower":[8.222864,7.871580000000001,5.735975000000001],"batterytemp":[29.0,29.0,57.0],"triggerrate":[null,null,1.6],"triggersremaining":[null,null,1908.0],"crcerrors":[0.0,null,0.0]}