{"datalatency":[7.542991000000001],"sensoruptime":[167.5713888888889,166.57166666666666,167.5713888888889],"battvoltage":[12.597999999999999,12.183,12.020999999999999],"arrayvoltage":[28.909000000000002,28.079,42.465],"chargecurrent":[2.6910000000000003,0.184,15.0],"chargestate":[5.0,5.0,6.0],"loadpower":[14.744618,13.752576,8.596613999999999],"batterytemp":[10.0,7.0,33.0],"triggerrate":[0.0,0.0,0.8],"triggersremaining":[20371.0,20371.0,20462.0],"crcerrors":[0.0,0.0,0.0]}