{"datalatency":[15.327470000000002],"sensoruptime":[402.34694444444443,401.34722222222223,402.34694444444443],"battvoltage":[12.091,12.109000000000002,12.027000000000001],"arrayvoltage":[0.0,0.046,18.365],"chargecurrent":[0.002,0.002,10.873],"ledstate":[8.0,6.0,8.0],"loadpower":[23.728419,23.656215999999997,21.895564000000004],"batterytemp":[26.0,27.0,52.0],"triggerrate":[0.0,0.0,1.2000000000000002],"triggersremaining":[12600.0,12600.0,12608.0],"crcerrors":[0.0,0.0,2.0]}