{"datalatency":[20.154268000000002],"sensoruptime":[308.4894444444444,307.4894444444444,308.4894444444444],"battvoltage":[12.943,12.823,11.987],"arrayvoltage":[14.7,15.573,18.167],"chargecurrent":[7.477,6.24,10.847000000000001],"ledstate":[8.0,8.0,8.0],"loadpower":[23.423723999999996,22.279600000000002,22.125905999999997],"batterytemp":[48.0,40.0,54.0],"triggerrate":[0.4,0.4,1.4],"triggersremaining":[3199.0,3206.0,3275.0],"crcerrors":[0.0,0.0,0.0]}