{"datalatency":[76.871921],"sensoruptime":[47.98277777777778,46.98277777777778,47.98277777777778],"battvoltage":[13.12,12.292,12.274000000000001],"arrayvoltage":[15.725999999999999,13.425,18.448],"chargecurrent":[4.9910000000000005,0.35,9.011000000000001],"ledstate":[6.0,6.0,6.0],"loadpower":[22.055712999999997,24.065806,21.948113000000003],"batterytemp":[35.0,30.0,53.0],"triggerrate":[0.0,0.0,0.2],"triggersremaining":[7047.0,7047.0,7053.0],"crcerrors":[0.0,0.0,0.0]}