{"datalatency":[19.153559],"sensoruptime":[509.66277777777776,508.66583333333335,509.66277777777776],"battvoltage":[12.253,12.027000000000001,11.85],"arrayvoltage":[17.087,16.702,17.145],"chargecurrent":[3.31,1.6769999999999998,9.732999999999999],"ledstate":[8.0,8.0,8.0],"loadpower":[22.895646,23.3752,20.930414],"batterytemp":[34.0,32.0,51.0],"triggerrate":[0.0,0.0,2.4000000000000004],"triggersremaining":[11344.0,11345.0,11444.0],"crcerrors":[0.0,0.0,2.0]}