{"datalatency":[19.110969],"sensoruptime":[164.51694444444445,163.51694444444445,164.51694444444445],"battvoltage":[12.530999999999999,12.975999999999999,12.200999999999999],"arrayvoltage":[15.036,15.036,17.969],"chargecurrent":[1.4569999999999999,5.16,9.651],"ledstate":[6.0,6.0,6.0],"loadpower":[25.080545,22.984206,21.942296000000002],"batterytemp":[46.0,41.0,55.0],"triggerrate":[0.0,0.0,1.6],"triggersremaining":[6173.0,6174.0,6256.0],"crcerrors":[0.0,0.0,0.0]}