{"datalatency":[29.331432000000003],"sensoruptime":[19.018055555555556,18.018055555555556,null],"battvoltage":[13.052,13.434000000000001,12.07],"arrayvoltage":[16.116,15.558,18.872],"chargecurrent":[2.438,2.8819999999999997,10.158],"ledstate":[6.0,6.0,8.0],"loadpower":[24.538548,23.916287999999998,7.371546],"batterytemp":[46.0,49.0,50.0],"triggerrate":[0.0,0.0,null],"triggersremaining":[22430.0,22430.0,null],"crcerrors":[null,null,0.0]}