{"datalatency":[17.151713],"sensoruptime":[168.87833333333333,167.88111111111112,168.87833333333333],"battvoltage":[11.911,11.835,11.795],"arrayvoltage":[16.168,15.729000000000001,17.245],"chargecurrent":[1.6059999999999999,0.597,12.144],"ledstate":[8.0,8.0,8.0],"loadpower":[22.401651000000005,23.224292999999996,21.472317999999998],"batterytemp":[35.0,33.0,51.0],"triggerrate":[0.0,0.0,8.4],"triggersremaining":[12701.0,12702.0,12944.0],"crcerrors":[0.0,0.0,2.0]}