{"datalatency":[17.430301],"sensoruptime":[7.338888888888889,6.339166666666666,null],"battvoltage":[12.811,13.62,12.488],"arrayvoltage":[18.555,18.674,19.229],"chargecurrent":[1.42,5.426,8.175],"ledstate":[4.0,5.0,6.0],"loadpower":[24.04255,23.1021,6.0236],"batterytemp":[54.0,47.0,54.0],"triggerrate":[0.0,0.0,null],"triggersremaining":[7062.0,7064.0,null],"crcerrors":[0.0,0.0,0.0]}