{"datalatency":[17.286765000000003],"sensoruptime":[172.87777777777777,171.87777777777777,172.87777777777777],"battvoltage":[12.677,12.17,11.795],"arrayvoltage":[15.332,16.797,17.245],"chargecurrent":[8.67,1.8769999999999998,12.144],"ledstate":[8.0,8.0,8.0],"loadpower":[22.898244,23.613215999999998,21.472317999999998],"batterytemp":[50.0,47.0,51.0],"triggerrate":[0.0,0.0,8.4],"triggersremaining":[12700.0,12701.0,12927.0],"crcerrors":[0.0,0.0,2.0]}