{"datalatency":[49.578429],"sensoruptime":[null,null,null],"battvoltage":[12.613,12.555,12.488],"arrayvoltage":[15.14,13.513,20.914],"chargecurrent":[0.473,0.09699999999999999,4.172],"ledstate":[6.0,6.0,6.0],"loadpower":[7.87821,7.389593999999999,5.666772999999999],"batterytemp":[30.0,29.0,46.0],"triggerrate":[null,null,null],"triggersremaining":[null,null,null],"crcerrors":[null,null,null]}