{"datalatency":[8.822445],"sensoruptime":[112.08083333333333,111.0975,112.08083333333333],"battvoltage":[12.299000000000001,12.335,12.03],"arrayvoltage":[1.114,1.074,41.65],"chargecurrent":[0.0,0.0,11.832],"chargestate":[3.0,3.0,6.0],"loadpower":[14.255415999999999,14.301896,8.207364000000002],"batterytemp":[21.0,21.0,32.0],"triggerrate":[0.0,0.2,0.6],"triggersremaining":[21480.0,21490.0,21575.0],"crcerrors":[0.0,0.0,0.0]}