{"datalatency":[14.503670000000001],"sensoruptime":[44.44305555555555,43.44305555555555,44.44305555555555],"battvoltage":[11.682,11.74,11.652000000000001],"arrayvoltage":[0.0,0.0,17.334],"chargecurrent":[0.005,0.002,11.398],"chargestate":[3.0,3.0,6.0],"loadpower":[23.316660000000002,23.214981,21.713829000000004],"batterytemp":[25.0,25.0,52.0],"triggerrate":[0.0,0.0,6.0],"triggersremaining":[20760.0,20761.0,21171.0],"crcerrors":[0.0,0.0,1.0]}