{"datalatency":[37.642107],"sensoruptime":[0.7766666666666666,null,9.396944444444445],"battvoltage":[12.399000000000001,12.796,10.477],"arrayvoltage":[33.694,31.009,43.448],"chargecurrent":[1.256,0.292,5.0760000000000005],"chargestate":[5.0,5.0,8.0],"loadpower":[13.643448000000003,0.0,0.0],"batterytemp":[11.0,8.0,26.0],"triggerrate":[0.0,0.0,19.2],"triggersremaining":[11440.0,null,11664.0],"crcerrors":[0.0,0.0,0.0]}