{"datalatency":[19.248337000000003],"sensoruptime":[513.9952777777778,512.9955555555556,513.9952777777778],"battvoltage":[11.835,11.911,11.819],"arrayvoltage":[13.138,16.070999999999998,17.145],"chargecurrent":[0.15,0.725,3.602],"ledstate":[8.0,8.0,8.0],"loadpower":[23.566934999999997,23.291076000000004,21.980286000000003],"batterytemp":[30.0,32.0,42.0],"triggerrate":[0.0,0.0,2.4000000000000004],"triggersremaining":[11323.0,11326.0,11435.0],"crcerrors":[0.0,0.0,2.0]}