{"datalatency":[7.982556000000001],"sensoruptime":[54.26138888888889,53.278333333333336,54.26138888888889],"battvoltage":[14.087,14.084000000000001,11.645999999999999],"arrayvoltage":[40.683,39.777,42.035],"chargecurrent":[3.2539999999999996,5.119,11.615],"chargestate":[6.0,6.0,6.0],"loadpower":[10.95546,9.3744,9.041284000000001],"batterytemp":[32.0,32.0,34.0],"triggerrate":[0.0,0.0,0.4],"triggersremaining":[18410.0,18410.0,18419.0],"crcerrors":[0.0,0.0,0.0]}