{"datalatency":[18.065197],"sensoruptime":[49.3675,48.367777777777775,49.3675],"battvoltage":[13.382,13.382,12.216],"arrayvoltage":[16.867,17.053,17.917],"chargecurrent":[5.336,5.712999999999999,9.262],"ledstate":[5.0,5.0,6.0],"loadpower":[22.984643,22.731772000000003,21.796613999999998],"batterytemp":[55.0,55.0,55.0],"triggerrate":[0.0,0.0,0.2],"triggersremaining":[6320.0,6320.0,6326.0],"crcerrors":[0.0,0.0,0.0]}