{"datalatency":[8.311672],"sensoruptime":[0.45222222222222225,null,114.10888888888888],"battvoltage":[12.445,12.097000000000001,11.469000000000001],"arrayvoltage":[35.4,32.523,35.4],"chargecurrent":[3.609,1.486,6.4239999999999995],"chargestate":[5.0,5.0,5.0],"loadpower":[10.166407999999999,0.0,0.0],"batterytemp":[25.0,20.0,25.0],"triggerrate":[0.0,null,0.6],"triggersremaining":[21930.0,null,21955.0],"crcerrors":[0.0,0.0,0.0]}