{"datalatency":[15.144919000000002],"sensoruptime":[113.88694444444444,112.88722222222222,113.88694444444444],"battvoltage":[12.177,12.177,12.057],"arrayvoltage":[0.0,0.092,17.825],"chargecurrent":[0.005,0.002,10.327],"ledstate":[6.0,6.0,8.0],"loadpower":[23.734496,23.513012000000003,21.192338],"batterytemp":[30.0,30.0,54.0],"triggerrate":[0.0,0.0,1.2000000000000002],"triggersremaining":[13079.0,13079.0,13087.0],"crcerrors":[0.0,0.0,2.0]}