{"datalatency":[17.956352000000003],"sensoruptime":[26.5375,25.538055555555555,26.5375],"battvoltage":[13.280999999999999,12.674000000000001,12.14],"arrayvoltage":[15.378,15.094000000000001,17.526],"chargecurrent":[4.904,1.085,9.245],"ledstate":[6.0,6.0,6.0],"loadpower":[23.010448000000004,24.246862,22.116975999999998],"batterytemp":[54.0,52.0,55.0],"triggerrate":[0.0,0.0,0.2],"triggersremaining":[6326.0,6326.0,6334.0],"crcerrors":[0.0,0.0,0.0]}