{"datalatency":[8.009655],"sensoruptime":[null,null,null],"battvoltage":[12.527000000000001,12.534,11.319],"arrayvoltage":[0.9059999999999999,0.922,42.471000000000004],"chargecurrent":[0.0,0.0,5.733],"chargestate":[3.0,3.0,6.0],"loadpower":[0.0,0.0,0.0],"batterytemp":[7.0,8.0,28.0],"triggerrate":[null,null,0.5],"triggersremaining":[null,null,null],"crcerrors":[0.0,null,0.0]}