{"datalatency":[16.888719000000002],"sensoruptime":[4.683333333333334,3.6863888888888887,null],"battvoltage":[13.585999999999999,12.195,11.31],"arrayvoltage":[15.579,16.553,19.531],"chargecurrent":[5.329,2.425,12.99],"ledstate":[6.0,6.0,11.0],"loadpower":[26.58274,26.734370000000002,0.0],"batterytemp":[39.0,32.0,41.0],"triggerrate":[0.0,0.0,null],"triggersremaining":[14572.0,14574.0,null],"crcerrors":[0.0,0.0,0.0]}