{"datalatency":[8.482259],"sensoruptime":[30.92527777777778,29.92527777777778,30.92527777777778],"battvoltage":[13.84,14.029000000000002,12.112],"arrayvoltage":[36.227,38.266,41.489],"chargecurrent":[3.003,3.503,11.902999999999999],"chargestate":[5.0,6.0,6.0],"loadpower":[9.975166999999999,9.727075999999999,9.02565],"batterytemp":[32.0,34.0,35.0],"triggerrate":[0.0,0.0,1.0],"triggersremaining":[21654.0,21654.0,21723.0],"crcerrors":[0.0,0.0,0.0]}