{"datalatency":[68.011013],"sensoruptime":[42.483333333333334,41.48361111111111,42.483333333333334],"battvoltage":[12.329,12.369000000000002,12.308],"arrayvoltage":[0.0,0.0,18.448],"chargecurrent":[0.002,0.005,9.011000000000001],"ledstate":[6.0,6.0,6.0],"loadpower":[23.119009,22.965420000000005,21.981199999999998],"batterytemp":[28.0,28.0,53.0],"triggerrate":[0.0,0.0,0.2],"triggersremaining":[7048.0,7048.0,7055.0],"crcerrors":[0.0,0.0,0.0]}