{"datalatency":[11.581999000000001],"sensoruptime":[14.901944444444444,13.905,null],"battvoltage":[12.177,12.177,11.264000000000001],"arrayvoltage":[0.107,0.107,19.733],"chargecurrent":[0.005,0.002,9.152999999999999],"ledstate":[6.0,6.0,11.0],"loadpower":[23.558401999999997,26.359388000000003,0.0],"batterytemp":[30.0,30.0,53.0],"triggerrate":[0.0,0.0,null],"triggersremaining":[13516.0,13516.0,null],"crcerrors":[0.0,0.0,2.0]}