{"datalatency":[7.663483],"sensoruptime":[218.73111111111112,217.73111111111112,218.73111111111112],"battvoltage":[12.335,12.145999999999999,12.097000000000001],"arrayvoltage":[33.398,31.206999999999997,41.711000000000006],"chargecurrent":[1.541,0.995,3.58],"chargestate":[5.0,5.0,6.0],"loadpower":[13.588574,13.356252000000001,9.02565],"batterytemp":[16.0,14.0,32.0],"triggerrate":[0.4,0.0,0.8],"triggersremaining":[20282.0,20288.0,20353.0],"crcerrors":[0.0,0.0,0.0]}