{"datalatency":[8.577249],"sensoruptime":[57.92138888888889,56.93833333333333,57.92138888888889],"battvoltage":[12.567,12.604000000000001,12.18],"arrayvoltage":[0.555,1.208,40.146],"chargecurrent":[0.0,0.0,10.228],"chargestate":[3.0,3.0,6.0],"loadpower":[13.903533000000001,13.754862000000001,8.80245],"batterytemp":[20.0,22.0,34.0],"triggerrate":[0.0,0.0,0.2],"triggersremaining":[21645.0,21645.0,21653.0],"crcerrors":[0.0,0.0,0.0]}