{"datalatency":[26.952328],"sensoruptime":[56.845555555555556,55.84583333333333,56.845555555555556],"battvoltage":[11.722000000000001,11.645999999999999,11.639000000000001],"arrayvoltage":[16.705,16.168,17.78],"chargecurrent":[1.268,0.379,7.774],"ledstate":[10.0,10.0,10.0],"loadpower":[24.051869999999997,23.579008999999996,22.552155],"batterytemp":[28.0,26.0,40.0],"triggerrate":[0.0,0.0,7.200004464002768],"triggersremaining":[22178.0,22179.0,22426.0],"crcerrors":[null,null,0.0]}