{"datalatency":[37.727427000000006],"sensoruptime":[0.009166666666666667,2.2455555555555557,9.396944444444445],"battvoltage":[13.785,14.401,10.477],"arrayvoltage":[41.388000000000005,42.032,43.57899999999999],"chargecurrent":[1.875,2.404,2.897],"chargestate":[7.0,6.0,7.0],"loadpower":[15.14555,20.34252,0.0],"batterytemp":[22.0,21.0,26.0],"triggerrate":[0.0,58.0,58.6],"triggersremaining":[0.0,1381.0,11614.0],"crcerrors":[23.0,13.0,20.0]}