{"datalatency":[38.027779],"sensoruptime":[null,0.1825,1.1758333333333333],"battvoltage":[12.1,11.645999999999999,10.26],"arrayvoltage":[32.574,31.5,41.495],"chargecurrent":[0.391,0.858,2.546],"chargestate":[5.0,5.0,7.0],"loadpower":[14.070658000000002,13.631421999999999,0.0],"batterytemp":[18.0,18.0,23.0],"triggerrate":[0.0,0.0,0.0],"triggersremaining":[null,0.0,0.0],"crcerrors":[6.0,0.0,1.0]}