{"datalatency":[18.655922],"sensoruptime":[212.37194444444444,211.37472222222223,212.37194444444444],"battvoltage":[12.027000000000001,12.042,11.800999999999998],"arrayvoltage":[0.0,0.0,18.445],"chargecurrent":[0.005,0.005,8.948],"ledstate":[8.0,8.0,8.0],"loadpower":[23.584135999999997,23.507483999999998,21.692814],"batterytemp":[23.0,23.0,51.0],"triggerrate":[0.0,0.0,1.2000000000000002],"triggersremaining":[12684.0,12685.0,12690.0],"crcerrors":[0.0,0.0,2.0]}