{"datalatency":[8.068798000000001],"sensoruptime":[77.08055555555555,76.08083333333333,77.08055555555555],"battvoltage":[12.130999999999998,12.145999999999999,12.106],"arrayvoltage":[0.812,10.455,35.016],"chargecurrent":[0.0,0.0,2.8360000000000003],"chargestate":[3.0,3.0,5.0],"loadpower":[14.07763,14.07763,13.31694],"batterytemp":[11.0,11.0,20.0],"triggerrate":[0.0,0.0,4.4],"triggersremaining":[22062.0,22071.0,22207.0],"crcerrors":[0.0,0.0,0.0]}