{"datalatency":[8.583916],"sensoruptime":[33.09166666666667,32.108333333333334,33.09166666666667],"battvoltage":[12.604000000000001,12.645999999999999,12.112],"arrayvoltage":[0.626,23.987,41.489],"chargecurrent":[0.0,0.034,11.902999999999999],"chargestate":[3.0,5.0,6.0],"loadpower":[13.704570000000002,13.813800000000002,9.02565],"batterytemp":[21.0,24.0,35.0],"triggerrate":[0.0,0.0,1.0],"triggersremaining":[21653.0,21653.0,21708.0],"crcerrors":[0.0,0.0,0.0]}