{"datalatency":[7.041302000000001],"sensoruptime":[153.0738888888889,152.09055555555557,153.0738888888889],"battvoltage":[12.567,12.717,11.868],"arrayvoltage":[0.955,35.211,42.465],"chargecurrent":[0.0,0.478,15.0],"chargestate":[3.0,5.0,6.0],"loadpower":[13.753089000000001,13.896792,8.596613999999999],"batterytemp":[14.0,19.0,33.0],"triggerrate":[0.0,0.0,6.4],"triggersremaining":[20402.0,20409.0,21021.0],"crcerrors":[0.0,0.0,0.0]}