{"datalatency":[10.558915],"sensoruptime":[14.04861111111111,13.051666666666666,20.196666666666665],"battvoltage":[11.6,11.682,11.224],"arrayvoltage":[0.128,0.107,19.736],"chargecurrent":[0.002,0.005,8.165],"ledstate":[10.0,10.0,11.0],"loadpower":[23.804368,23.607936000000002,0.0],"batterytemp":[28.0,29.0,50.0],"triggerrate":[0.0,0.0,1.2000000000000002],"triggersremaining":[14556.0,14556.0,14561.0],"crcerrors":[0.0,0.0,0.0]}