{"datalatency":[7.958227000000001],"sensoruptime":[17.433611111111112,16.433611111111112,31.859444444444446],"battvoltage":[11.685,11.716,11.465],"arrayvoltage":[0.6809999999999999,0.69,42.996],"chargecurrent":[0.0,0.0,15.002],"chargestate":[3.0,3.0,6.0],"loadpower":[13.569912,13.611816000000003,0.0],"batterytemp":[2.0,3.0,28.0],"triggerrate":[0.0,0.0,1.0],"triggersremaining":[18425.0,18425.0,18463.0],"crcerrors":[0.0,0.0,4.0]}