{"datalatency":[25.626964],"sensoruptime":[null,null,null],"battvoltage":[13.727,13.665999999999999,12.491],"arrayvoltage":[41.388000000000005,40.738,43.881],"chargecurrent":[1.527,1.469,2.781],"chargestate":[7.0,7.0,8.0],"loadpower":[0.0,0.0,0.0],"batterytemp":[24.0,26.0,26.0],"triggerrate":[null,null,null],"triggersremaining":[null,null,null],"crcerrors":[0.0,null,0.0]}