{"datalatency":[8.485534000000001],"sensoruptime":[15.094166666666666,14.110833333333334,15.094166666666666],"battvoltage":[12.344000000000001,12.375,11.478],"arrayvoltage":[0.601,0.601,38.565],"chargecurrent":[0.0,0.0,15.0],"chargestate":[3.0,3.0,6.0],"loadpower":[13.735727999999998,13.775904,0.0],"batterytemp":[13.0,14.0,41.0],"triggerrate":[0.0,0.0,1.2],"triggersremaining":[21670.0,21670.0,21798.0],"crcerrors":[0.0,0.0,0.0]}