{"datalatency":[20.11747],"sensoruptime":[315.155,314.1719444444444,315.155],"battvoltage":[12.225,12.445,11.987],"arrayvoltage":[14.940999999999999,15.378,18.167],"chargecurrent":[0.705,1.838,9.62],"ledstate":[6.0,6.0,8.0],"loadpower":[24.53004,23.806953,22.125905999999997],"batterytemp":[42.0,47.0,55.0],"triggerrate":[4.4,0.6,4.4],"triggersremaining":[2966.0,3048.0,3270.0],"crcerrors":[0.0,0.0,0.0]}