{"datalatency":[8.742554],"sensoruptime":[105.74833333333333,104.765,105.74833333333333],"battvoltage":[12.491,12.527000000000001,12.03],"arrayvoltage":[0.97,1.291,41.65],"chargecurrent":[0.002,0.0,11.832],"chargestate":[3.0,3.0,6.0],"loadpower":[14.391300000000001,13.884167,8.207364000000002],"batterytemp":[21.0,21.0,32.0],"triggerrate":[0.0,0.0,0.6],"triggersremaining":[21501.0,21502.0,21603.0],"crcerrors":[0.0,0.0,0.0]}