{"datalatency":[19.429526000000003],"sensoruptime":[521.8275,520.8275,521.8275],"battvoltage":[11.682,11.703,11.682],"arrayvoltage":[0.0,0.021,17.145],"chargecurrent":[0.002,0.002,3.602],"ledstate":[8.0,8.0,8.0],"loadpower":[23.316660000000002,24.051869999999997,21.980286000000003],"batterytemp":[28.0,28.0,37.0],"triggerrate":[0.0,0.0,3.6],"triggersremaining":[11312.0,11312.0,11430.0],"crcerrors":[0.0,0.0,2.0]}