{"datalatency":[18.173777],"sensoruptime":[196.54083333333332,195.5438888888889,196.54083333333332],"battvoltage":[12.863,12.759,11.800999999999998],"arrayvoltage":[15.725999999999999,15.872,18.445],"chargecurrent":[8.839,8.446,11.195],"ledstate":[8.0,8.0,8.0],"loadpower":[23.00113,22.234198,21.692814],"batterytemp":[45.0,41.0,53.0],"triggerrate":[0.0,0.0,1.2000000000000002],"triggersremaining":[12688.0,12689.0,12700.0],"crcerrors":[0.0,0.0,2.0]}