{"datalatency":[8.382657],"sensoruptime":[9.095,8.095277777777778,11.467222222222222],"battvoltage":[12.564,12.604000000000001,11.478],"arrayvoltage":[0.763,30.618000000000002,38.565],"chargecurrent":[0.0,0.063,15.0],"chargestate":[3.0,5.0,6.0],"loadpower":[13.690404000000003,13.792581,0.0],"batterytemp":[21.0,25.0,41.0],"triggerrate":[0.4,0.4,1.6],"triggersremaining":[21708.0,21716.0,21914.0],"crcerrors":[0.0,0.0,0.0]}