{"datalatency":[20.335131],"sensoruptime":[7.435833333333333,6.4525,329.74861111111113],"battvoltage":[12.253,12.292,11.911],"arrayvoltage":[12.869000000000002,15.915,17.825],"chargecurrent":[0.012,0.449,9.615],"ledstate":[6.0,6.0,8.0],"loadpower":[23.80291,23.7004,5.735975000000001],"batterytemp":[39.0,48.0,57.0],"triggerrate":[0.0,1.0,6.2],"triggersremaining":[1876.0,1881.0,2206.0],"crcerrors":[0.0,0.0,0.0]}