{"datalatency":[8.752641],"sensoruptime":[24.378888888888888,23.379166666666666,24.378888888888888],"battvoltage":[12.177,12.216,12.054],"arrayvoltage":[16.553,16.702,18.340999999999998],"chargecurrent":[1.59,1.9569999999999999,9.9],"ledstate":[8.0,8.0,8.0],"loadpower":[24.353024,24.182032000000007,21.60339],"batterytemp":[34.0,33.0,52.0],"triggerrate":[0.0,0.0,1.2000000000000002],"triggersremaining":[14660.0,14661.0,14672.0],"crcerrors":[0.0,0.0,0.0]}