{"datalatency":[20.435214000000002],"sensoruptime":[264.3644444444444,263.3644444444444,264.3644444444444],"battvoltage":[12.134,12.130999999999998,12.097000000000001],"arrayvoltage":[16.019000000000002,14.008,18.073],"chargecurrent":[0.389,0.244,9.937999999999999],"ledstate":[6.0,6.0,8.0],"loadpower":[22.668256,23.716655999999997,21.323016],"batterytemp":[26.0,24.0,55.0],"triggerrate":[0.0,0.0,1.2000000000000002],"triggersremaining":[12668.0,12670.0,12676.0],"crcerrors":[0.0,0.0,2.0]}