{"datalatency":[77.645069],"sensoruptime":[56.14805555555556,55.165,56.14805555555556],"battvoltage":[13.321,13.434000000000001,12.274000000000001],"arrayvoltage":[15.677,17.910999999999998,18.410999999999998],"chargecurrent":[3.085,3.5780000000000003,7.945],"ledstate":[6.0,5.0,6.0],"loadpower":[23.146368,23.252215999999997,21.948113000000003],"batterytemp":[53.0,53.0,55.0],"triggerrate":[0.0,0.0,0.2],"triggersremaining":[7043.0,7045.0,7050.0],"crcerrors":[0.0,0.0,0.0]}