{"datalatency":[17.109774],"sensoruptime":[null,null,null],"battvoltage":[12.505999999999998,12.520999999999999,12.18],"arrayvoltage":[0.064,0.107,19.625999999999998],"chargecurrent":[0.005,0.005,5.361000000000001],"chargestate":[3.0,3.0,6.0],"loadpower":[5.575431,7.167656999999999,4.102919999999999],"batterytemp":[18.0,18.0,45.0],"triggerrate":[null,null,null],"triggersremaining":[null,null,null],"crcerrors":[null,null,null]}