{"datalatency":[7.352863],"sensoruptime":[null,null,18.859444444444446],"battvoltage":[12.027000000000001,12.048,11.456],"arrayvoltage":[0.0,0.0,17.825],"chargecurrent":[0.005,0.005,11.344000000000001],"chargestate":[3.0,3.0,6.0],"loadpower":[8.096088,8.529983999999999,0.0],"batterytemp":[24.0,24.0,47.0],"triggerrate":[null,null,1.2000000000000002],"triggersremaining":[null,null,22151.0],"crcerrors":[null,null,0.0]}