{"datalatency":[17.876702],"sensoruptime":[190.54166666666666,189.54194444444445,190.54166666666666],"battvoltage":[11.844000000000001,11.859000000000002,11.798],"arrayvoltage":[13.62,12.64,17.38],"chargecurrent":[0.159,0.036000000000000004,11.315],"ledstate":[8.0,8.0,8.0],"loadpower":[23.764229999999998,25.218459,21.720450999999997],"batterytemp":[24.0,24.0,53.0],"triggerrate":[0.0,0.0,1.2000000000000002],"triggersremaining":[12690.0,12690.0,12702.0],"crcerrors":[0.0,0.0,2.0]}