{"datalatency":[19.846053],"sensoruptime":[null,null,null],"battvoltage":[11.728,11.767999999999999,11.572000000000001],"arrayvoltage":[12.332,12.885,19.342],"chargecurrent":[0.006999999999999999,0.08900000000000001,5.67],"chargestate":[5.0,5.0,6.0],"loadpower":[8.773037,9.760925999999998,6.509968999999999],"batterytemp":[21.0,24.0,27.0],"triggerrate":[null,null,null],"triggersremaining":[null,null,null],"crcerrors":[null,null,null]}