{"datalatency":[9.726752000000001],"sensoruptime":[4.8838888888888885,3.8841666666666668,20.196666666666665],"battvoltage":[13.129000000000001,13.663,11.224],"arrayvoltage":[16.217,18.340999999999998,19.736],"chargecurrent":[2.45,5.332000000000001,8.165],"ledstate":[6.0,5.0,11.0],"loadpower":[25.864269,25.687683999999997,0.0],"batterytemp":[44.0,46.0,49.0],"triggerrate":[0.0,0.0,1.2000000000000002],"triggersremaining":[14558.0,14559.0,14563.0],"crcerrors":[0.0,0.0,0.0]}