{"datalatency":[25.064223000000002],"sensoruptime":[10.8525,9.855555555555556,31.89388888888889],"battvoltage":[12.787,12.097000000000001,12.07],"arrayvoltage":[16.553,16.608,18.692],"chargecurrent":[5.196000000000001,0.51,11.344000000000001],"ledstate":[8.0,8.0,8.0],"loadpower":[23.338924000000002,25.004574,7.371546],"batterytemp":[32.0,27.0,48.0],"triggerrate":[0.0,0.0,16.800115584795222],"triggersremaining":[22432.0,22432.0,22488.0],"crcerrors":[null,null,0.0]}