{"datalatency":[8.0374],"sensoruptime":[53.92805555555555,52.928333333333335,53.92805555555555],"battvoltage":[14.084000000000001,14.084000000000001,11.645999999999999],"arrayvoltage":[39.760999999999996,39.760999999999996,42.148],"chargecurrent":[4.418,5.257000000000001,11.615],"chargestate":[6.0,6.0,6.0],"loadpower":[9.0954,9.13725,9.041284000000001],"batterytemp":[32.0,32.0,34.0],"triggerrate":[0.0,0.0,0.4],"triggersremaining":[18410.0,18410.0,18419.0],"crcerrors":[0.0,0.0,0.0]}