{"datalatency":[15.611687000000002],"sensoruptime":[0.08166666666666667,null,7.133055555555556],"battvoltage":[13.852,13.776,11.328],"arrayvoltage":[17.05,16.891,19.949],"chargecurrent":[7.287999999999999,7.247000000000001,12.057],"ledstate":[5.0,6.0,10.0],"loadpower":[22.804245,7.0297600000000005,5.908896],"batterytemp":[40.0,33.0,50.0],"triggerrate":[0.0,null,1.2000000000000002],"triggersremaining":[14570.0,null,14572.0],"crcerrors":[0.0,0.0,0.0]}