{"datalatency":[10.815068],"sensoruptime":[38.946666666666665,37.949444444444445,38.946666666666665],"battvoltage":[11.950999999999999,11.987,11.652000000000001],"arrayvoltage":[0.107,0.107,17.334],"chargecurrent":[0.002,0.002,11.398],"chargestate":[3.0,3.0,6.0],"loadpower":[24.065844,23.291375,21.713829000000004],"batterytemp":[28.0,30.0,52.0],"triggerrate":[1.2000000000000002,2.4000000000000004,6.0],"triggersremaining":[20781.0,20828.0,21180.0],"crcerrors":[6.0,0.0,1.0]}