{"datalatency":[12.381753000000002],"sensoruptime":[313.0263888888889,312.02666666666664,313.0263888888889],"battvoltage":[12.289000000000001,12.299000000000001,12.21],"arrayvoltage":[16.409000000000002,16.455,18.463],"chargecurrent":[0.609,0.7490000000000001,9.376],"ledstate":[6.0,6.0,6.0],"loadpower":[22.511748,22.630114,21.533700000000003],"batterytemp":[26.0,25.0,50.0],"triggerrate":[0.0,0.0,1.2000000000000002],"triggersremaining":[12628.0,12628.0,12639.0],"crcerrors":[0.0,0.0,2.0]}