{"datalatency":[8.778735000000001],"sensoruptime":[108.58111111111111,107.59805555555556,108.58111111111111],"battvoltage":[12.415,12.445,12.03],"arrayvoltage":[1.111,1.19,41.65],"chargecurrent":[0.0,0.0,11.832],"chargestate":[3.0,3.0,6.0],"loadpower":[13.610016,14.408359999999998,8.207364000000002],"batterytemp":[20.0,21.0,32.0],"triggerrate":[0.0,0.0,0.6],"triggersremaining":[21499.0,21501.0,21595.0],"crcerrors":[0.0,0.0,0.0]}