{"datalatency":[22.440317],"sensoruptime":[41.348055555555554,40.350833333333334,41.348055555555554],"battvoltage":[12.125,12.292,12.064],"arrayvoltage":[16.266,16.605,18.546],"chargecurrent":[0.785,1.744,7.774],"ledstate":[8.0,8.0,8.0],"loadpower":[23.361255,23.686335,22.625028],"batterytemp":[33.0,34.0,49.0],"triggerrate":[0.0,0.0,2.4000255842727283],"triggersremaining":[22324.0,22336.0,22430.0],"crcerrors":[null,null,0.0]}