{"datalatency":[26.012779000000002],"sensoruptime":[null,null,null],"battvoltage":[12.604000000000001,12.607000000000001,11.99],"arrayvoltage":[13.217,1.288,42.218],"chargecurrent":[0.0,0.0,2.839],"chargestate":[5.0,3.0,7.0],"loadpower":[0.0,0.0,0.0],"batterytemp":[8.0,9.0,32.0],"triggerrate":[null,null,null],"triggersremaining":[null,null,null],"crcerrors":[1.0,null,3.0]}