{"datalatency":[14.727704000000001],"sensoruptime":[385.0161111111111,384.0163888888889,385.0161111111111],"battvoltage":[12.085,12.064,12.027000000000001],"arrayvoltage":[16.269000000000002,16.455,17.78],"chargecurrent":[0.79,0.529,10.61],"ledstate":[8.0,8.0,8.0],"loadpower":[23.560893000000004,22.978956,20.806074],"batterytemp":[30.0,28.0,52.0],"triggerrate":[0.0,0.0,4.800000000000001],"triggersremaining":[12606.0,12606.0,12616.0],"crcerrors":[0.0,0.0,2.0]}