{"datalatency":[18.983523],"sensoruptime":[5.020277777777777,4.023055555555556,31.89388888888889],"battvoltage":[12.200999999999999,12.241,12.064],"arrayvoltage":[0.0,0.061,18.692],"chargecurrent":[0.002,0.005,11.344000000000001],"ledstate":[6.0,6.0,8.0],"loadpower":[24.473968000000003,25.298892000000002,7.371546],"batterytemp":[24.0,25.0,48.0],"triggerrate":[0.0,0.0,16.800115584795222],"triggersremaining":[22433.0,22434.0,22489.0],"crcerrors":[null,null,0.0]}