{"datalatency":[17.325828],"sensoruptime":[null,null,null],"battvoltage":[12.445,12.408,12.216],"arrayvoltage":[14.550999999999998,13.515999999999998,19.625999999999998],"chargecurrent":[0.21,0.08,5.361000000000001],"chargestate":[5.0,5.0,6.0],"loadpower":[6.258464999999999,6.283251,4.102919999999999],"batterytemp":[13.0,13.0,45.0],"triggerrate":[null,null,null],"triggersremaining":[null,null,null],"crcerrors":[null,null,null]}