{"datalatency":[16.545723000000002],"sensoruptime":[null,null,null],"battvoltage":[12.228,12.216,11.682],"arrayvoltage":[14.6,12.869000000000002,19.680999999999997],"chargecurrent":[0.179,0.01,9.955],"chargestate":[5.0,5.0,6.0],"loadpower":[5.307434999999999,6.16302,0.0],"batterytemp":[10.0,10.0,38.0],"triggerrate":[null,null,null],"triggersremaining":[null,null,null],"crcerrors":[null,null,null]}