{"datalatency":[8.109884000000001],"sensoruptime":[100.91055555555556,99.91083333333333,100.91055555555556],"battvoltage":[11.749,11.761,11.725],"arrayvoltage":[1.126,11.267000000000001,34.863],"chargecurrent":[0.0,0.0,1.423],"chargestate":[3.0,5.0,5.0],"loadpower":[14.292012000000001,13.658376000000004,12.790060000000002],"batterytemp":[13.0,13.0,16.0],"triggerrate":[0.0,0.0,0.8],"triggersremaining":[21952.0,21953.0,22062.0],"crcerrors":[0.0,0.0,0.0]}