{"datalatency":[37.599037],"sensoruptime":[2.881111111111111,1.881388888888889,5.173333333333333],"battvoltage":[14.465,13.245,10.287],"arrayvoltage":[41.605,34.521,43.448],"chargecurrent":[3.157,2.6839999999999997,5.0760000000000005],"chargestate":[8.0,5.0,8.0],"loadpower":[11.374704000000001,14.539510000000002,0.0],"batterytemp":[26.0,20.0,27.0],"triggerrate":[0.0,0.6,2.8],"triggersremaining":[11634.0,11654.0,11687.0],"crcerrors":[0.0,0.0,0.0]}