{"datalatency":[19.221029],"sensoruptime":[227.8697222222222,226.8697222222222,227.8697222222222],"battvoltage":[12.329,12.369000000000002,11.950999999999999],"arrayvoltage":[12.890999999999998,16.553,18.372],"chargecurrent":[0.006999999999999999,0.39399999999999996,8.75],"ledstate":[6.0,6.0,8.0],"loadpower":[23.808761,22.830192000000004,21.252608000000002],"batterytemp":[37.0,47.0,52.0],"triggerrate":[0.0,0.0,1.2000000000000002],"triggersremaining":[12681.0,12681.0,12687.0],"crcerrors":[0.0,0.0,2.0]}