{"datalatency":[8.152381],"sensoruptime":[65.58222222222223,64.58222222222223,65.58222222222223],"battvoltage":[12.222000000000001,12.231,12.115],"arrayvoltage":[2.408,0.647,42.861999999999995],"chargecurrent":[0.002,0.0,7.356],"chargestate":[3.0,3.0,6.0],"loadpower":[14.081760000000001,14.212421999999998,8.875646],"batterytemp":[13.0,13.0,30.0],"triggerrate":[0.0,0.0,0.8],"triggersremaining":[22151.0,22160.0,22216.0],"crcerrors":[0.0,0.0,0.0]}