{"datalatency":[8.703249000000001],"sensoruptime":[104.915,103.91527777777777,104.915],"battvoltage":[12.515,12.567,12.03],"arrayvoltage":[0.977,25.293000000000003,41.65],"chargecurrent":[0.0,0.121,11.832],"chargestate":[3.0,5.0,6.0],"loadpower":[13.859173,13.665330000000003,8.207364000000002],"batterytemp":[21.0,23.0,32.0],"triggerrate":[0.0,0.0,0.6],"triggersremaining":[21502.0,21506.0,21603.0],"crcerrors":[0.0,0.0,0.0]}