{"datalatency":[37.569149],"sensoruptime":[null,3.1919444444444443,null],"battvoltage":[12.341,10.88,10.287],"arrayvoltage":[2.8930000000000002,24.213,38.15],"chargecurrent":[0.0,0.063,3.1860000000000004],"chargestate":[3.0,5.0,6.0],"loadpower":[0.0,14.195326999999997,0.0],"batterytemp":[23.0,25.0,27.0],"triggerrate":[null,0.8,null],"triggersremaining":[null,11674.0,null],"crcerrors":[0.0,0.0,0.0]}