{"datalatency":[16.252444],"sensoruptime":[17.669444444444444,16.67222222222222,null],"battvoltage":[11.575,11.627,11.374],"arrayvoltage":[0.0,0.0,19.305],"chargecurrent":[0.005,0.002,7.371],"ledstate":[10.0,10.0,11.0],"loadpower":[23.379223999999997,23.2348,0.0],"batterytemp":[21.0,22.0,49.0],"triggerrate":[0.0,0.0,null],"triggersremaining":[14560.0,14560.0,null],"crcerrors":[0.0,0.0,0.0]}