{"datalatency":[13.341958],"sensoruptime":[null,152.2252777777778,152.8761111111111],"battvoltage":[11.645999999999999,11.545,11.453],"arrayvoltage":[9.137,16.357,18.973],"chargecurrent":[0.002,0.669,7.525],"chargestate":[3,5,6],"loadpower":[0.0,22.952475000000003,0.0],"batterytemp":[26,30,39],"triggerrate":[null,null,null],"triggersremaining":[null,14674.0,15572.0],"crcerrors":[null,null,0.0]}