{"datalatency":[8.424743000000001],"sensoruptime":[70.41972222222222,69.43666666666667,70.41972222222222],"battvoltage":[12.222000000000001,12.234000000000002,12.18],"arrayvoltage":[13.217,0.763,40.146],"chargecurrent":[0.0,0.0,10.228],"chargestate":[5.0,3.0,6.0],"loadpower":[14.167103999999998,14.090112000000001,8.80245],"batterytemp":[16.0,15.0,34.0],"triggerrate":[0.0,0.0,0.2],"triggersremaining":[21641.0,21641.0,21648.0],"crcerrors":[0.0,0.0,0.0]}