{"datalatency":[63.492882],"sensoruptime":[68.31305555555555,67.31305555555555,68.31305555555555],"battvoltage":[12.302,12.329,12.274000000000001],"arrayvoltage":[13.225999999999999,1.392,18.410999999999998],"chargecurrent":[0.07200000000000001,0.005,7.945],"ledstate":[6.0,6.0,6.0],"loadpower":[23.823199999999996,23.476202,21.948113000000003],"batterytemp":[28.0,28.0,55.0],"triggerrate":[0.4,0.2,0.8],"triggersremaining":[7016.0,7031.0,7047.0],"crcerrors":[0.0,0.0,0.0]}