{"datalatency":[9.210084],"sensoruptime":[3.338888888888889,2.339166666666667,6.051944444444445],"battvoltage":[13.739,13.776,11.285],"arrayvoltage":[18.03,17.56,19.949],"chargecurrent":[5.936,6.247000000000001,9.745],"ledstate":[5.0,5.0,11.0],"loadpower":[25.833368000000004,25.90148,0.0],"batterytemp":[43.0,42.0,51.0],"triggerrate":[0.0,0.0,1.2000000000000002],"triggersremaining":[14567.0,14567.0,14570.0],"crcerrors":[0.0,0.0,0.0]}