{"datalatency":[25.980649000000003],"sensoruptime":[2.537777777777778,1.5555555555555556,null],"battvoltage":[13.123,13.51,12.642999999999999],"arrayvoltage":[32.08,37.613,42.218],"chargecurrent":[1.6640000000000001,2.0869999999999997,2.839],"chargestate":[7.0,7.0,7.0],"loadpower":[16.84958,16.71174,0.0],"batterytemp":[28.0,31.0,32.0],"triggerrate":[14.8,10.8,null],"triggersremaining":[17206.0,18108.0,null],"crcerrors":[0.0,0.0,2.0]}