{"datalatency":[17.37424],"sensoruptime":[null,null,null],"battvoltage":[12.445,12.405,12.216],"arrayvoltage":[14.499,13.29,19.625999999999998],"chargecurrent":[0.193,0.046,5.361000000000001],"chargestate":[5.0,5.0,6.0],"loadpower":[6.258464999999999,6.704613,4.102919999999999],"batterytemp":[13.0,13.0,45.0],"triggerrate":[null,null,null],"triggersremaining":[null,null,null],"crcerrors":[null,null,null]}