{"datalatency":[19.333674000000002],"sensoruptime":[234.3686111111111,233.37166666666667,234.3686111111111],"battvoltage":[12.177,12.195,11.950999999999999],"arrayvoltage":[0.0,0.064,18.372],"chargecurrent":[0.002,0.005,8.75],"ledstate":[6.0,6.0,8.0],"loadpower":[23.519925,23.367044000000003,21.252608000000002],"batterytemp":[23.0,24.0,52.0],"triggerrate":[0.0,0.0,1.2000000000000002],"triggersremaining":[12678.0,12678.0,12685.0],"crcerrors":[0.0,0.0,2.0]}