{"datalatency":[20.768407],"sensoruptime":[17.982222222222223,16.982222222222223,null],"battvoltage":[12.14,12.177,12.14],"arrayvoltage":[0.0,0.024,20.032],"chargecurrent":[0.002,0.005,7.09],"chargestate":[3.0,3.0,7.0],"loadpower":[25.001497000000004,24.729256,11.041264],"batterytemp":[25.0,25.0,47.0],"triggerrate":[null,null,null],"triggersremaining":[22489.0,22489.0,null],"crcerrors":[null,null,0.0]}