{"datalatency":[61.12674200000001],"sensoruptime":[40.816944444444445,39.81722222222222,40.816944444444445],"battvoltage":[12.372,12.405,12.308],"arrayvoltage":[0.0,0.0,18.448],"chargecurrent":[0.005,0.005,9.011000000000001],"ledstate":[6.0,6.0,6.0],"loadpower":[23.107590000000002,23.112944999999996,21.981199999999998],"batterytemp":[29.0,30.0,53.0],"triggerrate":[0.0,0.0,0.2],"triggersremaining":[7048.0,7049.0,7055.0],"crcerrors":[0.0,0.0,0.0]}