{"datalatency":[37.79231],"sensoruptime":[null,null,3.008888888888889],"battvoltage":[12.759,12.439,10.460999999999999],"arrayvoltage":[25.875999999999998,13.065,43.57899999999999],"chargecurrent":[0.106,0.0,2.897],"chargestate":[5.0,5.0,7.0],"loadpower":[0.0,0.0,0.0],"batterytemp":[13.0,13.0,24.0],"triggerrate":[null,null,58.6],"triggersremaining":[null,null,11441.0],"crcerrors":[28.0,0.0,20.0]}