{"datalatency":[25.914043000000003],"sensoruptime":[null,null,null],"battvoltage":[13.071,14.444,12.491],"arrayvoltage":[28.909000000000002,33.361999999999995,43.881],"chargecurrent":[0.309,1.35,2.781],"chargestate":[5.0,6.0,7.0],"loadpower":[0.0,0.0,0.0],"batterytemp":[19.0,20.0,26.0],"triggerrate":[null,null,null],"triggersremaining":[null,null,null],"crcerrors":[0.0,null,0.0]}