{"datalatency":[13.996654000000001],"sensoruptime":[375.18416666666667,374.1872222222222,375.18416666666667],"battvoltage":[12.207,12.222000000000001,12.064],"arrayvoltage":[0.076,0.064,17.78],"chargecurrent":[0.002,0.005,10.61],"ledstate":[6.0,6.0,8.0],"loadpower":[23.950916000000003,23.67576,20.806074],"batterytemp":[26.0,28.0,52.0],"triggerrate":[0.0,0.0,4.800000000000001],"triggersremaining":[12609.0,12609.0,12619.0],"crcerrors":[0.0,0.0,2.0]}