{"datalatency":[15.777548000000001],"sensoruptime":[137.88361111111112,136.8838888888889,137.88361111111112],"battvoltage":[11.935,11.950999999999999,11.932],"arrayvoltage":[0.0,0.021,16.898],"chargecurrent":[0.005,0.002,10.972000000000001],"ledstate":[8.0,8.0,8.0],"loadpower":[23.655212000000006,23.989349999999998,21.720998],"batterytemp":[29.0,29.0,42.0],"triggerrate":[0.0,0.0,3.6],"triggersremaining":[12946.0,12946.0,13079.0],"crcerrors":[0.0,0.0,2.0]}