{"datalatency":[10.338309],"sensoruptime":[null,18.206944444444446,null],"battvoltage":[11.722000000000001,11.475,11.456],"arrayvoltage":[13.913,12.119000000000002,19.736],"chargecurrent":[0.198,0.01,12.392999999999999],"chargestate":[5.0,5.0,6.0],"loadpower":[0.0,24.849851999999995,0.0],"batterytemp":[22.0,21.0,44.0],"triggerrate":[null,0.0,null],"triggersremaining":[null,22150.0,null],"crcerrors":[0.0,null,0.0]}