{"datalatency":[15.448543],"sensoruptime":[19.54361111111111,18.54361111111111,null],"battvoltage":[12.07,12.106,12.067],"arrayvoltage":[7.352,0.0,18.439],"chargecurrent":[0.005,0.002,9.9],"ledstate":[8.0,6.0,8.0],"loadpower":[23.933285999999995,23.245224,5.933112000000001],"batterytemp":[28.0,28.0,52.0],"triggerrate":[0.0,0.0,null],"triggersremaining":[14662.0,14662.0,null],"crcerrors":[0.0,0.0,0.0]}