{"datalatency":[13.613782],"sensoruptime":[21.043333333333333,20.04611111111111,null],"battvoltage":[12.075999999999999,12.064,12.054],"arrayvoltage":[15.823,13.01,18.439],"chargecurrent":[0.5,0.08900000000000001,9.9],"ledstate":[8.0,8.0,8.0],"loadpower":[22.57875,24.451478999999996,5.933112000000001],"batterytemp":[29.0,28.0,52.0],"triggerrate":[0.0,0.0,null],"triggersremaining":[14661.0,14661.0,null],"crcerrors":[0.0,0.0,0.0]}