{"datalatency":[7.994731000000001],"sensoruptime":[9.09,8.106666666666667,null],"battvoltage":[12.317,12.335,12.317],"arrayvoltage":[0.598,0.586,44.162],"chargecurrent":[0.0,0.0,2.483],"chargestate":[3.0,3.0,7.0],"loadpower":[14.221844,13.883423999999998,0.0],"batterytemp":[4.0,5.0,19.0],"triggerrate":[0.0,0.2,null],"triggersremaining":[22356.0,22357.0,null],"crcerrors":[0.0,0.0,0.0]}