{"datalatency":[8.603576],"sensoruptime":[52.922222222222224,51.93888888888889,52.922222222222224],"battvoltage":[13.718,14.026,12.18],"arrayvoltage":[32.379,37.869,40.738],"chargecurrent":[2.7969999999999997,3.411,10.228],"chargestate":[5.0,6.0,6.0],"loadpower":[15.010774,9.324672,8.80245],"batterytemp":[32.0,34.0,35.0],"triggerrate":[0.0,0.0,0.2],"triggersremaining":[21646.0,21647.0,21654.0],"crcerrors":[0.0,0.0,0.0]}