{"datalatency":[8.172266],"sensoruptime":[1.9536111111111112,0.9536111111111111,null],"battvoltage":[11.911,11.923,10.944],"arrayvoltage":[0.9670000000000001,0.919,41.791000000000004],"chargecurrent":[0.0,0.0,2.923],"chargestate":[3.0,3.0,6.0],"loadpower":[13.836468000000002,13.830124,0.0],"batterytemp":[11.0,12.0,32.0],"triggerrate":[0.0,0.0,null],"triggersremaining":[18371.0,18371.0,null],"crcerrors":[0.0,0.0,0.0]}