{"datalatency":[7.471643],"sensoruptime":[1.9527777777777777,0.9555555555555556,null],"battvoltage":[11.835,11.841,11.807],"arrayvoltage":[12.765999999999998,12.439,17.825],"chargecurrent":[0.087,0.002,11.344000000000001],"chargestate":[5.0,5.0,6.0],"loadpower":[23.342122999999997,24.225327,0.0],"batterytemp":[23.0,25.0,47.0],"triggerrate":[1.2000000000000002,9.600000000000001,null],"triggersremaining":[21487.0,21716.0,null],"crcerrors":[0.0,0.0,0.0]}