{"datalatency":[8.510707],"sensoruptime":[13.594444444444445,12.61111111111111,13.594444444444445],"battvoltage":[12.392999999999999,12.427,11.478],"arrayvoltage":[0.601,0.604,38.565],"chargecurrent":[0.0,0.0,15.0],"chargestate":[3.0,3.0,6.0],"loadpower":[13.795776000000002,14.18655,0.0],"batterytemp":[14.0,16.0,41.0],"triggerrate":[0.2,0.0,1.4],"triggersremaining":[21672.0,21684.0,21832.0],"crcerrors":[0.0,0.0,0.0]}