{"datalatency":[8.237614],"sensoruptime":[89.24555555555555,88.2625,89.24555555555555],"battvoltage":[11.905,11.914000000000001,11.902000000000001],"arrayvoltage":[0.8059999999999999,0.763,35.016],"chargecurrent":[0.0,0.0,2.8360000000000003],"chargestate":[3.0,3.0,5.0],"loadpower":[13.812694,13.836468000000002,13.31694],"batterytemp":[11.0,11.0,20.0],"triggerrate":[0.0,0.0,4.4],"triggersremaining":[21967.0,21972.0,22154.0],"crcerrors":[0.0,0.0,0.0]}