{"datalatency":[9.949303],"sensoruptime":[6.5072222222222225,5.5072222222222225,14.684444444444445],"battvoltage":[13.623,13.715,11.425999999999998],"arrayvoltage":[19.077,19.092,19.327],"chargecurrent":[2.742,2.8510000000000004,7.486000000000001],"ledstate":[5.0,5.0,11.0],"loadpower":[25.714838,25.833368000000004,0.0],"batterytemp":[47.0,44.0,51.0],"triggerrate":[0.0,0.0,1.2000000000000002],"triggersremaining":[14563.0,14563.0,14566.0],"crcerrors":[0.0,0.0,0.0]}