{"datalatency":[37.740621000000004],"sensoruptime":[null,null,null],"battvoltage":[12.475999999999999,12.488,10.477],"arrayvoltage":[0.6409999999999999,0.8540000000000001,43.57899999999999],"chargecurrent":[0.0,0.0,2.897],"chargestate":[3.0,3.0,7.0],"loadpower":[0.0,0.0,0.0],"batterytemp":[13.0,13.0,24.0],"triggerrate":[null,null,null],"triggersremaining":[null,null,null],"crcerrors":[28.0,null,20.0]}