{"datalatency":[7.541676000000001],"sensoruptime":[185.73555555555555,184.7525,185.73555555555555],"battvoltage":[12.283,12.308,12.183],"arrayvoltage":[0.65,0.6409999999999999,43.121],"chargecurrent":[0.0,0.0,10.794],"chargestate":[3.0,3.0,6.0],"loadpower":[14.194075999999999,14.186865,8.98432],"batterytemp":[5.0,7.0,29.0],"triggerrate":[0.0,0.2,0.4],"triggersremaining":[20359.0,20361.0,20376.0],"crcerrors":[0.0,0.0,0.0]}