{"datalatency":[8.213667000000001],"sensoruptime":[7.4511111111111115,6.468055555555556,114.10888888888888],"battvoltage":[11.725,11.761,11.469000000000001],"arrayvoltage":[0.7290000000000001,0.735,35.4],"chargecurrent":[0.0,0.0,6.643],"chargestate":[3.0,3.0,5.0],"loadpower":[13.670286,13.658376000000004,0.0],"batterytemp":[18.0,18.0,27.0],"triggerrate":[0.4,0.0,0.8],"triggersremaining":[21897.0,21905.0,21943.0],"crcerrors":[0.0,0.0,0.0]}