{"datalatency":[7.6035140000000006],"sensoruptime":[179.73638888888888,178.73666666666668,179.73638888888888],"battvoltage":[12.491,12.527000000000001,12.183],"arrayvoltage":[0.644,0.6409999999999999,43.121],"chargecurrent":[0.0,0.0,10.794],"chargestate":[3.0,3.0,6.0],"loadpower":[13.606320000000002,13.646724,8.98432],"batterytemp":[9.0,11.0,29.0],"triggerrate":[0.0,0.0,0.6],"triggersremaining":[20364.0,20364.0,20398.0],"crcerrors":[0.0,0.0,0.0]}