{"datalatency":[4.151497],"sensoruptime":[25.948888888888888,24.949166666666667,25.948888888888888],"battvoltage":[11.722000000000001,11.832,11.682],"arrayvoltage":[16.119,16.843,17.526],"chargecurrent":[0.887,1.865,10.419],"chargestate":[5.0,5.0,6.0],"loadpower":[24.13356,24.249414,21.71104],"batterytemp":[30.0,28.0,49.0],"triggerrate":[0.0,0.0,8.4],"triggersremaining":[21155.0,21158.0,21487.0],"crcerrors":[0.0,0.0,0.0]}