{"datalatency":[18.883386],"sensoruptime":[141.02027777777778,140.02055555555555,141.02027777777778],"battvoltage":[12.753,13.100999999999999,12.253],"arrayvoltage":[14.307,15.039000000000001,18.066],"chargecurrent":[1.7080000000000002,5.9479999999999995,7.931],"ledstate":[6.0,6.0,6.0],"loadpower":[26.673371999999997,22.735686000000005,22.084208000000004],"batterytemp":[51.0,45.0,57.0],"triggerrate":[0.0,0.2,0.6],"triggersremaining":[6255.0,6256.0,6283.0],"crcerrors":[0.0,0.0,0.0]}