{"datalatency":[7.209804],"sensoruptime":[18.713055555555556,17.71611111111111,null],"battvoltage":[12.1,12.14,12.1],"arrayvoltage":[0.0,0.0,18.439],"chargecurrent":[0.005,0.002,9.9],"ledstate":[6.0,6.0,8.0],"loadpower":[23.885887999999998,24.365219999999997,5.933112000000001],"batterytemp":[28.0,28.0,52.0],"triggerrate":[0.0,0.0,null],"triggersremaining":[14662.0,14662.0,null],"crcerrors":[0.0,0.0,0.0]}