{"datalatency":[8.26225],"sensoruptime":[1.3697222222222223,0.3863888888888889,11.33388888888889],"battvoltage":[13.837,14.294,10.427999999999999],"arrayvoltage":[33.835,39.279,43.015],"chargecurrent":[1.896,2.242,3.5439999999999996],"chargestate":[5.0,6.0,6.0],"loadpower":[14.211993000000003,12.36932,0.0],"batterytemp":[26.0,25.0,31.0],"triggerrate":[0.0,0.2,1.0],"triggersremaining":[22481.0,22494.0,22496.0],"crcerrors":[0.0,0.0,0.0]}