{"datalatency":[15.219908],"sensoruptime":[10.047777777777778,9.047777777777778,61.55722222222222],"battvoltage":[12.445,12.530999999999999,12.1],"arrayvoltage":[12.668,15.329,18.439],"chargecurrent":[0.0,0.374,9.9],"ledstate":[6.0,6.0,8.0],"loadpower":[24.057855,22.816416,5.933112000000001],"batterytemp":[37.0,48.0,52.0],"triggerrate":[0.0,0.0,1.2000000000000002],"triggersremaining":[14665.0,14666.0,20754.0],"crcerrors":[0.0,0.0,1.0]}