{"datalatency":[19.791018],"sensoruptime":[246.70027777777779,245.70305555555555,246.70027777777779],"battvoltage":[13.321,12.823,12.073],"arrayvoltage":[15.964,15.03,18.073],"chargecurrent":[8.305,4.245,9.937999999999999],"ledstate":[6.0,6.0,8.0],"loadpower":[23.119824,22.8417,21.323016],"batterytemp":[50.0,49.0,52.0],"triggerrate":[0.0,0.0,1.2000000000000002],"triggersremaining":[12675.0,12675.0,12682.0],"crcerrors":[0.0,0.0,2.0]}