{"datalatency":[15.094369],"sensoruptime":[59.618611111111115,58.62166666666667,59.618611111111115],"battvoltage":[12.292,12.817,11.499],"arrayvoltage":[15.872,15.573,18.410999999999998],"chargecurrent":[0.32899999999999996,3.363,12.030999999999999],"ledstate":[8.0,8.0,10.0],"loadpower":[23.539443,23.195898,21.764498],"batterytemp":[49.0,55.0,56.0],"triggerrate":[0.0,0.0,6.0],"triggersremaining":[20755.0,20755.0,21018.0],"crcerrors":[0.0,0.0,1.0]}