{"datalatency":[11.906294],"sensoruptime":[18.73472222222222,17.735,null],"battvoltage":[12.1,12.103,11.264000000000001],"arrayvoltage":[0.0,0.10400000000000001,19.733],"chargecurrent":[0.005,0.005,9.152999999999999],"ledstate":[6.0,6.0,11.0],"loadpower":[23.607909,23.595775999999997,0.0],"batterytemp":[28.0,28.0,53.0],"triggerrate":[0.0,0.0,null],"triggersremaining":[13514.0,13515.0,null],"crcerrors":[0.0,0.0,2.0]}