{"datalatency":[7.86096],"sensoruptime":[11.434444444444445,10.434722222222222,31.859444444444446],"battvoltage":[11.877,11.914000000000001,11.465],"arrayvoltage":[0.7659999999999999,1.1079999999999999,42.996],"chargecurrent":[0.0,0.0,15.002],"chargestate":[3.0,3.0,6.0],"loadpower":[13.766214,13.812694,0.0],"batterytemp":[7.0,8.0,28.0],"triggerrate":[0.0,0.0,2.0],"triggersremaining":[18429.0,18429.0,18579.0],"crcerrors":[1.0,0.0,4.0]}