{"datalatency":[8.581265],"sensoruptime":[102.24861111111112,101.26555555555555,102.24861111111112],"battvoltage":[13.327,13.37,12.03],"arrayvoltage":[33.304,33.74,41.65],"chargecurrent":[2.7230000000000003,3.1910000000000003,11.832],"chargestate":[5.0,5.0,6.0],"loadpower":[10.549600000000002,11.565336,8.207364000000002],"batterytemp":[29.0,26.0,32.0],"triggerrate":[0.0,0.2,0.6],"triggersremaining":[21516.0,21522.0,21610.0],"crcerrors":[0.0,0.0,0.0]}