{"datalatency":[7.563815000000001],"sensoruptime":[2.7577777777777777,1.7744444444444445,null],"battvoltage":[13.87,14.554,12.299000000000001],"arrayvoltage":[41.495,42.126000000000005,44.162],"chargecurrent":[1.505,1.3090000000000002,2.483],"chargestate":[7.0,6.0,7.0],"loadpower":[14.086923000000002,13.763480000000001,0.0],"batterytemp":[19.0,18.0,19.0],"triggerrate":[0.0,0.0,null],"triggersremaining":[22380.0,22380.0,null],"crcerrors":[0.0,0.0,0.0]}