{"datalatency":[8.515306],"sensoruptime":[38.7575,37.77444444444444,38.7575],"battvoltage":[12.418,12.450999999999999,12.112],"arrayvoltage":[0.586,0.586,41.489],"chargecurrent":[0.0,0.0,11.902999999999999],"chargestate":[3.0,3.0,6.0],"loadpower":[14.117759999999999,13.563732,9.02565],"batterytemp":[16.0,17.0,35.0],"triggerrate":[0.0,0.0,0.4],"triggersremaining":[21651.0,21651.0,21670.0],"crcerrors":[0.0,0.0,0.0]}