{"datalatency":[7.296641],"sensoruptime":[167.23805555555555,166.23833333333334,167.23805555555555],"battvoltage":[12.68,12.204,11.99],"arrayvoltage":[18.311,16.257,42.465],"chargecurrent":[2.6719999999999997,0.0,15.0],"chargestate":[5.0,5.0,6.0],"loadpower":[13.7885,14.099799999999998,8.596613999999999],"batterytemp":[9.0,7.0,33.0],"triggerrate":[0.0,0.0,0.8],"triggersremaining":[20371.0,20371.0,20462.0],"crcerrors":[0.0,0.0,0.0]}