{"datalatency":[15.336524],"sensoruptime":[119.8861111111111,118.88638888888889,119.8861111111111],"battvoltage":[12.14,12.1,12.079],"arrayvoltage":[16.168,14.844000000000001,17.825],"chargecurrent":[1.157,0.606,10.327],"ledstate":[8.0,8.0,8.0],"loadpower":[22.670624999999998,23.595549,21.192338],"batterytemp":[33.0,31.0,54.0],"triggerrate":[0.0,0.0,1.2000000000000002],"triggersremaining":[13078.0,13078.0,13086.0],"crcerrors":[0.0,0.0,2.0]}