{"datalatency":[47.420485000000006],"sensoruptime":[null,null,null],"battvoltage":[14.636,14.597000000000001,12.28],"arrayvoltage":[40.738,43.015,44.098],"chargecurrent":[2.841,2.95,4.486000000000001],"chargestate":[8.0,8.0,8.0],"loadpower":[0.0,0.0,0.0],"batterytemp":[20.0,22.0,24.0],"triggerrate":[null,null,null],"triggersremaining":[null,null,null],"crcerrors":[null,null,null]}