{"datalatency":[12.882777],"sensoruptime":[46.8975,45.8975,46.8975],"battvoltage":[12.027000000000001,12.036,12.015],"arrayvoltage":[12.762,10.405999999999999,17.526],"chargecurrent":[0.034,0.005,10.985],"ledstate":[8.0,8.0,8.0],"loadpower":[23.327304,23.387363999999998,21.514706],"batterytemp":[27.0,29.0,50.0],"triggerrate":[0.0,1.2000000000000002,6.0],"triggersremaining":[13162.0,13255.0,13513.0],"crcerrors":[0.0,0.0,2.0]}