{"datalatency":[8.073719],"sensoruptime":[54.594722222222224,53.595,54.594722222222224],"battvoltage":[14.139000000000001,14.084000000000001,11.645999999999999],"arrayvoltage":[40.07,39.975,41.321000000000005],"chargecurrent":[3.1719999999999997,4.728,11.615],"chargestate":[6.0,6.0,6.0],"loadpower":[13.25457,9.13725,9.041284000000001],"batterytemp":[30.0,32.0,34.0],"triggerrate":[0.0,0.0,0.4],"triggersremaining":[18410.0,18410.0,18419.0],"crcerrors":[0.0,0.0,0.0]}