{"datalatency":[9.567213],"sensoruptime":[null,null,1.2466666666666666],"battvoltage":[14.062000000000001,14.719000000000001,10.352],"arrayvoltage":[42.816,43.665,45.523],"chargecurrent":[2.227,1.913,2.6889999999999996],"chargestate":[7.0,6.0,7.0],"loadpower":[23.712304,19.385424,0.0],"batterytemp":[13.0,11.0,14.0],"triggerrate":[null,null,null],"triggersremaining":[null,null,0.0],"crcerrors":[2.0,0.0,1.0]}