{"datalatency":[7.034116],"sensoruptime":[149.2411111111111,148.2577777777778,149.2411111111111],"battvoltage":[14.139000000000001,14.175,11.868],"arrayvoltage":[42.117,41.977,42.465],"chargecurrent":[4.001,4.718,15.0],"chargestate":[6.0,6.0,6.0],"loadpower":[9.0954,9.126695999999999,8.596613999999999],"batterytemp":[30.0,29.0,33.0],"triggerrate":[0.0,0.0,6.4],"triggersremaining":[20447.0,20455.0,21402.0],"crcerrors":[0.0,0.0,0.0]}