{"datalatency":[8.840497000000001],"sensoruptime":[112.58055555555555,111.58083333333333,112.58055555555555],"battvoltage":[12.299000000000001,12.32,12.03],"arrayvoltage":[1.12,1.0590000000000002,41.65],"chargecurrent":[0.0,0.0,11.832],"chargestate":[3.0,3.0,6.0],"loadpower":[14.255415999999999,14.301896,8.207364000000002],"batterytemp":[21.0,21.0,32.0],"triggerrate":[0.0,0.0,0.6],"triggersremaining":[21479.0,21487.0,21574.0],"crcerrors":[0.0,0.0,0.0]}