{"datalatency":[21.194325000000003],"sensoruptime":[287.5275,286.5275,287.5275],"battvoltage":[12.255999999999998,12.216,12.103],"arrayvoltage":[16.846,15.237,18.506],"chargecurrent":[1.0,0.336,9.074],"ledstate":[6.0,6.0,6.0],"loadpower":[22.382136000000003,22.357432000000003,21.141912],"batterytemp":[26.0,24.0,53.0],"triggerrate":[0.0,0.0,2.4000000000000004],"triggersremaining":[12640.0,12640.0,12670.0],"crcerrors":[0.0,0.0,2.0]}