{"datalatency":[8.118295],"sensoruptime":[113.57555555555555,112.57583333333334,113.57555555555555],"battvoltage":[11.493,11.517000000000001,11.493],"arrayvoltage":[2.335,0.873,34.863],"chargecurrent":[0.0,0.0,1.423],"chargestate":[3.0,3.0,5.0],"loadpower":[14.14781,14.156448000000001,12.790060000000002],"batterytemp":[14.0,14.0,16.0],"triggerrate":[0.2,0.0,0.6],"triggersremaining":[21930.0,21933.0,21967.0],"crcerrors":[0.0,0.0,0.0]}