{"datalatency":[8.657181000000001],"sensoruptime":[87.75083333333333,86.7675,87.75083333333333],"battvoltage":[12.204,12.219000000000001,12.183],"arrayvoltage":[0.7140000000000001,0.604,38.708],"chargecurrent":[0.0,0.0,8.752],"chargestate":[3.0,3.0,6.0],"loadpower":[14.167103999999998,15.044928,9.957479999999999],"batterytemp":[19.0,19.0,34.0],"triggerrate":[0.0,0.4,0.6],"triggersremaining":[21577.0,21582.0,21644.0],"crcerrors":[0.0,0.0,0.0]}