{"datalatency":[8.384137],"sensoruptime":[null,null,null],"battvoltage":[12.234000000000002,12.335,11.307],"arrayvoltage":[1.016,24.307,39.163000000000004],"chargecurrent":[0.0,0.065,3.0660000000000003],"chargestate":[3.0,5.0,6.0],"loadpower":[23.53056,13.41572,0.0],"batterytemp":[21.0,22.0,27.0],"triggerrate":[null,null,null],"triggersremaining":[null,null,null],"crcerrors":[4.0,null,4.0]}