{"datalatency":[8.80521],"sensoruptime":[119.24638888888889,118.26305555555555,119.24638888888889],"battvoltage":[12.145999999999999,12.161,12.106],"arrayvoltage":[22.995,11.591,41.65],"chargecurrent":[0.017,0.0,11.832],"chargestate":[5.0,3.0,6.0],"loadpower":[14.101860000000002,14.148420000000002,8.207364000000002],"batterytemp":[22.0,21.0,32.0],"triggerrate":[0.0,0.0,0.6],"triggersremaining":[21459.0,21468.0,21539.0],"crcerrors":[0.0,0.0,0.0]}