{"datalatency":[13.311829000000001],"sensoruptime":[38.28,37.283055555555556,38.28],"battvoltage":[11.966,12.0,11.652000000000001],"arrayvoltage":[0.107,0.107,17.334],"chargecurrent":[0.002,0.005,11.398],"chargestate":[3.0,3.0,6.0],"loadpower":[24.39514,27.644584,21.713829000000004],"batterytemp":[30.0,32.0,52.0],"triggerrate":[2.4000000000000004,3.6,6.0],"triggersremaining":[20801.0,20900.0,21214.0],"crcerrors":[6.0,0.0,1.0]}