{"datalatency":[8.116888000000001],"sensoruptime":[43.085277777777776,42.10194444444444,43.085277777777776],"battvoltage":[12.839,12.145999999999999,12.115],"arrayvoltage":[38.431,28.372,41.821000000000005],"chargecurrent":[2.4130000000000003,0.179,7.474],"chargestate":[5.0,5.0,6.0],"loadpower":[14.124220000000001,13.992825,8.72505],"batterytemp":[11.0,4.0,28.0],"triggerrate":[0.0,0.0,0.6],"triggersremaining":[22216.0,22216.0,22269.0],"crcerrors":[0.0,0.0,0.0]}