{"datalatency":[77.453348],"sensoruptime":[8.988888888888889,8.005555555555556,null],"battvoltage":[12.630999999999998,12.811,12.488],"arrayvoltage":[14.355,17.935,19.229],"chargecurrent":[0.507,1.964,8.175],"ledstate":[4.0,4.0,6.0],"loadpower":[24.263880000000004,25.983432,6.0236],"batterytemp":[51.0,54.0,54.0],"triggerrate":[0.0,0.2,null],"triggersremaining":[7060.0,7060.0,null],"crcerrors":[0.0,0.0,0.0]}