{"datalatency":[7.627227],"sensoruptime":[199.06694444444443,198.06722222222223,199.06694444444443],"battvoltage":[14.328,14.297,12.106],"arrayvoltage":[37.967,36.838,41.711000000000006],"chargecurrent":[2.305,2.529,9.777000000000001],"chargestate":[6.0,6.0,6.0],"loadpower":[13.681309000000002,12.327005999999999,9.02565],"batterytemp":[24.0,25.0,34.0],"triggerrate":[0.0,0.0,0.4],"triggersremaining":[20351.0,20351.0,20368.0],"crcerrors":[0.0,0.0,0.0]}