{"datalatency":[38.018602],"sensoruptime":[0.03277777777777778,0.18333333333333332,3.008888888888889],"battvoltage":[11.38,12.222000000000001,10.269],"arrayvoltage":[32.91,33.306999999999995,43.57899999999999],"chargecurrent":[0.903,0.539,2.546],"chargestate":[5.0,5.0,7.0],"loadpower":[13.930131000000001,14.081760000000001,0.0],"batterytemp":[14.0,13.0,24.0],"triggerrate":[0.0,0.0,58.6],"triggersremaining":[0.0,0.0,8557.0],"crcerrors":[27.0,0.0,20.0]}