{"datalatency":[37.523125],"sensoruptime":[3.723333333333333,2.723611111111111,7.746944444444445],"battvoltage":[12.958,13.589,10.802999999999999],"arrayvoltage":[31.494,30.963,38.15],"chargecurrent":[1.51,1.679,3.1860000000000004],"chargestate":[5.0,5.0,6.0],"loadpower":[14.2136,14.765760000000002,0.0],"batterytemp":[26.0,27.0,28.0],"triggerrate":[0.0,0.0,null],"triggersremaining":[11687.0,11687.0,12014.0],"crcerrors":[0.0,0.0,0.0]}