{"datalatency":[7.9218660000000005],"sensoruptime":[17.766944444444444,16.766944444444444,31.859444444444446],"battvoltage":[11.67,11.694,11.465],"arrayvoltage":[0.684,0.6809999999999999,42.996],"chargecurrent":[0.0,0.0,15.002],"chargestate":[3.0,3.0,6.0],"loadpower":[13.533828000000003,13.604886,0.0],"batterytemp":[2.0,3.0,28.0],"triggerrate":[0.0,0.0,1.0],"triggersremaining":[18425.0,18425.0,18460.0],"crcerrors":[0.0,0.0,4.0]}