{"datalatency":[15.3909],"sensoruptime":[23.37638888888889,22.37638888888889,null],"battvoltage":[12.216,12.213,12.054],"arrayvoltage":[16.702,16.605,18.439],"chargecurrent":[1.969,1.867,9.9],"ledstate":[8.0,8.0,8.0],"loadpower":[23.123764,23.269732000000005,5.933112000000001],"batterytemp":[33.0,32.0,52.0],"triggerrate":[0.0,0.0,null],"triggersremaining":[14661.0,14661.0,null],"crcerrors":[0.0,0.0,0.0]}