{"datalatency":[21.138971],"sensoruptime":[3.953611111111111,2.9716666666666667,null],"battvoltage":[14.45,13.025,11.493],"arrayvoltage":[42.361000000000004,33.594,45.004],"chargecurrent":[1.9080000000000001,1.14,2.194],"chargestate":[6.0,5.0,7.0],"loadpower":[17.446474,13.495807,0.0],"batterytemp":[20.0,20.0,22.0],"triggerrate":[59.0,0.0,null],"triggersremaining":[14327.0,15396.0,null],"crcerrors":[5.0,2.0,5.0]}