{"datalatency":[17.315893000000003],"sensoruptime":[null,null,null],"battvoltage":[12.445,12.454,12.18],"arrayvoltage":[0.0,0.11900000000000001,19.625999999999998],"chargecurrent":[0.002,0.005,5.361000000000001],"chargestate":[3.0,3.0,6.0],"loadpower":[6.005139,7.236006000000001,4.102919999999999],"batterytemp":[15.0,16.0,45.0],"triggerrate":[null,null,null],"triggersremaining":[null,null,null],"crcerrors":[null,null,null]}