{"datalatency":[17.376155],"sensoruptime":[7.707222222222223,6.7075,76.74361111111111],"battvoltage":[12.302,12.366,12.216],"arrayvoltage":[0.021,0.034,17.526],"chargecurrent":[0.002,0.005,8.977],"ledstate":[6.0,6.0,6.0],"loadpower":[23.945999999999998,23.537787,21.808872],"batterytemp":[30.0,30.0,51.0],"triggerrate":[0.0,0.0,3.8],"triggersremaining":[6331.0,6331.0,7040.0],"crcerrors":[0.0,0.0,0.0]}