{"datalatency":[20.745413000000003],"sensoruptime":[47.01361111111111,46.013888888888886,47.01361111111111],"battvoltage":[11.917,11.950999999999999,11.914000000000001],"arrayvoltage":[0.0,0.0,17.78],"chargecurrent":[0.002,0.005,7.774],"ledstate":[8.0,8.0,8.0],"loadpower":[24.404849000000002,24.251920000000002,22.552155],"batterytemp":[28.0,28.0,40.0],"triggerrate":[0.0,0.0,2.4000255842727283],"triggersremaining":[22313.0,22314.0,22429.0],"crcerrors":[null,null,0.0]}