{"datalatency":[8.220351],"sensoruptime":[6.284722222222222,5.301388888888889,114.10888888888888],"battvoltage":[11.761,11.800999999999998,11.469000000000001],"arrayvoltage":[0.7020000000000001,7.596,35.4],"chargecurrent":[0.0,0.0,6.643],"chargestate":[3.0,3.0,5.0],"loadpower":[13.658376000000004,13.701444,0.0],"batterytemp":[18.0,19.0,27.0],"triggerrate":[0.0,0.0,0.8],"triggersremaining":[21905.0,21917.0,21952.0],"crcerrors":[0.0,0.0,0.0]}