{"datalatency":[15.384074000000002],"sensoruptime":[116.55333333333333,115.55638888888889,116.55333333333333],"battvoltage":[12.1,12.14,12.057],"arrayvoltage":[0.107,0.0,17.825],"chargecurrent":[0.002,0.002,10.327],"ledstate":[6.0,6.0,8.0],"loadpower":[23.861711999999997,23.541176999999998,21.192338],"batterytemp":[30.0,30.0,54.0],"triggerrate":[0.0,0.0,1.2000000000000002],"triggersremaining":[13078.0,13079.0,13086.0],"crcerrors":[0.0,0.0,2.0]}