{"datalatency":[37.614607],"sensoruptime":[3.2144444444444447,2.2144444444444447,5.173333333333333],"battvoltage":[14.495999999999999,13.745,10.287],"arrayvoltage":[41.724,35.498000000000005,43.448],"chargecurrent":[3.133,3.79,5.0760000000000005],"chargestate":[8.0,5.0,8.0],"loadpower":[10.49521,9.936029999999999,0.0],"batterytemp":[25.0,21.0,27.0],"triggerrate":[0.0,0.0,2.8],"triggersremaining":[11634.0,11651.0,11687.0],"crcerrors":[0.0,0.0,0.0]}