{"datalatency":[8.202804],"sensoruptime":[59.249722222222225,58.26638888888889,59.249722222222225],"battvoltage":[12.415,12.436,12.115],"arrayvoltage":[0.674,0.653,42.861999999999995],"chargecurrent":[0.0,0.0,7.356],"chargestate":[3.0,3.0,6.0],"loadpower":[13.610016,14.010887999999998,8.875646],"batterytemp":[13.0,13.0,30.0],"triggerrate":[0.2,0.0,0.6],"triggersremaining":[22196.0,22202.0,22246.0],"crcerrors":[0.0,0.0,0.0]}