{"datalatency":[21.558835000000002],"sensoruptime":[296.6927777777778,295.69555555555553,296.6927777777778],"battvoltage":[13.547,13.790999999999999,12.183],"arrayvoltage":[16.623,16.904,18.463],"chargecurrent":[5.37,6.638999999999999,9.376],"ledstate":[5.0,3.0,6.0],"loadpower":[22.1318,22.55839,21.539708],"batterytemp":[50.0,48.0,50.0],"triggerrate":[0.0,0.0,1.2000000000000002],"triggersremaining":[12632.0,12633.0,12645.0],"crcerrors":[0.0,0.0,2.0]}