{"datalatency":[8.076651],"sensoruptime":[51.4175,50.43416666666667,51.4175],"battvoltage":[12.796,14.294,12.115],"arrayvoltage":[33.594,40.247,42.861999999999995],"chargecurrent":[0.505,2.37,7.356],"chargestate":[5.0,6.0,6.0],"loadpower":[13.92802,14.38118,8.875646],"batterytemp":[20.0,25.0,30.0],"triggerrate":[0.0,0.0,0.6],"triggersremaining":[22210.0,22211.0,22255.0],"crcerrors":[0.0,0.0,0.0]}