{"datalatency":[7.565366],"sensoruptime":[172.9038888888889,171.90416666666667,172.9038888888889],"battvoltage":[14.337,14.294,12.183],"arrayvoltage":[42.078,42.553999999999995,43.121],"chargecurrent":[2.865,2.991,10.794],"chargestate":[6.0,6.0,6.0],"loadpower":[11.891264,13.233990000000002,8.600912],"batterytemp":[24.0,25.0,30.0],"triggerrate":[0.0,0.0,0.8],"triggersremaining":[20368.0,20369.0,20448.0],"crcerrors":[0.0,0.0,0.0]}