{"datalatency":[77.978395],"sensoruptime":[57.14805555555556,56.164722222222224,57.14805555555556],"battvoltage":[12.634,13.297,12.274000000000001],"arrayvoltage":[16.217,15.573,18.410999999999998],"chargecurrent":[0.336,3.049,7.945],"ledstate":[6.0,6.0,6.0],"loadpower":[22.749984,23.275088000000004,21.948113000000003],"batterytemp":[49.0,53.0,55.0],"triggerrate":[0.0,0.0,0.4],"triggersremaining":[7041.0,7043.0,7050.0],"crcerrors":[0.0,0.0,0.0]}