{"datalatency":[27.267012],"sensoruptime":[31.182777777777776,30.183055555555555,31.182777777777776],"battvoltage":[12.079,12.1,12.064],"arrayvoltage":[13.138,0.47600000000000003,18.872],"chargecurrent":[0.114,0.002,10.158],"ledstate":[8.0,6.0,8.0],"loadpower":[24.451478999999996,23.740831999999997,22.619726999999994],"batterytemp":[25.0,24.0,50.0],"triggerrate":[0.0,0.0,1.2000506661391244],"triggersremaining":[22427.0,22427.0,22433.0],"crcerrors":[null,null,0.0]}