{"datalatency":[11.330424],"sensoruptime":[18.131944444444443,17.131944444444443,null],"battvoltage":[11.49,11.53,11.487],"arrayvoltage":[12.039000000000001,0.0,19.736],"chargecurrent":[0.002,0.005,12.392999999999999],"chargestate":[5.0,3.0,6.0],"loadpower":[23.786866000000007,23.621367000000003,6.808707000000001],"batterytemp":[21.0,21.0,44.0],"triggerrate":[0.0,0.0,null],"triggersremaining":[22150.0,22150.0,null],"crcerrors":[0.0,0.0,0.0]}