{"datalatency":[16.872702],"sensoruptime":[null,null,null],"battvoltage":[12.75,12.869000000000002,12.18],"arrayvoltage":[15.43,16.455,19.625999999999998],"chargecurrent":[0.39899999999999997,1.242,5.361000000000001],"chargestate":[5.0,5.0,6.0],"loadpower":[6.437886000000001,6.579712,4.102919999999999],"batterytemp":[37.0,40.0,45.0],"triggerrate":[null,null,null],"triggersremaining":[null,null,null],"crcerrors":[null,null,null]}