{"datalatency":[25.502829000000002],"sensoruptime":[null,null,null],"battvoltage":[11.495999999999999,11.53,11.493],"arrayvoltage":[0.168,0.128,19.342],"chargecurrent":[0.002,0.005,5.67],"chargestate":[3.0,3.0,6.0],"loadpower":[8.929884,7.956174,6.509968999999999],"batterytemp":[12.0,13.0,26.0],"triggerrate":[null,null,null],"triggersremaining":[null,null,null],"crcerrors":[null,null,null]}