{"datalatency":[15.048676],"sensoruptime":[53.61944444444445,52.61972222222222,53.61944444444445],"battvoltage":[12.558,12.642999999999999,11.499],"arrayvoltage":[14.594000000000001,14.844000000000001,18.410999999999998],"chargecurrent":[5.1,8.371,11.398],"ledstate":[8.0,8.0,10.0],"loadpower":[22.691326,22.530269999999998,21.764498],"batterytemp":[52.0,47.0,52.0],"triggerrate":[0.0,0.0,6.0],"triggersremaining":[20758.0,20758.0,21056.0],"crcerrors":[0.0,0.0,1.0]}