{"datalatency":[38.167406],"sensoruptime":[1.1633333333333333,0.16333333333333333,1.8325],"battvoltage":[11.675999999999998,12.354000000000001,10.526],"arrayvoltage":[26.019000000000002,34.329,45.523],"chargecurrent":[0.022000000000000002,0.884,2.6189999999999998],"chargestate":[5.0,7.0,7.0],"loadpower":[13.582713000000002,13.209703,0.0],"batterytemp":[1.0,5.0,14.0],"triggerrate":[0.0,0.0,0.0],"triggersremaining":[0.0,0.0,0.0],"crcerrors":[7.0,0.0,1.0]}