{"datalatency":[8.708747],"sensoruptime":[93.91666666666667,92.91666666666667,93.91666666666667],"battvoltage":[12.106,12.112,12.1],"arrayvoltage":[5.579,0.705,38.708],"chargecurrent":[0.0,0.0,8.752],"chargestate":[3.0,3.0,6.0],"loadpower":[14.035798,14.035798,9.957479999999999],"batterytemp":[18.0,18.0,34.0],"triggerrate":[0.4,0.0,0.6],"triggersremaining":[21545.0,21553.0,21641.0],"crcerrors":[0.0,0.0,0.0]}