{"datalatency":[25.88782],"sensoruptime":[null,null,6.267777777777778],"battvoltage":[14.752,14.716,11.99],"arrayvoltage":[37.482,40.259,44.974],"chargecurrent":[0.691,0.807,2.773],"chargestate":[6.0,6.0,7.0],"loadpower":[0.0,0.0,0.0],"batterytemp":[10.0,11.0,31.0],"triggerrate":[null,null,56.0],"triggersremaining":[null,null,18460.0],"crcerrors":[1.0,null,3.0]}