{"datalatency":[19.119315],"sensoruptime":[225.53666666666666,224.53944444444446,225.53666666666666],"battvoltage":[12.946,13.097999999999999,11.950999999999999],"arrayvoltage":[16.217,15.767999999999999,18.372],"chargecurrent":[4.16,6.01,8.75],"ledstate":[6.0,6.0,8.0],"loadpower":[22.327211999999996,22.43396,21.252608000000002],"batterytemp":[51.0,52.0,52.0],"triggerrate":[0.0,0.0,1.2000000000000002],"triggersremaining":[12681.0,12681.0,12687.0],"crcerrors":[0.0,0.0,2.0]}