{"datalatency":[7.454963],"sensoruptime":[162.57222222222222,161.58916666666667,162.57222222222222],"battvoltage":[12.28,12.299000000000001,11.868],"arrayvoltage":[0.629,0.623,42.465],"chargecurrent":[0.0,0.0,15.0],"chargestate":[3.0,3.0,6.0],"loadpower":[14.16954,13.421192,8.596613999999999],"batterytemp":[8.0,9.0,33.0],"triggerrate":[0.0,0.0,0.8],"triggersremaining":[20372.0,20376.0,20469.0],"crcerrors":[0.0,0.0,0.0]}