{"datalatency":[12.272325],"sensoruptime":[19.447222222222223,18.45,null],"battvoltage":[11.862,11.895999999999999,11.798],"arrayvoltage":[0.0,0.0,17.526],"chargecurrent":[0.002,0.005,10.419],"chargestate":[3.0,3.0,5.0],"loadpower":[23.019381,24.038193,6.167125],"batterytemp":[25.0,26.0,49.0],"triggerrate":[0.0,0.0,null],"triggersremaining":[21172.0,21172.0,null],"crcerrors":[0.0,0.0,0.0]}