{"datalatency":[20.555875],"sensoruptime":[29.998055555555556,28.998055555555556,29.998055555555556],"battvoltage":[13.015999999999998,12.520999999999999,11.987],"arrayvoltage":[15.335,15.68,18.222],"chargecurrent":[7.733,3.377,10.26],"ledstate":[6.0,6.0,8.0],"loadpower":[23.029392,23.356875000000002,21.692814],"batterytemp":[49.0,46.0,52.0],"triggerrate":[0.6,0.0,5.0],"triggersremaining":[1621.0,1631.0,1842.0],"crcerrors":[0.0,0.0,0.0]}