{"datalatency":[19.92239],"sensoruptime":[255.33055555555555,254.33083333333335,255.33055555555555],"battvoltage":[11.884,11.908,11.88],"arrayvoltage":[12.655999999999999,0.0,16.653],"chargecurrent":[0.036000000000000004,0.005,9.992],"ledstate":[8.0,8.0,8.0],"loadpower":[24.239796000000005,23.895885000000003,21.95131],"batterytemp":[29.0,28.0,50.0],"triggerrate":[0.2,0.0,8.0],"triggersremaining":[3317.0,3318.0,4164.0],"crcerrors":[0.0,0.0,0.0]}