{"datalatency":[7.99826],"sensoruptime":[58.9275,57.94416666666667,58.9275],"battvoltage":[11.758,11.725,11.636],"arrayvoltage":[0.7509999999999999,0.76,40.738],"chargecurrent":[0.0,0.0,11.615],"chargestate":[3.0,3.0,6.0],"loadpower":[13.775716000000005,14.208210000000001,9.041284000000001],"batterytemp":[15.0,16.0,34.0],"triggerrate":[0.0,0.0,0.4],"triggersremaining":[18409.0,18409.0,18418.0],"crcerrors":[0.0,0.0,0.0]}