{"datalatency":[8.426498],"sensoruptime":[6.762222222222222,5.778888888888889,11.467222222222222],"battvoltage":[13.565,13.931,11.478],"arrayvoltage":[35.891999999999996,38.245,38.565],"chargecurrent":[4.083,6.136,15.0],"chargestate":[5.0,6.0,6.0],"loadpower":[10.008335999999998,9.9072,0.0],"batterytemp":[37.0,37.0,41.0],"triggerrate":[0.0,0.2,1.6],"triggersremaining":[21727.0,21731.0,21927.0],"crcerrors":[0.0,0.0,0.0]}