{"datalatency":[25.992704000000003],"sensoruptime":[null,null,null],"battvoltage":[14.328,12.796,12.642999999999999],"arrayvoltage":[36.188,28.421,43.49100000000001],"chargecurrent":[1.29,0.3,2.781],"chargestate":[6.0,5.0,7.0],"loadpower":[0.0,0.0,0.0],"batterytemp":[24.0,22.0,26.0],"triggerrate":[null,null,null],"triggersremaining":[null,null,null],"crcerrors":[0.0,null,0.0]}