{"datalatency":[7.689516],"sensoruptime":[1.5911111111111111,0.5913888888888889,null],"battvoltage":[14.502,14.542,12.299000000000001],"arrayvoltage":[41.595,41.821000000000005,44.162],"chargecurrent":[2.3169999999999997,1.4280000000000002,2.43],"chargestate":[6.0,6.0,7.0],"loadpower":[13.638845,13.824791999999999,0.0],"batterytemp":[18.0,17.0,19.0],"triggerrate":[0.0,0.0,null],"triggersremaining":[22380.0,22381.0,null],"crcerrors":[0.0,0.0,0.0]}