{"datalatency":[48.044189],"sensoruptime":[46.14972222222222,45.14972222222222,46.14972222222222],"battvoltage":[12.292,12.292,12.274000000000001],"arrayvoltage":[14.606,13.513,18.448],"chargecurrent":[0.268,0.179,9.011000000000001],"ledstate":[6.0,6.0,6.0],"loadpower":[23.62513,23.52848,22.220484],"batterytemp":[29.0,28.0,53.0],"triggerrate":[0.0,0.0,0.2],"triggersremaining":[7047.0,7047.0,7053.0],"crcerrors":[0.0,0.0,0.0]}