{"datalatency":[17.33766],"sensoruptime":[175.87722222222223,174.8802777777778,175.87722222222223],"battvoltage":[12.517999999999999,12.75,11.795],"arrayvoltage":[14.902000000000001,15.142999999999999,17.245],"chargecurrent":[2.114,8.732999999999999,11.315],"ledstate":[8.0,8.0,8.0],"loadpower":[22.651419,22.704024,21.720450999999997],"batterytemp":[51.0,51.0,51.0],"triggerrate":[0.0,0.0,8.4],"triggersremaining":[12695.0,12699.0,12893.0],"crcerrors":[0.0,0.0,2.0]}