{"datalatency":[12.200830000000002],"sensoruptime":[30.566388888888888,29.569444444444443,30.566388888888888],"battvoltage":[12.597999999999999,12.975999999999999,12.033],"arrayvoltage":[14.499,15.036,17.38],"chargecurrent":[2.4090000000000003,8.786,10.9],"ledstate":[8.0,8.0,8.0],"loadpower":[23.122278,22.363709999999998,21.514706],"batterytemp":[50.0,48.0,50.0],"triggerrate":[0.0,0.0,9.600000000000001],"triggersremaining":[13509.0,13509.0,13882.0],"crcerrors":[0.0,0.0,2.0]}