{"datalatency":[16.737312],"sensoruptime":[159.04638888888888,158.04916666666668,159.04638888888888],"battvoltage":[11.950999999999999,11.972000000000001,11.870999999999999],"arrayvoltage":[0.021,0.021,17.245],"chargecurrent":[0.002,0.002,12.144],"ledstate":[8.0,8.0,8.0],"loadpower":[23.976485000000004,23.667105000000003,21.472317999999998],"batterytemp":[30.0,30.0,51.0],"triggerrate":[0.0,0.0,8.4],"triggersremaining":[12705.0,12705.0,12947.0],"crcerrors":[0.0,0.0,2.0]}