{"datalatency":[72.105644],"sensoruptime":[62.84861111111111,61.86527777777778,62.84861111111111],"battvoltage":[12.253,12.277000000000001,12.216],"arrayvoltage":[11.27,0.0,17.917],"chargecurrent":[0.005,0.005,9.262],"ledstate":[6.0,6.0,6.0],"loadpower":[23.661853,24.127010999999996,21.796613999999998],"batterytemp":[28.0,28.0,58.0],"triggerrate":[0.0,0.0,0.2],"triggersremaining":[6317.0,6317.0,6323.0],"crcerrors":[0.0,0.0,0.0]}