{"datalatency":[26.044859000000002],"sensoruptime":[5.653888888888889,4.656944444444444,null],"battvoltage":[12.975999999999999,13.052,12.530999999999999],"arrayvoltage":[15.335,19.113,20.032],"chargecurrent":[1.78,2.735,7.09],"chargestate":[7.0,7.0,7.0],"loadpower":[26.267664,24.167006,11.041264],"batterytemp":[45.0,46.0,46.0],"triggerrate":[null,null,null],"triggersremaining":[22492.0,22492.0,null],"crcerrors":[null,null,0.0]}