{"datalatency":[7.829428],"sensoruptime":[27.226666666666667,26.243333333333332,27.226666666666667],"battvoltage":[11.603,11.609000000000002,11.597000000000001],"arrayvoltage":[0.9740000000000001,0.7659999999999999,34.238],"chargecurrent":[0.0,0.0,1.4709999999999999],"chargestate":[3.0,3.0,5.0],"loadpower":[14.290954,14.290954,13.408536],"batterytemp":[17.0,17.0,20.0],"triggerrate":[0.8,0.6,0.8],"triggersremaining":[18549.0,18568.0,18672.0],"crcerrors":[1.0,1.0,4.0]}