{"datalatency":[38.009181000000005],"sensoruptime":[0.8761111111111111,null,3.008888888888889],"battvoltage":[12.234000000000002,12.604000000000001,10.269],"arrayvoltage":[31.598000000000003,27.301,43.57899999999999],"chargecurrent":[0.45399999999999996,0.196,2.582],"chargestate":[5.0,5.0,7.0],"loadpower":[13.891566,0.0,0.0],"batterytemp":[12.0,12.0,24.0],"triggerrate":[0.0,null,58.6],"triggersremaining":[0.0,null,11415.0],"crcerrors":[28.0,0.0,20.0]}