{"datalatency":[20.586745],"sensoruptime":[9.834444444444445,8.834444444444445,11.918333333333333],"battvoltage":[12.405,12.527000000000001,12.1],"arrayvoltage":[16.750999999999998,15.872,17.288],"chargecurrent":[1.1909999999999998,1.824,10.453],"ledstate":[6.0,6.0,6.0],"loadpower":[23.737797000000004,23.898965999999998,6.478731],"batterytemp":[47.0,48.0,52.0],"triggerrate":[0.0,1.0,5.0],"triggersremaining":[1677.0,1689.0,1891.0],"crcerrors":[0.0,0.0,0.0]}