{"datalatency":[8.567992],"sensoruptime":[57.08833333333333,56.105,57.08833333333333],"battvoltage":[12.604000000000001,12.634,12.18],"arrayvoltage":[0.638,25.595,40.146],"chargecurrent":[0.002,0.133,10.228],"chargestate":[3.0,5.0,6.0],"loadpower":[13.729716000000002,13.74817,8.80245],"batterytemp":[21.0,25.0,34.0],"triggerrate":[0.0,0.0,0.2],"triggersremaining":[21645.0,21645.0,21653.0],"crcerrors":[0.0,0.0,0.0]}