{"datalatency":[8.253007],"sensoruptime":[9.261666666666667,8.261944444444444,11.467222222222222],"battvoltage":[12.537,12.604000000000001,11.478],"arrayvoltage":[0.604,22.104,38.565],"chargecurrent":[0.0,0.013999999999999999,15.0],"chargestate":[3.0,5.0,6.0],"loadpower":[13.753089000000001,13.792581,0.0],"batterytemp":[21.0,25.0,41.0],"triggerrate":[0.6,0.0,1.6],"triggersremaining":[21702.0,21716.0,21907.0],"crcerrors":[0.0,0.0,0.0]}