{"datalatency":[9.460028000000001],"sensoruptime":[9.504722222222222,8.505,null],"battvoltage":[11.868,11.719000000000001,11.285],"arrayvoltage":[16.55,14.883,19.965],"chargecurrent":[0.41100000000000003,1.0070000000000001,7.916],"ledstate":[10.0,6.0,11.0],"loadpower":[26.273637000000004,26.773068,0.0],"batterytemp":[46.0,48.0,51.0],"triggerrate":[0.0,0.0,null],"triggersremaining":[14565.0,14565.0,null],"crcerrors":[0.0,0.0,0.0]}