{"datalatency":[7.970349000000001],"sensoruptime":[5.504444444444444,4.521388888888889,62.22694444444444],"battvoltage":[14.300999999999998,14.297,11.319],"arrayvoltage":[41.931000000000004,42.163000000000004,42.471000000000004],"chargecurrent":[2.52,2.677,5.733],"chargestate":[6.0,6.0,6.0],"loadpower":[12.392625,12.324419999999998,0.0],"batterytemp":[25.0,25.0,32.0],"triggerrate":[0.0,0.0,0.5],"triggersremaining":[18400.0,18400.0,18410.0],"crcerrors":[0.0,0.0,0.0]}