{"datalatency":[10.211936000000001],"sensoruptime":[null,null,null],"battvoltage":[14.099,14.749,12.72],"arrayvoltage":[41.464,40.698,43.011],"chargecurrent":[0.057999999999999996,0.057999999999999996,0.606],"chargestate":[7.0,6.0,7.0],"loadpower":[0.0,0.0,0.0],"batterytemp":[12.0,10.0,13.0],"triggerrate":[null,null,null],"triggersremaining":[null,null,null],"crcerrors":[null,null,null]}