{"datalatency":[7.509390000000001],"sensoruptime":[23.060555555555556,22.060555555555556,227.69416666666666],"battvoltage":[11.685,11.722000000000001,11.685],"arrayvoltage":[1.151,0.9059999999999999,34.238],"chargecurrent":[0.0,0.0,1.4709999999999999],"chargestate":[3.0,3.0,5.0],"loadpower":[14.385971999999999,14.38362,13.408536],"batterytemp":[17.0,18.0,20.0],"triggerrate":[0.0,0.0,23.2],"triggersremaining":[18579.0,18579.0,19392.0],"crcerrors":[2.0,0.0,3.0]}