{"datalatency":[20.035763000000003],"sensoruptime":[255.6988888888889,254.70194444444445,255.6988888888889],"battvoltage":[12.274000000000001,12.292,12.073],"arrayvoltage":[0.049,0.107,18.073],"chargecurrent":[0.002,0.002,9.937999999999999],"ledstate":[6.0,6.0,8.0],"loadpower":[23.417033,25.290530999999998,21.323016],"batterytemp":[26.0,27.0,55.0],"triggerrate":[0.0,0.0,1.2000000000000002],"triggersremaining":[12672.0,12672.0,12680.0],"crcerrors":[0.0,0.0,2.0]}