{"datalatency":[8.667954],"sensoruptime":[80.91833333333334,79.935,80.91833333333334],"battvoltage":[12.450999999999999,12.512,12.183],"arrayvoltage":[0.821,26.996,38.708],"chargecurrent":[0.0,0.174,8.752],"chargestate":[3.0,5.0,6.0],"loadpower":[13.986045999999998,13.771694000000002,9.957479999999999],"batterytemp":[20.0,21.0,34.0],"triggerrate":[0.0,0.0,0.6],"triggersremaining":[21603.0,21604.0,21645.0],"crcerrors":[0.0,0.0,0.0]}