{"datalatency":[7.940479000000001],"sensoruptime":[39.26361111111111,38.28055555555556,39.26361111111111],"battvoltage":[11.914000000000001,11.954,11.49],"arrayvoltage":[0.7140000000000001,0.735,42.148],"chargecurrent":[0.0,0.0,12.352],"chargestate":[3.0,3.0,6.0],"loadpower":[13.812694,13.854526,8.277874],"batterytemp":[8.0,9.0,29.0],"triggerrate":[0.0,0.0,0.4],"triggersremaining":[18417.0,18417.0,18426.0],"crcerrors":[0.0,0.0,0.0]}