{"datalatency":[8.596015000000001],"sensoruptime":[59.75472222222222,58.771388888888886,59.75472222222222],"battvoltage":[12.512,12.534,12.18],"arrayvoltage":[0.5710000000000001,0.5579999999999999,40.146],"chargecurrent":[0.0,0.0,10.228],"chargestate":[3.0,3.0,6.0],"loadpower":[14.159101,13.678282000000001,8.80245],"batterytemp":[18.0,19.0,34.0],"triggerrate":[0.0,0.0,0.2],"triggersremaining":[21645.0,21645.0,21653.0],"crcerrors":[0.0,0.0,0.0]}