{"datalatency":[7.527],"sensoruptime":[174.23722222222221,173.2538888888889,174.23722222222221],"battvoltage":[14.300999999999998,14.331,12.183],"arrayvoltage":[42.465,42.01,43.121],"chargecurrent":[2.59,3.198,10.794],"chargestate":[6.0,6.0,6.0],"loadpower":[12.962316,10.988195000000001,8.98432],"batterytemp":[25.0,24.0,30.0],"triggerrate":[0.0,0.0,0.8],"triggersremaining":[20368.0,20368.0,20434.0],"crcerrors":[0.0,0.0,0.0]}