{"datalatency":[8.820644],"sensoruptime":[123.9125,122.9125,123.9125],"battvoltage":[12.894,12.192,12.073],"arrayvoltage":[33.051,31.393,40.521],"chargecurrent":[4.034,0.884,5.989],"chargestate":[5.0,5.0,6.0],"loadpower":[11.131951999999998,13.396656,8.207364000000002],"batterytemp":[29.0,27.0,29.0],"triggerrate":[0.4,0.0,0.8],"triggersremaining":[21425.0,21435.0,21526.0],"crcerrors":[0.0,0.0,0.0]}