{"datalatency":[24.577841000000003],"sensoruptime":[47.180277777777775,46.18055555555556,47.180277777777775],"battvoltage":[11.914000000000001,11.950999999999999,11.911],"arrayvoltage":[0.0,0.0,17.78],"chargecurrent":[0.002,0.005,7.774],"ledstate":[8.0,8.0,8.0],"loadpower":[23.940788,24.87822,22.552155],"batterytemp":[27.0,28.0,40.0],"triggerrate":[0.0,0.0,2.4000255842727283],"triggersremaining":[22312.0,22314.0,22429.0],"crcerrors":[null,null,0.0]}