{"datalatency":[18.376996000000002],"sensoruptime":[205.37305555555557,204.37583333333333,205.37305555555557],"battvoltage":[12.177,12.198,11.800999999999998],"arrayvoltage":[0.027000000000000003,1.5230000000000001,18.445],"chargecurrent":[0.005,0.002,8.948],"ledstate":[8.0,8.0,8.0],"loadpower":[23.391372000000004,22.977796,21.692814],"batterytemp":[28.0,32.0,51.0],"triggerrate":[0.0,0.0,1.2000000000000002],"triggersremaining":[12686.0,12686.0,12692.0],"crcerrors":[0.0,0.0,2.0]}