{"datalatency":[19.426542],"sensoruptime":[544.9905555555556,543.9908333333333,544.9905555555556],"battvoltage":[11.645999999999999,11.682,11.606],"arrayvoltage":[0.021,0.018000000000000002,17.575],"chargecurrent":[0.005,0.005,11.448],"ledstate":[10.0,8.0,10.0],"loadpower":[23.713570000000004,23.800100999999998,22.237292000000004],"batterytemp":[28.0,29.0,51.0],"triggerrate":[0.0,0.0,2.4000000000000004],"triggersremaining":[11256.0,11256.0,11312.0],"crcerrors":[0.0,0.0,2.0]}