{"datalatency":[21.1052],"sensoruptime":[280.3616666666667,279.3619444444444,280.3616666666667],"battvoltage":[12.329,12.338,12.103],"arrayvoltage":[0.064,0.107,18.506],"chargecurrent":[0.005,0.005,9.074],"ledstate":[6.0,6.0,6.0],"loadpower":[23.8846,23.624006,21.141912],"batterytemp":[24.0,25.0,53.0],"triggerrate":[0.0,0.0,2.4000000000000004],"triggersremaining":[12641.0,12642.0,12671.0],"crcerrors":[0.0,0.0,2.0]}