{"datalatency":[21.430767000000003],"sensoruptime":[39.5325,38.5325,39.5325],"battvoltage":[11.722000000000001,11.728,11.722000000000001],"arrayvoltage":[0.10400000000000001,0.11599999999999999,17.337],"chargecurrent":[0.002,0.005,10.720999999999998],"ledstate":[8.0,8.0,8.0],"loadpower":[24.170783999999998,24.373974,21.698432000000004],"batterytemp":[30.0,30.0,49.0],"triggerrate":[0.0,0.0,16.8],"triggersremaining":[42.0,43.0,1312.0],"crcerrors":[1.9999768521197672,0.0,2.0]}