{"datalatency":[18.951134],"sensoruptime":[1.3541666666666667,0.35694444444444445,31.89388888888889],"battvoltage":[12.369000000000002,12.405,12.064],"arrayvoltage":[0.021,0.021,18.692],"chargecurrent":[0.005,0.005,11.344000000000001],"ledstate":[6.0,6.0,8.0],"loadpower":[24.436509,25.702560000000002,7.371546],"batterytemp":[27.0,28.0,48.0],"triggerrate":[0.0,0.0,16.800115584795222],"triggersremaining":[22434.0,22434.0,22490.0],"crcerrors":[null,null,0.0]}