{"datalatency":[8.0297],"sensoruptime":[null,61.92722222222222,62.22694444444444],"battvoltage":[12.421,11.569,11.456],"arrayvoltage":[0.937,0.851,40.738],"chargecurrent":[0.0,0.0,11.615],"chargestate":[3.0,3.0,6.0],"loadpower":[0.0,14.219744,0.0],"batterytemp":[16.0,15.0,34.0],"triggerrate":[null,0.0,0.4],"triggersremaining":[null,18408.0,18417.0],"crcerrors":[0.0,0.0,0.0]}