{"datalatency":[8.775508],"sensoruptime":[111.91416666666667,110.93083333333334,111.91416666666667],"battvoltage":[12.305,12.335,12.03],"arrayvoltage":[1.0859999999999999,1.102,41.65],"chargecurrent":[0.0,0.0,11.832],"chargestate":[3.0,3.0,6.0],"loadpower":[14.24132,14.21574,8.207364000000002],"batterytemp":[21.0,21.0,32.0],"triggerrate":[0.2,0.0,0.6],"triggersremaining":[21481.0,21491.0,21577.0],"crcerrors":[0.0,0.0,0.0]}