{"datalatency":[38.142683000000005],"sensoruptime":[0.015555555555555555,0.006388888888888889,1.8325],"battvoltage":[14.828,14.877,10.526],"arrayvoltage":[42.038000000000004,40.833,42.858999999999995],"chargecurrent":[1.6840000000000002,1.966,2.6189999999999998],"chargestate":[6.0,6.0,7.0],"loadpower":[14.12208,14.63024,0.0],"batterytemp":[8.0,6.0,19.0],"triggerrate":[null,0.0,0.0],"triggersremaining":[0.0,0.0,0.0],"crcerrors":[5.0,1.0,1.0]}