{"datalatency":[37.785669000000006],"sensoruptime":[0.14416666666666667,0.04861111111111111,null],"battvoltage":[11.749,11.38,10.477],"arrayvoltage":[0.684,6.381,43.57899999999999],"chargecurrent":[0.0,0.0,2.897],"chargestate":[3.0,3.0,7.0],"loadpower":[13.816701000000002,14.009602,0.0],"batterytemp":[15.0,16.0,24.0],"triggerrate":[0.0,0.0,null],"triggersremaining":[0.0,0.0,null],"crcerrors":[28.0,0.0,20.0]}