{"datalatency":[7.932583],"sensoruptime":[23.599166666666665,22.61611111111111,null],"battvoltage":[12.195,11.542,11.49],"arrayvoltage":[29.889,28.802,42.996],"chargecurrent":[2.126,0.222,15.002],"chargestate":[5.0,5.0,6.0],"loadpower":[14.255415999999999,13.828313999999999,0.0],"batterytemp":[7.0,3.0,28.0],"triggerrate":[0.0,0.0,null],"triggersremaining":[18421.0,18421.0,null],"crcerrors":[0.0,0.0,0.0]}