{"datalatency":[8.074148000000001],"sensoruptime":[84.07972222222222,83.0963888888889,84.07972222222222],"battvoltage":[11.99,12.015,11.99],"arrayvoltage":[0.772,0.745,35.016],"chargecurrent":[0.0,0.0,2.8360000000000003],"chargestate":[3.0,3.0,5.0],"loadpower":[13.924932,13.968000000000002,13.31694],"batterytemp":[11.0,12.0,20.0],"triggerrate":[0.0,0.0,4.4],"triggersremaining":[21986.0,21990.0,22190.0],"crcerrors":[0.0,0.0,0.0]}