{"datalatency":[7.854796],"sensoruptime":[5.9238888888888885,4.940833333333333,null],"battvoltage":[12.415,12.450999999999999,12.299000000000001],"arrayvoltage":[0.568,0.5770000000000001,44.162],"chargecurrent":[0.0,0.0,2.483],"chargestate":[3.0,3.0,7.0],"loadpower":[13.733856,13.563732,0.0],"batterytemp":[7.0,9.0,19.0],"triggerrate":[0.0,0.0,null],"triggersremaining":[22376.0,22376.0,null],"crcerrors":[0.0,0.0,0.0]}