{"datalatency":[37.494618],"sensoruptime":[5.930555555555555,4.9475,5.930555555555555],"battvoltage":[12.378,12.677,12.378],"arrayvoltage":[32.077,32.574,33.400999999999996],"chargecurrent":[0.9640000000000001,1.621,2.329],"chargestate":[5.0,5.0,5.0],"loadpower":[13.584670000000001,14.48487,13.584670000000001],"batterytemp":[26.0,28.0,28.0],"triggerrate":[1.4,1.8,null],"triggersremaining":[11794.0,11888.0,12014.0],"crcerrors":[1.0,0.0,0.0]}