{"datalatency":[7.91509],"sensoruptime":[25.5875,24.587777777777777,25.5875],"battvoltage":[14.297,14.290999999999999,12.07],"arrayvoltage":[41.605,40.845,42.703],"chargecurrent":[2.546,2.6189999999999998,7.474],"chargestate":[6.0,6.0,7.0],"loadpower":[12.363216,12.812652,8.72505],"batterytemp":[25.0,25.0,28.0],"triggerrate":[0.0,0.0,1.4],"triggersremaining":[22256.0,22256.0,22380.0],"crcerrors":[0.0,0.0,0.0]}