{"datalatency":[13.405907000000001],"sensoruptime":[349.0213888888889,348.0213888888889,349.0213888888889],"battvoltage":[12.292,12.302,12.109000000000002],"arrayvoltage":[0.107,11.798,17.633],"chargecurrent":[0.005,0.0,12.229000000000001],"ledstate":[6.0,6.0,6.0],"loadpower":[24.23564,24.05652,21.612250999999997],"batterytemp":[28.0,32.0,44.0],"triggerrate":[0.0,0.0,1.2000000000000002],"triggersremaining":[12619.0,12619.0,12625.0],"crcerrors":[0.0,0.0,2.0]}