{"datalatency":[19.305962],"sensoruptime":[196.51166666666666,195.51166666666666,196.51166666666666],"battvoltage":[12.296,12.405,12.1],"arrayvoltage":[14.7,15.14,17.969],"chargecurrent":[0.336,0.858,8.96],"ledstate":[6.0,6.0,6.0],"loadpower":[24.554000000000002,24.145578,21.987524],"batterytemp":[41.0,47.0,57.0],"triggerrate":[0.0,0.4,2.4],"triggersremaining":[5649.0,5669.0,5816.0],"crcerrors":[0.0,0.0,0.0]}