{"datalatency":[8.454360000000001],"sensoruptime":[24.759444444444444,23.77638888888889,24.759444444444444],"battvoltage":[14.175,12.558,12.112],"arrayvoltage":[38.678000000000004,37.35,40.076],"chargecurrent":[7.624,1.913,15.0],"chargestate":[6.0,5.0,6.0],"loadpower":[9.593784000000001,13.917497000000001,9.18703],"batterytemp":[29.0,17.0,41.0],"triggerrate":[0.0,0.0,1.0],"triggersremaining":[21658.0,21659.0,21743.0],"crcerrors":[0.0,0.0,0.0]}