{"datalatency":[7.56165],"sensoruptime":[182.23611111111111,181.25277777777777,182.23611111111111],"battvoltage":[12.402000000000001,12.436,12.183],"arrayvoltage":[0.626,0.626,43.121],"chargecurrent":[0.0,0.0,10.794],"chargestate":[3.0,3.0,6.0],"loadpower":[13.548096000000001,13.588574,8.98432],"batterytemp":[8.0,8.0,29.0],"triggerrate":[0.0,0.0,0.4],"triggersremaining":[20363.0,20363.0,20388.0],"crcerrors":[0.0,0.0,0.0]}