{"datalatency":[11.923825],"sensoruptime":[10.049166666666666,9.05,20.196666666666665],"battvoltage":[11.85,13.565,11.224],"arrayvoltage":[14.456,18.660999999999998,19.736],"chargecurrent":[0.58,2.86,8.165],"ledstate":[8.0,5.0,11.0],"loadpower":[24.275192,25.495134,0.0],"batterytemp":[47.0,49.0,50.0],"triggerrate":[0.0,0.0,1.2000000000000002],"triggersremaining":[14557.0,14557.0,14562.0],"crcerrors":[0.0,0.0,0.0]}