{"datalatency":[20.169322],"sensoruptime":[535.4919444444445,534.4922222222223,535.4919444444445],"battvoltage":[12.482000000000001,12.167,11.606],"arrayvoltage":[15.286,14.937999999999999,16.608],"chargecurrent":[6.334,2.6239999999999997,11.448],"ledstate":[8.0,8.0,10.0],"loadpower":[23.00105,23.100168,22.057775999999997],"batterytemp":[50.0,47.0,50.0],"triggerrate":[0.0,0.0,3.6],"triggersremaining":[11292.0,11293.0,11341.0],"crcerrors":[0.0,0.0,2.0]}