{"datalatency":[7.696664],"sensoruptime":[206.23277777777778,205.24944444444444,206.23277777777778],"battvoltage":[12.415,12.450999999999999,12.106],"arrayvoltage":[0.677,0.6990000000000001,41.711000000000006],"chargecurrent":[0.0,0.0,9.777000000000001],"chargestate":[3.0,3.0,6.0],"loadpower":[13.907232,13.563732,9.02565],"batterytemp":[12.0,12.0,34.0],"triggerrate":[0.2,0.0,0.6],"triggersremaining":[20338.0,20344.0,20363.0],"crcerrors":[0.0,0.0,0.0]}