{"datalatency":[12.586590000000001],"sensoruptime":[7.93,6.932777777777778,18.859444444444446],"battvoltage":[12.106,12.805,11.456],"arrayvoltage":[15.039000000000001,15.659,17.825],"chargecurrent":[0.515,4.805,11.344000000000001],"chargestate":[5.0,5.0,6.0],"loadpower":[26.460632,25.940676,0.0],"batterytemp":[38.0,47.0,47.0],"triggerrate":[0.0,0.0,9.600000000000001],"triggersremaining":[22145.0,22147.0,22161.0],"crcerrors":[0.0,0.0,0.0]}