{"datalatency":[19.468936000000003],"sensoruptime":[188.51305555555555,187.53,188.51305555555555],"battvoltage":[12.411,12.9,12.1],"arrayvoltage":[14.892999999999999,15.335,17.969],"chargecurrent":[1.138,5.271,9.81],"ledstate":[6.0,6.0,6.0],"loadpower":[24.378189,22.327021000000002,21.987524],"batterytemp":[47.0,41.0,52.0],"triggerrate":[0.0,0.0,6.4],"triggersremaining":[5811.0,5812.0,6173.0],"crcerrors":[0.0,0.0,0.0]}