{"datalatency":[11.214152],"sensoruptime":[9.466388888888888,8.469444444444445,null],"battvoltage":[11.911,11.950999999999999,11.569],"arrayvoltage":[0.098,6.1,19.736],"chargecurrent":[0.005,0.002,12.392999999999999],"chargestate":[3.0,3.0,6.0],"loadpower":[23.161511999999995,24.132569999999998,6.808707000000001],"batterytemp":[26.0,27.0,44.0],"triggerrate":[0.0,0.0,null],"triggersremaining":[22160.0,22160.0,null],"crcerrors":[0.0,0.0,0.0]}