{"datalatency":[13.857191],"sensoruptime":[74.72611111111111,73.72638888888889,74.72611111111111],"battvoltage":[12.710999999999999,12.378,11.984000000000002],"arrayvoltage":[15.335,16.605,17.337],"chargecurrent":[6.909,2.863,10.545],"ledstate":[8.0,8.0,8.0],"loadpower":[22.576346000000004,22.57064,21.297936],"batterytemp":[42.0,36.0,52.0],"triggerrate":[0.0,0.0,4.800000000000001],"triggersremaining":[13096.0,13096.0,13148.0],"crcerrors":[0.0,0.0,2.0]}