{"datalatency":[76.962778],"sensoruptime":[103.3425,102.3425,103.3425],"battvoltage":[12.445,12.482000000000001,12.222000000000001],"arrayvoltage":[0.003,0.0,18.340999999999998],"chargecurrent":[0.005,0.005,7.815],"ledstate":[6.0,6.0,6.0],"loadpower":[23.361607,23.750784000000003,21.964412],"batterytemp":[33.0,35.0,55.0],"triggerrate":[0.0,0.0,0.4],"triggersremaining":[6292.0,6292.0,6300.0],"crcerrors":[0.0,0.0,0.0]}