{"datalatency":[8.317703],"sensoruptime":[2.2769444444444447,1.2772222222222223,114.10888888888888],"battvoltage":[11.493,11.533,11.469000000000001],"arrayvoltage":[0.5920000000000001,0.58,35.4],"chargecurrent":[0.0,0.0,6.643],"chargestate":[3.0,3.0,5.0],"loadpower":[14.14781,14.151150000000001,0.0],"batterytemp":[14.0,14.0,27.0],"triggerrate":[0.0,0.0,1.6],"triggersremaining":[21749.0,21775.0,21935.0],"crcerrors":[0.0,0.0,0.0]}