{"datalatency":[31.114961],"sensoruptime":[10.38,9.382777777777777,57.48722222222222],"battvoltage":[11.835,11.874,11.639000000000001],"arrayvoltage":[0.024,0.021,17.242],"chargecurrent":[0.005,0.005,12.284],"ledstate":[8.0,8.0,10.0],"loadpower":[24.503776000000002,24.892041000000006,6.942914999999999],"batterytemp":[25.0,26.0,48.0],"triggerrate":[0.0,0.0,7.200004464002768],"triggersremaining":[22166.0,22166.0,22310.0],"crcerrors":[null,null,0.0]}