{"datalatency":[12.726124],"sensoruptime":[42.56472222222222,41.5675,42.56472222222222],"battvoltage":[12.1,12.14,12.033],"arrayvoltage":[0.021,0.107,17.526],"chargecurrent":[0.005,0.005,10.985],"ledstate":[6.0,6.0,8.0],"loadpower":[26.279311999999997,22.946175999999998,21.514706],"batterytemp":[29.0,29.0,50.0],"triggerrate":[0.0,0.0,2.4000000000000004],"triggersremaining":[13472.0,13479.0,13514.0],"crcerrors":[0.0,0.0,2.0]}