{"datalatency":[9.625941000000001],"sensoruptime":[3.8841666666666668,2.8841666666666668,20.196666666666665],"battvoltage":[13.663,13.739,11.224],"arrayvoltage":[18.340999999999998,15.335,19.305],"chargecurrent":[5.332000000000001,7.292999999999999,8.165],"ledstate":[5.0,6.0,11.0],"loadpower":[25.687683999999997,25.90148,0.0],"batterytemp":[46.0,41.0,49.0],"triggerrate":[0.0,0.0,1.2000000000000002],"triggersremaining":[14559.0,14559.0,14564.0],"crcerrors":[0.0,0.0,0.0]}