{"datalatency":[8.408285000000001],"sensoruptime":[null,null,null],"battvoltage":[12.125,11.690999999999999,11.478],"arrayvoltage":[18.793,13.651,36.969],"chargecurrent":[1.1740000000000002,0.0,6.643],"chargestate":[5.0,5.0,5.0],"loadpower":[0.0,0.0,0.0],"batterytemp":[13.0,11.0,27.0],"triggerrate":[null,null,null],"triggersremaining":[null,null,null],"crcerrors":[0.0,null,0.0]}