{"datalatency":[7.625506000000001],"sensoruptime":[0.7580555555555556,null,null],"battvoltage":[14.581,14.618,12.299000000000001],"arrayvoltage":[41.342,42.13,44.162],"chargecurrent":[1.367,0.055999999999999994,2.2319999999999998],"chargestate":[6.0,6.0,7.0],"loadpower":[13.810662,0.0,0.0],"batterytemp":[18.0,15.0,19.0],"triggerrate":[0.0,null,null],"triggersremaining":[22381.0,null,null],"crcerrors":[0.0,0.0,0.0]}