{"datalatency":[22.247176],"sensoruptime":[11.65,10.650277777777777,null],"battvoltage":[12.369000000000002,12.405,12.369000000000002],"arrayvoltage":[0.021,0.079,20.032],"chargecurrent":[0.005,0.005,7.09],"chargestate":[3.0,3.0,7.0],"loadpower":[24.341849999999997,24.426602999999997,11.041264],"batterytemp":[28.0,30.0,47.0],"triggerrate":[null,null,null],"triggersremaining":[22491.0,22491.0,null],"crcerrors":[null,null,0.0]}