{"datalatency":[37.754884000000004],"sensoruptime":[2.381111111111111,1.381388888888889,57.48722222222222],"battvoltage":[12.378,12.975999999999999,11.639000000000001],"arrayvoltage":[16.262999999999998,15.915,17.78],"chargecurrent":[1.273,10.934000000000001,12.284],"ledstate":[8.0,8.0,10.0],"loadpower":[24.269148,23.179632,6.942914999999999],"batterytemp":[45.0,48.0,48.0],"triggerrate":[0.0,0.0,7.200004464002768],"triggersremaining":[22178.0,22178.0,22351.0],"crcerrors":[null,null,0.0]}