{"datalatency":[37.774502000000005],"sensoruptime":[0.18305555555555555,null,null],"battvoltage":[11.612,12.442,10.477],"arrayvoltage":[25.729,3.8539999999999996,43.57899999999999],"chargecurrent":[0.087,0.0,2.897],"chargestate":[5.0,3.0,7.0],"loadpower":[13.526697,0.0,0.0],"batterytemp":[13.0,13.0,24.0],"triggerrate":[0.0,null,58.6],"triggersremaining":[0.0,null,null],"crcerrors":[28.0,0.0,20.0]}