{"datalatency":[10.083396],"sensoruptime":[null,null,0.018333333333333333],"battvoltage":[13.970999999999998,13.84,10.595999999999998],"arrayvoltage":[42.266999999999996,40.335,43.347],"chargecurrent":[0.46399999999999997,1.8459999999999999,2.597],"chargestate":[7.0,7.0,7.0],"loadpower":[0.0,18.131100000000004,0.0],"batterytemp":[16.0,20.0,20.0],"triggerrate":[null,null,0.0],"triggersremaining":[null,null,0.0],"crcerrors":[0.0,0.0,1.0]}