{"datalatency":[8.640555],"sensoruptime":[65.42055555555555,64.43722222222222,65.42055555555555],"battvoltage":[12.335,12.36,12.18],"arrayvoltage":[0.598,0.595,40.146],"chargecurrent":[0.0,0.0,10.228],"chargestate":[3.0,3.0,6.0],"loadpower":[13.821883999999999,13.541368,8.80245],"batterytemp":[14.0,15.0,34.0],"triggerrate":[0.0,0.0,0.2],"triggersremaining":[21643.0,21643.0,21650.0],"crcerrors":[0.0,0.0,0.0]}