{"datalatency":[8.297558],"sensoruptime":[null,null,null],"battvoltage":[12.573,12.573,10.427999999999999],"arrayvoltage":[0.8240000000000001,0.888,43.015],"chargecurrent":[0.002,0.0,3.5439999999999996],"chargestate":[3.0,3.0,6.0],"loadpower":[0.0,0.0,0.0],"batterytemp":[18.0,18.0,27.0],"triggerrate":[null,null,null],"triggersremaining":[null,null,null],"crcerrors":[1.0,null,1.0]}