{"datalatency":[7.881217],"sensoruptime":[25.59888888888889,24.615555555555556,25.59888888888889],"battvoltage":[14.175,14.444,11.49],"arrayvoltage":[41.495,38.312,42.996],"chargecurrent":[4.74,11.712,15.002],"chargestate":[6.0,6.0,6.0],"loadpower":[9.126695999999999,10.10547,9.117872],"batterytemp":[29.0,20.0,29.0],"triggerrate":[0.0,0.0,0.4],"triggersremaining":[18420.0,18420.0,18435.0],"crcerrors":[0.0,0.0,0.0]}