{"datalatency":[21.124967],"sensoruptime":[null,null,null],"battvoltage":[12.137,12.292,11.572000000000001],"arrayvoltage":[17.191,17.087,18.805],"chargecurrent":[1.78,3.0660000000000003,5.67],"chargestate":[5.0,5.0,6.0],"loadpower":[8.352808,7.573095,6.509968999999999],"batterytemp":[26.0,23.0,40.0],"triggerrate":[null,null,null],"triggersremaining":[null,null,null],"crcerrors":[null,null,null]}