{"datalatency":[77.221607],"sensoruptime":[32.18666666666667,31.186944444444446,32.18666666666667],"battvoltage":[12.405,12.415,12.14],"arrayvoltage":[0.021,0.021,17.337],"chargecurrent":[0.005,0.005,9.245],"ledstate":[6.0,6.0,6.0],"loadpower":[23.681759999999997,24.042419999999996,22.116975999999998],"batterytemp":[30.0,31.0,55.0],"triggerrate":[0.0,0.0,0.2],"triggersremaining":[6324.0,6325.0,6330.0],"crcerrors":[0.0,0.0,0.0]}