{"datalatency":[10.026711],"sensoruptime":[0.015555555555555555,null,0.29555555555555557],"battvoltage":[11.356,12.491,10.595999999999998],"arrayvoltage":[32.819,11.884,44.562],"chargecurrent":[0.618,0.0,2.6889999999999996],"chargestate":[5.0,5.0,7.0],"loadpower":[13.89885,0.0,0.0],"batterytemp":[1.0,0.0,16.0],"triggerrate":[null,null,0.0],"triggersremaining":[0.0,null,0.0],"crcerrors":[0.0,0.0,1.0]}