{"datalatency":[9.946281],"sensoruptime":[null,0.21555555555555556,null],"battvoltage":[12.698,13.507,11.328],"arrayvoltage":[15.130999999999998,18.759,19.949],"chargecurrent":[0.9229999999999999,2.73,9.745],"ledstate":[6.0,5.0,10.0],"loadpower":[8.964696,23.16643,5.908896],"batterytemp":[48.0,51.0,51.0],"triggerrate":[null,0.0,null],"triggersremaining":[null,14569.0,null],"crcerrors":[0.0,0.0,0.0]}