{"datalatency":[25.973585],"sensoruptime":[null,null,null],"battvoltage":[12.130999999999998,12.03,11.99],"arrayvoltage":[1.016,0.9159999999999999,42.218],"chargecurrent":[0.0,0.0,2.839],"chargestate":[3.0,3.0,7.0],"loadpower":[8.7228,8.436,0.0],"batterytemp":[18.0,21.0,32.0],"triggerrate":[null,null,null],"triggersremaining":[null,null,null],"crcerrors":[1.0,null,3.0]}