{"datalatency":[8.081981],"sensoruptime":[null,null,null],"battvoltage":[12.527000000000001,12.527000000000001,11.319],"arrayvoltage":[0.7809999999999999,0.8420000000000001,42.471000000000004],"chargecurrent":[0.0,0.0,5.733],"chargestate":[3.0,3.0,6.0],"loadpower":[0.0,0.0,0.0],"batterytemp":[5.0,5.0,28.0],"triggerrate":[null,null,null],"triggersremaining":[null,null,null],"crcerrors":[0.0,null,0.0]}