{"datalatency":[7.663756],"sensoruptime":[19.1,18.1,31.859444444444446],"battvoltage":[11.609000000000002,11.645999999999999,11.465],"arrayvoltage":[0.684,0.684,42.996],"chargecurrent":[0.0,0.0,15.002],"chargestate":[3.0,3.0,6.0],"loadpower":[14.151981999999999,14.115870000000001,0.0],"batterytemp":[2.0,2.0,28.0],"triggerrate":[0.0,0.0,1.0],"triggersremaining":[18425.0,18425.0,18444.0],"crcerrors":[0.0,0.0,4.0]}