{"datalatency":[7.751829000000001],"sensoruptime":[0.9361111111111111,null,31.859444444444446],"battvoltage":[12.03,12.517999999999999,11.465],"arrayvoltage":[34.326,38.773,39.010999999999996],"chargecurrent":[2.2319999999999998,3.95,13.985],"chargestate":[5.0,5.0,5.0],"loadpower":[14.106679999999999,0.0,0.0],"batterytemp":[19.0,14.0,22.0],"triggerrate":[0.0,null,2.0],"triggersremaining":[18436.0,null,18609.0],"crcerrors":[1.0,0.0,4.0]}