{"datalatency":[14.831335000000001],"sensoruptime":[null,null,12.61],"battvoltage":[13.742,13.382,11.31],"arrayvoltage":[18.869,15.68,19.949],"chargecurrent":[4.167,2.428,12.057],"ledstate":[5.0,6.0,11.0],"loadpower":[6.1989160000000005,6.962958,0.0],"batterytemp":[43.0,43.0,46.0],"triggerrate":[null,null,2.4000000000000004],"triggersremaining":[null,null,14649.0],"crcerrors":[0.0,null,0.0]}