{"datalatency":[38.233196],"sensoruptime":[0.008333333333333333,0.2788888888888889,1.8325],"battvoltage":[14.85,12.335,10.352],"arrayvoltage":[38.782,38.626,45.523],"chargecurrent":[1.9280000000000002,1.278,2.6889999999999996],"chargestate":[6.0,5.0,7.0],"loadpower":[15.064720000000003,13.53889,0.0],"batterytemp":[7.0,2.0,10.0],"triggerrate":[null,0.0,0.0],"triggersremaining":[0.0,0.0,0.0],"crcerrors":[7.0,0.0,1.0]}