{"datalatency":[20.012268000000002],"sensoruptime":[252.19944444444445,251.20222222222222,252.19944444444445],"battvoltage":[12.369000000000002,12.405,12.073],"arrayvoltage":[7.053,15.872,18.073],"chargecurrent":[0.005,0.251,9.937999999999999],"ledstate":[6.0,6.0,8.0],"loadpower":[23.566452,22.477383,21.323016],"batterytemp":[35.0,45.0,55.0],"triggerrate":[0.0,0.0,1.2000000000000002],"triggersremaining":[12673.0,12674.0,12680.0],"crcerrors":[0.0,0.0,2.0]}