{"datalatency":[7.038113],"sensoruptime":[153.40722222222223,152.42388888888888,153.40722222222223],"battvoltage":[12.567,12.637,11.868],"arrayvoltage":[0.62,20.648000000000003,42.465],"chargecurrent":[0.002,0.01,15.0],"chargestate":[3.0,5.0,6.0],"loadpower":[13.690404000000003,13.821023999999998,8.596613999999999],"batterytemp":[13.0,17.0,33.0],"triggerrate":[0.2,0.2,6.4],"triggersremaining":[20401.0,20407.0,20992.0],"crcerrors":[0.0,0.0,0.0]}