{"datalatency":[7.713779000000001],"sensoruptime":[8.729722222222222,7.729722222222223,227.69416666666666],"battvoltage":[11.877,11.877,11.877],"arrayvoltage":[1.0070000000000001,1.254,36.472],"chargecurrent":[0.0,0.0,3.503],"chargestate":[3.0,3.0,5.0],"loadpower":[13.825449000000003,13.766214,9.995777999999998],"batterytemp":[16.0,16.0,18.0],"triggerrate":[0.2,0.0,24.0],"triggersremaining":[18634.0,18641.0,20296.0],"crcerrors":[2.0,0.0,3.0]}