{"datalatency":[8.539053000000001],"sensoruptime":[18.426944444444445,17.427222222222223,null],"battvoltage":[12.259,12.283,11.645999999999999],"arrayvoltage":[0.607,0.601,38.565],"chargecurrent":[0.0,0.0,15.0],"chargestate":[3.0,3.0,6.0],"loadpower":[14.212421999999998,14.071395999999998,0.0],"batterytemp":[12.0,12.0,41.0],"triggerrate":[0.0,0.0,null],"triggersremaining":[21663.0,21667.0,null],"crcerrors":[0.0,0.0,0.0]}