{"datalatency":[26.278346000000003],"sensoruptime":[23.983888888888888,22.986944444444443,null],"battvoltage":[12.494000000000002,12.14,12.064],"arrayvoltage":[17.285,16.945999999999998,20.032],"chargecurrent":[3.092,1.4280000000000002,7.09],"chargestate":[5.0,5.0,7.0],"loadpower":[23.856524999999998,25.348536,22.529826000000003],"batterytemp":[33.0,30.0,47.0],"triggerrate":[null,null,null],"triggersremaining":[22488.0,22488.0,null],"crcerrors":[null,null,0.0]}