{"datalatency":[23.105382000000002],"sensoruptime":[337.68694444444446,336.68694444444446,337.68694444444446],"battvoltage":[12.909,12.14,12.109000000000002],"arrayvoltage":[16.305999999999997,16.455,18.03],"chargecurrent":[4.906000000000001,0.41100000000000003,11.622],"ledstate":[6.0,6.0,6.0],"loadpower":[22.784823,22.54412,20.870528999999998],"batterytemp":[31.0,27.0,44.0],"triggerrate":[0.0,0.0,1.2000000000000002],"triggersremaining":[12622.0,12622.0,12628.0],"crcerrors":[0.0,0.0,2.0]}