{"datalatency":[13.397131000000002],"sensoruptime":[null,null,null],"battvoltage":[12.200999999999999,12.177,11.285],"arrayvoltage":[0.0,0.021,19.949],"chargecurrent":[0.002,0.002,9.745],"ledstate":[11.0,11.0,11.0],"loadpower":[0.0,0.0,0.0],"batterytemp":[25.0,26.0,51.0],"triggerrate":[null,0.0,null],"triggersremaining":[null,null,null],"crcerrors":[0.0,null,0.0]}