{"datalatency":[7.775636],"sensoruptime":[8.004166666666666,7.004166666666666,62.22694444444444],"battvoltage":[14.294,14.267000000000001,11.319],"arrayvoltage":[41.714,41.953,42.471000000000004],"chargecurrent":[2.694,2.6069999999999998,5.733],"chargestate":[6.0,6.0,6.0],"loadpower":[12.363216,12.331824000000001,0.0],"batterytemp":[25.0,26.0,31.0],"triggerrate":[0.2,0.0,0.5],"triggersremaining":[18399.0,18400.0,18410.0],"crcerrors":[0.0,0.0,0.0]}