{"datalatency":[14.089266],"sensoruptime":[82.39166666666667,81.39444444444445,82.39166666666667],"battvoltage":[12.405,12.793,11.984000000000002],"arrayvoltage":[16.989,15.378,17.337],"chargecurrent":[0.708,4.249,9.687000000000001],"ledstate":[8.0,8.0,8.0],"loadpower":[23.428872000000002,22.367928,21.70458],"batterytemp":[55.0,58.0,58.0],"triggerrate":[0.0,0.0,4.800000000000001],"triggersremaining":[13093.0,13093.0,13108.0],"crcerrors":[0.0,0.0,2.0]}