{"datalatency":[7.833357],"sensoruptime":[3.73,2.7330555555555556,null],"battvoltage":[11.495999999999999,11.609000000000002,11.328],"arrayvoltage":[0.107,0.10400000000000001,19.949],"chargecurrent":[0.002,0.002,9.745],"ledstate":[10.0,10.0,10.0],"loadpower":[23.580264000000003,23.460183999999998,5.908896],"batterytemp":[28.0,29.0,51.0],"triggerrate":[0.0,0.0,null],"triggersremaining":[14568.0,14568.0,null],"crcerrors":[0.0,0.0,0.0]}