{"datalatency":[13.516202000000002],"sensoruptime":[65.89416666666666,64.89416666666666,65.89416666666666],"battvoltage":[12.064,12.1,12.015],"arrayvoltage":[0.11599999999999999,0.11599999999999999,17.000999999999998],"chargecurrent":[0.005,0.005,10.545],"ledstate":[8.0,8.0,8.0],"loadpower":[23.499449999999996,23.56575,21.262392999999996],"batterytemp":[28.0,28.0,52.0],"triggerrate":[0.0,0.0,6.0],"triggersremaining":[13104.0,13104.0,13475.0],"crcerrors":[0.0,0.0,2.0]}