{"datalatency":[20.924739000000002],"sensoruptime":[41.99611111111111,41.01305555555555,41.99611111111111],"battvoltage":[11.945,11.950999999999999,11.932],"arrayvoltage":[0.0,0.0,18.222],"chargecurrent":[0.005,0.002,10.26],"ledstate":[8.0,8.0,8.0],"loadpower":[23.571919,24.39514,21.692814],"batterytemp":[30.0,30.0,49.0],"triggerrate":[0.0,0.0,1.4],"triggersremaining":[1516.0,1516.0,1675.0],"crcerrors":[0.0,0.0,0.0]}