{"datalatency":[7.950069],"sensoruptime":[33.931111111111115,32.931111111111115,33.931111111111115],"battvoltage":[12.091,12.145999999999999,11.49],"arrayvoltage":[0.748,5.307,42.148],"chargecurrent":[0.0,0.0,12.352],"chargestate":[3.0,3.0,6.0],"loadpower":[14.035798,14.07763,8.277874],"batterytemp":[13.0,15.0,29.0],"triggerrate":[0.0,0.0,0.4],"triggersremaining":[18418.0,18418.0,18429.0],"crcerrors":[0.0,0.0,0.0]}