{"datalatency":[11.501495],"sensoruptime":[10.23611111111111,9.238888888888889,10.618611111111111],"battvoltage":[12.415,12.363,11.264000000000001],"arrayvoltage":[17.239,16.116,19.733],"chargecurrent":[1.8940000000000001,1.6230000000000002,9.152999999999999],"ledstate":[6.0,6.0,11.0],"loadpower":[26.122698,26.001186999999998,0.0],"batterytemp":[43.0,35.0,53.0],"triggerrate":[0.0,0.0,20.400000000000002],"triggersremaining":[13547.0,13569.0,14551.0],"crcerrors":[0.0,0.0,2.0]}