{"datalatency":[9.873017],"sensoruptime":[2.0077777777777777,1.0108333333333333,14.684444444444445],"battvoltage":[13.852,13.623,11.425999999999998],"arrayvoltage":[15.335,16.309,19.965],"chargecurrent":[7.303,6.194,7.916],"ledstate":[6.0,6.0,11.0],"loadpower":[26.132304,25.687683999999997,0.0],"batterytemp":[39.0,33.0,51.0],"triggerrate":[0.0,0.0,1.2000000000000002],"triggersremaining":[14564.0,14564.0,14567.0],"crcerrors":[0.0,0.0,0.0]}