{"datalatency":[10.085025],"sensoruptime":[null,null,null],"battvoltage":[13.937000000000001,12.604000000000001,12.189],"arrayvoltage":[31.598000000000003,13.239,43.347],"chargecurrent":[0.466,0.0,2.597],"chargestate":[5.0,5.0,7.0],"loadpower":[0.0,0.0,0.0],"batterytemp":[11.0,10.0,20.0],"triggerrate":[null,null,0.0],"triggersremaining":[null,null,null],"crcerrors":[0.0,null,1.0]}