{"datalatency":[8.486450000000001],"sensoruptime":[16.427222222222223,15.444166666666666,16.427222222222223],"battvoltage":[12.302,12.335,11.478],"arrayvoltage":[0.604,0.601,38.565],"chargecurrent":[0.0,0.0,15.0],"chargestate":[3.0,3.0,6.0],"loadpower":[14.16954,13.883423999999998,0.0],"batterytemp":[12.0,13.0,41.0],"triggerrate":[0.0,0.2,1.2],"triggersremaining":[21668.0,21669.0,21773.0],"crcerrors":[0.0,0.0,0.0]}