{"datalatency":[8.22325],"sensoruptime":[90.91194444444444,89.91222222222223,90.91194444444444],"battvoltage":[11.884,11.884,11.815999999999999],"arrayvoltage":[26.016,11.374,35.016],"chargecurrent":[0.109,0.0,2.8360000000000003],"chargestate":[5.0,3.0,5.0],"loadpower":[13.789908000000004,13.825449000000003,12.913230000000002],"batterytemp":[12.0,11.0,20.0],"triggerrate":[0.0,0.0,4.4],"triggersremaining":[21963.0,21966.0,22148.0],"crcerrors":[0.0,0.0,0.0]}