{"datalatency":[7.414856],"sensoruptime":[189.735,188.735,189.735],"battvoltage":[12.183,12.192,12.183],"arrayvoltage":[2.4290000000000003,0.684,43.121],"chargecurrent":[0.0,0.0,10.794],"chargestate":[3.0,3.0,6.0],"loadpower":[14.124109999999998,14.124109999999998,8.98432],"batterytemp":[3.0,4.0,29.0],"triggerrate":[0.0,0.0,0.4],"triggersremaining":[20356.0,20356.0,20371.0],"crcerrors":[0.0,0.0,0.0]}