{"datalatency":[17.853663],"sensoruptime":[186.87555555555556,185.87583333333333,186.87555555555556],"battvoltage":[11.923,11.950999999999999,11.795],"arrayvoltage":[0.0,0.0,17.38],"chargecurrent":[0.005,0.002,11.315],"ledstate":[8.0,8.0,8.0],"loadpower":[23.857495,23.726780000000005,21.720450999999997],"batterytemp":[25.0,25.0,53.0],"triggerrate":[0.0,0.0,1.2000000000000002],"triggersremaining":[12691.0,12691.0,12704.0],"crcerrors":[0.0,0.0,2.0]}