{"datalatency":[8.084152000000001],"sensoruptime":[17.921944444444446,16.92222222222222,null],"battvoltage":[12.145999999999999,12.149000000000001,12.07],"arrayvoltage":[24.463,0.705,44.162],"chargecurrent":[0.024,0.0,2.483],"chargestate":[5.0,3.0,7.0],"loadpower":[14.0534,14.017055000000001,0.0],"batterytemp":[0.0,0.0,19.0],"triggerrate":[0.0,0.2,null],"triggersremaining":[22271.0,22273.0,null],"crcerrors":[0.0,0.0,0.0]}