{"datalatency":[8.361856000000001],"sensoruptime":[null,2.1102777777777777,114.10888888888888],"battvoltage":[11.685,11.493,11.469000000000001],"arrayvoltage":[0.5920000000000001,0.589,35.4],"chargecurrent":[0.0,0.0,6.643],"chargestate":[3.0,3.0,5.0],"loadpower":[0.0,14.14781,0.0],"batterytemp":[13.0,14.0,27.0],"triggerrate":[null,1.0,1.6],"triggersremaining":[null,21749.0,21935.0],"crcerrors":[0.0,0.0,0.0]}