{"datalatency":[11.348948],"sensoruptime":[17.46527777777778,16.46527777777778,null],"battvoltage":[11.53,11.569,11.52],"arrayvoltage":[0.107,0.0,19.736],"chargecurrent":[0.005,0.002,12.392999999999999],"chargestate":[3.0,3.0,6.0],"loadpower":[23.151125999999998,23.200432,6.808707000000001],"batterytemp":[21.0,21.0,44.0],"triggerrate":[0.0,0.0,null],"triggersremaining":[22150.0,22150.0,null],"crcerrors":[0.0,0.0,0.0]}