{"datalatency":[78.371779],"sensoruptime":[101.67611111111111,100.67611111111111,101.67611111111111],"battvoltage":[12.482000000000001,12.520999999999999,12.222000000000001],"arrayvoltage":[1.6880000000000002,13.535,18.340999999999998],"chargecurrent":[0.005,0.147,7.815],"ledstate":[6.0,6.0,6.0],"loadpower":[23.678631000000003,24.542658,21.964412],"batterytemp":[37.0,43.0,55.0],"triggerrate":[0.0,0.0,0.4],"triggersremaining":[6292.0,6292.0,6300.0],"crcerrors":[0.0,0.0,0.0]}