{"datalatency":[8.0484],"sensoruptime":[15.255555555555556,14.2725,null],"battvoltage":[12.183,12.222000000000001,12.183],"arrayvoltage":[0.6679999999999999,0.647,44.162],"chargecurrent":[0.0,0.0,2.483],"chargestate":[3.0,3.0,7.0],"loadpower":[14.148420000000002,13.789152,0.0],"batterytemp":[1.0,1.0,19.0],"triggerrate":[0.8,0.0,null],"triggersremaining":[22305.0,22323.0,null],"crcerrors":[0.0,0.0,0.0]}