{"datalatency":[77.23316600000001],"sensoruptime":[59.31444444444445,58.31444444444445,59.31444444444445],"battvoltage":[12.527000000000001,12.558,12.274000000000001],"arrayvoltage":[0.079,7.91,18.410999999999998],"chargecurrent":[0.005,0.005,7.945],"ledstate":[6.0,6.0,6.0],"loadpower":[23.329285000000002,23.699393999999998,21.948113000000003],"batterytemp":[34.0,38.0,55.0],"triggerrate":[0.0,0.0,0.4],"triggersremaining":[7041.0,7041.0,7050.0],"crcerrors":[0.0,0.0,0.0]}