{"datalatency":[7.79584],"sensoruptime":[0.2697222222222222,null,31.859444444444446],"battvoltage":[13.315,12.198,11.465],"arrayvoltage":[37.598,18.701,39.010999999999996],"chargecurrent":[11.999,2.2640000000000002,11.999],"chargestate":[5.0,5.0,5.0],"loadpower":[10.549600000000002,0.0,0.0],"batterytemp":[20.0,12.0,20.0],"triggerrate":[0.0,null,2.0],"triggersremaining":[18438.0,null,18613.0],"crcerrors":[1.0,0.0,4.0]}