{"datalatency":[15.389192000000001],"sensoruptime":[26.01972222222222,25.022777777777776,26.01972222222222],"battvoltage":[12.265,12.299000000000001,12.07],"arrayvoltage":[0.076,0.079,18.872],"chargecurrent":[0.005,0.002,10.158],"ledstate":[6.0,6.0,8.0],"loadpower":[23.955636999999996,25.10032,22.619726999999994],"batterytemp":[26.0,26.0,50.0],"triggerrate":[0.0,0.0,1.2000035280103725],"triggersremaining":[22428.0,22428.0,22434.0],"crcerrors":[null,null,0.0]}