{"datalatency":[7.966759000000001],"sensoruptime":[27.26527777777778,26.282222222222224,27.26527777777778],"battvoltage":[14.267000000000001,14.215,11.49],"arrayvoltage":[41.135,41.06100000000001,42.996],"chargecurrent":[3.841,4.015,15.0],"chargestate":[6.0,6.0,6.0],"loadpower":[11.313600000000001,11.280932,9.117872],"batterytemp":[26.0,28.0,29.0],"triggerrate":[0.0,0.0,0.4],"triggersremaining":[18420.0,18420.0,18434.0],"crcerrors":[0.0,0.0,0.0]}