{"datalatency":[15.764086],"sensoruptime":[129.88472222222222,128.88777777777779,129.88472222222222],"battvoltage":[12.14,12.106,12.079],"arrayvoltage":[15.725999999999999,12.762,16.898],"chargecurrent":[0.775,0.022000000000000002,10.972000000000001],"ledstate":[8.0,8.0,8.0],"loadpower":[22.810055999999996,24.707872,21.720998],"batterytemp":[34.0,38.0,43.0],"triggerrate":[0.0,1.2000000000000002,3.6],"triggersremaining":[12996.0,13004.0,13081.0],"crcerrors":[0.0,0.0,2.0]}