{"datalatency":[8.045789000000001],"sensoruptime":[70.08166666666666,69.09833333333333,70.08166666666666],"battvoltage":[12.436,12.491,12.145999999999999],"arrayvoltage":[34.03,34.238,42.861999999999995],"chargecurrent":[1.3769999999999998,1.8840000000000001,3.952],"chargestate":[5.0,5.0,6.0],"loadpower":[13.665330000000003,13.750464000000001,8.90651],"batterytemp":[18.0,17.0,30.0],"triggerrate":[0.6,0.0,0.8],"triggersremaining":[22119.0,22125.0,22214.0],"crcerrors":[0.0,0.0,0.0]}