{"datalatency":[9.814993000000001],"sensoruptime":[0.8413888888888889,0.005277777777777778,14.684444444444445],"battvoltage":[13.585999999999999,12.32,11.425999999999998],"arrayvoltage":[16.217,17.682000000000002,19.965],"chargecurrent":[5.955,2.099,7.916],"ledstate":[6.0,8.0,11.0],"loadpower":[25.668048,26.094524,0.0],"batterytemp":[32.0,23.0,51.0],"triggerrate":[0.0,null,1.2000000000000002],"triggersremaining":[14564.0,14564.0,14567.0],"crcerrors":[0.0,0.0,0.0]}