{"datalatency":[69.512715],"sensoruptime":[103.00916666666667,102.00916666666667,103.00916666666667],"battvoltage":[12.445,12.482000000000001,12.222000000000001],"arrayvoltage":[0.003,0.085,18.340999999999998],"chargecurrent":[0.005,0.002,7.815],"ledstate":[6.0,6.0,6.0],"loadpower":[24.057855,23.853197,21.964412],"batterytemp":[34.0,35.0,55.0],"triggerrate":[0.0,0.0,0.4],"triggersremaining":[6292.0,6292.0,6300.0],"crcerrors":[0.0,0.0,0.0]}