{"datalatency":[7.860576000000001],"sensoruptime":[3.9355555555555557,2.9358333333333335,31.859444444444446],"battvoltage":[13.828,13.257,11.465],"arrayvoltage":[35.059,34.329,42.065],"chargecurrent":[7.88,2.9589999999999996,15.002],"chargestate":[5.0,5.0,6.0],"loadpower":[10.76863,10.516626,0.0],"batterytemp":[23.0,27.0,28.0],"triggerrate":[0.0,0.0,2.0],"triggersremaining":[18434.0,18434.0,18587.0],"crcerrors":[1.0,0.0,4.0]}