{"datalatency":[7.919645000000001],"sensoruptime":[15.43388888888889,14.434166666666666,31.859444444444446],"battvoltage":[11.745999999999999,11.770999999999999,11.465],"arrayvoltage":[0.7020000000000001,0.726,42.996],"chargecurrent":[0.0,0.0,15.002],"chargestate":[3.0,3.0,6.0],"loadpower":[13.672571999999999,13.634908000000001,0.0],"batterytemp":[3.0,4.0,28.0],"triggerrate":[0.0,0.0,2.0],"triggersremaining":[18426.0,18426.0,18543.0],"crcerrors":[0.0,0.0,4.0]}