{"datalatency":[7.037499],"sensoruptime":[150.24083333333334,149.2411111111111,150.24083333333334],"battvoltage":[14.139000000000001,14.139000000000001,11.868],"arrayvoltage":[41.821000000000005,42.117,42.465],"chargecurrent":[3.66,4.001,15.0],"chargestate":[6.0,6.0,6.0],"loadpower":[9.691965999999999,9.0954,8.596613999999999],"batterytemp":[30.0,30.0,33.0],"triggerrate":[0.0,0.0,6.4],"triggersremaining":[20434.0,20447.0,21365.0],"crcerrors":[0.0,0.0,0.0]}