{"datalatency":[19.169657],"sensoruptime":[172.01555555555555,171.01583333333335,172.01555555555555],"battvoltage":[12.488,12.411,12.200999999999999],"arrayvoltage":[17.087,15.475,17.969],"chargecurrent":[1.4280000000000002,0.478,9.81],"ledstate":[6.0,6.0,6.0],"loadpower":[23.485937,23.25603,21.942296000000002],"batterytemp":[41.0,38.0,52.0],"triggerrate":[0.2,0.0,6.4],"triggersremaining":[5816.0,5826.0,6183.0],"crcerrors":[0.0,0.0,0.0]}