{"datalatency":[7.880323000000001],"sensoruptime":[8.935,7.935,31.859444444444446],"battvoltage":[11.954,12.079,11.465],"arrayvoltage":[2.313,30.765,42.996],"chargecurrent":[0.0,0.406,15.002],"chargestate":[3.0,5.0,6.0],"loadpower":[13.878372000000002,14.018367999999999,0.0],"batterytemp":[8.0,12.0,28.0],"triggerrate":[0.0,0.0,2.0],"triggersremaining":[18429.0,18431.0,18579.0],"crcerrors":[1.0,0.0,4.0]}