{"datalatency":[74.757855],"sensoruptime":[110.00805555555556,109.025,110.00805555555556],"battvoltage":[12.292,12.302,12.222000000000001],"arrayvoltage":[0.0,0.0,18.340999999999998],"chargecurrent":[0.005,0.005,7.815],"ledstate":[6.0,6.0,6.0],"loadpower":[23.652704,23.58988,21.964412],"batterytemp":[29.0,29.0,55.0],"triggerrate":[0.0,0.0,0.4],"triggersremaining":[6290.0,6290.0,6298.0],"crcerrors":[0.0,0.0,0.0]}