{"datalatency":[15.171841],"sensoruptime":[110.8875,109.88777777777777,110.8875],"battvoltage":[12.222000000000001,12.253,12.057],"arrayvoltage":[0.021,0.021,17.825],"chargecurrent":[0.005,0.002,10.327],"ledstate":[6.0,6.0,8.0],"loadpower":[23.321844000000002,23.772022,21.192338],"batterytemp":[31.0,32.0,54.0],"triggerrate":[0.0,0.0,1.2000000000000002],"triggersremaining":[13080.0,13080.0,13088.0],"crcerrors":[0.0,0.0,2.0]}