{"datalatency":[47.805805],"sensoruptime":[21.986944444444443,21.003611111111113,null],"battvoltage":[12.329,12.329,12.308],"arrayvoltage":[15.335,13.405999999999999,19.229],"chargecurrent":[0.319,0.201,8.175],"ledstate":[6.0,6.0,6.0],"loadpower":[22.60748,24.099245999999997,6.0236],"batterytemp":[32.0,30.0,54.0],"triggerrate":[0.0,0.0,null],"triggersremaining":[7053.0,7053.0,null],"crcerrors":[0.0,0.0,0.0]}