{"datalatency":[7.460045],"sensoruptime":[0.0038888888888888888,226.895,227.69416666666666],"battvoltage":[12.03,12.039000000000001,11.995999999999999],"arrayvoltage":[1.251,1.392,36.472],"chargecurrent":[0.0,0.0,3.503],"chargestate":[3.0,3.0,5.0],"loadpower":[14.808,13.943999999999999,9.995777999999998],"batterytemp":[15.0,14.0,18.0],"triggerrate":[4.333333333333333,3.2,24.0],"triggersremaining":[19194.0,19417.0,20347.0],"crcerrors":[0.0,0.0,1.0]}