{"datalatency":[17.053699],"sensoruptime":[451.005,450.0052777777778,451.005],"battvoltage":[12.045,12.064,12.027000000000001],"arrayvoltage":[0.0,0.0,17.487000000000002],"chargecurrent":[0.002,0.005,10.864],"ledstate":[8.0,8.0,8.0],"loadpower":[23.711688000000002,23.897132999999997,21.481326],"batterytemp":[27.0,28.0,49.0],"triggerrate":[0.0,0.0,16.8],"triggersremaining":[11710.0,11710.0,12591.0],"crcerrors":[0.0,0.0,2.0]}