{"datalatency":[14.647502000000001],"sensoruptime":[null,null,61.55722222222222],"battvoltage":[12.128,12.1,11.499],"arrayvoltage":[13.727,12.842,18.410999999999998],"chargecurrent":[0.191,0.027000000000000003,12.030999999999999],"ledstate":[8.0,8.0,10.0],"loadpower":[7.627528,8.376983999999998,7.179776000000001],"batterytemp":[25.0,25.0,56.0],"triggerrate":[null,null,1.2000000000000002],"triggersremaining":[null,null,20760.0],"crcerrors":[null,null,1.0]}