{"datalatency":[12.332558],"sensoruptime":[26.279444444444444,25.279722222222222,26.279444444444444],"battvoltage":[12.106,11.758,11.682],"arrayvoltage":[16.986,16.452,17.526],"chargecurrent":[3.2319999999999998,1.133,10.419],"chargestate":[5.0,5.0,6.0],"loadpower":[22.519944000000002,22.734994,21.71104],"batterytemp":[32.0,28.0,49.0],"triggerrate":[0.0,0.0,8.4],"triggersremaining":[21155.0,21155.0,21466.0],"crcerrors":[0.0,0.0,0.0]}