{"datalatency":[11.916447000000002],"sensoruptime":[24.733888888888888,23.736944444444443,24.733888888888888],"battvoltage":[12.14,12.1,11.322000000000001],"arrayvoltage":[16.455,16.843,19.733],"chargecurrent":[1.57,1.005,9.152999999999999],"ledstate":[8.0,8.0,10.0],"loadpower":[22.94581,22.764338999999996,21.825804],"batterytemp":[32.0,29.0,53.0],"triggerrate":[0.0,0.0,20.400000000000002],"triggersremaining":[13511.0,13512.0,14551.0],"crcerrors":[0.0,0.0,2.0]}