{"datalatency":[19.356163000000002],"sensoruptime":[515.6616666666666,514.6619444444444,515.6616666666666],"battvoltage":[11.798,11.874,11.798],"arrayvoltage":[12.46,16.070999999999998,17.145],"chargecurrent":[0.027000000000000003,0.633,3.602],"ledstate":[8.0,8.0,8.0],"loadpower":[25.430089999999996,23.362248,21.980286000000003],"batterytemp":[29.0,30.0,37.0],"triggerrate":[0.0,0.0,2.4000000000000004],"triggersremaining":[11323.0,11323.0,11433.0],"crcerrors":[0.0,0.0,2.0]}