{"datalatency":[37.912476000000005],"sensoruptime":[2.7758333333333334,1.7763888888888888,9.396944444444445],"battvoltage":[14.514000000000001,14.12,10.477],"arrayvoltage":[39.624,34.235,43.231],"chargecurrent":[2.092,2.14,3.0989999999999998],"chargestate":[6.0,5.0,8.0],"loadpower":[17.153391999999997,14.962077,0.0],"batterytemp":[18.0,13.0,26.0],"triggerrate":[45.6,0.4,56.0],"triggersremaining":[9063.0,11386.0,11632.0],"crcerrors":[1.0,1.0,1.0]}