{"datalatency":[7.895783000000001],"sensoruptime":[38.09722222222222,37.09722222222222,38.09722222222222],"battvoltage":[11.954,11.99,11.49],"arrayvoltage":[0.742,0.754,42.148],"chargecurrent":[0.0,0.0,12.352],"chargestate":[3.0,3.0,6.0],"loadpower":[13.878372000000002,13.901005999999999,8.277874],"batterytemp":[9.0,10.0,29.0],"triggerrate":[0.0,0.0,0.4],"triggersremaining":[18417.0,18417.0,18426.0],"crcerrors":[0.0,0.0,0.0]}