{"datalatency":[7.006451],"sensoruptime":[155.07361111111112,154.09027777777777,155.07361111111112],"battvoltage":[12.491,12.527000000000001,11.868],"arrayvoltage":[0.613,0.62,42.465],"chargecurrent":[0.002,0.0,15.0],"chargestate":[3.0,3.0,6.0],"loadpower":[13.581400000000002,13.646724,8.596613999999999],"batterytemp":[12.0,13.0,33.0],"triggerrate":[0.0,0.0,5.6],"triggersremaining":[20400.0,20400.0,20680.0],"crcerrors":[0.0,0.0,0.0]}