{"datalatency":[7.475721],"sensoruptime":[9.229444444444445,8.24638888888889,227.69416666666666],"battvoltage":[11.862,11.877,11.862],"arrayvoltage":[1.2570000000000001,1.3119999999999998,36.472],"chargecurrent":[0.0,0.0,3.503],"chargestate":[3.0,3.0,5.0],"loadpower":[13.789908000000004,13.789908000000004,9.995777999999998],"batterytemp":[16.0,16.0,18.0],"triggerrate":[0.0,0.0,24.0],"triggersremaining":[18628.0,18639.0,20295.0],"crcerrors":[2.0,0.0,3.0]}