{"datalatency":[20.316673],"sensoruptime":[262.3647222222222,261.3675,262.3647222222222],"battvoltage":[12.14,12.14,12.073],"arrayvoltage":[13.727,12.717,18.073],"chargecurrent":[0.162,0.0,9.937999999999999],"ledstate":[6.0,6.0,8.0],"loadpower":[23.249863,23.613215999999998,21.323016],"batterytemp":[23.0,23.0,55.0],"triggerrate":[0.0,0.0,1.2000000000000002],"triggersremaining":[12670.0,12670.0,12677.0],"crcerrors":[0.0,0.0,2.0]}