{"datalatency":[11.782036000000002],"sensoruptime":[null,null,18.859444444444446],"battvoltage":[12.1,12.128,11.456],"arrayvoltage":[0.024,0.067,17.825],"chargecurrent":[0.005,0.005,11.344000000000001],"chargestate":[3.0,3.0,6.0],"loadpower":[7.675879999999999,7.349568,0.0],"batterytemp":[26.0,26.0,47.0],"triggerrate":[null,null,9.600000000000001],"triggersremaining":[null,null,22160.0],"crcerrors":[null,null,0.0]}