{"datalatency":[15.107322000000002],"sensoruptime":[54.11944444444445,53.11944444444445,54.11944444444445],"battvoltage":[12.369000000000002,12.75,11.499],"arrayvoltage":[15.378,14.749,18.410999999999998],"chargecurrent":[2.884,9.064,11.975],"ledstate":[8.0,8.0,10.0],"loadpower":[23.178020999999998,22.86471,21.764498],"batterytemp":[52.0,49.0,52.0],"triggerrate":[0.0,0.0,6.0],"triggersremaining":[20758.0,20758.0,21056.0],"crcerrors":[0.0,0.0,1.0]}