{"datalatency":[10.57712],"sensoruptime":[null,null,null],"battvoltage":[12.668,12.68,10.595999999999998],"arrayvoltage":[0.595,0.5920000000000001,43.347],"chargecurrent":[0.002,0.0,2.597],"chargestate":[3.0,3.0,7.0],"loadpower":[0.0,0.0,0.0],"batterytemp":[10.0,10.0,20.0],"triggerrate":[null,null,null],"triggersremaining":[null,null,null],"crcerrors":[0.0,null,1.0]}