{"datalatency":[20.772985000000002],"sensoruptime":[559.4883333333333,558.4886111111111,559.4883333333333],"battvoltage":[11.569,11.645999999999999,11.53],"arrayvoltage":[15.915,16.65,17.575],"chargecurrent":[0.611,1.073,9.327],"ledstate":[10.0,10.0,10.0],"loadpower":[23.817156000000004,23.582196000000007,21.929781999999996],"batterytemp":[30.0,31.0,51.0],"triggerrate":[0.0,0.0,2.4000000000000004],"triggersremaining":[11253.0,11253.0,11291.0],"crcerrors":[0.0,0.0,2.0]}