{"datalatency":[19.065307],"sensoruptime":[163.01722222222222,162.01722222222222,163.01722222222222],"battvoltage":[12.86,12.241,12.200999999999999],"arrayvoltage":[15.770999999999999,15.380999999999998,17.969],"chargecurrent":[4.402,0.643,9.651],"ledstate":[6.0,6.0,6.0],"loadpower":[22.5351,23.52461,21.942296000000002],"batterytemp":[37.0,34.0,55.0],"triggerrate":[0.0,0.0,1.6],"triggersremaining":[6174.0,6174.0,6257.0],"crcerrors":[0.0,0.0,0.0]}