{"datalatency":[33.418805],"sensoruptime":[12.819166666666666,11.822222222222223,null],"battvoltage":[12.292,12.35,12.292],"arrayvoltage":[0.021,0.021,20.032],"chargecurrent":[0.005,0.005,7.09],"chargestate":[3.0,3.0,7.0],"loadpower":[27.703679999999995,25.828749,11.041264],"batterytemp":[27.0,28.0,47.0],"triggerrate":[null,null,null],"triggersremaining":[22490.0,22491.0,null],"crcerrors":[null,null,0.0]}