{"datalatency":[14.4868],"sensoruptime":[4.9302777777777775,3.9319444444444445,18.859444444444446],"battvoltage":[13.015999999999998,12.106,11.456],"arrayvoltage":[15.770999999999999,16.168,17.825],"chargecurrent":[10.079,1.9040000000000001,11.344000000000001],"chargestate":[5.0,5.0,6.0],"loadpower":[26.400812000000002,27.256992,0.0],"batterytemp":[41.0,40.0,47.0],"triggerrate":[0.0,0.0,9.600000000000001],"triggersremaining":[22148.0,22150.0,22163.0],"crcerrors":[0.0,0.0,0.0]}