{"datalatency":[37.681345],"sensoruptime":[null,null,null],"battvoltage":[12.450999999999999,12.457,10.665999999999999],"arrayvoltage":[0.7290000000000001,0.7170000000000001,43.448],"chargecurrent":[0.0,0.0,5.0760000000000005],"chargestate":[3.0,3.0,8.0],"loadpower":[0.0,0.0,0.0],"batterytemp":[8.0,8.0,26.0],"triggerrate":[null,null,null],"triggersremaining":[null,null,null],"crcerrors":[0.0,null,0.0]}