{"datalatency":[8.634892],"sensoruptime":[93.08333333333333,92.08333333333333,93.08333333333333],"battvoltage":[12.106,12.142999999999999,12.106],"arrayvoltage":[0.607,0.7390000000000001,38.708],"chargecurrent":[0.0,0.0,8.752],"chargestate":[3.0,3.0,6.0],"loadpower":[14.035798,14.138205000000001,9.957479999999999],"batterytemp":[18.0,19.0,34.0],"triggerrate":[0.2,0.2,0.6],"triggersremaining":[21552.0,21559.0,21641.0],"crcerrors":[0.0,0.0,0.0]}