{"datalatency":[25.805292],"sensoruptime":[30.349722222222223,29.349722222222223,30.349722222222223],"battvoltage":[12.1,12.14,12.07],"arrayvoltage":[2.1790000000000003,0.0,18.872],"chargecurrent":[0.005,0.005,10.158],"ledstate":[6.0,6.0,8.0],"loadpower":[24.260656,24.595537999999998,22.619726999999994],"batterytemp":[24.0,24.0,50.0],"triggerrate":[0.0,0.0,1.2000506661391244],"triggersremaining":[22427.0,22427.0,22433.0],"crcerrors":[null,null,0.0]}