{"datalatency":[8.014674000000001],"sensoruptime":[66.91527777777777,65.91555555555556,66.91527777777777],"battvoltage":[12.222000000000001,12.222000000000001,12.145999999999999],"arrayvoltage":[30.13,13.107000000000001,42.861999999999995],"chargecurrent":[0.384,0.0,7.356],"chargestate":[5.0,3.0,6.0],"loadpower":[13.374624,14.142719999999999,8.875646],"batterytemp":[14.0,13.0,30.0],"triggerrate":[0.0,0.0,0.8],"triggersremaining":[22148.0,22151.0,22216.0],"crcerrors":[0.0,0.0,0.0]}