{"datalatency":[11.455396],"sensoruptime":[10.569444444444445,9.572222222222223,10.618611111111111],"battvoltage":[12.329,12.520999999999999,11.264000000000001],"arrayvoltage":[16.500999999999998,16.262999999999998,19.733],"chargecurrent":[1.092,3.073,9.152999999999999],"ledstate":[6.0,6.0,11.0],"loadpower":[25.923079999999995,25.313588,0.0],"batterytemp":[42.0,36.0,53.0],"triggerrate":[0.0,0.0,20.400000000000002],"triggersremaining":[13541.0,13559.0,14551.0],"crcerrors":[0.0,0.0,2.0]}