{"datalatency":[37.579462],"sensoruptime":[4.880833333333333,3.8975,5.173333333333333],"battvoltage":[14.495999999999999,14.465,10.287],"arrayvoltage":[42.169,41.608000000000004,43.448],"chargecurrent":[2.824,2.9539999999999997,5.0760000000000005],"chargestate":[8.0,8.0,8.0],"loadpower":[13.364880000000001,11.495868000000002,0.0],"batterytemp":[25.0,26.0,26.0],"triggerrate":[0.0,0.0,2.8],"triggersremaining":[11629.0,11632.0,11686.0],"crcerrors":[0.0,0.0,0.0]}