{"datalatency":[26.721898000000003],"sensoruptime":[56.51222222222222,55.5125,56.51222222222222],"battvoltage":[11.722000000000001,11.645999999999999,11.639000000000001],"arrayvoltage":[16.608,13.571,17.78],"chargecurrent":[1.179,0.205,7.774],"ledstate":[10.0,10.0,10.0],"loadpower":[23.53839,24.21102,22.552155],"batterytemp":[27.0,26.0,40.0],"triggerrate":[0.0,1.2000004560001731,7.200004464002768],"triggersremaining":[22178.0,22181.0,22426.0],"crcerrors":[null,null,0.0]}