{"datalatency":[17.622349],"sensoruptime":[181.8763888888889,180.8763888888889,181.8763888888889],"battvoltage":[12.050999999999998,12.064,11.795],"arrayvoltage":[0.021,0.021,17.38],"chargecurrent":[0.002,0.002,11.315],"ledstate":[8.0,8.0,8.0],"loadpower":[23.939916000000004,23.993540999999997,21.720450999999997],"batterytemp":[29.0,31.0,53.0],"triggerrate":[0.0,0.0,1.2000000000000002],"triggersremaining":[12692.0,12692.0,12705.0],"crcerrors":[0.0,0.0,2.0]}