{"datalatency":[11.263753000000001],"sensoruptime":[13.299166666666666,12.299444444444445,null],"battvoltage":[11.737,11.792,11.569],"arrayvoltage":[0.0,0.0,19.736],"chargecurrent":[0.002,0.005,12.392999999999999],"chargestate":[3.0,3.0,6.0],"loadpower":[23.332051000000003,23.809141999999994,6.808707000000001],"batterytemp":[23.0,24.0,44.0],"triggerrate":[0.0,0.0,null],"triggersremaining":[22151.0,22151.0,null],"crcerrors":[0.0,0.0,0.0]}