{"datalatency":[16.237242000000002],"sensoruptime":[139.21666666666667,138.21972222222223,139.21666666666667],"battvoltage":[11.911,11.92,11.911],"arrayvoltage":[0.0,0.0,16.898],"chargecurrent":[0.002,0.002,10.972000000000001],"ledstate":[8.0,8.0,8.0],"loadpower":[23.20305,23.91699,21.720998],"batterytemp":[29.0,29.0,42.0],"triggerrate":[0.0,0.0,3.6],"triggersremaining":[12946.0,12946.0,13079.0],"crcerrors":[0.0,0.0,2.0]}