{"datalatency":[20.468387],"sensoruptime":[1.8355555555555556,0.8358333333333333,null],"battvoltage":[12.369000000000002,12.14,12.1],"arrayvoltage":[14.847000000000001,15.575999999999999,17.288],"chargecurrent":[1.157,0.94,9.615],"ledstate":[6.0,6.0,8.0],"loadpower":[24.129003,22.815716999999996,5.834353999999999],"batterytemp":[41.0,33.0,57.0],"triggerrate":[0.0,0.0,null],"triggersremaining":[1866.0,1866.0,null],"crcerrors":[0.0,0.0,0.0]}