{"datalatency":[8.018982000000001],"sensoruptime":[18.58861111111111,17.58861111111111,null],"battvoltage":[12.325999999999999,12.145999999999999,12.07],"arrayvoltage":[19.919,12.195,44.162],"chargecurrent":[1.196,0.0,2.483],"chargestate":[5.0,3.0,7.0],"loadpower":[13.396656,14.07763,0.0],"batterytemp":[2.0,0.0,19.0],"triggerrate":[0.0,0.0,null],"triggersremaining":[22270.0,22271.0,null],"crcerrors":[0.0,0.0,0.0]}