{"datalatency":[40.38152],"sensoruptime":[null,null,20.630555555555556],"battvoltage":[12.027000000000001,12.039000000000001,11.517000000000001],"arrayvoltage":[0.146,0.214,17.145],"chargecurrent":[0.005,0.006999999999999999,10.335],"ledstate":[8.0,8.0,10.0],"loadpower":[7.4234160000000005,7.67514,6.079374],"batterytemp":[29.0,29.0,53.0],"triggerrate":[null,null,1.6],"triggersremaining":[null,null,27.0],"crcerrors":[1.0,null,1.0]}