{"datalatency":[36.132849],"sensoruptime":[35.84888888888889,34.84888888888889,35.84888888888889],"battvoltage":[12.524000000000001,12.454,12.064],"arrayvoltage":[16.843,16.608,18.872],"chargecurrent":[3.157,3.114,10.158],"ledstate":[8.0,8.0,8.0],"loadpower":[23.461070999999997,23.638941000000003,22.704083999999998],"batterytemp":[37.0,34.0,50.0],"triggerrate":[0.0,0.0,1.2000506661391244],"triggersremaining":[22426.0,22426.0,22432.0],"crcerrors":[null,null,0.0]}