{"datalatency":[25.969256],"sensoruptime":[0.17055555555555554,null,null],"battvoltage":[14.139000000000001,14.175,12.642999999999999],"arrayvoltage":[36.404,39.88,42.908],"chargecurrent":[2.45,1.493,2.839],"chargestate":[6.0,6.0,7.0],"loadpower":[13.348634,0.0,0.0],"batterytemp":[30.0,29.0,30.0],"triggerrate":[10.2,null,null],"triggersremaining":[19593.0,null,null],"crcerrors":[0.0,0.0,0.0]}