{"datalatency":[8.709187],"sensoruptime":[82.08472222222223,81.085,82.08472222222223],"battvoltage":[12.375,12.436,12.183],"arrayvoltage":[0.8759999999999999,0.7020000000000001,38.708],"chargecurrent":[0.0,0.0,8.752],"chargestate":[3.0,3.0,6.0],"loadpower":[13.627776000000003,13.948782999999999,9.957479999999999],"batterytemp":[19.0,19.0,34.0],"triggerrate":[0.0,0.0,0.6],"triggersremaining":[21602.0,21603.0,21645.0],"crcerrors":[0.0,0.0,0.0]}