{"datalatency":[13.160594000000001],"sensoruptime":[349.6877777777778,348.68805555555554,349.6877777777778],"battvoltage":[12.265,12.292,12.109000000000002],"arrayvoltage":[0.073,0.174,17.633],"chargecurrent":[0.002,0.002,12.229000000000001],"ledstate":[6.0,6.0,6.0],"loadpower":[24.016842,24.38808,21.612250999999997],"batterytemp":[26.0,29.0,44.0],"triggerrate":[0.0,0.0,1.2000000000000002],"triggersremaining":[12619.0,12619.0,12625.0],"crcerrors":[0.0,0.0,2.0]}