{"datalatency":[11.219542],"sensoruptime":[8.633333333333333,7.633333333333334,null],"battvoltage":[11.950999999999999,11.987,11.569],"arrayvoltage":[1.178,12.780999999999999,19.736],"chargecurrent":[0.002,0.046,12.392999999999999],"chargestate":[3.0,5.0,6.0],"loadpower":[23.231603999999997,23.291375,6.808707000000001],"batterytemp":[27.0,29.0,44.0],"triggerrate":[0.0,0.0,null],"triggersremaining":[22160.0,22161.0,null],"crcerrors":[0.0,0.0,0.0]}