{"datalatency":[11.169653],"sensoruptime":[7.966666666666667,6.966944444444445,null],"battvoltage":[11.984000000000002,12.064,11.569],"arrayvoltage":[12.549000000000001,16.357,19.736],"chargecurrent":[0.005,0.524,12.392999999999999],"chargestate":[5.0,5.0,6.0],"loadpower":[23.583560000000002,22.894872,6.808707000000001],"batterytemp":[28.0,32.0,44.0],"triggerrate":[0.0,0.0,null],"triggersremaining":[22161.0,22161.0,null],"crcerrors":[0.0,0.0,0.0]}