{"datalatency":[76.48108500000001],"sensoruptime":[0.6566666666666666,null,null],"battvoltage":[12.933,13.202,12.488],"arrayvoltage":[16.116,17.288,20.914],"chargecurrent":[2.4090000000000003,1.732,5.629],"ledstate":[6.0,6.0,6.0],"loadpower":[22.817808,6.893744,5.666772999999999],"batterytemp":[39.0,35.0,46.0],"triggerrate":[0.2,null,null],"triggersremaining":[7078.0,null,null],"crcerrors":[0.0,0.0,0.0]}