{"datalatency":[30.051696000000003],"sensoruptime":[6.484444444444445,5.484444444444445,null],"battvoltage":[12.75,13.092,12.530999999999999],"arrayvoltage":[14.935,19.625999999999998,20.032],"chargecurrent":[1.244,2.88,7.09],"chargestate":[7.0,7.0,7.0],"loadpower":[25.45949,24.106440000000003,11.041264],"batterytemp":[45.0,45.0,46.0],"triggerrate":[null,null,null],"triggersremaining":[22492.0,22492.0,null],"crcerrors":[null,null,0.0]}