{"datalatency":[26.052325000000003],"sensoruptime":[null,null,6.267777777777778],"battvoltage":[14.713,14.107999999999999,11.99],"arrayvoltage":[39.221,32.278,44.974],"chargecurrent":[0.86,1.07,2.773],"chargestate":[6.0,5.0,7.0],"loadpower":[0.0,0.0,0.0],"batterytemp":[11.0,10.0,32.0],"triggerrate":[null,null,56.0],"triggersremaining":[null,null,19477.0],"crcerrors":[1.0,null,3.0]}