{"datalatency":[10.289477],"sensoruptime":[null,null,0.018333333333333333],"battvoltage":[14.694,12.515,10.595999999999998],"arrayvoltage":[42.556999999999995,34.665,44.098],"chargecurrent":[2.1069999999999998,1.411,2.597],"chargestate":[6.0,5.0,7.0],"loadpower":[12.8919,14.793574000000001,0.0],"batterytemp":[12.0,4.0,16.0],"triggerrate":[null,0.0,null],"triggersremaining":[null,null,0.0],"crcerrors":[0.0,0.0,1.0]}