{"datalatency":[7.657667000000001],"sensoruptime":[203.5663888888889,202.58333333333334,203.5663888888889],"battvoltage":[12.503,12.527000000000001,12.106],"arrayvoltage":[0.659,0.711,41.711000000000006],"chargecurrent":[0.0,0.0,9.777000000000001],"chargestate":[3.0,3.0,6.0],"loadpower":[13.646724,13.646724,9.02565],"batterytemp":[12.0,12.0,34.0],"triggerrate":[0.0,0.0,0.4],"triggersremaining":[20349.0,20349.0,20364.0],"crcerrors":[0.0,0.0,0.0]}