{"datalatency":[20.502237],"sensoruptime":[543.6575,542.6575,543.6575],"battvoltage":[11.682,11.722000000000001,11.606],"arrayvoltage":[0.021,0.037000000000000005,17.575],"chargecurrent":[0.002,0.005,11.448],"ledstate":[8.0,8.0,10.0],"loadpower":[23.91183,23.64814,22.237292000000004],"batterytemp":[29.0,30.0,51.0],"triggerrate":[0.0,0.0,2.4000000000000004],"triggersremaining":[11257.0,11257.0,11313.0],"crcerrors":[0.0,0.0,2.0]}