{"datalatency":[19.927222],"sensoruptime":[301.3238888888889,300.34055555555557,301.3238888888889],"battvoltage":[12.064,12.088,11.945],"arrayvoltage":[0.0,0.0,17.093],"chargecurrent":[0.002,0.002,10.847000000000001],"ledstate":[8.0,8.0,8.0],"loadpower":[23.788673999999997,24.077898,21.841950000000004],"batterytemp":[30.0,30.0,54.0],"triggerrate":[0.0,0.0,1.4],"triggersremaining":[3212.0,3212.0,3277.0],"crcerrors":[0.0,0.0,0.0]}