{"datalatency":[8.527652],"sensoruptime":[34.25805555555556,33.25833333333333,34.25805555555556],"battvoltage":[12.567,12.604000000000001,12.112],"arrayvoltage":[0.589,0.589,41.489],"chargecurrent":[0.0,0.0,11.902999999999999],"chargestate":[3.0,3.0,6.0],"loadpower":[13.690404000000003,14.006322000000003,9.02565],"batterytemp":[19.0,20.0,35.0],"triggerrate":[0.0,0.0,0.8],"triggersremaining":[21653.0,21653.0,21687.0],"crcerrors":[0.0,0.0,0.0]}