{"datalatency":[15.297523000000002],"sensoruptime":[61.45166666666667,60.45472222222222,61.45166666666667],"battvoltage":[12.177,12.216,11.499],"arrayvoltage":[0.021,12.975999999999999,18.410999999999998],"chargecurrent":[0.002,0.034,12.030999999999999],"ledstate":[8.0,8.0,10.0],"loadpower":[23.658980000000003,24.322572,21.764498],"batterytemp":[33.0,39.0,56.0],"triggerrate":[0.0,0.0,4.800000000000001],"triggersremaining":[20754.0,20754.0,20878.0],"crcerrors":[0.0,0.0,1.0]}