{"datalatency":[9.63771],"sensoruptime":[0.006944444444444444,null,null],"battvoltage":[14.035,14.072000000000001,10.352],"arrayvoltage":[42.471000000000004,42.776,45.398],"chargecurrent":[1.4709999999999999,1.73,2.6889999999999996],"chargestate":[7.0,7.0,7.0],"loadpower":[13.36986,16.628335999999997,0.0],"batterytemp":[14.0,13.0,14.0],"triggerrate":[0.0,null,0.0],"triggersremaining":[0.0,null,null],"crcerrors":[1.0,0.0,1.0]}