{"datalatency":[8.644488],"sensoruptime":[68.42,67.43694444444445,68.42],"battvoltage":[12.259,12.283,12.18],"arrayvoltage":[0.647,0.7020000000000001,40.146],"chargecurrent":[0.0,0.0,10.228],"chargestate":[3.0,3.0,6.0],"loadpower":[13.94334,14.237986,8.80245],"batterytemp":[15.0,14.0,34.0],"triggerrate":[0.0,0.0,0.2],"triggersremaining":[21641.0,21643.0,21648.0],"crcerrors":[0.0,0.0,0.0]}