{"datalatency":[14.110468000000001],"sensoruptime":[365.18555555555554,364.18583333333333,365.18555555555554],"battvoltage":[12.674000000000001,12.64,12.064],"arrayvoltage":[16.357,16.309,17.633],"chargecurrent":[3.38,3.116,12.229000000000001],"ledstate":[6.0,6.0,8.0],"loadpower":[22.766265000000004,22.695714000000002,21.612250999999997],"batterytemp":[41.0,41.0,44.0],"triggerrate":[0.0,0.0,4.800000000000001],"triggersremaining":[12611.0,12611.0,12621.0],"crcerrors":[0.0,0.0,2.0]}