{"datalatency":[25.964707],"sensoruptime":[null,null,null],"battvoltage":[14.789000000000001,14.902000000000001,12.299000000000001],"arrayvoltage":[42.606,43.45399999999999,44.974],"chargecurrent":[0.29,0.254,2.488],"chargestate":[6.0,6.0,6.0],"loadpower":[0.0,0.0,0.0],"batterytemp":[9.0,5.0,11.0],"triggerrate":[null,null,null],"triggersremaining":[null,null,null],"crcerrors":[null,null,null]}