{"datalatency":[36.986234],"sensoruptime":[4.097777777777778,3.438888888888889,4.097777777777778],"battvoltage":[12.787,12.683,12.683],"arrayvoltage":[33.102,32.523,33.400999999999996],"chargecurrent":[1.916,1.751,2.329],"chargestate":[5.0,5.0,5.0],"loadpower":[14.062776000000001,13.918210000000002,13.918210000000002],"batterytemp":[28.0,26.0,28.0],"triggerrate":[1.4,null,null],"triggersremaining":[11963.0,12014.0,12014.0],"crcerrors":[1.0,0.0,0.0]}