{"datalatency":[16.454673],"sensoruptime":[147.04888888888888,146.04888888888888,147.04888888888888],"battvoltage":[12.253,12.079,11.870999999999999],"arrayvoltage":[16.647000000000002,16.608,17.055999999999997],"chargecurrent":[3.389,3.1189999999999998,10.972000000000001],"ledstate":[8.0,8.0,8.0],"loadpower":[23.099436000000004,23.602032,21.571521000000004],"batterytemp":[37.0,34.0,42.0],"triggerrate":[0.0,0.0,3.6],"triggersremaining":[12944.0,12944.0,13077.0],"crcerrors":[0.0,0.0,2.0]}