{"datalatency":[38.116188],"sensoruptime":[0.5666666666666667,0.3511111111111111,0.7511111111111111],"battvoltage":[14.478,14.517000000000001,10.26],"arrayvoltage":[42.798,42.883,43.533],"chargecurrent":[2.2230000000000003,2.23,3.411],"chargestate":[6.0,6.0,6.0],"loadpower":[12.684,12.669288000000002,0.0],"batterytemp":[19.0,18.0,19.0],"triggerrate":[0.0,0.0,0.0],"triggersremaining":[0.0,0.0,0.0],"crcerrors":[0.0,0.0,0.0]}