{"datalatency":[8.038300000000001],"sensoruptime":[26.0875,25.104444444444443,26.0875],"battvoltage":[14.297,14.307,12.07],"arrayvoltage":[41.605,40.872,42.673],"chargecurrent":[2.44,2.679,7.474],"chargestate":[6.0,6.0,7.0],"loadpower":[13.355676,13.16368,8.72505],"batterytemp":[25.0,25.0,28.0],"triggerrate":[0.0,0.0,1.4],"triggersremaining":[22256.0,22256.0,22380.0],"crcerrors":[0.0,0.0,0.0]}