{"datalatency":[25.906432000000002],"sensoruptime":[0.025,null,null],"battvoltage":[14.404000000000002,14.542,12.491],"arrayvoltage":[41.605,40.448,44.098],"chargecurrent":[2.524,1.121,3.194],"chargestate":[6.0,6.0,8.0],"loadpower":[11.703355,0.0,0.0],"batterytemp":[21.0,17.0,24.0],"triggerrate":[null,null,null],"triggersremaining":[19695.0,null,null],"crcerrors":[null,null,0.0]}