{"datalatency":[7.857303000000001],"sensoruptime":[6.4238888888888885,5.4238888888888885,null],"battvoltage":[12.399000000000001,12.450999999999999,12.39],"arrayvoltage":[0.565,0.574,44.162],"chargecurrent":[0.0,0.0,2.483],"chargestate":[3.0,3.0,7.0],"loadpower":[13.610016,13.799731,0.0],"batterytemp":[7.0,8.0,19.0],"triggerrate":[0.2,0.0,null],"triggersremaining":[22375.0,22376.0,null],"crcerrors":[0.0,0.0,0.0]}