{"datalatency":[59.712662],"sensoruptime":[11.712777777777777,10.713055555555556,null],"battvoltage":[12.292,12.296,12.28],"arrayvoltage":[0.024,0.021,19.632],"chargecurrent":[0.005,0.005,7.9],"ledstate":[6.0,6.0,6.0],"loadpower":[23.575475,23.28288,5.802676],"batterytemp":[31.0,31.0,49.0],"triggerrate":[0.0,0.0,null],"triggersremaining":[22329.0,22329.0,null],"crcerrors":[0.0,0.0,0.0]}