{"datalatency":[8.717977000000001],"sensoruptime":[86.9175,85.9175,86.9175],"battvoltage":[12.222000000000001,12.222000000000001,12.183],"arrayvoltage":[0.595,0.711,38.708],"chargecurrent":[0.0,0.0,8.752],"chargestate":[3.0,3.0,6.0],"loadpower":[14.142719999999999,14.167103999999998,9.957479999999999],"batterytemp":[19.0,19.0,34.0],"triggerrate":[0.0,0.2,0.6],"triggersremaining":[21581.0,21589.0,21644.0],"crcerrors":[0.0,0.0,0.0]}