{"datalatency":[9.208668000000001],"sensoruptime":[2.6725,1.6725,6.051944444444445],"battvoltage":[13.742,13.748,11.285],"arrayvoltage":[17.828,16.067999999999998,19.949],"chargecurrent":[6.547000000000001,7.172000000000001,9.745],"ledstate":[5.0,6.0,11.0],"loadpower":[25.8731,25.912831999999998,0.0],"batterytemp":[43.0,38.0,51.0],"triggerrate":[0.0,0.0,1.2000000000000002],"triggersremaining":[14567.0,14567.0,14570.0],"crcerrors":[0.0,0.0,0.0]}