{"datalatency":[37.635258],"sensoruptime":[null,8.730277777777777,null],"battvoltage":[11.365,14.352,10.703],"arrayvoltage":[25.723000000000003,40.521,43.448],"chargecurrent":[0.08,2.319,5.0760000000000005],"chargestate":[5.0,6.0,8.0],"loadpower":[15.38738,12.43036,0.0],"batterytemp":[17.0,23.0,26.0],"triggerrate":[0.0,0.0,null],"triggersremaining":[null,11571.0,null],"crcerrors":[0.0,0.0,0.0]}