{"datalatency":[8.515116],"sensoruptime":[95.08305555555556,94.08305555555556,95.08305555555556],"battvoltage":[12.075999999999999,12.106,12.03],"arrayvoltage":[32.715,11.597000000000001,38.708],"chargecurrent":[1.032,0.0,8.752],"chargestate":[5.0,3.0,6.0],"loadpower":[13.276536,14.555195000000001,9.957479999999999],"batterytemp":[19.0,18.0,34.0],"triggerrate":[0.0,0.2,0.6],"triggersremaining":[21539.0,21542.0,21641.0],"crcerrors":[0.0,0.0,0.0]}