{"datalatency":[22.395921],"sensoruptime":[318.3563888888889,317.3591666666667,318.3563888888889],"battvoltage":[12.83,13.022,12.253],"arrayvoltage":[16.608,16.895,18.753],"chargecurrent":[3.097,5.199,11.622],"ledstate":[6.0,6.0,6.0],"loadpower":[22.711854000000002,22.759515999999998,20.870528999999998],"batterytemp":[38.0,38.0,50.0],"triggerrate":[0.0,0.0,1.2000000000000002],"triggersremaining":[12627.0,12627.0,12633.0],"crcerrors":[0.0,0.0,2.0]}