{"datalatency":[48.520904],"sensoruptime":[18.320833333333333,17.320833333333333,null],"battvoltage":[12.344000000000001,12.369000000000002,12.332],"arrayvoltage":[0.0,0.0,19.229],"chargecurrent":[0.005,0.005,8.175],"ledstate":[6.0,6.0,6.0],"loadpower":[23.353032,23.317659,6.0236],"batterytemp":[30.0,30.0,54.0],"triggerrate":[0.0,0.0,null],"triggersremaining":[7055.0,7055.0,null],"crcerrors":[0.0,0.0,0.0]}