{"datalatency":[123.1499],"sensoruptime":[4.718055555555556,3.9258333333333333,null],"battvoltage":[13.565,13.617,11.328],"arrayvoltage":[18.878,17.422,19.949],"chargecurrent":[2.8289999999999997,2.906,9.745],"ledstate":[5.0,5.0,10.0],"loadpower":[22.965200999999997,22.698195,5.908896],"batterytemp":[49.0,47.0,50.0],"triggerrate":[0.0,0.0,null],"triggersremaining":[14569.0,14570.0,null],"crcerrors":[0.0,0.0,0.0]}