{"datalatency":[8.273054],"sensoruptime":[109.57611111111112,108.57638888888889,109.57611111111112],"battvoltage":[11.569,11.609000000000002,11.569],"arrayvoltage":[0.815,0.845,34.863],"chargecurrent":[0.0,0.0,1.423],"chargestate":[3.0,3.0,5.0],"loadpower":[14.242828,13.677161,12.790060000000002],"batterytemp":[14.0,14.0,16.0],"triggerrate":[0.0,0.0,0.6],"triggersremaining":[21935.0,21935.0,21977.0],"crcerrors":[0.0,0.0,0.0]}