{"datalatency":[65.437337],"sensoruptime":[152.8761111111111,151.87805555555556,152.8761111111111],"battvoltage":[11.453,11.536,11.453],"arrayvoltage":[12.842,15.967,18.973],"chargecurrent":[0.065,0.428,7.525],"chargestate":[5,5,6],"loadpower":[24.304432,22.93452,21.429213],"batterytemp":[28,32,39],"triggerrate":[null,null,null],"triggersremaining":[14674.0,14675.0,15572.0],"crcerrors":[null,null,0.0]}