{"datalatency":[9.446493],"sensoruptime":[7.505,6.505277777777778,7.505],"battvoltage":[13.565,13.66,11.285],"arrayvoltage":[18.826,18.982,19.965],"chargecurrent":[2.824,2.9330000000000003,7.916],"ledstate":[5.0,5.0,11.0],"loadpower":[25.468211999999998,25.682008000000003,0.0],"batterytemp":[49.0,46.0,50.0],"triggerrate":[0.0,0.0,1.2000000000000002],"triggersremaining":[14566.0,14566.0,14569.0],"crcerrors":[0.0,0.0,0.0]}