{"datalatency":[10.660054],"sensoruptime":[15.715,14.715277777777779,20.196666666666665],"battvoltage":[11.511,11.603,11.224],"arrayvoltage":[0.107,0.128,19.736],"chargecurrent":[0.002,0.002,8.165],"ledstate":[10.0,10.0,11.0],"loadpower":[23.369208,23.744997999999995,0.0],"batterytemp":[26.0,27.0,50.0],"triggerrate":[0.0,0.0,1.2000000000000002],"triggersremaining":[14556.0,14556.0,14561.0],"crcerrors":[0.0,0.0,0.0]}