{"datalatency":[13.540525],"sensoruptime":[67.56055555555555,66.56083333333333,67.56055555555555],"battvoltage":[12.027000000000001,12.064,12.015],"arrayvoltage":[0.092,0.214,17.000999999999998],"chargecurrent":[0.005,0.002,10.545],"ledstate":[8.0,8.0,8.0],"loadpower":[24.168144,23.657535000000003,21.262392999999996],"batterytemp":[27.0,28.0,52.0],"triggerrate":[0.0,0.0,6.0],"triggersremaining":[13098.0,13104.0,13458.0],"crcerrors":[0.0,0.0,2.0]}