{"datalatency":[37.577103],"sensoruptime":[null,null,null],"battvoltage":[12.372,12.357000000000001,10.287],"arrayvoltage":[1.0590000000000002,1.044,38.15],"chargecurrent":[0.0,0.0,3.1860000000000004],"chargestate":[3.0,3.0,6.0],"loadpower":[0.0,0.0,0.0],"batterytemp":[23.0,23.0,27.0],"triggerrate":[null,null,null],"triggersremaining":[null,null,null],"crcerrors":[0.0,null,0.0]}