{"datalatency":[63.113382],"sensoruptime":[59.84916666666667,58.865833333333335,59.84916666666667],"battvoltage":[12.329,12.354000000000001,12.216],"arrayvoltage":[0.0,0.021,17.917],"chargecurrent":[0.005,0.002,9.262],"ledstate":[6.0,6.0,6.0],"loadpower":[23.119009,23.624006,21.796613999999998],"batterytemp":[29.0,29.0,58.0],"triggerrate":[0.0,0.0,0.2],"triggersremaining":[6318.0,6318.0,6324.0],"crcerrors":[0.0,0.0,0.0]}