{"datalatency":[78.102203],"sensoruptime":[54.01694444444445,53.033611111111114,54.01694444444445],"battvoltage":[12.479000000000001,12.488,12.216],"arrayvoltage":[0.107,13.217,17.917],"chargecurrent":[0.002,0.048,9.262],"ledstate":[6.0,6.0,6.0],"loadpower":[23.25532,23.890604,21.796613999999998],"batterytemp":[35.0,41.0,58.0],"triggerrate":[0.0,0.0,0.2],"triggersremaining":[6319.0,6319.0,6325.0],"crcerrors":[0.0,0.0,0.0]}