{"datalatency":[8.082752000000001],"sensoruptime":[6.084444444444444,5.084722222222222,11.270277777777778],"battvoltage":[14.182,14.267000000000001,11.154000000000002],"arrayvoltage":[40.259,40.082,42.273],"chargecurrent":[2.602,2.261,2.759],"chargestate":[6.0,6.0,6.0],"loadpower":[12.538152,12.462461999999999,0.0],"batterytemp":[29.0,26.0,29.0],"triggerrate":[0.0,0.0,0.8],"triggersremaining":[18380.0,18384.0,18400.0],"crcerrors":[0.0,0.0,0.0]}