{"datalatency":[13.341849000000002],"sensoruptime":[60.06166666666667,59.06194444444444,60.06166666666667],"battvoltage":[12.216,12.270999999999999,12.015],"arrayvoltage":[7.401,14.453,17.000999999999998],"chargecurrent":[0.005,0.341,10.545],"ledstate":[8.0,8.0,8.0],"loadpower":[23.822208,23.974242,21.262392999999996],"batterytemp":[35.0,40.0,52.0],"triggerrate":[0.0,0.0,6.0],"triggersremaining":[13105.0,13107.0,13505.0],"crcerrors":[0.0,0.0,2.0]}