{"datalatency":[14.966733000000001],"sensoruptime":[388.5155555555556,387.5186111111111,388.5155555555556],"battvoltage":[12.520999999999999,12.982000000000001,12.027000000000001],"arrayvoltage":[15.82,15.380999999999998,18.365],"chargecurrent":[2.983,8.793,10.61],"ledstate":[8.0,8.0,8.0],"loadpower":[23.853197,22.925656,20.806074],"batterytemp":[42.0,47.0,52.0],"triggerrate":[0.0,0.0,1.2000000000000002],"triggersremaining":[12605.0,12606.0,12611.0],"crcerrors":[0.0,0.0,2.0]}