{"datalatency":[70.33985700000001],"sensoruptime":[38.15083333333333,37.15083333333333,38.15083333333333],"battvoltage":[12.445,12.482000000000001,12.308],"arrayvoltage":[0.027000000000000003,0.021,18.448],"chargecurrent":[0.002,0.005,9.011000000000001],"ledstate":[6.0,6.0,6.0],"loadpower":[23.24971,23.224158000000003,21.981199999999998],"batterytemp":[31.0,32.0,53.0],"triggerrate":[0.0,0.0,0.2],"triggersremaining":[7049.0,7049.0,7056.0],"crcerrors":[0.0,0.0,0.0]}