{"datalatency":[10.329622],"sensoruptime":[null,null,null],"battvoltage":[12.048,11.993,11.456],"arrayvoltage":[16.945999999999998,16.895,19.736],"chargecurrent":[1.189,1.179,12.392999999999999],"chargestate":[5.0,5.0,6.0],"loadpower":[0.0,0.0,0.0],"batterytemp":[24.0,22.0,44.0],"triggerrate":[null,null,null],"triggersremaining":[null,null,null],"crcerrors":[0.0,null,0.0]}