{"datalatency":[19.984908],"sensoruptime":[291.99194444444447,290.99194444444447,291.99194444444447],"battvoltage":[12.329,12.894,11.945],"arrayvoltage":[16.895,15.378,17.093],"chargecurrent":[0.573,4.083,10.847000000000001],"ledstate":[6.0,6.0,8.0],"loadpower":[23.38112,23.218967999999997,21.841950000000004],"batterytemp":[49.0,54.0,54.0],"triggerrate":[0.4,0.0,0.8],"triggersremaining":[3263.0,3270.0,3283.0],"crcerrors":[0.0,0.0,0.0]}