{"datalatency":[8.186848000000001],"sensoruptime":[11.08388888888889,10.08388888888889,11.270277777777778],"battvoltage":[11.49,11.548,11.154000000000002],"arrayvoltage":[0.778,6.76,41.791000000000004],"chargecurrent":[0.0,0.0,2.923],"chargestate":[3.0,3.0,6.0],"loadpower":[14.178494,14.162220000000001,0.0],"batterytemp":[14.0,18.0,32.0],"triggerrate":[0.2,0.0,0.8],"triggersremaining":[18372.0,18373.0,18392.0],"crcerrors":[0.0,0.0,0.0]}