{"datalatency":[21.116624],"sensoruptime":[14.87111111111111,13.87138888888889,64.02638888888889],"battvoltage":[11.987,12.027000000000001,11.835],"arrayvoltage":[0.107,0.079,17.48],"chargecurrent":[0.002,0.002,11.001],"ledstate":[8.0,8.0,8.0],"loadpower":[23.5189,23.675652,6.678672000000001],"batterytemp":[34.0,34.0,51.0],"triggerrate":[0.0,0.0,1.8],"triggersremaining":[1312.0,1312.0,1358.0],"crcerrors":[0.0,0.0,0.0]}