{"datalatency":[13.244891],"sensoruptime":[null,null,61.55722222222222],"battvoltage":[12.14,12.14,11.511],"arrayvoltage":[16.217,15.573,18.410999999999998],"chargecurrent":[0.495,0.341,12.030999999999999],"ledstate":[8.0,8.0,10.0],"loadpower":[6.597632000000001,7.97808,6.16488],"batterytemp":[29.0,27.0,56.0],"triggerrate":[null,null,1.2000000000000002],"triggersremaining":[null,null,20759.0],"crcerrors":[null,null,1.0]}