{"datalatency":[14.984665000000001],"sensoruptime":[108.88777777777777,107.88805555555555,108.88777777777777],"battvoltage":[12.277000000000001,12.292,12.057],"arrayvoltage":[0.107,12.869000000000002,17.825],"chargecurrent":[0.005,0.002,10.327],"ledstate":[6.0,6.0,8.0],"loadpower":[23.661853,23.78636,21.192338],"batterytemp":[33.0,35.0,54.0],"triggerrate":[0.0,0.0,1.2000000000000002],"triggersremaining":[13080.0,13081.0,13088.0],"crcerrors":[0.0,0.0,2.0]}