{"datalatency":[19.165958],"sensoruptime":[210.6761111111111,209.67638888888888,210.6761111111111],"battvoltage":[12.14,12.1,12.03],"arrayvoltage":[15.674000000000001,15.28,17.969],"chargecurrent":[1.3430000000000002,0.8140000000000001,8.96],"ledstate":[8.0,8.0,8.0],"loadpower":[23.765007999999998,23.288784,21.987524],"batterytemp":[35.0,33.0,57.0],"triggerrate":[0.0,0.0,2.4],"triggersremaining":[5629.0,5631.0,5812.0],"crcerrors":[0.0,0.0,0.0]}