{"datalatency":[11.975771],"sensoruptime":[1.6166666666666667,0.6172222222222222,null],"battvoltage":[11.835,11.874,11.823],"arrayvoltage":[12.695,12.888,17.825],"chargecurrent":[0.053,0.121,11.344000000000001],"chargestate":[5.0,5.0,6.0],"loadpower":[22.794744,23.089473,0.0],"batterytemp":[23.0,26.0,47.0],"triggerrate":[1.2000000000000002,7.2,null],"triggersremaining":[21530.0,21886.0,null],"crcerrors":[0.0,0.0,0.0]}