{"datalatency":[37.615069000000005],"sensoruptime":[0.5483333333333333,null,5.173333333333333],"battvoltage":[12.183,12.335,10.287],"arrayvoltage":[33.051,13.0,38.15],"chargecurrent":[0.983,0.0,3.1860000000000004],"chargestate":[5.0,3.0,6.0],"loadpower":[13.37212,0.0,0.0],"batterytemp":[17.0,14.0,27.0],"triggerrate":[0.0,null,0.8],"triggersremaining":[11673.0,null,11687.0],"crcerrors":[0.0,0.0,0.0]}