{"datalatency":[8.122134],"sensoruptime":[null,null,114.10888888888888],"battvoltage":[12.03,11.835,11.469000000000001],"arrayvoltage":[33.205999999999996,31.839000000000002,34.863],"chargecurrent":[1.261,0.5,1.44],"chargestate":[5.0,5.0,5.0],"loadpower":[0.0,0.0,0.0],"batterytemp":[17.0,15.0,17.0],"triggerrate":[null,null,0.6],"triggersremaining":[null,null,21962.0],"crcerrors":[0.0,null,0.0]}