{"datalatency":[8.361115],"sensoruptime":[0.2772222222222222,10.784166666666666,114.10888888888888],"battvoltage":[11.557,11.6,11.469000000000001],"arrayvoltage":[0.568,0.565,35.4],"chargecurrent":[0.0,0.0,6.643],"chargestate":[3.0,3.0,5.0],"loadpower":[14.219744,14.151981999999999,0.0],"batterytemp":[16.0,16.0,27.0],"triggerrate":[0.2,0.2,1.6],"triggersremaining":[21798.0,21820.0,21937.0],"crcerrors":[0.0,0.0,0.0]}