{"datalatency":[75.976376],"sensoruptime":[58.647777777777776,57.647777777777776,58.647777777777776],"battvoltage":[12.558,12.585,12.274000000000001],"arrayvoltage":[0.7509999999999999,13.599,18.410999999999998],"chargecurrent":[0.005,0.11800000000000001,7.945],"ledstate":[6.0,6.0,6.0],"loadpower":[23.495624999999997,24.063228000000002,21.948113000000003],"batterytemp":[36.0,44.0,55.0],"triggerrate":[0.0,0.0,0.4],"triggersremaining":[7041.0,7041.0,7050.0],"crcerrors":[0.0,0.0,0.0]}