{"datalatency":[17.308194],"sensoruptime":[457.00416666666666,456.00444444444446,457.00416666666666],"battvoltage":[12.186,12.064,11.984000000000002],"arrayvoltage":[16.409000000000002,16.555999999999997,17.487000000000002],"chargecurrent":[2.194,1.034,10.864],"ledstate":[8.0,8.0,8.0],"loadpower":[23.296028,22.918896000000004,21.481326],"batterytemp":[33.0,30.0,49.0],"triggerrate":[0.0,0.0,16.8],"triggersremaining":[11707.0,11708.0,12463.0],"crcerrors":[0.0,0.0,2.0]}