{"datalatency":[8.347267],"sensoruptime":[32.925,31.92527777777778,32.925],"battvoltage":[12.61,12.72,12.112],"arrayvoltage":[1.245,26.611,41.489],"chargecurrent":[0.0,0.22899999999999998,11.902999999999999],"chargestate":[3.0,5.0,6.0],"loadpower":[13.77012,13.831010000000001,9.02565],"batterytemp":[21.0,24.0,35.0],"triggerrate":[0.0,0.0,1.0],"triggersremaining":[21653.0,21654.0,21712.0],"crcerrors":[0.0,0.0,0.0]}