{"datalatency":[37.907911000000006],"sensoruptime":[0.01361111111111111,0.013888888888888888,9.396944444444445],"battvoltage":[13.754000000000001,13.785,10.477],"arrayvoltage":[38.019,41.605,43.57899999999999],"chargecurrent":[1.7830000000000001,1.8019999999999998,2.897],"chargestate":[7.0,7.0,7.0],"loadpower":[14.13353,14.131215000000001,0.0],"batterytemp":[23.0,22.0,25.0],"triggerrate":[null,null,58.6],"triggersremaining":[0.0,0.0,11611.0],"crcerrors":[26.0,6.0,20.0]}