{"datalatency":[8.13089],"sensoruptime":[95.9113888888889,94.9113888888889,95.9113888888889],"battvoltage":[11.865,11.877,11.815999999999999],"arrayvoltage":[29.587,29.15,35.016],"chargecurrent":[0.384,0.345,1.829],"chargestate":[5.0,5.0,5.0],"loadpower":[13.766214,13.766214,12.913230000000002],"batterytemp":[14.0,14.0,20.0],"triggerrate":[0.0,0.0,4.4],"triggersremaining":[21955.0,21955.0,22111.0],"crcerrors":[0.0,0.0,0.0]}