{"datalatency":[8.075703],"sensoruptime":[24.045555555555556,23.04861111111111,24.045555555555556],"battvoltage":[12.177,12.097000000000001,12.054],"arrayvoltage":[16.605,16.262999999999998,18.340999999999998],"chargecurrent":[1.5290000000000001,0.894,9.9],"ledstate":[8.0,8.0,8.0],"loadpower":[23.58896,23.583806999999997,21.60339],"batterytemp":[34.0,33.0,52.0],"triggerrate":[0.0,0.0,1.2000000000000002],"triggersremaining":[14660.0,14661.0,14672.0],"crcerrors":[0.0,0.0,0.0]}