{"datalatency":[8.413111],"sensoruptime":[3.096111111111111,2.096111111111111,null],"battvoltage":[13.831,13.802999999999999,11.478],"arrayvoltage":[37.161,36.298,37.939],"chargecurrent":[10.89,13.685,15.0],"chargestate":[6.0,6.0,6.0],"loadpower":[10.016329999999998,10.016329999999998,0.0],"batterytemp":[40.0,41.0,41.0],"triggerrate":[0.0,0.0,null],"triggersremaining":[21738.0,21740.0,null],"crcerrors":[0.0,0.0,0.0]}