{"datalatency":[21.25732],"sensoruptime":[288.86055555555555,287.86055555555555,288.86055555555555],"battvoltage":[12.216,12.253,12.134],"arrayvoltage":[16.019000000000002,16.8,18.506],"chargecurrent":[0.599,0.8240000000000001,9.074],"ledstate":[6.0,6.0,6.0],"loadpower":[22.247956000000002,22.807500000000005,21.141912],"batterytemp":[27.0,26.0,53.0],"triggerrate":[0.0,0.0,2.4000000000000004],"triggersremaining":[12639.0,12640.0,12668.0],"crcerrors":[0.0,0.0,2.0]}