{"datalatency":[10.335481000000001],"sensoruptime":[null,null,null],"battvoltage":[12.72,12.854000000000001,10.595999999999998],"arrayvoltage":[13.217,21.82,43.347],"chargecurrent":[0.0,0.01,2.597],"chargestate":[5.0,7.0,7.0],"loadpower":[0.0,0.0,0.0],"batterytemp":[11.0,13.0,20.0],"triggerrate":[null,null,null],"triggersremaining":[null,null,null],"crcerrors":[0.0,null,1.0]}