{"datalatency":[78.17981800000001],"sensoruptime":[69.18083333333334,68.18083333333334,69.18083333333334],"battvoltage":[13.280999999999999,13.129000000000001,12.216],"arrayvoltage":[14.212,14.749,17.965999999999998],"chargecurrent":[7.436,6.416,9.262],"ledstate":[6.0,6.0,6.0],"loadpower":[23.756880000000002,22.632,21.730287],"batterytemp":[51.0,45.0,58.0],"triggerrate":[0.0,0.0,0.2],"triggersremaining":[6315.0,6315.0,6321.0],"crcerrors":[0.0,0.0,0.0]}