{"datalatency":[12.809467000000001],"sensoruptime":[45.8975,44.900555555555556,45.8975],"battvoltage":[12.036,12.064,12.033],"arrayvoltage":[10.405999999999999,0.214,17.526],"chargecurrent":[0.005,0.005,10.985],"ledstate":[8.0,8.0,8.0],"loadpower":[23.387363999999998,24.101999999999997,21.514706],"batterytemp":[29.0,30.0,50.0],"triggerrate":[1.2000000000000002,1.2000000000000002,6.0],"triggersremaining":[13255.0,13389.0,13513.0],"crcerrors":[0.0,0.0,2.0]}