{"datalatency":[12.753781],"sensoruptime":[332.3569444444444,331.3572222222222,332.3569444444444],"battvoltage":[12.14,12.177,12.14],"arrayvoltage":[0.0,0.0,18.753],"chargecurrent":[0.005,0.002,11.622],"ledstate":[6.0,6.0,6.0],"loadpower":[25.869024,23.683308,20.870528999999998],"batterytemp":[24.0,25.0,44.0],"triggerrate":[0.0,0.0,1.2000000000000002],"triggersremaining":[12623.0,12624.0,12629.0],"crcerrors":[0.0,0.0,2.0]}