{"datalatency":[23.492816],"sensoruptime":[5.713888888888889,4.714166666666666,57.48722222222222],"battvoltage":[12.07,12.411,11.639000000000001],"arrayvoltage":[15.234000000000002,16.608,17.78],"chargecurrent":[0.512,2.51,12.284],"ledstate":[8.0,8.0,10.0],"loadpower":[23.386680000000002,22.589378,6.942914999999999],"batterytemp":[32.0,38.0,48.0],"triggerrate":[0.0,0.0,7.200004464002768],"triggersremaining":[22174.0,22175.0,22317.0],"crcerrors":[null,null,0.0]}