{"datalatency":[7.388189000000001],"sensoruptime":[208.7325,207.7325,208.7325],"battvoltage":[12.335,12.375,12.106],"arrayvoltage":[0.9309999999999999,0.8909999999999999,41.711000000000006],"chargecurrent":[0.0,0.0,9.777000000000001],"chargestate":[3.0,3.0,6.0],"loadpower":[14.240356,13.504336000000002,9.02565],"batterytemp":[13.0,13.0,34.0],"triggerrate":[0.0,0.0,0.6],"triggersremaining":[20332.0,20334.0,20361.0],"crcerrors":[0.0,0.0,0.0]}