{"datalatency":[28.37377],"sensoruptime":[36.68472222222222,35.685,36.68472222222222],"battvoltage":[12.875,12.445,12.064],"arrayvoltage":[16.449,16.748,18.872],"chargecurrent":[5.979,2.58,10.158],"ledstate":[8.0,8.0,8.0],"loadpower":[23.76997,23.539099999999998,22.704083999999998],"batterytemp":[39.0,37.0,50.0],"triggerrate":[0.0,0.0,1.2000506661391244],"triggersremaining":[22425.0,22426.0,22431.0],"crcerrors":[null,null,0.0]}