{"datalatency":[13.396466],"sensoruptime":[7.285277777777778,6.285277777777778,7.988333333333333],"battvoltage":[13.129000000000001,12.520999999999999,11.798],"arrayvoltage":[15.335,16.653,17.730999999999998],"chargecurrent":[9.98,4.343999999999999,10.419],"chargestate":[5.0,5.0,6.0],"loadpower":[22.869072,22.764823,6.167125],"batterytemp":[41.0,37.0,47.0],"triggerrate":[0.0,0.0,15.600000000000001],"triggersremaining":[21429.0,21429.0,22149.0],"crcerrors":[0.0,0.0,0.0]}