{"datalatency":[7.924021000000001],"sensoruptime":[102.41055555555556,101.42722222222223,102.41055555555556],"battvoltage":[11.725,11.734000000000002,11.725],"arrayvoltage":[1.099,1.12,34.863],"chargecurrent":[0.0,0.0,1.423],"chargestate":[3.0,3.0,5.0],"loadpower":[13.670286,13.705368,12.790060000000002],"batterytemp":[14.0,13.0,16.0],"triggerrate":[0.0,0.0,0.8],"triggersremaining":[21943.0,21951.0,22038.0],"crcerrors":[0.0,0.0,0.0]}