{"datalatency":[7.723407000000001],"sensoruptime":[206.39944444444444,205.41611111111112,206.39944444444444],"battvoltage":[12.415,12.450999999999999,12.106],"arrayvoltage":[0.726,0.674,41.711000000000006],"chargecurrent":[0.0,0.0,9.777000000000001],"chargestate":[3.0,3.0,6.0],"loadpower":[13.733856,13.861835999999998,9.02565],"batterytemp":[12.0,12.0,34.0],"triggerrate":[0.0,0.4,0.6],"triggersremaining":[20338.0,20342.0,20363.0],"crcerrors":[0.0,0.0,0.0]}