{"datalatency":[22.703627],"sensoruptime":[1.5208333333333333,0.5208333333333334,31.89388888888889],"battvoltage":[12.354000000000001,12.405,12.064],"arrayvoltage":[0.021,0.021,18.692],"chargecurrent":[0.005,0.005,11.344000000000001],"ledstate":[6.0,6.0,8.0],"loadpower":[24.609366,23.76828,7.371546],"batterytemp":[27.0,28.0,48.0],"triggerrate":[0.0,0.0,16.800115584795222],"triggersremaining":[22434.0,22434.0,22490.0],"crcerrors":[null,null,0.0]}