{"datalatency":[13.170266000000002],"sensoruptime":[null,null,61.55722222222222],"battvoltage":[12.134,12.109000000000002,11.499],"arrayvoltage":[14.45,13.235,18.410999999999998],"chargecurrent":[0.263,0.126,12.030999999999999],"ledstate":[8.0,8.0,10.0],"loadpower":[7.679690000000001,7.73632,7.179776000000001],"batterytemp":[26.0,25.0,56.0],"triggerrate":[null,null,1.2000000000000002],"triggersremaining":[null,null,20760.0],"crcerrors":[null,null,1.0]}