{"datalatency":[17.852939000000003],"sensoruptime":[194.20777777777778,193.20805555555555,194.20777777777778],"battvoltage":[12.597999999999999,11.838,11.800999999999998],"arrayvoltage":[16.452,16.070999999999998,18.445],"chargecurrent":[6.6339999999999995,0.614,11.315],"ledstate":[8.0,8.0,8.0],"loadpower":[22.478673,23.247983,21.720450999999997],"batterytemp":[35.0,27.0,53.0],"triggerrate":[0.0,0.0,1.2000000000000002],"triggersremaining":[12689.0,12689.0,12701.0],"crcerrors":[0.0,0.0,2.0]}