{"datalatency":[20.842535],"sensoruptime":[50.513333333333335,49.513333333333335,50.513333333333335],"battvoltage":[11.81,11.838,11.804],"arrayvoltage":[0.0,0.0,17.78],"chargecurrent":[0.002,0.002,7.774],"ledstate":[8.0,8.0,8.0],"loadpower":[24.367244,23.646,22.552155],"batterytemp":[26.0,26.0,40.0],"triggerrate":[0.0,0.0,7.200004464002768],"triggersremaining":[22186.0,22195.0,22428.0],"crcerrors":[null,null,0.0]}