{"datalatency":[7.955606],"sensoruptime":[10.923055555555555,9.939722222222223,null],"battvoltage":[12.283,12.299000000000001,12.283],"arrayvoltage":[0.7140000000000001,0.604,44.162],"chargecurrent":[0.0,0.0,2.483],"chargestate":[3.0,3.0,7.0],"loadpower":[13.519336,13.457995999999998,0.0],"batterytemp":[2.0,3.0,19.0],"triggerrate":[0.2,0.0,null],"triggersremaining":[22353.0,22356.0,null],"crcerrors":[0.0,0.0,0.0]}