{"datalatency":[10.381335],"sensoruptime":[4.375,3.375277777777778,49.00611111111111],"battvoltage":[11.609000000000002,11.63,11.569],"arrayvoltage":[12.225,12.270999999999999,19.531],"chargecurrent":[0.005,0.017,12.99],"ledstate":[10.0,8.0,10.0],"loadpower":[23.605384000000004,23.33409,5.941168],"batterytemp":[26.0,31.0,41.0],"triggerrate":[0.0,0.0,2.4000000000000004],"triggersremaining":[14607.0,14621.0,14655.0],"crcerrors":[0.0,0.0,0.0]}