{"datalatency":[20.914356],"sensoruptime":[51.01305555555555,50.013333333333335,51.01305555555555],"battvoltage":[11.798,11.835,11.798],"arrayvoltage":[0.0,0.0,17.78],"chargecurrent":[0.005,0.005,7.774],"ledstate":[8.0,8.0,8.0],"loadpower":[24.661038,23.655430000000003,22.552155],"batterytemp":[26.0,26.0,40.0],"triggerrate":[0.0,0.0,7.200004464002768],"triggersremaining":[22184.0,22188.0,22428.0],"crcerrors":[null,null,0.0]}