{"datalatency":[21.857026],"sensoruptime":[60.69611111111111,59.71277777777778,60.69611111111111],"battvoltage":[11.682,11.758,11.572000000000001],"arrayvoltage":[8.139,14.401,16.992],"chargecurrent":[0.002,0.39899999999999997,11.828],"ledstate":[8.0,8.0,10.0],"loadpower":[24.075210000000002,22.969134,22.068414],"batterytemp":[34.0,36.0,44.0],"triggerrate":[0.0,0.0,0.4],"triggersremaining":[32.0,37.0,45.0],"crcerrors":[0.0,0.0,2.0]}