{"datalatency":[73.53088600000001],"sensoruptime":[85.845,84.84527777777778,85.845],"battvoltage":[12.292,12.329,12.216],"arrayvoltage":[0.0,0.0,17.965999999999998],"chargecurrent":[0.005,0.005,8.001],"ledstate":[6.0,6.0,6.0],"loadpower":[23.46708,23.73724,21.730287],"batterytemp":[29.0,29.0,58.0],"triggerrate":[0.0,0.0,0.6],"triggersremaining":[6298.0,6298.0,6317.0],"crcerrors":[0.0,0.0,0.0]}