{"datalatency":[8.623978000000001],"sensoruptime":[77.25222222222222,76.25222222222222,77.25222222222222],"battvoltage":[13.614,13.159,12.183],"arrayvoltage":[33.835,33.400999999999996,37.491],"chargecurrent":[5.506,3.8339999999999996,8.752],"chargestate":[5.0,5.0,6.0],"loadpower":[10.8224,10.482942,9.144952],"batterytemp":[32.0,30.0,34.0],"triggerrate":[0.0,0.0,0.6],"triggersremaining":[21612.0,21615.0,21646.0],"crcerrors":[0.0,0.0,0.0]}