{"datalatency":[16.337202],"sensoruptime":[148.38194444444446,147.38222222222223,148.38194444444446],"battvoltage":[12.1,12.445,11.870999999999999],"arrayvoltage":[15.725999999999999,16.165,17.215],"chargecurrent":[1.121,3.665,12.084000000000001],"ledstate":[8.0,8.0,8.0],"loadpower":[23.499449999999996,22.922235,21.571521000000004],"batterytemp":[40.0,38.0,42.0],"triggerrate":[0.0,0.0,3.6],"triggersremaining":[12933.0,12944.0,13076.0],"crcerrors":[0.0,0.0,2.0]}