{"datalatency":[13.762988],"sensoruptime":[0.1175,null,null],"battvoltage":[11.88,12.027000000000001,11.783],"arrayvoltage":[12.655999999999999,14.401,17.825],"chargecurrent":[0.036000000000000004,0.297,11.344000000000001],"chargestate":[5.0,5.0,6.0],"loadpower":[23.409666000000005,7.92,0.0],"batterytemp":[26.0,25.0,47.0],"triggerrate":[2.4000000000000004,null,null],"triggersremaining":[22117.0,null,null],"crcerrors":[0.0,0.0,0.0]}