{"datalatency":[78.005896],"sensoruptime":[27.520833333333332,26.520833333333332,27.520833333333332],"battvoltage":[12.975999999999999,13.280999999999999,12.14],"arrayvoltage":[15.915,15.378,17.526],"chargecurrent":[2.805,4.935,9.245],"ledstate":[6.0,6.0,6.0],"loadpower":[23.108112000000002,22.983984,22.116975999999998],"batterytemp":[54.0,54.0,55.0],"triggerrate":[0.0,0.0,0.2],"triggersremaining":[6326.0,6326.0,6333.0],"crcerrors":[0.0,0.0,0.0]}