{"datalatency":[8.064556000000001],"sensoruptime":[34.08638888888889,33.086666666666666,34.08638888888889],"battvoltage":[12.405,12.436,12.07],"arrayvoltage":[0.598,0.58,41.821000000000005],"chargecurrent":[0.0,0.0,7.474],"chargestate":[3.0,3.0,6.0],"loadpower":[13.548096000000001,14.135097999999997,8.72505],"batterytemp":[4.0,5.0,28.0],"triggerrate":[0.0,0.2,1.4],"triggersremaining":[22247.0,22247.0,22356.0],"crcerrors":[0.0,0.0,0.0]}