{"datalatency":[18.485075000000002],"sensoruptime":[97.02666666666667,96.02694444444444,97.02666666666667],"battvoltage":[13.412,13.434000000000001,12.222000000000001],"arrayvoltage":[17.465,17.267,18.109],"chargecurrent":[4.689,5.4670000000000005,7.815],"ledstate":[5.0,5.0,6.0],"loadpower":[23.025299999999998,23.095170999999997,21.964412],"batterytemp":[54.0,53.0,58.0],"triggerrate":[0.0,0.2,0.6],"triggersremaining":[6295.0,6295.0,6312.0],"crcerrors":[0.0,0.0,0.0]}