{"datalatency":[37.750212000000005],"sensoruptime":[0.6441666666666667,0.41388888888888886,null],"battvoltage":[11.687999999999999,11.609000000000002,10.477],"arrayvoltage":[0.7509999999999999,0.7170000000000001,43.57899999999999],"chargecurrent":[0.0,0.0,2.897],"chargestate":[3.0,3.0,7.0],"loadpower":[13.569912,14.186725000000001,0.0],"batterytemp":[15.0,15.0,24.0],"triggerrate":[0.0,0.0,null],"triggersremaining":[0.0,0.0,null],"crcerrors":[28.0,0.0,20.0]}