{"datalatency":[19.509755000000002],"sensoruptime":[560.4883333333333,559.4883333333333,560.4883333333333],"battvoltage":[11.603,11.569,11.53],"arrayvoltage":[16.504,15.915,17.575],"chargecurrent":[1.094,0.611,6.726],"ledstate":[10.0,10.0,10.0],"loadpower":[23.275264999999997,23.817156000000004,21.929781999999996],"batterytemp":[29.0,30.0,49.0],"triggerrate":[0.0,0.0,2.4000000000000004],"triggersremaining":[11252.0,11253.0,11276.0],"crcerrors":[0.0,0.0,2.0]}