{"datalatency":[13.579257],"sensoruptime":[null,null,18.859444444444446],"battvoltage":[12.128,12.14,11.456],"arrayvoltage":[0.067,9.652999999999999,17.825],"chargecurrent":[0.005,0.005,11.344000000000001],"chargestate":[3.0,3.0,6.0],"loadpower":[7.349568,8.465344,0.0],"batterytemp":[26.0,29.0,47.0],"triggerrate":[null,null,9.600000000000001],"triggersremaining":[null,null,22160.0],"crcerrors":[0.0,null,0.0]}