{"datalatency":[8.187425000000001],"sensoruptime":[null,null,11.33388888888889],"battvoltage":[14.407,14.297,10.427999999999999],"arrayvoltage":[40.521,41.388000000000005,43.015],"chargecurrent":[1.771,3.5439999999999996,3.5439999999999996],"chargestate":[6.0,6.0,6.0],"loadpower":[0.0,0.0,0.0],"batterytemp":[21.0,25.0,32.0],"triggerrate":[null,0.0,0.8],"triggersremaining":[null,null,18392.0],"crcerrors":[0.0,null,0.0]}