{"datalatency":[13.218737],"sensoruptime":[null,null,61.55722222222222],"battvoltage":[12.216,12.241,11.499],"arrayvoltage":[0.018000000000000002,0.021,18.410999999999998],"chargecurrent":[0.005,0.002,12.030999999999999],"ledstate":[8.0,8.0,10.0],"loadpower":[7.725132,8.042337,7.371216],"batterytemp":[29.0,30.0,56.0],"triggerrate":[null,null,1.2000000000000002],"triggersremaining":[null,null,20775.0],"crcerrors":[0.0,null,1.0]}