{"datalatency":[14.915966000000001],"sensoruptime":[0.5491666666666667,null,61.55722222222222],"battvoltage":[12.975999999999999,12.253,12.1],"arrayvoltage":[15.82,16.769000000000002,18.439],"chargecurrent":[7.093,1.22,12.030999999999999],"ledstate":[8.0,8.0,10.0],"loadpower":[22.673958,7.993620000000001,5.933112000000001],"batterytemp":[39.0,30.0,56.0],"triggerrate":[0.0,null,1.2000000000000002],"triggersremaining":[14672.0,null,20759.0],"crcerrors":[0.0,0.0,1.0]}