{"datalatency":[8.089909],"sensoruptime":[91.24527777777777,90.26222222222222,91.24527777777777],"battvoltage":[11.877,11.877,11.815999999999999],"arrayvoltage":[26.324,12.479000000000001,35.016],"chargecurrent":[0.121,0.0,2.8360000000000003],"chargestate":[5.0,5.0,5.0],"loadpower":[13.766214,13.789908000000004,12.913230000000002],"batterytemp":[12.0,12.0,20.0],"triggerrate":[0.0,0.0,4.4],"triggersremaining":[21963.0,21966.0,22148.0],"crcerrors":[0.0,0.0,0.0]}