{"datalatency":[8.124953],"sensoruptime":[107.07638888888889,106.07666666666667,107.07638888888889],"battvoltage":[11.624,11.645999999999999,11.624],"arrayvoltage":[1.013,1.031,34.863],"chargecurrent":[0.0,0.0,1.423],"chargestate":[3.0,3.0,5.0],"loadpower":[14.059883,14.313376,12.790060000000002],"batterytemp":[14.0,13.0,16.0],"triggerrate":[0.0,0.0,0.6],"triggersremaining":[21937.0,21937.0,21990.0],"crcerrors":[0.0,0.0,0.0]}