{"datalatency":[11.181873000000001],"sensoruptime":[16.502777777777776,15.503055555555555,null],"battvoltage":[11.627,11.682,11.45],"arrayvoltage":[0.0,0.107,19.305],"chargecurrent":[0.002,0.002,7.371],"ledstate":[10.0,10.0,11.0],"loadpower":[24.063775000000003,23.42052,0.0],"batterytemp":[22.0,23.0,49.0],"triggerrate":[0.0,0.0,null],"triggersremaining":[14560.0,14561.0,null],"crcerrors":[0.0,0.0,0.0]}