{"datalatency":[7.401357000000001],"sensoruptime":[158.07305555555556,157.07333333333332,158.07305555555556],"battvoltage":[12.411,12.436,11.868],"arrayvoltage":[0.616,0.61,42.465],"chargecurrent":[0.0,0.0,15.0],"chargestate":[3.0,3.0,6.0],"loadpower":[13.795776000000002,14.019875999999998,8.596613999999999],"batterytemp":[11.0,11.0,33.0],"triggerrate":[0.2,0.0,0.8],"triggersremaining":[20388.0,20394.0,20482.0],"crcerrors":[0.0,0.0,0.0]}