{"datalatency":[12.185908000000001],"sensoruptime":[27.566944444444445,26.566944444444445,27.566944444444445],"battvoltage":[12.332,12.796,12.033],"arrayvoltage":[15.142999999999999,15.915,19.733],"chargecurrent":[1.119,7.59,10.025],"ledstate":[8.0,8.0,8.0],"loadpower":[22.995839,22.125905999999997,21.514706],"batterytemp":[42.0,39.0,53.0],"triggerrate":[0.0,0.0,20.400000000000002],"triggersremaining":[13511.0,13511.0,14549.0],"crcerrors":[0.0,0.0,2.0]}