{"datalatency":[8.529075],"sensoruptime":[29.092222222222222,28.108888888888888,29.092222222222222],"battvoltage":[14.023,14.081,12.112],"arrayvoltage":[39.655,40.753,41.489],"chargecurrent":[3.5389999999999997,3.887,11.902999999999999],"chargestate":[6.0,6.0,6.0],"loadpower":[9.05954,12.245349,9.04345],"batterytemp":[34.0,32.0,38.0],"triggerrate":[0.0,0.0,1.0],"triggersremaining":[21654.0,21654.0,21734.0],"crcerrors":[0.0,0.0,0.0]}