{"datalatency":[8.181302],"sensoruptime":[0.7855555555555556,null,114.10888888888888],"battvoltage":[12.450999999999999,12.183,11.469000000000001],"arrayvoltage":[34.567,33.694,35.4],"chargecurrent":[3.406,2.099,6.4239999999999995],"chargestate":[5.0,5.0,5.0],"loadpower":[10.732576,0.0,0.0],"batterytemp":[26.0,20.0,26.0],"triggerrate":[0.0,null,0.6],"triggersremaining":[21930.0,null,21955.0],"crcerrors":[0.0,0.0,0.0]}