{"datalatency":[47.454615000000004],"sensoruptime":[null,null,null],"battvoltage":[12.527000000000001,12.527000000000001,12.28],"arrayvoltage":[0.8909999999999999,0.9279999999999999,44.098],"chargecurrent":[0.0,0.0,4.486000000000001],"chargestate":[3.0,3.0,8.0],"loadpower":[0.0,0.0,0.0],"batterytemp":[12.0,12.0,24.0],"triggerrate":[null,null,null],"triggersremaining":[null,null,null],"crcerrors":[null,null,null]}