{"datalatency":[9.79369],"sensoruptime":[7.050277777777778,6.0505555555555555,20.196666666666665],"battvoltage":[12.329,13.663,11.224],"arrayvoltage":[14.499,18.982,19.736],"chargecurrent":[1.43,3.237,8.165],"ledstate":[8.0,5.0,11.0],"loadpower":[27.773615999999997,25.687683999999997,0.0],"batterytemp":[47.0,46.0,49.0],"triggerrate":[0.0,0.0,1.2000000000000002],"triggersremaining":[14558.0,14558.0,14563.0],"crcerrors":[0.0,0.0,0.0]}