{"datalatency":[12.629643000000002],"sensoruptime":[38.731944444444444,37.734722222222224,38.731944444444444],"battvoltage":[12.204,12.216,12.033],"arrayvoltage":[0.214,0.171,17.526],"chargecurrent":[0.005,0.005,10.985],"ledstate":[6.0,6.0,8.0],"loadpower":[22.953468,23.053356,21.514706],"batterytemp":[30.0,31.0,50.0],"triggerrate":[0.0,0.0,1.2000000000000002],"triggersremaining":[13500.0,13504.0,13516.0],"crcerrors":[0.0,0.0,2.0]}