{"datalatency":[11.700805],"sensoruptime":[14.568888888888889,13.568888888888889,null],"battvoltage":[12.177,12.183,11.264000000000001],"arrayvoltage":[0.107,0.107,19.733],"chargecurrent":[0.002,0.005,9.152999999999999],"ledstate":[6.0,6.0,11.0],"loadpower":[23.865768000000003,26.505356000000006,0.0],"batterytemp":[30.0,31.0,53.0],"triggerrate":[0.0,0.0,null],"triggersremaining":[13516.0,13517.0,null],"crcerrors":[0.0,0.0,2.0]}