{"datalatency":[37.592926000000006],"sensoruptime":[4.5475,3.5477777777777777,5.173333333333333],"battvoltage":[14.495999999999999,14.495999999999999,10.287],"arrayvoltage":[42.755,41.388000000000005,43.448],"chargecurrent":[2.947,3.07,5.0760000000000005],"chargestate":[8.0,8.0,8.0],"loadpower":[13.545630000000001,10.554920000000003,0.0],"batterytemp":[25.0,25.0,26.0],"triggerrate":[0.0,0.2,2.8],"triggersremaining":[11630.0,11632.0,11687.0],"crcerrors":[0.0,0.0,0.0]}