{"datalatency":[14.267557],"sensoruptime":[371.1847222222222,370.185,371.1847222222222],"battvoltage":[12.329,12.482000000000001,12.064],"arrayvoltage":[13.405999999999999,15.573,17.78],"chargecurrent":[0.16399999999999998,1.52,10.61],"ledstate":[6.0,6.0,8.0],"loadpower":[24.547781,23.429251,20.806074],"batterytemp":[39.0,46.0,52.0],"triggerrate":[0.0,0.0,4.800000000000001],"triggersremaining":[12610.0,12610.0,12620.0],"crcerrors":[0.0,0.0,2.0]}