{"datalatency":[18.860541],"sensoruptime":[2.3538888888888887,1.3541666666666667,31.89388888888889],"battvoltage":[12.325999999999999,12.369000000000002,12.064],"arrayvoltage":[0.027000000000000003,0.021,18.692],"chargecurrent":[0.002,0.005,11.344000000000001],"ledstate":[6.0,6.0,8.0],"loadpower":[24.30212,24.436509,7.371546],"batterytemp":[26.0,27.0,48.0],"triggerrate":[0.0,0.0,16.800115584795222],"triggersremaining":[22434.0,22434.0,22490.0],"crcerrors":[null,null,0.0]}