{"datalatency":[8.555227],"sensoruptime":[46.756388888888885,45.77305555555556,46.756388888888885],"battvoltage":[12.259,12.259,12.167],"arrayvoltage":[27.340999999999998,2.673,41.489],"chargecurrent":[0.24600000000000002,0.0,11.902999999999999],"chargestate":[5.0,3.0,6.0],"loadpower":[14.151267,14.126805000000001,9.02565],"batterytemp":[15.0,15.0,35.0],"triggerrate":[0.0,0.0,0.4],"triggersremaining":[21648.0,21648.0,21659.0],"crcerrors":[0.0,0.0,0.0]}