{"datalatency":[13.32463],"sensoruptime":[50.278333333333336,49.28111111111111,50.278333333333336],"battvoltage":[12.335,11.533,11.499],"arrayvoltage":[16.748,16.309,18.410999999999998],"chargecurrent":[5.624,0.517,11.398],"chargestate":[5.0,5.0,6.0],"loadpower":[22.76826,23.329392,21.727188],"batterytemp":[31.0,28.0,52.0],"triggerrate":[0.0,0.0,6.0],"triggersremaining":[20759.0,20759.0,21155.0],"crcerrors":[0.0,0.0,1.0]}