{"datalatency":[14.111454],"sensoruptime":[null,null,20.196666666666665],"battvoltage":[12.445,12.292,11.224],"arrayvoltage":[16.843,14.110999999999999,19.305],"chargecurrent":[0.45399999999999996,0.22699999999999998,7.371],"ledstate":[11.0,11.0,11.0],"loadpower":[0.0,0.0,0.0],"batterytemp":[23.0,20.0,49.0],"triggerrate":[null,null,null],"triggersremaining":[null,null,14564.0],"crcerrors":[0.0,null,0.0]}