{"datalatency":[7.515846000000001],"sensoruptime":[178.57,177.58666666666667,178.57],"battvoltage":[12.527000000000001,12.567,12.183],"arrayvoltage":[0.6409999999999999,0.6409999999999999,43.121],"chargecurrent":[0.0,0.0,10.794],"chargestate":[3.0,3.0,6.0],"loadpower":[13.621730000000001,13.665330000000003,8.98432],"batterytemp":[11.0,11.0,29.0],"triggerrate":[0.0,0.0,0.6],"triggersremaining":[20364.0,20364.0,20400.0],"crcerrors":[0.0,0.0,0.0]}