{"datalatency":[8.25252],"sensoruptime":[null,null,114.10888888888888],"battvoltage":[11.685,11.685,11.469000000000001],"arrayvoltage":[3.162,0.62,35.4],"chargecurrent":[0.0,0.0,6.643],"chargestate":[3.0,3.0,5.0],"loadpower":[0.0,0.0,0.0],"batterytemp":[11.0,12.0,27.0],"triggerrate":[null,null,1.6],"triggersremaining":[null,null,21931.0],"crcerrors":[0.0,null,0.0]}