{"datalatency":[21.076711000000003],"sensoruptime":[357.0175,356.0175,357.0175],"battvoltage":[12.073,12.1,12.067],"arrayvoltage":[4.187,0.0,17.633],"chargecurrent":[0.002,0.005,12.229000000000001],"ledstate":[8.0,6.0,8.0],"loadpower":[23.499449999999996,23.40998,21.612250999999997],"batterytemp":[23.0,23.0,44.0],"triggerrate":[0.0,0.0,1.2000000000000002],"triggersremaining":[12617.0,12617.0,12623.0],"crcerrors":[0.0,0.0,2.0]}