{"datalatency":[7.6804060000000005],"sensoruptime":[212.89833333333334,211.9152777777778,212.89833333333334],"battvoltage":[12.222000000000001,12.259,12.106],"arrayvoltage":[0.9640000000000001,0.9520000000000001,41.711000000000006],"chargecurrent":[0.0,0.0,9.777000000000001],"chargestate":[3.0,3.0,6.0],"loadpower":[14.167103999999998,14.212421999999998,9.02565],"batterytemp":[12.0,13.0,34.0],"triggerrate":[0.0,0.2,0.8],"triggersremaining":[20295.0,20309.0,20356.0],"crcerrors":[0.0,0.0,0.0]}