{"datalatency":[38.182353],"sensoruptime":[0.01138888888888889,0.0002777777777777778,null],"battvoltage":[13.425,14.185,10.526],"arrayvoltage":[35.989000000000004,42.3,45.523],"chargecurrent":[1.5819999999999999,1.776,2.6189999999999998],"chargestate":[7.0,7.0,7.0],"loadpower":[14.704935999999998,15.880634,0.0],"batterytemp":[7.0,9.0,19.0],"triggerrate":[null,null,null],"triggersremaining":[0.0,0.0,null],"crcerrors":[7.0,1.0,1.0]}