{"datalatency":[59.519581],"sensoruptime":[0.8608333333333333,0.11611111111111111,20.630555555555556],"battvoltage":[11.725,11.664000000000001,11.517000000000001],"arrayvoltage":[16.262999999999998,16.608,17.288],"chargecurrent":[1.65,1.222,10.940999999999999],"ledstate":[10.0,10.0,10.0],"loadpower":[23.37501,24.215460999999998,22.314239999999998],"batterytemp":[32.0,29.0,53.0],"triggerrate":[0.0,0.0,1.6],"triggersremaining":[0.0,0.0,31.0],"crcerrors":[0.7774958155607148,1.0,1.0]}