{"datalatency":[7.857942],"sensoruptime":[5.7572222222222225,4.7575,null],"battvoltage":[12.439,12.46,12.299000000000001],"arrayvoltage":[0.568,0.687,44.162],"chargecurrent":[0.0,0.0,2.483],"chargestate":[3.0,3.0,7.0],"loadpower":[13.625836999999999,13.627958000000001,0.0],"batterytemp":[7.0,10.0,19.0],"triggerrate":[0.0,0.0,null],"triggersremaining":[22376.0,22376.0,null],"crcerrors":[0.0,0.0,0.0]}