{"datalatency":[20.487325000000002],"sensoruptime":[21.999166666666667,20.999166666666667,null],"battvoltage":[12.0,11.995999999999999,11.987],"arrayvoltage":[13.327,5.811,17.383],"chargecurrent":[0.179,0.01,10.453],"ledstate":[8.0,8.0,8.0],"loadpower":[23.459025,23.315324999999998,6.478731],"batterytemp":[30.0,29.0,52.0],"triggerrate":[0.0,0.0,null],"triggersremaining":[1671.0,1673.0,null],"crcerrors":[0.0,0.0,0.0]}