{"datalatency":[8.037833000000001],"sensoruptime":[25.087777777777777,24.087777777777777,25.087777777777777],"battvoltage":[14.297,14.288,12.07],"arrayvoltage":[40.9,40.71,42.725],"chargecurrent":[2.739,2.945,7.474],"chargestate":[6.0,6.0,7.0],"loadpower":[13.426566,12.692735999999998,8.72505],"batterytemp":[25.0,25.0,28.0],"triggerrate":[0.0,0.0,1.4],"triggersremaining":[22256.0,22256.0,22381.0],"crcerrors":[0.0,0.0,0.0]}