{"datalatency":[20.991467],"sensoruptime":[60.993611111111115,60.01027777777778,60.993611111111115],"battvoltage":[11.987,12.027000000000001,11.874],"arrayvoltage":[0.043,0.067,16.500999999999998],"chargecurrent":[0.005,0.005,10.463],"ledstate":[8.0,8.0,8.0],"loadpower":[24.069749999999996,23.40448,21.727188],"batterytemp":[34.0,35.0,50.0],"triggerrate":[1.2,0.4,1.4],"triggersremaining":[1430.0,1460.0,1517.0],"crcerrors":[0.0,0.0,0.0]}