{"datalatency":[6.095898],"sensoruptime":[20.712777777777777,19.713055555555556,null],"battvoltage":[12.073,12.064,12.054],"arrayvoltage":[16.214000000000002,9.198,18.439],"chargecurrent":[0.40299999999999997,0.002,9.9],"ledstate":[8.0,8.0,8.0],"loadpower":[23.234327999999998,23.728419,5.933112000000001],"batterytemp":[29.0,28.0,52.0],"triggerrate":[0.0,0.0,null],"triggersremaining":[14661.0,14662.0,null],"crcerrors":[0.0,0.0,0.0]}