{"datalatency":[9.189237],"sensoruptime":[2.1725,1.1755555555555555,6.051944444444445],"battvoltage":[11.899000000000001,13.663,11.285],"arrayvoltage":[15.625,15.915,19.949],"chargecurrent":[1.375,6.327000000000001,9.745],"ledstate":[6.0,6.0,11.0],"loadpower":[26.799633,25.757688,0.0],"batterytemp":[41.0,35.0,51.0],"triggerrate":[0.0,0.0,1.2000000000000002],"triggersremaining":[14567.0,14567.0,14570.0],"crcerrors":[0.0,0.0,0.0]}