{"datalatency":[25.934434000000003],"sensoruptime":[0.6697222222222222,null,null],"battvoltage":[14.110999999999999,14.175,12.642999999999999],"arrayvoltage":[39.996,38.461,42.908],"chargecurrent":[2.447,1.469,2.839],"chargestate":[6.0,6.0,7.0],"loadpower":[12.20364,0.0,0.0],"batterytemp":[31.0,29.0,31.0],"triggerrate":[8.6,null,null],"triggersremaining":[19318.0,null,null],"crcerrors":[0.0,0.0,0.0]}