{"datalatency":[22.271041],"sensoruptime":[0.050833333333333335,null,57.48722222222222],"battvoltage":[12.75,12.634,11.639000000000001],"arrayvoltage":[15.533,16.262999999999998,17.78],"chargecurrent":[9.144,7.47,11.642000000000001],"ledstate":[8.0,8.0,10.0],"loadpower":[23.917791,8.60814,6.942914999999999],"batterytemp":[43.0,37.0,43.0],"triggerrate":[0.0,null,7.200004464002768],"triggersremaining":[22178.0,null,22417.0],"crcerrors":[null,null,0.0]}