{"datalatency":[8.774017],"sensoruptime":[117.58,116.58,117.58],"battvoltage":[12.183,12.204,12.03],"arrayvoltage":[0.9640000000000001,0.9490000000000001,41.65],"chargecurrent":[0.0,0.0,11.832],"chargestate":[3.0,3.0,6.0],"loadpower":[14.124109999999998,14.141539999999999,8.207364000000002],"batterytemp":[21.0,21.0,32.0],"triggerrate":[0.0,0.6,0.6],"triggersremaining":[21469.0,21470.0,21548.0],"crcerrors":[0.0,0.0,0.0]}