{"datalatency":[47.27676],"sensoruptime":[null,null,null],"battvoltage":[13.947000000000001,14.355,12.28],"arrayvoltage":[31.839000000000002,40.958,44.098],"chargecurrent":[1.411,1.923,4.486000000000001],"chargestate":[5.0,6.0,8.0],"loadpower":[0.0,0.0,0.0],"batterytemp":[22.0,23.0,24.0],"triggerrate":[null,null,null],"triggersremaining":[null,null,null],"crcerrors":[null,null,null]}