{"datalatency":[8.079245],"sensoruptime":[7.751111111111111,6.751111111111111,11.270277777777778],"battvoltage":[14.081,14.139000000000001,11.154000000000002],"arrayvoltage":[40.561,40.283,41.791000000000004],"chargecurrent":[2.783,2.6039999999999996,2.909],"chargestate":[6.0,6.0,6.0],"loadpower":[13.182749999999999,13.282622,0.0],"batterytemp":[32.0,30.0,32.0],"triggerrate":[0.0,0.0,0.8],"triggersremaining":[18375.0,18379.0,18400.0],"crcerrors":[0.0,0.0,0.0]}