{"datalatency":[17.064382000000002],"sensoruptime":[null,null,null],"battvoltage":[12.482000000000001,12.503,12.18],"arrayvoltage":[0.107,0.064,19.625999999999998],"chargecurrent":[0.005,0.005,5.361000000000001],"chargestate":[3.0,3.0,6.0],"loadpower":[6.084872000000001,7.259286,4.102919999999999],"batterytemp":[17.0,18.0,45.0],"triggerrate":[null,null,null],"triggersremaining":[null,null,null],"crcerrors":[null,null,null]}