{"datalatency":[15.239214],"sensoruptime":[397.68111111111114,396.68111111111114,397.68111111111114],"battvoltage":[12.216,12.25,12.027000000000001],"arrayvoltage":[0.107,0.107,18.365],"chargecurrent":[0.002,0.005,10.873],"ledstate":[6.0,6.0,8.0],"loadpower":[23.67576,23.822208,21.895564000000004],"batterytemp":[29.0,32.0,52.0],"triggerrate":[0.0,0.0,1.2000000000000002],"triggersremaining":[12601.0,12601.0,12609.0],"crcerrors":[0.0,0.0,2.0]}