{"datalatency":[8.146865],"sensoruptime":[42.44611111111111,41.44888888888889,42.44611111111111],"battvoltage":[11.78,11.835,11.652000000000001],"arrayvoltage":[0.0,0.0,17.334],"chargecurrent":[0.002,0.005,11.398],"chargestate":[3.0,3.0,6.0],"loadpower":[24.431679999999997,24.185392,21.713829000000004],"batterytemp":[26.0,26.0,52.0],"triggerrate":[0.0,0.0,6.0],"triggersremaining":[20761.0,20761.0,21172.0],"crcerrors":[0.0,0.0,1.0]}