{"datalatency":[7.732206000000001],"sensoruptime":[3.7305555555555556,2.7472222222222222,227.69416666666666],"battvoltage":[11.954,11.975,11.954],"arrayvoltage":[1.26,1.035,36.472],"chargecurrent":[0.0,0.0,3.503],"chargestate":[3.0,3.0,5.0],"loadpower":[13.914141,13.924932,9.995777999999998],"batterytemp":[15.0,15.0,18.0],"triggerrate":[0.0,0.2,24.0],"triggersremaining":[18671.0,18674.0,20334.0],"crcerrors":[2.0,0.0,3.0]}