{"datalatency":[16.871556],"sensoruptime":[445.5058333333333,444.50888888888886,445.5058333333333],"battvoltage":[12.177,12.216,12.027000000000001],"arrayvoltage":[0.027000000000000003,0.235,17.487000000000002],"chargecurrent":[0.005,0.005,10.864],"ledstate":[6.0,6.0,8.0],"loadpower":[24.036064000000003,23.944248,21.481326],"batterytemp":[30.0,32.0,49.0],"triggerrate":[0.0,0.0,16.8],"triggersremaining":[11711.0,11712.0,12595.0],"crcerrors":[0.0,0.0,2.0]}