{"datalatency":[8.514187],"sensoruptime":[31.591944444444444,30.60861111111111,31.591944444444444],"battvoltage":[12.708,14.059000000000001,12.112],"arrayvoltage":[30.666999999999998,37.347,41.489],"chargecurrent":[0.737,3.196,11.902999999999999],"chargestate":[5.0,6.0,6.0],"loadpower":[13.864129999999998,9.516492000000001,9.02565],"batterytemp":[26.0,33.0,35.0],"triggerrate":[0.0,0.0,1.0],"triggersremaining":[21654.0,21654.0,21720.0],"crcerrors":[0.0,0.0,0.0]}