{"datalatency":[8.045291],"sensoruptime":[71.91472222222222,70.93138888888889,71.91472222222222],"battvoltage":[12.68,12.558,12.145999999999999],"arrayvoltage":[32.764,32.272,42.861999999999995],"chargecurrent":[1.95,1.396,3.2489999999999997],"chargestate":[5.0,5.0,6.0],"loadpower":[14.834091999999997,13.821596000000001,10.91975],"batterytemp":[20.0,20.0,29.0],"triggerrate":[0.0,0.0,0.8],"triggersremaining":[22111.0,22113.0,22214.0],"crcerrors":[0.0,0.0,0.0]}