{"datalatency":[10.748417],"sensoruptime":[4.3966666666666665,3.3966666666666665,null],"battvoltage":[11.609000000000002,11.536,11.328],"arrayvoltage":[0.08900000000000001,0.107,19.949],"chargecurrent":[0.002,0.002,9.745],"ledstate":[10.0,10.0,10.0],"loadpower":[23.796322999999997,23.955360000000002,5.908896],"batterytemp":[27.0,28.0,51.0],"triggerrate":[0.0,0.0,null],"triggersremaining":[14567.0,14568.0,null],"crcerrors":[0.0,0.0,0.0]}