{"datalatency":[8.410659],"sensoruptime":[5.595555555555555,4.6125,11.467222222222222],"battvoltage":[13.931,13.898,11.478],"arrayvoltage":[38.245,37.86,38.245],"chargecurrent":[6.356,7.711,15.0],"chargestate":[6.0,6.0,6.0],"loadpower":[9.934719999999999,10.0448,0.0],"batterytemp":[37.0,38.0,41.0],"triggerrate":[0.0,0.0,1.6],"triggersremaining":[21732.0,21735.0,21927.0],"crcerrors":[0.0,0.0,0.0]}