{"datalatency":[7.7382670000000005],"sensoruptime":[215.7313888888889,214.74833333333333,215.7313888888889],"battvoltage":[12.145999999999999,12.213,12.130999999999998],"arrayvoltage":[26.761,18.625,41.711000000000006],"chargecurrent":[0.215,0.01,9.777000000000001],"chargestate":[5.0,5.0,6.0],"loadpower":[13.313664000000001,14.191887,9.02565],"batterytemp":[12.0,11.0,34.0],"triggerrate":[0.0,0.0,0.8],"triggersremaining":[20290.0,20290.0,20355.0],"crcerrors":[0.0,0.0,0.0]}