{"datalatency":[7.4640260000000005],"sensoruptime":[19.06111111111111,18.07777777777778,227.69416666666666],"battvoltage":[11.838,11.838,11.755],"arrayvoltage":[29.15,31.345,34.238],"chargecurrent":[0.5,0.7440000000000001,1.4709999999999999],"chargestate":[5.0,5.0,5.0],"loadpower":[13.704936000000004,13.72322,13.408536],"batterytemp":[20.0,20.0,20.0],"triggerrate":[0.0,0.0,24.0],"triggersremaining":[18582.0,18582.0,20030.0],"crcerrors":[2.0,0.0,3.0]}