{"datalatency":[15.037299],"sensoruptime":[54.9525,53.955555555555556,54.9525],"battvoltage":[12.823,12.869000000000002,11.499],"arrayvoltage":[15.091,14.709000000000001,18.410999999999998],"chargecurrent":[6.933,8.984,12.030999999999999],"ledstate":[8.0,8.0,10.0],"loadpower":[22.803375,22.566356,21.764498],"batterytemp":[48.0,52.0,52.0],"triggerrate":[0.0,0.0,6.0],"triggersremaining":[20758.0,20758.0,21056.0],"crcerrors":[0.0,0.0,1.0]}