{"datalatency":[11.41036],"sensoruptime":[11.95111111111111,10.95138888888889,null],"battvoltage":[12.186,12.567,11.798],"arrayvoltage":[14.703,17.334,17.526],"chargecurrent":[0.326,2.261,10.419],"chargestate":[5.0,5.0,5.0],"loadpower":[23.239671,23.828259000000003,6.167125],"batterytemp":[40.0,48.0,49.0],"triggerrate":[1.2000000000000002,2.4000000000000004,null],"triggersremaining":[21414.0,21420.0,null],"crcerrors":[0.0,0.0,0.0]}