{"datalatency":[20.408803000000002],"sensoruptime":[null,null,329.74861111111113],"battvoltage":[12.213,12.195,11.92],"arrayvoltage":[13.26,2.142,17.825],"chargecurrent":[0.133,0.002,9.615],"ledstate":[6.0,6.0,8.0],"loadpower":[8.355479999999998,7.595616,5.735975000000001],"batterytemp":[29.0,29.0,57.0],"triggerrate":[null,null,1.6],"triggersremaining":[null,null,1908.0],"crcerrors":[0.0,null,0.0]}