{"datalatency":[7.953355],"sensoruptime":[54.08361111111111,53.10055555555556,54.08361111111111],"battvoltage":[12.567,12.604000000000001,12.115],"arrayvoltage":[0.604,0.583,42.861999999999995],"chargecurrent":[0.0,0.002,7.356],"chargestate":[3.0,3.0,6.0],"loadpower":[13.690404000000003,13.704570000000002,8.875646],"batterytemp":[12.0,14.0,30.0],"triggerrate":[0.4,0.0,0.6],"triggersremaining":[22205.0,22207.0,22253.0],"crcerrors":[0.0,0.0,0.0]}