{"datalatency":[38.131376],"sensoruptime":[null,null,null],"battvoltage":[12.527000000000001,12.527000000000001,10.535],"arrayvoltage":[13.540999999999999,0.9640000000000001,43.533],"chargecurrent":[0.0,0.002,3.411],"chargestate":[5.0,3.0,7.0],"loadpower":[0.0,0.0,0.0],"batterytemp":[-1.0,-1.0,19.0],"triggerrate":[null,null,null],"triggersremaining":[null,null,null],"crcerrors":[0.0,null,0.0]}