{"datalatency":[7.943065000000001],"sensoruptime":[6.0905555555555555,5.0905555555555555,null],"battvoltage":[12.415,12.450999999999999,12.299000000000001],"arrayvoltage":[0.565,0.562,44.162],"chargecurrent":[0.0,0.0,2.483],"chargestate":[3.0,3.0,7.0],"loadpower":[13.733856,13.588574,0.0],"batterytemp":[7.0,9.0,19.0],"triggerrate":[0.0,0.0,null],"triggersremaining":[22376.0,22376.0,null],"crcerrors":[0.0,0.0,0.0]}