{"datalatency":[18.178966000000003],"sensoruptime":[9.486666666666666,8.489444444444445,null],"battvoltage":[12.482000000000001,12.607000000000001,12.482000000000001],"arrayvoltage":[13.379000000000001,17.145,20.032],"chargecurrent":[0.06,0.94,7.09],"chargestate":[5.0,5.0,7.0],"loadpower":[24.788372000000006,24.59109,11.041264],"batterytemp":[35.0,43.0,47.0],"triggerrate":[null,null,null],"triggersremaining":[22491.0,22491.0,null],"crcerrors":[null,null,0.0]}