{"datalatency":[12.676289],"sensoruptime":[48.4425,47.4425,48.4425],"battvoltage":[11.565999999999999,11.606,11.557],"arrayvoltage":[15.475,15.915,17.334],"chargecurrent":[0.312,0.382,11.398],"chargestate":[5.0,5.0,5.0],"loadpower":[22.124157000000004,22.045032000000003,21.713829000000004],"batterytemp":[27.0,26.0,52.0],"triggerrate":[0.0,0.0,6.0],"triggersremaining":[20759.0,20760.0,21166.0],"crcerrors":[0.0,0.0,1.0]}