{"datalatency":[8.134291000000001],"sensoruptime":[3.6197222222222223,2.62,null],"battvoltage":[11.865,11.914000000000001,10.944],"arrayvoltage":[0.992,0.995,41.791000000000004],"chargecurrent":[0.0,0.0,2.923],"chargestate":[3.0,3.0,6.0],"loadpower":[13.775940000000002,13.812694,0.0],"batterytemp":[10.0,10.0,32.0],"triggerrate":[0.0,0.2,null],"triggersremaining":[18369.0,18369.0,null],"crcerrors":[0.0,0.0,0.0]}