{"datalatency":[47.919249],"sensoruptime":[21.65361111111111,20.65361111111111,null],"battvoltage":[12.332,12.329,12.308],"arrayvoltage":[15.142999999999999,13.405999999999999,19.229],"chargecurrent":[0.319,0.157,8.175],"ledstate":[6.0,6.0,6.0],"loadpower":[22.63204,23.451568,6.0236],"batterytemp":[31.0,30.0,54.0],"triggerrate":[0.0,0.0,null],"triggersremaining":[7053.0,7053.0,null],"crcerrors":[0.0,0.0,0.0]}