{"datalatency":[20.256361000000002],"sensoruptime":[258.03194444444443,257.03194444444443,258.03194444444443],"battvoltage":[12.216,12.25,12.073],"arrayvoltage":[0.0,0.061,18.073],"chargecurrent":[0.002,0.002,9.937999999999999],"ledstate":[6.0,6.0,8.0],"loadpower":[23.199804,23.321844000000002,21.323016],"batterytemp":[24.0,25.0,55.0],"triggerrate":[0.0,0.0,1.2000000000000002],"triggersremaining":[12671.0,12671.0,12678.0],"crcerrors":[0.0,0.0,2.0]}