{"datalatency":[7.954005],"sensoruptime":[39.08583333333333,38.1025,39.08583333333333],"battvoltage":[12.207,12.244000000000002,12.07],"arrayvoltage":[0.635,0.632,41.821000000000005],"chargecurrent":[0.0,0.0,7.474],"chargestate":[3.0,3.0,6.0],"loadpower":[13.874495999999999,14.004495,8.72505],"batterytemp":[3.0,3.0,28.0],"triggerrate":[0.0,0.0,1.4],"triggersremaining":[22231.0,22235.0,22313.0],"crcerrors":[0.0,0.0,0.0]}