{"datalatency":[34.744365],"sensoruptime":[null,null,null],"battvoltage":[12.710999999999999,11.874,11.481],"arrayvoltage":[17.776,16.895,19.680999999999997],"chargecurrent":[5.858,0.40299999999999997,5.867999999999999],"chargestate":[5.0,5.0,5.0],"loadpower":[11.006384,0.0,0.0],"batterytemp":[16.0,12.0,26.0],"triggerrate":[null,null,null],"triggersremaining":[null,null,null],"crcerrors":[null,null,null]}