{"datalatency":[8.296745000000001],"sensoruptime":[null,null,5.101944444444444],"battvoltage":[12.991,12.79,11.362],"arrayvoltage":[32.08,27.979,43.015],"chargecurrent":[1.061,0.616,3.5439999999999996],"chargestate":[5.0,5.0,6.0],"loadpower":[0.0,0.0,0.0],"batterytemp":[20.0,20.0,27.0],"triggerrate":[null,null,6.2],"triggersremaining":[null,null,22496.0],"crcerrors":[1.0,null,1.0]}