{"datalatency":[8.152561],"sensoruptime":[93.91166666666666,92.92833333333333,93.91166666666666],"battvoltage":[11.877,11.914000000000001,11.815999999999999],"arrayvoltage":[32.224000000000004,32.379,35.016],"chargecurrent":[1.015,0.5529999999999999,2.8360000000000003],"chargestate":[5.0,5.0,5.0],"loadpower":[13.817264999999999,13.812694,12.913230000000002],"batterytemp":[16.0,15.0,20.0],"triggerrate":[0.0,0.0,4.4],"triggersremaining":[21956.0,21956.0,22122.0],"crcerrors":[0.0,0.0,0.0]}