{"datalatency":[15.749830000000001],"sensoruptime":[null,null,12.61],"battvoltage":[13.589,13.742,11.31],"arrayvoltage":[18.918,18.842,19.949],"chargecurrent":[2.9810000000000003,4.165,12.057],"ledstate":[5.0,5.0,11.0],"loadpower":[7.188678,6.431034000000001,0.0],"batterytemp":[48.0,43.0,48.0],"triggerrate":[null,null,2.4000000000000004],"triggersremaining":[null,null,14644.0],"crcerrors":[0.0,null,0.0]}