{"datalatency":[63.655346],"sensoruptime":[4.213888888888889,3.214166666666667,null],"battvoltage":[13.052,13.739,12.369000000000002],"arrayvoltage":[16.84,18.340999999999998,19.632],"chargecurrent":[4.08,5.189,7.9],"ledstate":[6.0,5.0,6.0],"loadpower":[22.554830000000003,22.269674000000002,5.802676],"batterytemp":[44.0,43.0,53.0],"triggerrate":[0.2,1.2,null],"triggersremaining":[22337.0,22379.0,null],"crcerrors":[0.0,0.0,0.0]}