{"datalatency":[37.55322],"sensoruptime":[3.0569444444444445,2.0569444444444445,7.746944444444445],"battvoltage":[13.715,14.081,10.802999999999999],"arrayvoltage":[31.598000000000003,30.96,38.15],"chargecurrent":[1.6569999999999998,1.776,3.1860000000000004],"chargestate":[5.0,5.0,6.0],"loadpower":[14.997339,14.279697,0.0],"batterytemp":[27.0,26.0,28.0],"triggerrate":[0.0,0.0,null],"triggersremaining":[11687.0,11687.0,12014.0],"crcerrors":[0.0,0.0,0.0]}