{"datalatency":[10.150657],"sensoruptime":[null,null,null],"battvoltage":[14.117,14.713,12.567],"arrayvoltage":[37.515,38.434,42.513999999999996],"chargecurrent":[0.529,0.5770000000000001,1.995],"chargestate":[7.0,6.0,7.0],"loadpower":[0.0,0.0,0.0],"batterytemp":[11.0,11.0,20.0],"triggerrate":[null,null,null],"triggersremaining":[null,null,null],"crcerrors":[0.0,null,0.0]}