{"datalatency":[7.7440240000000005],"sensoruptime":[221.23055555555555,220.23083333333332,221.23055555555555],"battvoltage":[12.145999999999999,12.222000000000001,12.085],"arrayvoltage":[32.721,33.051,41.711000000000006],"chargecurrent":[0.36,0.529,3.503],"chargestate":[5.0,5.0,6.0],"loadpower":[14.167103999999998,13.874495999999999,9.49424],"batterytemp":[15.0,15.0,28.0],"triggerrate":[1.2,1.4,2.2],"triggersremaining":[20181.0,20237.0,20351.0],"crcerrors":[0.0,0.0,0.0]}