{"datalatency":[15.134256],"sensoruptime":[392.515,391.5180555555556,392.515],"battvoltage":[12.72,12.642999999999999,12.027000000000001],"arrayvoltage":[15.677,15.915,18.365],"chargecurrent":[3.1889999999999996,2.8989999999999996,10.873],"ledstate":[6.0,6.0,8.0],"loadpower":[23.006854,22.766265000000004,21.833703],"batterytemp":[47.0,47.0,52.0],"triggerrate":[0.0,0.0,1.2000000000000002],"triggersremaining":[12602.0,12603.0,12610.0],"crcerrors":[0.0,0.0,2.0]}