{"datalatency":[7.69432],"sensoruptime":[213.89833333333334,212.89833333333334,213.89833333333334],"battvoltage":[12.219000000000001,12.222000000000001,12.106],"arrayvoltage":[1.508,0.9640000000000001,41.711000000000006],"chargecurrent":[0.0,0.0,9.777000000000001],"chargestate":[3.0,3.0,6.0],"loadpower":[14.106144,14.167103999999998,9.02565],"batterytemp":[11.0,12.0,34.0],"triggerrate":[0.0,0.0,0.8],"triggersremaining":[20292.0,20295.0,20356.0],"crcerrors":[0.0,0.0,0.0]}