{"datalatency":[21.740384000000002],"sensoruptime":[300.6922222222222,299.6922222222222,300.6922222222222],"battvoltage":[12.517999999999999,12.530999999999999,12.183],"arrayvoltage":[0.107,13.405999999999999,18.463],"chargecurrent":[0.005,0.057999999999999996,9.376],"ledstate":[6.0,6.0,6.0],"loadpower":[23.553941000000002,24.029789,21.533700000000003],"batterytemp":[30.0,36.0,50.0],"triggerrate":[0.0,0.0,1.2000000000000002],"triggersremaining":[12631.0,12632.0,12642.0],"crcerrors":[0.0,0.0,2.0]}