{"datalatency":[37.832338],"sensoruptime":[7.3805555555555555,6.3805555555555555,7.3805555555555555],"battvoltage":[14.27,14.331,10.709000000000001],"arrayvoltage":[39.446999999999996,42.483999999999995,43.448],"chargecurrent":[2.404,2.532,5.0760000000000005],"chargestate":[6.0,6.0,8.0],"loadpower":[13.29066,13.470975,0.0],"batterytemp":[26.0,24.0,26.0],"triggerrate":[0.0,0.4,2.8],"triggersremaining":[11614.0,11617.0,11684.0],"crcerrors":[0.0,0.0,0.0]}