{"datalatency":[20.141574000000002],"sensoruptime":[253.19916666666666,252.20222222222222,253.19916666666666],"battvoltage":[12.329,12.369000000000002,12.073],"arrayvoltage":[0.107,6.9670000000000005,18.073],"chargecurrent":[0.005,0.005,9.937999999999999],"ledstate":[6.0,6.0,8.0],"loadpower":[23.205228,23.360524,21.323016],"batterytemp":[30.0,35.0,55.0],"triggerrate":[0.0,0.0,1.2000000000000002],"triggersremaining":[12672.0,12673.0,12680.0],"crcerrors":[0.0,0.0,2.0]}