{"datalatency":[21.278493],"sensoruptime":[45.495555555555555,44.5125,45.495555555555555],"battvoltage":[11.877,11.899000000000001,11.874],"arrayvoltage":[12.549000000000001,0.0,18.222],"chargecurrent":[0.012,0.005,10.26],"ledstate":[8.0,8.0,8.0],"loadpower":[23.694282000000005,23.658705000000005,21.692814],"batterytemp":[30.0,30.0,49.0],"triggerrate":[0.0,0.0,1.4],"triggersremaining":[1512.0,1512.0,1673.0],"crcerrors":[0.0,0.0,0.0]}