{"datalatency":[13.834041000000001],"sensoruptime":[null,null,null],"battvoltage":[12.253,12.253,11.425999999999998],"arrayvoltage":[0.0,0.0,19.965],"chargecurrent":[0.005,0.005,7.916],"ledstate":[11.0,11.0,11.0],"loadpower":[0.0,0.0,0.0],"batterytemp":[23.0,23.0,51.0],"triggerrate":[null,null,null],"triggersremaining":[null,null,null],"crcerrors":[0.0,null,0.0]}