{"datalatency":[12.374494],"sensoruptime":[29.1125,28.1125,29.1125],"battvoltage":[12.177,11.737,11.652000000000001],"arrayvoltage":[16.843,16.262999999999998,17.526],"chargecurrent":[4.462,0.9640000000000001,10.419],"chargestate":[5.0,5.0,6.0],"loadpower":[23.063904,22.94322,21.713829000000004],"batterytemp":[32.0,31.0,49.0],"triggerrate":[0.0,2.4000000000000004,8.4],"triggersremaining":[21058.0,21091.0,21429.0],"crcerrors":[0.0,0.0,0.0]}