{"datalatency":[15.352824000000002],"sensoruptime":[1.7155555555555555,0.7158333333333333,61.55722222222222],"battvoltage":[13.309000000000001,13.022,12.1],"arrayvoltage":[16.171,15.915,18.439],"chargecurrent":[7.479,6.745,12.030999999999999],"ledstate":[6.0,8.0,10.0],"loadpower":[22.417586999999997,22.549613,5.933112000000001],"batterytemp":[44.0,41.0,56.0],"triggerrate":[0.0,0.0,1.2000000000000002],"triggersremaining":[14672.0,14672.0,20758.0],"crcerrors":[0.0,0.0,1.0]}