{"datalatency":[12.372119000000001],"sensoruptime":[28.6125,27.61277777777778,28.6125],"battvoltage":[11.758,11.731,11.682],"arrayvoltage":[16.843,16.217,17.526],"chargecurrent":[1.247,0.7829999999999999,10.419],"chargestate":[5.0,5.0,6.0],"loadpower":[23.214981,23.14161,21.713829000000004],"batterytemp":[31.0,31.0,49.0],"triggerrate":[0.0,0.0,8.4],"triggersremaining":[21063.0,21119.0,21429.0],"crcerrors":[0.0,0.0,0.0]}