{"datalatency":[73.28096000000001],"sensoruptime":[130.67194444444445,129.67194444444445,130.67194444444445],"battvoltage":[12.369000000000002,12.405,12.216],"arrayvoltage":[0.018000000000000002,0.012,18.167],"chargecurrent":[0.005,0.005,7.931],"ledstate":[6.0,6.0,6.0],"loadpower":[23.700726000000003,24.1254,21.885253],"batterytemp":[32.0,32.0,57.0],"triggerrate":[0.0,0.0,0.6],"triggersremaining":[6259.0,6259.0,6291.0],"crcerrors":[0.0,0.0,0.0]}