{"datalatency":[13.827389],"sensoruptime":[null,14.365,14.684444444444445],"battvoltage":[12.253,11.493,11.285],"arrayvoltage":[0.098,0.107,19.965],"chargecurrent":[0.005,0.002,7.916],"ledstate":[11.0,10.0,11.0],"loadpower":[0.0,27.520261999999995,0.0],"batterytemp":[25.0,26.0,51.0],"triggerrate":[null,0.0,1.2000000000000002],"triggersremaining":[null,14564.0,14567.0],"crcerrors":[0.0,null,0.0]}