{"datalatency":[8.159101],"sensoruptime":[104.24361111111111,103.26027777777777,104.24361111111111],"battvoltage":[11.685,11.707,11.685],"arrayvoltage":[1.114,1.114,34.863],"chargecurrent":[0.0,0.0,1.423],"chargestate":[3.0,3.0,5.0],"loadpower":[13.709807999999999,13.751856000000002,12.790060000000002],"batterytemp":[13.0,13.0,16.0],"triggerrate":[0.2,0.0,0.6],"triggersremaining":[21939.0,21942.0,22019.0],"crcerrors":[0.0,0.0,0.0]}