{"datalatency":[19.321643],"sensoruptime":[10.352777777777778,9.352777777777778,31.89388888888889],"battvoltage":[12.1,12.1,12.07],"arrayvoltage":[16.452,16.656,18.692],"chargecurrent":[0.73,0.449,11.344000000000001],"ledstate":[8.0,8.0,8.0],"loadpower":[23.788673999999997,23.029460999999998,7.371546],"batterytemp":[28.0,26.0,48.0],"triggerrate":[0.0,0.0,16.800115584795222],"triggersremaining":[22432.0,22432.0,22488.0],"crcerrors":[null,null,0.0]}