{"datalatency":[63.223427],"sensoruptime":[null,null,20.630555555555556],"battvoltage":[12.677,12.735,11.517000000000001],"arrayvoltage":[16.663,14.892999999999999,17.288],"chargecurrent":[6.692,7.974,10.595999999999998],"ledstate":[8.0,8.0,10.0],"loadpower":[6.8663680000000005,6.717242000000001,6.079374],"batterytemp":[49.0,48.0,53.0],"triggerrate":[null,null,1.6],"triggersremaining":[null,null,31.0],"crcerrors":[1.0000115742080349,null,1.0]}