{"datalatency":[17.377847000000003],"sensoruptime":[178.21027777777778,177.21027777777778,178.21027777777778],"battvoltage":[12.292,12.642999999999999,11.795],"arrayvoltage":[17.38,16.116,17.38],"chargecurrent":[1.4280000000000002,4.916,11.315],"ledstate":[8.0,8.0,8.0],"loadpower":[23.159972,22.439055000000003,21.720450999999997],"batterytemp":[50.0,52.0,53.0],"triggerrate":[0.0,0.0,1.2000000000000002],"triggersremaining":[12693.0,12693.0,12707.0],"crcerrors":[0.0,0.0,2.0]}