{"datalatency":[8.01689],"sensoruptime":[14.755833333333333,13.7725,null],"battvoltage":[12.207,12.222000000000001,12.204],"arrayvoltage":[0.653,0.644,44.162],"chargecurrent":[0.0,0.0,2.483],"chargestate":[3.0,3.0,7.0],"loadpower":[14.017349999999999,14.106144,0.0],"batterytemp":[1.0,1.0,19.0],"triggerrate":[0.0,0.0,null],"triggersremaining":[22318.0,22325.0,null],"crcerrors":[0.0,0.0,0.0]}