{"datalatency":[69.80786],"sensoruptime":[41.15027777777778,40.150555555555556,41.15027777777778],"battvoltage":[12.369000000000002,12.405,12.308],"arrayvoltage":[0.0,0.0,18.448],"chargecurrent":[0.002,0.005,9.011000000000001],"ledstate":[6.0,6.0,6.0],"loadpower":[23.280588000000005,23.199719999999996,21.981199999999998],"batterytemp":[29.0,30.0,53.0],"triggerrate":[0.0,0.0,0.2],"triggersremaining":[7048.0,7048.0,7055.0],"crcerrors":[0.0,0.0,0.0]}