{"datalatency":[20.355829],"sensoruptime":[4.835,3.8519444444444444,11.918333333333333],"battvoltage":[13.280999999999999,12.405,12.1],"arrayvoltage":[14.212,15.378,17.288],"chargecurrent":[9.405,1.916,10.013],"ledstate":[6.0,6.0,6.0],"loadpower":[23.756880000000002,23.690592000000002,6.478731],"batterytemp":[47.0,41.0,57.0],"triggerrate":[0.2,0.0,1.6],"triggersremaining":[1859.0,1865.0,1907.0],"crcerrors":[0.0,0.0,0.0]}