{"datalatency":[18.727985],"sensoruptime":[139.3538888888889,138.37083333333334,139.3538888888889],"battvoltage":[13.015999999999998,12.292,12.253],"arrayvoltage":[15.378,15.68,18.066],"chargecurrent":[4.94,0.848,7.931],"ledstate":[6.0,6.0,6.0],"loadpower":[23.055326,23.098766999999995,22.084208000000004],"batterytemp":[40.0,34.0,57.0],"triggerrate":[0.0,0.0,0.6],"triggersremaining":[6257.0,6257.0,6288.0],"crcerrors":[0.0,0.0,0.0]}