{"datalatency":[16.974276],"sensoruptime":[450.6719444444444,449.6719444444444,450.6719444444444],"battvoltage":[12.036,12.075999999999999,12.027000000000001],"arrayvoltage":[0.0,0.0,17.487000000000002],"chargecurrent":[0.005,0.002,10.864],"ledstate":[8.0,8.0,8.0],"loadpower":[25.417392000000003,23.848929,21.481326],"batterytemp":[27.0,28.0,49.0],"triggerrate":[0.0,0.0,16.8],"triggersremaining":[11710.0,11710.0,12594.0],"crcerrors":[0.0,0.0,2.0]}