{"datalatency":[8.377997],"sensoruptime":[null,null,null],"battvoltage":[12.567,12.567,10.427999999999999],"arrayvoltage":[12.024000000000001,0.858,43.015],"chargecurrent":[0.002,0.0,3.5439999999999996],"chargestate":[3.0,3.0,6.0],"loadpower":[0.0,0.0,0.0],"batterytemp":[19.0,18.0,27.0],"triggerrate":[null,null,null],"triggersremaining":[null,null,null],"crcerrors":[1.0,null,1.0]}