{"datalatency":[19.329433],"sensoruptime":[220.17166666666665,219.18916666666667,220.17166666666665],"battvoltage":[12.259,12.302,12.03],"arrayvoltage":[13.193,13.405999999999999,16.995],"chargecurrent":[0.065,0.201,8.74],"ledstate":[6.0,6.0,8.0],"loadpower":[23.600648,25.6652,22.120514],"batterytemp":[37.0,45.0,55.0],"triggerrate":[0.6,14.4,17.6],"triggersremaining":[4229.0,4472.0,5652.0],"crcerrors":[0.0,0.0,0.0]}