{"datalatency":[8.02861],"sensoruptime":[25.920833333333334,24.93777777777778,25.920833333333334],"battvoltage":[14.297,14.294,12.07],"arrayvoltage":[41.382,41.156000000000006,42.673],"chargecurrent":[2.454,2.7030000000000003,7.474],"chargestate":[6.0,6.0,7.0],"loadpower":[12.40575,13.211100000000002,8.72505],"batterytemp":[25.0,25.0,28.0],"triggerrate":[0.0,0.0,1.4],"triggersremaining":[22256.0,22256.0,22380.0],"crcerrors":[0.0,0.0,0.0]}