{"datalatency":[11.569142000000001],"sensoruptime":[2.8941666666666666,1.8941666666666668,null],"battvoltage":[11.612,11.664000000000001,11.328],"arrayvoltage":[0.10400000000000001,0.107,19.949],"chargecurrent":[0.005,0.005,9.745],"ledstate":[10.0,10.0,10.0],"loadpower":[23.182,23.87639,5.908896],"batterytemp":[28.0,30.0,51.0],"triggerrate":[0.0,0.0,null],"triggersremaining":[14568.0,14568.0,null],"crcerrors":[0.0,0.0,0.0]}