{"datalatency":[37.58026],"sensoruptime":[7.2636111111111115,6.280277777777778,7.2636111111111115],"battvoltage":[12.106,12.341,12.103],"arrayvoltage":[25.586,32.031,33.400999999999996],"chargecurrent":[0.14300000000000002,0.9470000000000001,2.329],"chargestate":[5.0,5.0,5.0],"loadpower":[14.035798,13.53889,13.374624],"batterytemp":[24.0,26.0,28.0],"triggerrate":[2.0,0.4,null],"triggersremaining":[11702.0,11782.0,12014.0],"crcerrors":[1.0,0.0,0.0]}