{"datalatency":[7.7461530000000005],"sensoruptime":[4.063888888888889,3.0805555555555557,227.69416666666666],"battvoltage":[11.954,11.963,11.950999999999999],"arrayvoltage":[0.961,0.9159999999999999,36.472],"chargecurrent":[0.0,0.0,3.503],"chargestate":[3.0,3.0,5.0],"loadpower":[13.878372000000002,13.858011999999997,9.995777999999998],"batterytemp":[16.0,15.0,18.0],"triggerrate":[0.4,0.2,24.0],"triggersremaining":[18666.0,18672.0,20333.0],"crcerrors":[2.0,0.0,3.0]}