{"datalatency":[8.281004000000001],"sensoruptime":[8.428333333333333,7.4286111111111115,11.467222222222222],"battvoltage":[12.575999999999999,12.72,11.478],"arrayvoltage":[13.217,32.669000000000004,38.565],"chargecurrent":[0.0,1.068,15.0],"chargestate":[5.0,5.0,6.0],"loadpower":[13.880592000000002,13.98306,0.0],"batterytemp":[24.0,30.0,41.0],"triggerrate":[0.0,0.2,1.6],"triggersremaining":[21716.0,21720.0,21919.0],"crcerrors":[0.0,0.0,0.0]}