{"datalatency":[42.18345],"sensoruptime":[null,null,20.630555555555556],"battvoltage":[11.993,12.024000000000001,11.517000000000001],"arrayvoltage":[0.021,0.107,17.145],"chargecurrent":[0.002,0.002,10.335],"ledstate":[8.0,8.0,10.0],"loadpower":[7.931422,7.399392,6.079374],"batterytemp":[28.0,28.0,53.0],"triggerrate":[null,null,1.6],"triggersremaining":[null,null,26.0],"crcerrors":[1.0,null,1.0]}