{"datalatency":[22.06424],"sensoruptime":[306.02472222222224,305.025,306.02472222222224],"battvoltage":[12.369000000000002,12.405,12.183],"arrayvoltage":[0.0,0.076,18.463],"chargecurrent":[0.005,0.002,9.376],"ledstate":[6.0,6.0,6.0],"loadpower":[23.910795000000004,23.379444,21.533700000000003],"batterytemp":[23.0,23.0,50.0],"triggerrate":[0.0,0.0,1.2000000000000002],"triggersremaining":[12630.0,12630.0,12641.0],"crcerrors":[0.0,0.0,2.0]}