{"datalatency":[17.063701000000002],"sensoruptime":[167.545,166.54805555555555,167.545],"battvoltage":[11.838,11.798,11.795],"arrayvoltage":[15.918,12.817,17.245],"chargecurrent":[0.894,0.135,12.144],"ledstate":[8.0,8.0,8.0],"loadpower":[23.137611,23.401038,21.472317999999998],"batterytemp":[33.0,31.0,51.0],"triggerrate":[0.0,0.0,8.4],"triggersremaining":[12702.0,12702.0,12945.0],"crcerrors":[0.0,0.0,2.0]}