{"datalatency":[17.385312000000003],"sensoruptime":[177.87694444444443,176.87722222222223,177.87694444444443],"battvoltage":[12.520999999999999,12.72,11.795],"arrayvoltage":[16.116,16.016,16.8],"chargecurrent":[3.38,6.155,11.315],"ledstate":[8.0,8.0,8.0],"loadpower":[22.826987999999997,22.513036000000003,21.720450999999997],"batterytemp":[51.0,52.0,53.0],"triggerrate":[0.0,0.0,1.2000000000000002],"triggersremaining":[12693.0,12694.0,12710.0],"crcerrors":[0.0,0.0,2.0]}