{"datalatency":[38.135693],"sensoruptime":[0.013888888888888888,0.011666666666666667,1.2],"battvoltage":[13.907,13.907,10.422],"arrayvoltage":[42.611999999999995,41.821000000000005,43.533],"chargecurrent":[1.771,1.8840000000000001,3.411],"chargestate":[7.0,7.0,7.0],"loadpower":[14.16626,14.362624,0.0],"batterytemp":[18.0,18.0,19.0],"triggerrate":[null,0.0,0.0],"triggersremaining":[0.0,0.0,0.0],"crcerrors":[0.0,0.0,0.0]}