{"datalatency":[18.229277],"sensoruptime":[197.2075,196.2075,197.2075],"battvoltage":[12.905999999999999,12.823,11.800999999999998],"arrayvoltage":[15.091,15.725999999999999,18.445],"chargecurrent":[8.796,8.646,11.195],"ledstate":[8.0,8.0,8.0],"loadpower":[22.572140999999995,22.369025,21.692814],"batterytemp":[47.0,44.0,53.0],"triggerrate":[0.0,0.0,1.2000000000000002],"triggersremaining":[12688.0,12688.0,12699.0],"crcerrors":[0.0,0.0,2.0]}