{"datalatency":[8.285597000000001],"sensoruptime":[28.925555555555555,27.942222222222224,28.925555555555555],"battvoltage":[14.052999999999999,14.081,12.112],"arrayvoltage":[40.738,40.411,41.489],"chargecurrent":[3.694,3.926,11.902999999999999],"chargestate":[6.0,6.0,6.0],"loadpower":[9.499949999999998,11.888261,9.045399999999999],"batterytemp":[33.0,32.0,38.0],"triggerrate":[0.0,0.0,1.0],"triggersremaining":[21654.0,21655.0,21734.0],"crcerrors":[0.0,0.0,0.0]}