{"datalatency":[7.976260000000001],"sensoruptime":[40.596666666666664,39.61361111111111,40.596666666666664],"battvoltage":[11.877,11.914000000000001,11.49],"arrayvoltage":[0.659,0.6990000000000001,42.148],"chargecurrent":[0.0,0.0,12.352],"chargestate":[3.0,3.0,6.0],"loadpower":[13.766214,13.812694,8.277874],"batterytemp":[7.0,8.0,29.0],"triggerrate":[0.0,0.0,0.4],"triggersremaining":[18415.0,18417.0,18425.0],"crcerrors":[0.0,0.0,0.0]}