{"datalatency":[7.698403000000001],"sensoruptime":[224.56222222222223,223.58027777777778,224.56222222222223],"battvoltage":[12.079,12.1,12.036],"arrayvoltage":[1.9709999999999999,18.042,36.472],"chargecurrent":[0.0,0.005,3.503],"chargestate":[3.0,5.0,5.0],"loadpower":[14.035798,16.616258999999996,9.995777999999998],"batterytemp":[14.0,15.0,18.0],"triggerrate":[1.2,2.8,4.4],"triggersremaining":[19858.0,19965.0,20349.0],"crcerrors":[0.0,0.0,0.0]}