{"datalatency":[8.630274],"sensoruptime":[null,null,12.61],"battvoltage":[12.075999999999999,11.800999999999998,11.31],"arrayvoltage":[0.021,1.285,19.949],"chargecurrent":[0.002,0.002,12.057],"ledstate":[10.0,10.0,11.0],"loadpower":[8.458967,7.625542,0.0],"batterytemp":[25.0,26.0,50.0],"triggerrate":[null,null,2.4000000000000004],"triggersremaining":[null,null,14586.0],"crcerrors":[null,null,0.0]}