{"datalatency":[8.522128],"sensoruptime":[104.08166666666666,103.09861111111111,104.08166666666666],"battvoltage":[12.567,12.659,12.03],"arrayvoltage":[21.21,30.719,41.65],"chargecurrent":[0.006999999999999999,1.077,11.832],"chargestate":[5.0,5.0,6.0],"loadpower":[13.690404000000003,14.138585999999998,8.207364000000002],"batterytemp":[22.0,25.0,32.0],"triggerrate":[0.0,0.2,0.6],"triggersremaining":[21505.0,21509.0,21603.0],"crcerrors":[0.0,0.0,0.0]}