{"datalatency":[8.656393000000001],"sensoruptime":[57.42166666666667,56.43833333333333,57.42166666666667],"battvoltage":[12.589,12.642999999999999,12.18],"arrayvoltage":[0.552,19.794,40.146],"chargecurrent":[0.0,0.006999999999999999,10.228],"chargestate":[3.0,5.0,6.0],"loadpower":[14.094333,13.74817,8.80245],"batterytemp":[21.0,24.0,34.0],"triggerrate":[0.0,0.0,0.2],"triggersremaining":[21645.0,21645.0,21653.0],"crcerrors":[0.0,0.0,0.0]}