{"datalatency":[7.868763],"sensoruptime":[7.090277777777778,6.107222222222222,null],"battvoltage":[12.36,12.415,12.36],"arrayvoltage":[0.5710000000000001,0.5710000000000001,44.162],"chargecurrent":[0.0,0.0,2.483],"chargestate":[3.0,3.0,7.0],"loadpower":[14.133880000000001,14.266368000000002,0.0],"batterytemp":[6.0,7.0,19.0],"triggerrate":[1.0,0.0,null],"triggersremaining":[22367.0,22376.0,null],"crcerrors":[0.0,0.0,0.0]}