{"datalatency":[8.737054],"sensoruptime":[110.08111111111111,109.08111111111111,110.08111111111111],"battvoltage":[12.375,12.39,12.03],"arrayvoltage":[1.135,1.083,41.65],"chargecurrent":[0.0,0.0,11.832],"chargestate":[3.0,3.0,6.0],"loadpower":[13.961064000000002,14.328288,8.207364000000002],"batterytemp":[21.0,20.0,32.0],"triggerrate":[0.0,0.0,0.6],"triggersremaining":[21493.0,21497.0,21589.0],"crcerrors":[0.0,0.0,0.0]}