{"datalatency":[19.165494000000002],"sensoruptime":[null,null,null],"battvoltage":[11.74,11.81,11.572000000000001],"arrayvoltage":[12.332,13.818,19.342],"chargecurrent":[0.006999999999999999,0.225,5.67],"chargestate":[5.0,5.0,6.0],"loadpower":[8.028108000000001,8.342364,6.509968999999999],"batterytemp":[21.0,25.0,29.0],"triggerrate":[null,null,null],"triggersremaining":[null,null,null],"crcerrors":[null,null,null]}