{"datalatency":[12.028182000000001],"sensoruptime":[5.9494444444444445,4.9494444444444445,7.988333333333333],"battvoltage":[12.527000000000001,12.369000000000002,11.798],"arrayvoltage":[16.702,16.843,17.730999999999998],"chargecurrent":[4.81,3.273,11.344000000000001],"chargestate":[5.0,5.0,6.0],"loadpower":[22.265810000000002,21.999519999999997,6.167125],"batterytemp":[35.0,33.0,47.0],"triggerrate":[0.0,0.0,15.600000000000001],"triggersremaining":[21429.0,21429.0,22150.0],"crcerrors":[0.0,0.0,0.0]}