{"datalatency":[8.066877],"sensoruptime":[87.4125,86.41277777777778,87.4125],"battvoltage":[11.937999999999999,11.954,11.935],"arrayvoltage":[0.732,0.754,35.016],"chargecurrent":[0.0,0.0,2.8360000000000003],"chargestate":[3.0,3.0,5.0],"loadpower":[13.854526,13.854526,13.31694],"batterytemp":[11.0,11.0,20.0],"triggerrate":[0.0,0.0,4.4],"triggersremaining":[21973.0,21974.0,22164.0],"crcerrors":[0.0,0.0,0.0]}