{"datalatency":[20.363436],"sensoruptime":[260.6983333333333,259.7011111111111,260.6983333333333],"battvoltage":[12.145999999999999,12.177,12.073],"arrayvoltage":[0.134,0.0,18.073],"chargecurrent":[0.005,0.002,9.937999999999999],"ledstate":[6.0,6.0,8.0],"loadpower":[23.200864,23.391372000000004,21.323016],"batterytemp":[23.0,23.0,55.0],"triggerrate":[0.0,0.0,1.2000000000000002],"triggersremaining":[12670.0,12671.0,12677.0],"crcerrors":[0.0,0.0,2.0]}