{"datalatency":[8.517054],"sensoruptime":[38.924166666666665,37.94083333333333,38.924166666666665],"battvoltage":[12.415,12.450999999999999,12.112],"arrayvoltage":[0.586,0.574,41.489],"chargecurrent":[0.0,0.0,11.902999999999999],"chargestate":[3.0,3.0,6.0],"loadpower":[13.523328000000001,13.836994,9.02565],"batterytemp":[16.0,17.0,35.0],"triggerrate":[0.0,0.0,0.4],"triggersremaining":[21651.0,21651.0,21670.0],"crcerrors":[0.0,0.0,0.0]}