{"datalatency":[10.183093000000001],"sensoruptime":[null,null,null],"battvoltage":[14.059000000000001,14.713,12.72],"arrayvoltage":[42.038000000000004,41.495,42.59],"chargecurrent":[0.193,0.205,0.606],"chargestate":[7.0,6.0,7.0],"loadpower":[0.0,0.0,0.0],"batterytemp":[13.0,11.0,13.0],"triggerrate":[null,null,null],"triggersremaining":[null,null,null],"crcerrors":[null,null,null]}