{"datalatency":[14.538865000000001],"sensoruptime":[null,null,12.61],"battvoltage":[13.126,13.19,11.31],"arrayvoltage":[16.165,15.979000000000001,19.949],"chargecurrent":[2.239,3.7489999999999997,12.057],"ledstate":[6.0,6.0,11.0],"loadpower":[6.842392,7.0813820000000005,0.0],"batterytemp":[49.0,48.0,50.0],"triggerrate":[null,null,2.4000000000000004],"triggersremaining":[null,null,14621.0],"crcerrors":[null,null,0.0]}