{"datalatency":[7.826956000000001],"sensoruptime":[25.89361111111111,24.91027777777778,25.89361111111111],"battvoltage":[11.624,11.645999999999999,11.620999999999999],"arrayvoltage":[0.995,1.187,34.238],"chargecurrent":[0.0,0.0,1.4709999999999999],"chargestate":[3.0,3.0,5.0],"loadpower":[14.109312000000001,14.371466000000002,13.408536],"batterytemp":[17.0,17.0,20.0],"triggerrate":[0.2,0.0,0.8],"triggersremaining":[18577.0,18578.0,18683.0],"crcerrors":[0.0,0.0,3.0]}