{"datalatency":[15.334501000000001],"sensoruptime":[399.3475,398.3475,399.3475],"battvoltage":[12.177,12.200999999999999,12.027000000000001],"arrayvoltage":[0.021,0.021,18.365],"chargecurrent":[0.005,0.005,10.873],"ledstate":[6.0,6.0,8.0],"loadpower":[23.817522,23.658980000000003,21.895564000000004],"batterytemp":[28.0,29.0,52.0],"triggerrate":[0.0,0.0,1.2000000000000002],"triggersremaining":[12601.0,12601.0,12609.0],"crcerrors":[0.0,0.0,2.0]}