{"datalatency":[8.104489000000001],"sensoruptime":[97.91111111111111,96.92777777777778,97.91111111111111],"battvoltage":[11.800999999999998,11.825999999999999,11.800999999999998],"arrayvoltage":[26.611,27.103,34.863],"chargecurrent":[0.157,0.201,1.423],"chargestate":[5.0,5.0,5.0],"loadpower":[13.743759000000003,13.746840000000002,12.913230000000002],"batterytemp":[13.0,13.0,16.0],"triggerrate":[0.0,0.0,0.8],"triggersremaining":[21953.0,21954.0,22076.0],"crcerrors":[0.0,0.0,0.0]}