{"datalatency":[7.065786],"sensoruptime":[null,null,12.61],"battvoltage":[12.167,11.71,11.31],"arrayvoltage":[2.362,13.138,19.949],"chargecurrent":[0.005,0.172,12.057],"ledstate":[10.0,8.0,11.0],"loadpower":[8.522758,8.248499999999998,0.0],"batterytemp":[32.0,41.0,50.0],"triggerrate":[null,null,2.4000000000000004],"triggersremaining":[null,null,14592.0],"crcerrors":[null,null,0.0]}