{"datalatency":[22.674371],"sensoruptime":[353.3513888888889,352.3541666666667,353.3513888888889],"battvoltage":[12.145999999999999,12.177,12.109000000000002],"arrayvoltage":[0.067,0.085,17.633],"chargecurrent":[0.002,0.002,12.229000000000001],"ledstate":[6.0,6.0,6.0],"loadpower":[23.40704,23.804948,21.612250999999997],"batterytemp":[24.0,24.0,44.0],"triggerrate":[0.0,0.0,1.2000000000000002],"triggersremaining":[12618.0,12618.0,12624.0],"crcerrors":[0.0,0.0,2.0]}