{"datalatency":[17.310378],"sensoruptime":[0.0425,null,49.00611111111111],"battvoltage":[13.629000000000001,12.238,11.569],"arrayvoltage":[16.116,16.357,19.531],"chargecurrent":[8.032,2.225,12.99],"ledstate":[6.0,6.0,10.0],"loadpower":[22.022906,6.702364000000001,5.941168],"batterytemp":[39.0,38.0,39.0],"triggerrate":[0.0,null,2.4000000000000004],"triggersremaining":[14649.0,null,14657.0],"crcerrors":[0.0,0.0,0.0]}