{"datalatency":[13.607678000000002],"sensoruptime":[17.002777777777776,16.002777777777776,null],"battvoltage":[11.624,11.633,11.45],"arrayvoltage":[0.0,0.107,19.305],"chargecurrent":[0.002,0.002,7.371],"ledstate":[10.0,10.0,11.0],"loadpower":[23.599276,23.878974000000003,0.0],"batterytemp":[22.0,23.0,49.0],"triggerrate":[0.0,1.2000000000000002,null],"triggersremaining":[14560.0,14560.0,null],"crcerrors":[0.0,0.0,0.0]}