{"datalatency":[17.769186],"sensoruptime":[2.7080555555555557,1.725,76.74361111111111],"battvoltage":[13.129000000000001,13.321,12.216],"arrayvoltage":[15.872,15.142999999999999,17.715],"chargecurrent":[4.827,6.518,8.977],"ledstate":[6.0,6.0,6.0],"loadpower":[24.74736,22.668576,21.808872],"batterytemp":[51.0,48.0,55.0],"triggerrate":[0.0,0.0,3.8],"triggersremaining":[6334.0,6342.0,7045.0],"crcerrors":[0.0,0.0,0.0]}