{"datalatency":[8.0623],"sensoruptime":[1.1716666666666666,0.17194444444444446,62.22694444444444],"battvoltage":[13.959000000000001,11.694,11.319],"arrayvoltage":[18.607,36.966,40.738],"chargecurrent":[3.278,0.662,11.615],"chargestate":[5.0,5.0,6.0],"loadpower":[12.123125,13.911573,0.0],"batterytemp":[14.0,11.0,34.0],"triggerrate":[0.0,0.0,0.5],"triggersremaining":[18401.0,18406.0,18412.0],"crcerrors":[0.0,0.0,0.0]}