{"datalatency":[26.075092],"sensoruptime":[null,null,null],"battvoltage":[14.658,14.853,12.299000000000001],"arrayvoltage":[42.783,43.073,44.162],"chargecurrent":[0.263,0.249,1.2830000000000001],"chargestate":[6.0,6.0,6.0],"loadpower":[0.0,0.0,0.0],"batterytemp":[13.0,7.0,13.0],"triggerrate":[null,null,null],"triggersremaining":[null,null,null],"crcerrors":[null,null,null]}