{"datalatency":[12.494254000000002],"sensoruptime":[36.73222222222222,35.73222222222222,36.73222222222222],"battvoltage":[12.253,12.259,12.033],"arrayvoltage":[0.085,12.814,17.526],"chargecurrent":[0.002,0.002,10.985],"ledstate":[6.0,6.0,8.0],"loadpower":[23.062044,23.306864,21.514706],"batterytemp":[32.0,35.0,50.0],"triggerrate":[0.0,0.0,1.2000000000000002],"triggersremaining":[13505.0,13506.0,13517.0],"crcerrors":[0.0,0.0,2.0]}