{"datalatency":[19.85303],"sensoruptime":[266.99555555555554,265.99555555555554,266.99555555555554],"battvoltage":[12.787,12.939,11.874],"arrayvoltage":[15.475,14.937999999999999,17.432000000000002],"chargecurrent":[3.938,5.843999999999999,9.39],"ledstate":[8.0,8.0,8.0],"loadpower":[23.491300000000003,22.855742999999997,22.057204000000002],"batterytemp":[57.0,57.0,58.0],"triggerrate":[0.0,0.0,2.4],"triggersremaining":[3285.0,3286.0,3565.0],"crcerrors":[0.0,0.0,0.0]}