{"datalatency":[10.241307],"sensoruptime":[null,null,0.018333333333333333],"battvoltage":[13.635,13.339,12.567],"arrayvoltage":[30.42,31.586,43.347],"chargecurrent":[0.37,0.478,2.452],"chargestate":[5.0,5.0,7.0],"loadpower":[0.0,0.0,0.0],"batterytemp":[11.0,11.0,20.0],"triggerrate":[null,null,null],"triggersremaining":[null,null,0.0],"crcerrors":[0.0,null,1.0]}