{"datalatency":[8.52283],"sensoruptime":[56.755,55.75527777777778,56.755],"battvoltage":[12.604000000000001,12.616,12.18],"arrayvoltage":[3.7689999999999997,27.93,40.146],"chargecurrent":[0.0,0.324,10.228],"chargestate":[3.0,5.0,6.0],"loadpower":[13.729716000000002,13.836732,8.80245],"batterytemp":[23.0,25.0,34.0],"triggerrate":[0.0,0.0,0.2],"triggersremaining":[21645.0,21646.0,21653.0],"crcerrors":[0.0,0.0,0.0]}