{"datalatency":[19.10968],"sensoruptime":[228.86944444444444,227.8697222222222,228.86944444444444],"battvoltage":[12.292,12.329,11.950999999999999],"arrayvoltage":[0.095,12.890999999999998,18.372],"chargecurrent":[0.002,0.006999999999999999,8.75],"ledstate":[6.0,6.0,8.0],"loadpower":[23.67584,23.808761,21.252608000000002],"batterytemp":[31.0,37.0,52.0],"triggerrate":[0.0,0.0,1.2000000000000002],"triggersremaining":[12680.0,12681.0,12686.0],"crcerrors":[0.0,0.0,2.0]}