{"datalatency":[12.981494000000001],"sensoruptime":[329.3575,328.35777777777776,329.3575],"battvoltage":[12.216,12.231,12.213],"arrayvoltage":[0.064,0.073,18.753],"chargecurrent":[0.005,0.005,11.622],"ledstate":[6.0,6.0,6.0],"loadpower":[23.700168,23.61474,20.870528999999998],"batterytemp":[26.0,26.0,44.0],"triggerrate":[0.0,0.0,1.2000000000000002],"triggersremaining":[12624.0,12624.0,12630.0],"crcerrors":[0.0,0.0,2.0]}