{"datalatency":[7.801171],"sensoruptime":[null,31.57611111111111,31.859444444444446],"battvoltage":[11.67,11.493,11.465],"arrayvoltage":[0.9640000000000001,0.812,34.238],"chargecurrent":[0.0,0.0,1.4709999999999999],"chargestate":[3.0,3.0,5.0],"loadpower":[0.0,14.182205000000002,0.0],"batterytemp":[14.0,15.0,20.0],"triggerrate":[null,0.0,2.0],"triggersremaining":[null,18440.0,18637.0],"crcerrors":[1.0,0.0,4.0]}