{"datalatency":[20.242024],"sensoruptime":[324.14944444444444,323.14972222222224,324.14944444444444],"battvoltage":[11.987,11.987,11.978],"arrayvoltage":[0.0,0.0,18.167],"chargecurrent":[0.002,0.005,9.62],"ledstate":[8.0,8.0,8.0],"loadpower":[23.667105000000003,24.009874999999997,22.125905999999997],"batterytemp":[29.0,29.0,55.0],"triggerrate":[0.0,0.0,14.8],"triggersremaining":[1908.0,1909.0,3212.0],"crcerrors":[0.0,0.0,0.0]}