{"datalatency":[13.470120000000001],"sensoruptime":[31.281666666666666,30.284444444444443,31.281666666666666],"battvoltage":[12.866,12.755999999999998,11.652000000000001],"arrayvoltage":[14.800999999999998,15.378,17.526],"chargecurrent":[9.209,9.219,11.398],"chargestate":[5.0,5.0,6.0],"loadpower":[23.350267,23.259587999999997,21.713829000000004],"batterytemp":[48.0,44.0,49.0],"triggerrate":[0.0,0.0,8.4],"triggersremaining":[21056.0,21056.0,21429.0],"crcerrors":[0.0,0.0,0.0]}