{"datalatency":[12.297979000000002],"sensoruptime":[18.947222222222223,17.95,null],"battvoltage":[11.874,11.911,11.798],"arrayvoltage":[0.0,0.0,17.526],"chargecurrent":[0.005,0.002,10.419],"chargestate":[3.0,3.0,5.0],"loadpower":[23.291076000000004,23.976485000000004,6.167125],"batterytemp":[25.0,26.0,49.0],"triggerrate":[0.0,0.0,null],"triggersremaining":[21172.0,21172.0,null],"crcerrors":[0.0,0.0,0.0]}