{"datalatency":[31.549615000000003],"sensoruptime":[7.1658333333333335,6.166111111111111,152.8761111111111],"battvoltage":[11.835,12.177,11.453],"arrayvoltage":[16.702,17.38,20.047],"chargecurrent":[0.8170000000000001,4.24,14.731],"chargestate":[5,5,6],"loadpower":[26.759192999999996,26.511808,0.0],"batterytemp":[25,25,39],"triggerrate":[null,null,null],"triggersremaining":[14672.0,14672.0,14705.0],"crcerrors":[null,null,0.0]}