{"datalatency":[7.508752],"sensoruptime":[166.405,165.42166666666665,166.405],"battvoltage":[12.207,12.222000000000001,11.868],"arrayvoltage":[26.171999999999997,0.684,42.465],"chargecurrent":[0.08199999999999999,0.0,15.0],"chargestate":[5.0,3.0,6.0],"loadpower":[14.124109999999998,14.106144,8.596613999999999],"batterytemp":[7.0,7.0,33.0],"triggerrate":[0.0,0.0,0.8],"triggersremaining":[20371.0,20371.0,20462.0],"crcerrors":[0.0,0.0,0.0]}