{"datalatency":[15.164453000000002],"sensoruptime":[58.78527777777778,57.785555555555554,58.78527777777778],"battvoltage":[12.755999999999998,12.975999999999999,11.499],"arrayvoltage":[15.68,15.231,18.410999999999998],"chargecurrent":[2.971,5.276,12.030999999999999],"ledstate":[8.0,8.0,10.0],"loadpower":[23.186548,22.583468999999997,21.764498],"batterytemp":[54.0,55.0,56.0],"triggerrate":[0.0,0.0,6.0],"triggersremaining":[20755.0,20755.0,21045.0],"crcerrors":[0.0,0.0,1.0]}