{"datalatency":[15.889675],"sensoruptime":[418.84444444444443,417.84722222222223,418.84444444444443],"battvoltage":[12.329,12.674000000000001,12.020999999999999],"arrayvoltage":[16.455,16.070999999999998,18.317],"chargecurrent":[0.47600000000000003,3.114,9.984],"ledstate":[6.0,6.0,8.0],"loadpower":[23.11096,23.572224,20.983984000000003],"batterytemp":[46.0,50.0,57.0],"triggerrate":[0.0,0.0,1.2000000000000002],"triggersremaining":[12596.0,12596.0,12602.0],"crcerrors":[0.0,0.0,2.0]}