{"datalatency":[44.942387000000004],"sensoruptime":[null,null,20.630555555555556],"battvoltage":[12.036,12.061,11.517000000000001],"arrayvoltage":[0.15,0.128,17.145],"chargecurrent":[0.005,0.002,10.335],"ledstate":[8.0,8.0,10.0],"loadpower":[7.5852509999999995,7.302905999999999,6.079374],"batterytemp":[29.0,30.0,53.0],"triggerrate":[null,null,1.6],"triggersremaining":[null,null,27.0],"crcerrors":[1.0,null,1.0]}