{"datalatency":[20.633925],"sensoruptime":[35.996944444444445,34.99722222222222,35.996944444444445],"battvoltage":[12.094000000000001,12.119000000000002,11.987],"arrayvoltage":[0.107,13.08,18.222],"chargecurrent":[0.002,0.08199999999999999,10.26],"ledstate":[8.0,6.0,8.0],"loadpower":[23.668163999999997,23.765007999999998,21.692814],"batterytemp":[34.0,37.0,49.0],"triggerrate":[0.2,0.0,1.4],"triggersremaining":[1517.0,1520.0,1676.0],"crcerrors":[0.0,0.0,0.0]}