{"datalatency":[8.088984],"sensoruptime":[96.74444444444444,95.74472222222222,96.74444444444444],"battvoltage":[11.868,11.899000000000001,11.815999999999999],"arrayvoltage":[30.563000000000002,32.766999999999996,35.016],"chargecurrent":[0.449,0.505,1.423],"chargestate":[5.0,5.0,5.0],"loadpower":[13.766214,13.812694,12.913230000000002],"batterytemp":[13.0,14.0,17.0],"triggerrate":[0.0,0.0,0.8],"triggersremaining":[21954.0,21955.0,22078.0],"crcerrors":[0.0,0.0,0.0]}