{"datalatency":[22.241579],"sensoruptime":[23.517222222222223,22.5175,23.517222222222223],"battvoltage":[12.372,12.427,12.07],"arrayvoltage":[0.107,0.107,18.872],"chargecurrent":[0.005,0.005,10.158],"ledstate":[6.0,6.0,8.0],"loadpower":[24.627501000000002,24.315065999999998,8.643718999999999],"batterytemp":[28.0,29.0,50.0],"triggerrate":[0.0,0.0,5.999999160000117],"triggersremaining":[22429.0,22429.0,22442.0],"crcerrors":[null,null,0.0]}