{"datalatency":[21.293786],"sensoruptime":[33.2,32.21722222222222,33.2],"battvoltage":[11.914000000000001,11.950999999999999,11.798],"arrayvoltage":[14.499,14.453,17.48],"chargecurrent":[0.449,0.297,10.720999999999998],"ledstate":[8.0,8.0,8.0],"loadpower":[23.593584000000003,23.452929,21.698432000000004],"batterytemp":[32.0,33.0,51.0],"triggerrate":[1.0,3.4,16.8],"triggersremaining":[132.0,269.0,1314.0],"crcerrors":[1.9999768521197672,0.0,2.0]}