{"datalatency":[7.902578],"sensoruptime":[7.101944444444444,6.118611111111111,31.859444444444446],"battvoltage":[12.491,12.335,11.465],"arrayvoltage":[34.329,34.085,42.996],"chargecurrent":[1.93,1.541,15.002],"chargestate":[5.0,5.0,6.0],"loadpower":[13.704570000000002,13.614830000000001,0.0],"batterytemp":[16.0,14.0,28.0],"triggerrate":[0.0,0.0,2.0],"triggersremaining":[18432.0,18432.0,18582.0],"crcerrors":[1.0,0.0,4.0]}