{"datalatency":[8.610275],"sensoruptime":[73.7525,72.75277777777778,73.7525],"battvoltage":[12.796,12.222000000000001,12.183],"arrayvoltage":[33.743,31.647,40.146],"chargecurrent":[2.481,0.9420000000000001,5.824],"chargestate":[5.0,5.0,6.0],"loadpower":[11.160701999999999,13.440336,8.80245],"batterytemp":[26.0,21.0,34.0],"triggerrate":[0.2,0.2,0.4],"triggersremaining":[21636.0,21639.0,21647.0],"crcerrors":[0.0,0.0,0.0]}