{"datalatency":[15.467762],"sensoruptime":[null,null,null],"battvoltage":[11.728,11.652000000000001,11.481],"arrayvoltage":[14.745999999999999,13.962,19.342],"chargecurrent":[0.225,0.09699999999999999,5.67],"chargestate":[5.0,5.0,6.0],"loadpower":[0.0,0.0,0.0],"batterytemp":[11.0,10.0,26.0],"triggerrate":[null,null,null],"triggersremaining":[null,null,null],"crcerrors":[null,null,null]}