{"datalatency":[19.006699],"sensoruptime":[4.020277777777777,3.0205555555555557,31.89388888888889],"battvoltage":[12.25,12.292,12.064],"arrayvoltage":[0.057999999999999996,0.043,18.692],"chargecurrent":[0.002,0.005,11.344000000000001],"ledstate":[6.0,6.0,8.0],"loadpower":[24.298164,24.554000000000002,7.371546],"batterytemp":[25.0,25.0,48.0],"triggerrate":[0.0,0.0,16.800115584795222],"triggersremaining":[22434.0,22434.0,22489.0],"crcerrors":[null,null,0.0]}