{"datalatency":[20.774956],"sensoruptime":[17.482222222222223,16.485277777777778,null],"battvoltage":[12.145999999999999,12.177,12.142999999999999],"arrayvoltage":[0.0,0.043,20.032],"chargecurrent":[0.005,0.005,7.09],"chargestate":[3.0,3.0,7.0],"loadpower":[24.522816,25.593056000000004,11.041264],"batterytemp":[25.0,25.0,47.0],"triggerrate":[null,null,null],"triggersremaining":[22489.0,22489.0,null],"crcerrors":[null,null,0.0]}