{"datalatency":[7.640534000000001],"sensoruptime":[195.73416666666665,194.75083333333333,195.73416666666665],"battvoltage":[14.172,14.081,12.106],"arrayvoltage":[41.19,40.088,43.097],"chargecurrent":[2.9210000000000003,3.58,9.777000000000001],"chargestate":[6.0,6.0,6.0],"loadpower":[12.670896,9.02565,9.02565],"batterytemp":[29.0,32.0,34.0],"triggerrate":[0.0,0.0,0.4],"triggersremaining":[20352.0,20353.0,20369.0],"crcerrors":[0.0,0.0,0.0]}