{"datalatency":[16.604218],"sensoruptime":[54.84861111111111,53.85166666666667,54.84861111111111],"battvoltage":[11.649000000000001,11.682,11.645999999999999],"arrayvoltage":[12.225,0.0,17.78],"chargecurrent":[0.002,0.005,7.774],"ledstate":[10.0,8.0,10.0],"loadpower":[24.550929999999997,25.0905,22.552155],"batterytemp":[26.0,25.0,40.0],"triggerrate":[0.0,0.0,7.200004464002768],"triggersremaining":[22183.0,22183.0,22427.0],"crcerrors":[null,null,0.0]}