{"datalatency":[7.9739700000000004],"sensoruptime":[4.424166666666666,3.4408333333333334,null],"battvoltage":[12.475999999999999,12.68,12.299000000000001],"arrayvoltage":[4.459,36.514,44.162],"chargecurrent":[0.0,0.8240000000000001,2.483],"chargestate":[3.0,7.0,7.0],"loadpower":[13.631240000000002,13.792943,0.0],"batterytemp":[11.0,17.0,19.0],"triggerrate":[0.0,0.0,null],"triggersremaining":[22376.0,22380.0,null],"crcerrors":[0.0,0.0,0.0]}