{"datalatency":[8.798769],"sensoruptime":[130.07805555555555,129.07805555555555,130.07805555555555],"battvoltage":[12.119000000000002,12.145999999999999,12.073],"arrayvoltage":[0.6409999999999999,0.7809999999999999,34.378],"chargecurrent":[0.0,0.0,12.84],"chargestate":[3.0,3.0,5.0],"loadpower":[14.800450000000001,14.719725,10.0584],"batterytemp":[22.0,22.0,33.0],"triggerrate":[1.8,1.2,4.8],"triggersremaining":[20917.0,21021.0,21501.0],"crcerrors":[0.0,0.0,0.0]}