{"datalatency":[37.799168],"sensoruptime":[0.1825,0.2427777777777778,2.6594444444444445],"battvoltage":[11.645999999999999,11.707,10.26],"arrayvoltage":[31.5,34.427,42.032],"chargecurrent":[0.858,0.809,2.546],"chargestate":[5.0,5.0,7.0],"loadpower":[13.631421999999999,13.6188,0.0],"batterytemp":[18.0,16.0,23.0],"triggerrate":[0.0,0.0,58.4],"triggersremaining":[0.0,0.0,1883.0],"crcerrors":[21.0,0.0,20.0]}