{"datalatency":[58.460807],"sensoruptime":[15.712222222222222,14.7125,null],"battvoltage":[12.216,12.216,12.204],"arrayvoltage":[0.0,0.0,19.632],"chargecurrent":[0.002,0.005,7.9],"ledstate":[6.0,6.0,6.0],"loadpower":[23.7315,23.492700000000003,5.802676],"batterytemp":[29.0,29.0,49.0],"triggerrate":[0.0,0.0,null],"triggersremaining":[22328.0,22328.0,null],"crcerrors":[0.0,0.0,0.0]}