{"datalatency":[15.023899],"sensoruptime":[54.61944444444445,53.62222222222222,54.61944444444445],"battvoltage":[12.491,12.520999999999999,11.499],"arrayvoltage":[15.912,14.606,18.410999999999998],"chargecurrent":[3.718,4.534,12.030999999999999],"ledstate":[8.0,8.0,10.0],"loadpower":[22.802122,22.656173000000003,21.764498],"batterytemp":[49.0,52.0,52.0],"triggerrate":[0.0,0.0,6.0],"triggersremaining":[20758.0,20758.0,21056.0],"crcerrors":[0.0,0.0,1.0]}