{"datalatency":[49.608414],"sensoruptime":[null,null,null],"battvoltage":[12.54,12.546,12.488],"arrayvoltage":[13.297,0.107,20.914],"chargecurrent":[0.028999999999999998,0.005,4.172],"ledstate":[6.0,6.0,6.0],"loadpower":[7.482798,8.667212999999999,5.666772999999999],"batterytemp":[29.0,29.0,46.0],"triggerrate":[null,null,null],"triggersremaining":[null,null,null],"crcerrors":[null,null,null]}