{"datalatency":[22.534184],"sensoruptime":[null,null,null],"battvoltage":[11.7,11.722000000000001,11.572000000000001],"arrayvoltage":[0.107,12.228,19.342],"chargecurrent":[0.002,0.002,5.67],"chargestate":[3.0,5.0,6.0],"loadpower":[7.873668,8.768543000000001,6.509968999999999],"batterytemp":[18.0,20.0,26.0],"triggerrate":[null,null,null],"triggersremaining":[null,null,null],"crcerrors":[null,null,null]}