{"datalatency":[15.237265],"sensoruptime":[60.618611111111115,59.618611111111115,60.618611111111115],"battvoltage":[12.216,12.292,11.499],"arrayvoltage":[12.655999999999999,15.872,18.410999999999998],"chargecurrent":[0.0,0.32899999999999996,12.030999999999999],"ledstate":[8.0,8.0,10.0],"loadpower":[23.822208,23.539443,21.764498],"batterytemp":[37.0,49.0,56.0],"triggerrate":[0.0,0.0,6.0],"triggersremaining":[20754.0,20755.0,20947.0],"crcerrors":[0.0,0.0,1.0]}