{"datalatency":[9.255625],"sensoruptime":[null,null,12.61],"battvoltage":[12.142999999999999,11.562999999999999,11.31],"arrayvoltage":[1.285,12.445,19.949],"chargecurrent":[0.005,0.07,12.057],"ledstate":[10.0,10.0,11.0],"loadpower":[8.67152,8.122462,0.0],"batterytemp":[30.0,37.0,50.0],"triggerrate":[null,null,2.4000000000000004],"triggersremaining":[null,null,14587.0],"crcerrors":[null,null,0.0]}