{"datalatency":[73.72021600000001],"sensoruptime":[16.022777777777776,15.022777777777778,76.74361111111111],"battvoltage":[12.183,12.14,12.14],"arrayvoltage":[14.940999999999999,13.043,17.526],"chargecurrent":[0.565,0.005,8.977],"ledstate":[6.0,6.0,6.0],"loadpower":[22.49785,23.115968,21.808872],"batterytemp":[30.0,29.0,51.0],"triggerrate":[0.2,0.0,3.8],"triggersremaining":[6328.0,6329.0,6993.0],"crcerrors":[0.0,0.0,0.0]}