{"datalatency":[24.804523000000003],"sensoruptime":[13.355,12.355277777777777,31.89388888888889],"battvoltage":[13.354000000000001,13.100999999999999,12.07],"arrayvoltage":[15.283,15.335,18.692],"chargecurrent":[8.752,7.933,11.344000000000001],"ledstate":[6.0,6.0,8.0],"loadpower":[24.182453000000002,23.94948,7.371546],"batterytemp":[46.0,42.0,48.0],"triggerrate":[0.0,0.0,16.800115584795222],"triggersremaining":[22431.0,22431.0,22487.0],"crcerrors":[null,null,0.0]}