{"datalatency":[21.012641000000002],"sensoruptime":[66.36194444444445,65.36194444444445,66.36194444444445],"battvoltage":[11.505,11.53,11.502],"arrayvoltage":[0.107,0.107,16.992],"chargecurrent":[0.002,0.002,11.828],"ledstate":[10.0,10.0,10.0],"loadpower":[23.989019999999996,24.283026000000003,22.068414],"batterytemp":[28.0,28.0,44.0],"triggerrate":[0.0,0.0,0.4],"triggersremaining":[31.0,31.0,41.0],"crcerrors":[0.0,0.0,2.0]}