{"datalatency":[37.578004],"sensoruptime":[2.0255555555555556,1.0255555555555556,7.746944444444445],"battvoltage":[11.800999999999998,12.103,10.287],"arrayvoltage":[32.91,31.342,38.15],"chargecurrent":[0.698,0.833,3.1860000000000004],"chargestate":[5.0,5.0,6.0],"loadpower":[13.72322,13.313664000000001,0.0],"batterytemp":[26.0,25.0,27.0],"triggerrate":[0.0,0.0,2.4],"triggersremaining":[11684.0,11685.0,11789.0],"crcerrors":[0.0,0.0,0.0]}