{"datalatency":[13.954732000000002],"sensoruptime":[77.3925,76.39527777777778,77.3925],"battvoltage":[12.939,12.854000000000001,11.984000000000002],"arrayvoltage":[14.45,14.606,17.337],"chargecurrent":[8.805,8.431000000000001,9.1],"ledstate":[8.0,8.0,8.0],"loadpower":[22.738593,22.872989999999998,21.576829],"batterytemp":[53.0,50.0,53.0],"triggerrate":[0.0,0.0,4.800000000000001],"triggersremaining":[13095.0,13095.0,13123.0],"crcerrors":[0.0,0.0,2.0]}