{"datalatency":[8.003301],"sensoruptime":[51.59527777777778,50.61194444444445,51.59527777777778],"battvoltage":[14.110999999999999,14.084000000000001,11.645999999999999],"arrayvoltage":[39.760999999999996,40.305,42.148],"chargecurrent":[5.735,5.904,11.615],"chargestate":[6.0,6.0,6.0],"loadpower":[9.139215,9.499949999999998,8.277874],"batterytemp":[31.0,32.0,34.0],"triggerrate":[0.0,0.0,0.4],"triggersremaining":[18411.0,18411.0,18420.0],"crcerrors":[0.0,0.0,0.0]}