{"datalatency":[10.133454],"sensoruptime":[null,null,null],"battvoltage":[14.12,14.713,12.567],"arrayvoltage":[37.595,38.202,42.513999999999996],"chargecurrent":[0.534,0.5770000000000001,2.22],"chargestate":[7.0,6.0,7.0],"loadpower":[0.0,0.0,0.0],"batterytemp":[11.0,11.0,20.0],"triggerrate":[null,null,null],"triggersremaining":[null,null,null],"crcerrors":[0.0,null,0.0]}