{"datalatency":[16.829756],"sensoruptime":[157.38,156.38,157.38],"battvoltage":[11.987,12.027000000000001,11.870999999999999],"arrayvoltage":[0.055,0.9640000000000001,17.245],"chargecurrent":[0.002,0.002,12.144],"ledstate":[8.0,8.0,8.0],"loadpower":[24.153574999999996,23.866117,21.472317999999998],"batterytemp":[30.0,32.0,51.0],"triggerrate":[0.0,0.0,8.4],"triggersremaining":[12705.0,12705.0,12956.0],"crcerrors":[0.0,0.0,2.0]}