{"datalatency":[23.904572],"sensoruptime":[null,null,null],"battvoltage":[11.645999999999999,11.682,11.572000000000001],"arrayvoltage":[0.107,0.107,19.342],"chargecurrent":[0.005,0.002,5.67],"chargestate":[3.0,3.0,6.0],"loadpower":[8.431750000000001,8.90421,6.509968999999999],"batterytemp":[16.0,17.0,26.0],"triggerrate":[null,null,null],"triggersremaining":[null,null,null],"crcerrors":[null,null,null]}