{"datalatency":[7.5249950000000005],"sensoruptime":[23.89388888888889,22.89388888888889,23.89388888888889],"battvoltage":[11.673,11.685,11.673],"arrayvoltage":[1.199,1.0070000000000001,34.238],"chargecurrent":[0.0,0.0,1.4709999999999999],"chargestate":[3.0,3.0,5.0],"loadpower":[14.362656,14.28105,13.408536],"batterytemp":[17.0,18.0,20.0],"triggerrate":[0.0,0.0,23.2],"triggersremaining":[18579.0,18579.0,19194.0],"crcerrors":[2.0,0.0,3.0]}