{"datalatency":[18.577566],"sensoruptime":[98.35972222222222,97.36,98.35972222222222],"battvoltage":[13.379000000000001,13.382,12.222000000000001],"arrayvoltage":[17.252,17.697,18.340999999999998],"chargecurrent":[4.073,4.353,7.815],"ledstate":[5.0,5.0,6.0],"loadpower":[23.144351000000004,23.123483000000004,21.964412],"batterytemp":[55.0,55.0,58.0],"triggerrate":[0.0,0.0,0.4],"triggersremaining":[6294.0,6295.0,6309.0],"crcerrors":[0.0,0.0,0.0]}