{"datalatency":[78.14018300000001],"sensoruptime":[31.686944444444446,30.686944444444446,31.686944444444446],"battvoltage":[12.405,12.439,12.14],"arrayvoltage":[0.021,0.021,17.337],"chargecurrent":[0.005,0.005,9.245],"ledstate":[6.0,6.0,6.0],"loadpower":[24.550532999999998,24.277887,22.116975999999998],"batterytemp":[30.0,32.0,55.0],"triggerrate":[0.0,0.0,0.2],"triggersremaining":[6325.0,6325.0,6331.0],"crcerrors":[0.0,0.0,0.0]}