{"datalatency":[28.070166],"sensoruptime":[5.484444444444445,4.4875,null],"battvoltage":[13.092,13.092,12.530999999999999],"arrayvoltage":[19.625999999999998,19.305,20.032],"chargecurrent":[2.88,2.858,7.09],"chargestate":[7.0,7.0,7.0],"loadpower":[24.106440000000003,24.817555,11.041264],"batterytemp":[45.0,45.0,46.0],"triggerrate":[null,null,null],"triggersremaining":[22492.0,22492.0,null],"crcerrors":[null,null,0.0]}