{"datalatency":[19.694268],"sensoruptime":[530.1594444444445,529.1625,530.1594444444445],"battvoltage":[12.253,11.758,11.606],"arrayvoltage":[16.348,15.918,17.145],"chargecurrent":[4.612,1.558,8.185],"ledstate":[10.0,10.0,10.0],"loadpower":[24.680756000000002,23.554484000000002,22.057775999999997],"batterytemp":[36.0,32.0,37.0],"triggerrate":[0.0,0.0,3.6],"triggersremaining":[11310.0,11310.0,11366.0],"crcerrors":[0.0,0.0,2.0]}