{"datalatency":[8.341642],"sensoruptime":[null,null,0.24222222222222223],"battvoltage":[12.765999999999998,12.780999999999999,11.417],"arrayvoltage":[0.8,0.726,40.985],"chargecurrent":[0.002,0.002,1.911],"chargestate":[3.0,3.0,6.0],"loadpower":[0.0,0.0,0.0],"batterytemp":[21.0,20.0,26.0],"triggerrate":[null,null,3.5],"triggersremaining":[null,null,22039.0],"crcerrors":[0.0,null,0.0]}