{"datalatency":[8.19276],"sensoruptime":[76.91388888888889,75.93083333333334,76.91388888888889],"battvoltage":[12.145999999999999,12.145999999999999,12.106],"arrayvoltage":[0.8059999999999999,12.247,35.016],"chargecurrent":[0.0,0.0,2.8360000000000003],"chargestate":[3.0,5.0,5.0],"loadpower":[14.07763,14.101860000000002,13.31694],"batterytemp":[11.0,12.0,20.0],"triggerrate":[0.0,0.0,4.4],"triggersremaining":[22062.0,22072.0,22207.0],"crcerrors":[0.0,0.0,0.0]}