{"datalatency":[17.489569],"sensoruptime":[177.54361111111112,176.5438888888889,177.54361111111112],"battvoltage":[12.482000000000001,12.787,11.795],"arrayvoltage":[14.749,15.677,16.8],"chargecurrent":[4.281000000000001,7.114,11.315],"ledstate":[8.0,8.0,8.0],"loadpower":[22.192905,22.584474,21.720450999999997],"batterytemp":[52.0,52.0,53.0],"triggerrate":[0.0,0.0,1.2000000000000002],"triggersremaining":[12693.0,12694.0,12710.0],"crcerrors":[0.0,0.0,2.0]}