{"datalatency":[9.768674],"sensoruptime":[5.717222222222222,4.7175,20.196666666666665],"battvoltage":[13.745,12.592,11.224],"arrayvoltage":[17.676,15.770999999999999,19.736],"chargecurrent":[7.107,2.3890000000000002,8.165],"ledstate":[5.0,8.0,11.0],"loadpower":[25.895804000000002,26.381481,0.0],"batterytemp":[43.0,44.0,49.0],"triggerrate":[0.0,0.0,1.2000000000000002],"triggersremaining":[14558.0,14558.0,14563.0],"crcerrors":[0.0,0.0,0.0]}