{"datalatency":[19.545962000000003],"sensoruptime":[522.1605555555556,521.1636111111111,522.1605555555556],"battvoltage":[11.682,11.694,11.679],"arrayvoltage":[0.0,0.021,17.145],"chargecurrent":[0.002,0.002,3.602],"ledstate":[8.0,8.0,8.0],"loadpower":[24.306929999999998,23.71344,21.980286000000003],"batterytemp":[28.0,28.0,37.0],"triggerrate":[0.0,0.0,3.6],"triggersremaining":[11312.0,11312.0,11430.0],"crcerrors":[0.0,0.0,2.0]}