{"datalatency":[14.502829],"sensoruptime":[92.72333333333333,91.72361111111111,92.72333333333333],"battvoltage":[12.1,12.103,11.984000000000002],"arrayvoltage":[0.305,0.107,17.337],"chargecurrent":[0.002,0.002,9.687000000000001],"ledstate":[8.0,8.0,8.0],"loadpower":[23.403041999999996,23.51116,21.70458],"batterytemp":[27.0,28.0,58.0],"triggerrate":[0.0,0.0,2.4000000000000004],"triggersremaining":[13086.0,13087.0,13097.0],"crcerrors":[0.0,0.0,2.0]}