{"datalatency":[20.555971],"sensoruptime":[553.3227777777778,552.3255555555555,553.3227777777778],"battvoltage":[11.649000000000001,11.645999999999999,11.53],"arrayvoltage":[16.067999999999998,16.702,17.575],"chargecurrent":[1.4280000000000002,1.454,11.448],"ledstate":[10.0,10.0,10.0],"loadpower":[23.605384000000004,23.524226000000002,22.242600000000003],"batterytemp":[33.0,30.0,51.0],"triggerrate":[0.0,0.0,2.4000000000000004],"triggersremaining":[11254.0,11254.0,11310.0],"crcerrors":[0.0,0.0,2.0]}