{"datalatency":[9.178218000000001],"sensoruptime":[4.0055555555555555,3.0058333333333334,6.051944444444445],"battvoltage":[13.718,13.742,11.285],"arrayvoltage":[18.285999999999998,19.519000000000002,19.519000000000002],"chargecurrent":[4.769,3.1889999999999996,9.745],"ledstate":[5.0,5.0,11.0],"loadpower":[25.757688,25.92886,0.0],"batterytemp":[44.0,43.0,51.0],"triggerrate":[1.2000000000000002,0.0,1.2000000000000002],"triggersremaining":[14566.0,14567.0,14570.0],"crcerrors":[0.0,0.0,0.0]}