{"datalatency":[25.958952],"sensoruptime":[2.871111111111111,1.8719444444444444,null],"battvoltage":[13.015999999999998,12.960999999999999,12.642999999999999],"arrayvoltage":[29.538,29.201999999999998,42.218],"chargecurrent":[1.524,1.4080000000000001,2.839],"chargestate":[5.0,7.0,7.0],"loadpower":[15.375024000000002,16.983158,0.0],"batterytemp":[28.0,30.0,32.0],"triggerrate":[13.4,17.2,null],"triggersremaining":[16944.0,17846.0,null],"crcerrors":[0.0,0.0,2.0]}