{"datalatency":[10.365448],"sensoruptime":[null,null,null],"battvoltage":[13.665999999999999,13.73,12.759],"arrayvoltage":[41.193000000000005,41.263000000000005,43.158],"chargecurrent":[0.319,0.278,0.597],"chargestate":[7.0,7.0,7.0],"loadpower":[0.0,0.0,0.0],"batterytemp":[26.0,24.0,26.0],"triggerrate":[null,null,null],"triggersremaining":[null,null,null],"crcerrors":[null,null,null]}