{"datalatency":[8.147063000000001],"sensoruptime":[70.24805555555555,69.24833333333333,70.24805555555555],"battvoltage":[12.527000000000001,12.421,12.145999999999999],"arrayvoltage":[34.082,33.643,42.861999999999995],"chargecurrent":[1.79,1.52,3.8310000000000004],"chargestate":[5.0,5.0,6.0],"loadpower":[13.773396,13.662060000000002,8.90651],"batterytemp":[18.0,17.0,30.0],"triggerrate":[0.2,0.2,0.8],"triggersremaining":[22118.0,22124.0,22214.0],"crcerrors":[0.0,0.0,0.0]}