{"datalatency":[24.313533000000003],"sensoruptime":[8.3175,7.3175,null],"battvoltage":[12.674000000000001,13.015999999999998,12.530999999999999],"arrayvoltage":[17.334,18.982,20.032],"chargecurrent":[1.3019999999999998,2.556,7.09],"chargestate":[7.0,7.0,7.0],"loadpower":[24.057532,23.251152,11.041264],"batterytemp":[43.0,47.0,47.0],"triggerrate":[null,null,null],"triggersremaining":[22491.0,22492.0,null],"crcerrors":[null,null,0.0]}