{"datalatency":[14.753617],"sensoruptime":[385.34944444444443,384.3522222222222,385.34944444444443],"battvoltage":[12.530999999999999,12.14,12.027000000000001],"arrayvoltage":[16.989,16.8,18.365],"chargecurrent":[4.588,1.273,10.61],"ledstate":[8.0,8.0,8.0],"loadpower":[23.162679,23.801272,20.806074],"batterytemp":[31.0,28.0,52.0],"triggerrate":[0.0,0.0,4.800000000000001],"triggersremaining":[12606.0,12606.0,12616.0],"crcerrors":[0.0,0.0,2.0]}