{"datalatency":[17.714058],"sensoruptime":[4.707777777777777,3.7247222222222223,76.74361111111111],"battvoltage":[12.445,12.637,12.216],"arrayvoltage":[13.513,17.429000000000002,17.526],"chargecurrent":[0.23399999999999999,1.375,8.977],"ledstate":[6.0,6.0,6.0],"loadpower":[24.116055000000003,23.55912,21.808872],"batterytemp":[42.0,50.0,51.0],"triggerrate":[0.0,0.0,3.8],"triggersremaining":[6332.0,6333.0,7041.0],"crcerrors":[0.0,0.0,0.0]}