{"datalatency":[69.844656],"sensoruptime":[57.68277777777778,56.69972222222222,57.68277777777778],"battvoltage":[12.375,12.405,12.216],"arrayvoltage":[0.021,0.021,17.917],"chargecurrent":[0.005,0.002,9.262],"ledstate":[6.0,6.0,6.0],"loadpower":[23.194088999999998,23.559092999999997,21.796613999999998],"batterytemp":[29.0,30.0,58.0],"triggerrate":[0.0,0.0,0.2],"triggersremaining":[6318.0,6318.0,6324.0],"crcerrors":[0.0,0.0,0.0]}