{"datalatency":[38.215447000000005],"sensoruptime":[0.26222222222222225,null,1.8325],"battvoltage":[12.161,12.527000000000001,10.352],"arrayvoltage":[38.626,11.917,45.523],"chargecurrent":[1.1740000000000002,0.0,2.6189999999999998],"chargestate":[5.0,3.0,7.0],"loadpower":[13.27326,0.0,0.0],"batterytemp":[2.0,-1.0,10.0],"triggerrate":[0.0,null,0.0],"triggersremaining":[0.0,null,0.0],"crcerrors":[7.0,0.0,1.0]}