{"datalatency":[13.111669000000001],"sensoruptime":[336.3563888888889,335.3594444444444,336.3563888888889],"battvoltage":[12.14,12.216,12.14],"arrayvoltage":[16.214000000000002,16.553,18.753],"chargecurrent":[0.387,1.09,11.622],"ledstate":[6.0,6.0,6.0],"loadpower":[22.519944000000002,22.807500000000005,20.870528999999998],"batterytemp":[27.0,25.0,44.0],"triggerrate":[0.0,0.0,1.2000000000000002],"triggersremaining":[12622.0,12623.0,12628.0],"crcerrors":[0.0,0.0,2.0]}