{"datalatency":[38.193397000000004],"sensoruptime":[null,null,null],"battvoltage":[12.527000000000001,12.534,10.443],"arrayvoltage":[0.995,1.016,45.523],"chargecurrent":[0.0,0.002,2.6189999999999998],"chargestate":[3.0,3.0,7.0],"loadpower":[0.0,0.0,0.0],"batterytemp":[-1.0,0.0,10.0],"triggerrate":[null,null,null],"triggersremaining":[null,null,null],"crcerrors":[7.0,null,1.0]}