{"datalatency":[18.730461000000002],"sensoruptime":[144.35305555555556,143.37,144.35305555555556],"battvoltage":[12.698,13.443,12.253],"arrayvoltage":[14.937999999999999,15.033,18.066],"chargecurrent":[1.7009999999999998,8.419,9.651],"ledstate":[6.0,6.0,6.0],"loadpower":[24.994788,22.883211000000003,22.084208000000004],"batterytemp":[52.0,50.0,57.0],"triggerrate":[0.0,0.6,1.6],"triggersremaining":[6205.0,6230.0,6282.0],"crcerrors":[0.0,0.0,0.0]}