{"datalatency":[20.076151000000003],"sensoruptime":[287.1591666666667,286.15944444444443,287.1591666666667],"battvoltage":[12.450999999999999,13.083,11.945],"arrayvoltage":[14.937999999999999,14.749,17.151],"chargecurrent":[1.4809999999999999,8.612,10.847000000000001],"ledstate":[6.0,8.0,8.0],"loadpower":[24.990329999999997,23.088684000000004,21.841950000000004],"batterytemp":[52.0,51.0,58.0],"triggerrate":[0.0,0.0,0.8],"triggersremaining":[3275.0,3275.0,3306.0],"crcerrors":[0.0,0.0,0.0]}