{"datalatency":[15.739196000000002],"sensoruptime":[null,null,61.55722222222222],"battvoltage":[12.1,12.106,11.499],"arrayvoltage":[16.266,13.864,18.410999999999998],"chargecurrent":[0.40299999999999997,0.23399999999999999,12.030999999999999],"ledstate":[8.0,8.0,10.0],"loadpower":[10.363859999999999,8.376983999999998,6.16488],"batterytemp":[28.0,26.0,56.0],"triggerrate":[null,null,1.2000000000000002],"triggersremaining":[null,null,20759.0],"crcerrors":[null,null,1.0]}