{"datalatency":[8.408361000000001],"sensoruptime":[43.09027777777778,42.09027777777778,43.09027777777778],"battvoltage":[12.299000000000001,12.335,12.112],"arrayvoltage":[0.653,0.62,41.489],"chargecurrent":[0.0,0.0,11.902999999999999],"chargestate":[3.0,3.0,6.0],"loadpower":[13.776964,14.240356,9.02565],"batterytemp":[16.0,16.0,35.0],"triggerrate":[0.0,0.0,0.4],"triggersremaining":[21649.0,21650.0,21663.0],"crcerrors":[0.0,0.0,0.0]}