{"datalatency":[8.460476],"sensoruptime":[22.426388888888887,21.426666666666666,null],"battvoltage":[12.183,12.183,11.725],"arrayvoltage":[26.111,0.674,38.565],"chargecurrent":[0.099,0.0,15.0],"chargestate":[5.0,3.0,6.0],"loadpower":[14.099799999999998,14.355055,0.0],"batterytemp":[12.0,11.0,41.0],"triggerrate":[0.0,0.0,null],"triggersremaining":[21659.0,21659.0,null],"crcerrors":[0.0,0.0,0.0]}