{"datalatency":[78.073677],"sensoruptime":[24.188333333333333,23.205,24.188333333333333],"battvoltage":[13.449000000000002,13.434000000000001,12.14],"arrayvoltage":[14.499,15.088,17.526],"chargecurrent":[7.851,8.622,9.245],"ledstate":[6.0,6.0,6.0],"loadpower":[23.408679,22.929900000000004,21.808872],"batterytemp":[52.0,51.0,52.0],"triggerrate":[0.0,0.0,1.6],"triggersremaining":[6326.0,6327.0,6345.0],"crcerrors":[0.0,0.0,0.0]}