{"datalatency":[20.025471],"sensoruptime":[54.16111111111111,53.17777777777778,54.16111111111111],"battvoltage":[12.369000000000002,12.897,11.874],"arrayvoltage":[15.573,14.844000000000001,16.653],"chargecurrent":[2.008,7.897,10.463],"ledstate":[6.0,6.0,8.0],"loadpower":[24.093359999999997,23.041843,21.727188],"batterytemp":[50.0,48.0,50.0],"triggerrate":[0.0,0.0,1.4],"triggersremaining":[1510.0,1510.0,1619.0],"crcerrors":[0.0,0.0,0.0]}