{"datalatency":[51.041501000000004],"sensoruptime":[74.14472222222223,73.14472222222223,74.14472222222223],"battvoltage":[12.219000000000001,12.25,12.216],"arrayvoltage":[13.474,13.3,18.230999999999998],"chargecurrent":[0.184,0.135,7.945],"ledstate":[6.0,6.0,6.0],"loadpower":[24.237144,23.468292,21.986712],"batterytemp":[26.0,27.0,55.0],"triggerrate":[1.0,1.8,3.8],"triggersremaining":[6448.0,6561.0,7046.0],"crcerrors":[0.0,0.0,0.0]}