{"datalatency":[20.259236],"sensoruptime":[1.9366666666666668,0.9369444444444445,329.74861111111113],"battvoltage":[12.54,13.095,11.911],"arrayvoltage":[15.142999999999999,14.499,17.825],"chargecurrent":[2.4330000000000003,8.204,9.134],"ledstate":[6.0,6.0,8.0],"loadpower":[25.018,22.90308,5.735975000000001],"batterytemp":[54.0,52.0,55.0],"triggerrate":[0.0,0.0,14.8],"triggersremaining":[1905.0,1907.0,3149.0],"crcerrors":[0.0,0.0,0.0]}