{"datalatency":[7.700823000000001],"sensoruptime":[218.56444444444443,217.5811111111111,218.56444444444443],"battvoltage":[12.335,12.222000000000001,12.097000000000001],"arrayvoltage":[34.027,33.643,41.711000000000006],"chargecurrent":[1.652,0.544,3.662],"chargestate":[5.0,5.0,6.0],"loadpower":[13.712784000000001,14.142719999999999,9.02565],"batterytemp":[16.0,13.0,33.0],"triggerrate":[0.2,0.0,0.8],"triggersremaining":[20284.0,20288.0,20353.0],"crcerrors":[0.0,0.0,0.0]}