{"datalatency":[17.671589],"sensoruptime":[1.581388888888889,0.5816666666666667,7.133055555555556],"battvoltage":[13.705,13.815,11.328],"arrayvoltage":[15.036,18.340999999999998,19.949],"chargecurrent":[8.383,5.747000000000001,12.057],"ledstate":[6.0,5.0,10.0],"loadpower":[23.286689999999997,22.32498,5.908896],"batterytemp":[43.0,41.0,50.0],"triggerrate":[0.0,0.0,0.0],"triggersremaining":[14570.0,14570.0,14570.0],"crcerrors":[0.0,0.0,0.0]}