{"datalatency":[8.578963],"sensoruptime":[77.58527777777778,76.58555555555556,77.58527777777778],"battvoltage":[12.83,13.687000000000001,12.183],"arrayvoltage":[33.005,33.594,38.708],"chargecurrent":[1.696,6.907,8.752],"chargestate":[5.0,5.0,6.0],"loadpower":[14.106456,10.891200000000001,9.751339999999999],"batterytemp":[30.0,32.0,34.0],"triggerrate":[0.2,0.0,0.6],"triggersremaining":[21610.0,21615.0,21646.0],"crcerrors":[0.0,0.0,0.0]}