{"datalatency":[64.992788],"sensoruptime":[14.654722222222222,13.654722222222222,null],"battvoltage":[12.405,12.427,12.405],"arrayvoltage":[0.018000000000000002,0.018000000000000002,19.229],"chargecurrent":[0.002,0.002,8.175],"ledstate":[6.0,6.0,6.0],"loadpower":[23.088159,23.91849,6.0236],"batterytemp":[31.0,32.0,54.0],"triggerrate":[0.0,0.0,null],"triggersremaining":[7056.0,7056.0,null],"crcerrors":[0.0,0.0,0.0]}