{"datalatency":[25.945363],"sensoruptime":[1.0391666666666666,0.041666666666666664,null],"battvoltage":[13.51,13.513,12.642999999999999],"arrayvoltage":[37.686,40.32,42.218],"chargecurrent":[1.9809999999999999,2.01,2.839],"chargestate":[7.0,7.0,7.0],"loadpower":[14.90028,13.894065000000001,0.0],"batterytemp":[31.0,31.0,32.0],"triggerrate":[10.4,12.333333333333334,null],"triggersremaining":[18473.0,19113.0,null],"crcerrors":[0.0,0.0,2.0]}