{"datalatency":[20.074651000000003],"sensoruptime":[537.1583333333333,536.1586111111111,537.1583333333333],"battvoltage":[12.450999999999999,11.96,11.606],"arrayvoltage":[16.016,16.116,16.705],"chargecurrent":[5.4670000000000005,1.3019999999999998,11.448],"ledstate":[8.0,8.0,10.0],"loadpower":[22.542866999999998,23.571704,22.057775999999997],"batterytemp":[41.0,45.0,51.0],"triggerrate":[0.0,0.0,3.6],"triggersremaining":[11276.0,11281.0,11326.0],"crcerrors":[0.0,0.0,2.0]}