{"datalatency":[25.68624],"sensoruptime":[28.85,27.85,28.85],"battvoltage":[12.142999999999999,12.192,12.07],"arrayvoltage":[0.043,0.027000000000000003,18.872],"chargecurrent":[0.002,0.002,10.158],"ledstate":[6.0,6.0,8.0],"loadpower":[25.10496,24.011736000000003,22.619726999999994],"batterytemp":[24.0,25.0,50.0],"triggerrate":[0.0,0.0,1.2000506661391244],"triggersremaining":[22427.0,22428.0,22433.0],"crcerrors":[null,null,0.0]}