{"datalatency":[11.918272],"sensoruptime":[null,null,18.859444444444446],"battvoltage":[11.987,12.003,11.456],"arrayvoltage":[12.555,0.0,17.825],"chargecurrent":[0.002,0.005,11.344000000000001],"chargestate":[5.0,3.0,6.0],"loadpower":[7.5562249999999995,7.333833,0.0],"batterytemp":[25.0,25.0,47.0],"triggerrate":[null,null,1.2000000000000002],"triggersremaining":[null,null,22150.0],"crcerrors":[null,null,0.0]}