{"datalatency":[21.540291],"sensoruptime":[21.517777777777777,20.517777777777777,null],"battvoltage":[12.482000000000001,12.524000000000001,12.07],"arrayvoltage":[0.128,13.519,18.872],"chargecurrent":[0.005,0.11800000000000001,10.158],"ledstate":[6.0,6.0,8.0],"loadpower":[24.46687,24.26746,8.28036],"batterytemp":[32.0,37.0,50.0],"triggerrate":[0.0,0.0,null],"triggersremaining":[22429.0,22429.0,null],"crcerrors":[null,null,0.0]}