{"datalatency":[14.014898],"sensoruptime":[368.5186111111111,367.5213888888889,368.5186111111111],"battvoltage":[13.052,12.787,12.064],"arrayvoltage":[15.142999999999999,15.380999999999998,17.633],"chargecurrent":[6.559,3.8560000000000003,10.61],"ledstate":[6.0,6.0,8.0],"loadpower":[22.809016000000003,23.123058,20.806074],"batterytemp":[51.0,46.0,51.0],"triggerrate":[0.0,0.0,4.800000000000001],"triggersremaining":[12610.0,12611.0,12620.0],"crcerrors":[0.0,0.0,2.0]}