{"datalatency":[5.412136],"sensoruptime":[21.212777777777777,20.215555555555557,null],"battvoltage":[12.073,12.064,12.054],"arrayvoltage":[16.171,13.083,18.439],"chargecurrent":[0.5479999999999999,0.128,9.9],"ledstate":[8.0,8.0,8.0],"loadpower":[23.711688000000002,24.306866999999997,5.933112000000001],"batterytemp":[29.0,28.0,52.0],"triggerrate":[0.0,0.0,null],"triggersremaining":[14661.0,14661.0,null],"crcerrors":[0.0,0.0,0.0]}