{"datalatency":[8.690585],"sensoruptime":[90.58361111111111,89.60055555555556,90.58361111111111],"battvoltage":[12.149000000000001,12.18,12.145999999999999],"arrayvoltage":[0.748,0.748,38.708],"chargecurrent":[0.0,0.0,8.752],"chargestate":[3.0,3.0,6.0],"loadpower":[14.07763,14.124109999999998,9.957479999999999],"batterytemp":[19.0,19.0,34.0],"triggerrate":[0.0,0.0,0.6],"triggersremaining":[21566.0,21572.0,21643.0],"crcerrors":[0.0,0.0,0.0]}