{"datalatency":[7.982311],"sensoruptime":[41.08555555555556,40.102222222222224,41.08555555555556],"battvoltage":[12.145999999999999,12.183,12.07],"arrayvoltage":[0.754,0.6409999999999999,41.821000000000005],"chargecurrent":[0.0,0.0,7.474],"chargestate":[3.0,3.0,6.0],"loadpower":[14.017055000000001,14.00256,8.72505],"batterytemp":[3.0,3.0,28.0],"triggerrate":[0.0,0.0,0.6],"triggersremaining":[22217.0,22222.0,22272.0],"crcerrors":[0.0,0.0,0.0]}