{"datalatency":[8.183148000000001],"sensoruptime":[4.453055555555555,3.4697222222222224,null],"battvoltage":[11.844000000000001,11.874,10.944],"arrayvoltage":[0.977,0.995,41.791000000000004],"chargecurrent":[0.0,0.0,2.923],"chargestate":[3.0,3.0,6.0],"loadpower":[13.753824,13.786416000000003,0.0],"batterytemp":[9.0,10.0,32.0],"triggerrate":[0.0,0.0,null],"triggersremaining":[18368.0,18369.0,null],"crcerrors":[0.0,0.0,0.0]}