{"datalatency":[8.392034],"sensoruptime":[0.7572222222222222,null,null],"battvoltage":[12.469000000000001,12.994000000000002,12.408],"arrayvoltage":[28.229,28.476,40.985],"chargecurrent":[0.713,0.573,1.911],"chargestate":[5.0,5.0,6.0],"loadpower":[15.801590999999997,0.0,0.0],"batterytemp":[25.0,24.0,26.0],"triggerrate":[9.4,null,null],"triggersremaining":[21677.0,null,null],"crcerrors":[0.0,0.0,0.0]}