{"datalatency":[10.701271],"sensoruptime":[null,null,12.61],"battvoltage":[11.609000000000002,11.690999999999999,11.31],"arrayvoltage":[1.285,1.285,19.949],"chargecurrent":[0.002,0.005,12.057],"ledstate":[10.0,10.0,11.0],"loadpower":[8.904192000000002,8.128584,0.0],"batterytemp":[25.0,26.0,50.0],"triggerrate":[null,null,2.4000000000000004],"triggersremaining":[null,null,14586.0],"crcerrors":[null,null,0.0]}