{"datalatency":[14.966033000000001],"sensoruptime":[104.88833333333334,103.88861111111112,104.88833333333334],"battvoltage":[12.674000000000001,12.710999999999999,12.057],"arrayvoltage":[15.915,15.380999999999998,17.825],"chargecurrent":[2.682,2.481,10.327],"ledstate":[6.0,6.0,8.0],"loadpower":[22.892115,22.782709999999998,21.192338],"batterytemp":[48.0,51.0,58.0],"triggerrate":[0.0,0.0,2.4000000000000004],"triggersremaining":[13081.0,13084.0,13093.0],"crcerrors":[0.0,0.0,2.0]}