{"datalatency":[18.587320000000002],"sensoruptime":[117.52361111111111,116.54055555555556,117.52361111111111],"battvoltage":[13.350999999999999,12.863,12.216],"arrayvoltage":[14.606,14.713,18.340999999999998],"chargecurrent":[7.542000000000001,4.228,7.815],"ledstate":[6.0,6.0,6.0],"loadpower":[23.423284000000002,22.603896,21.885253],"batterytemp":[51.0,47.0,55.0],"triggerrate":[0.0,0.0,0.4],"triggersremaining":[6283.0,6283.0,6296.0],"crcerrors":[0.0,0.0,0.0]}