{"datalatency":[28.871057],"sensoruptime":[1.7172222222222222,0.7202777777777778,57.48722222222222],"battvoltage":[12.369000000000002,12.863,11.639000000000001],"arrayvoltage":[16.168,15.628,17.78],"chargecurrent":[2.184,9.772,12.089],"ledstate":[8.0,8.0,10.0],"loadpower":[23.639,24.051878,6.942914999999999],"batterytemp":[47.0,44.0,48.0],"triggerrate":[0.0,0.0,7.200004464002768],"triggersremaining":[22178.0,22178.0,22376.0],"crcerrors":[null,null,0.0]}