{"datalatency":[8.538934000000001],"sensoruptime":[35.25805555555556,34.27472222222222,35.25805555555556],"battvoltage":[12.527000000000001,12.567,12.112],"arrayvoltage":[0.586,0.5710000000000001,41.489],"chargecurrent":[0.0,0.0,11.902999999999999],"chargestate":[3.0,3.0,6.0],"loadpower":[14.009136999999999,14.116662,9.02565],"batterytemp":[18.0,19.0,35.0],"triggerrate":[0.0,0.0,0.8],"triggersremaining":[21653.0,21653.0,21686.0],"crcerrors":[0.0,0.0,0.0]}