{"datalatency":[14.645427000000002],"sensoruptime":[99.88916666666667,98.88916666666667,99.88916666666667],"battvoltage":[12.939,12.823,12.057],"arrayvoltage":[14.749,15.378,17.825],"chargecurrent":[8.883,7.441,9.687000000000001],"ledstate":[8.0,8.0,8.0],"loadpower":[22.454199,22.560650000000003,21.192338],"batterytemp":[50.0,45.0,58.0],"triggerrate":[0.0,0.0,2.4000000000000004],"triggersremaining":[13085.0,13085.0,13096.0],"crcerrors":[0.0,0.0,2.0]}