{"datalatency":[8.074679],"sensoruptime":[44.085,43.085277777777776,44.085],"battvoltage":[14.383,12.839,12.115],"arrayvoltage":[38.791,38.431,41.821000000000005],"chargecurrent":[7.255,2.4130000000000003,7.356],"chargestate":[6.0,5.0,6.0],"loadpower":[9.36257,14.124220000000001,8.72505],"batterytemp":[22.0,11.0,28.0],"triggerrate":[0.0,0.0,0.6],"triggersremaining":[22215.0,22216.0,22266.0],"crcerrors":[0.0,0.0,0.0]}