{"datalatency":[51.690234000000004],"sensoruptime":[17.9875,17.004166666666666,null],"battvoltage":[12.35,12.369000000000002,12.344000000000001],"arrayvoltage":[0.0,0.0,19.229],"chargecurrent":[0.005,0.005,8.175],"ledstate":[6.0,6.0,6.0],"loadpower":[23.833395,23.404158000000002,6.0236],"batterytemp":[30.0,30.0,54.0],"triggerrate":[0.0,0.0,null],"triggersremaining":[7055.0,7055.0,null],"crcerrors":[0.0,0.0,0.0]}