{"datalatency":[70.892098],"sensoruptime":[83.17861111111111,82.19555555555556,83.17861111111111],"battvoltage":[12.369000000000002,12.369000000000002,12.216],"arrayvoltage":[0.0,0.021,17.965999999999998],"chargecurrent":[0.002,0.005,8.001],"ledstate":[6.0,6.0,6.0],"loadpower":[23.443132000000002,24.355647,21.730287],"batterytemp":[29.0,30.0,58.0],"triggerrate":[0.0,0.0,0.6],"triggersremaining":[6299.0,6299.0,6318.0],"crcerrors":[0.0,0.0,0.0]}