{"datalatency":[8.190925],"sensoruptime":[59.41638888888889,58.433055555555555,59.41638888888889],"battvoltage":[12.395999999999999,12.418,12.115],"arrayvoltage":[0.635,0.647,42.861999999999995],"chargecurrent":[0.0,0.0,7.356],"chargestate":[3.0,3.0,6.0],"loadpower":[14.204448000000001,13.501830000000002,8.875646],"batterytemp":[13.0,13.0,30.0],"triggerrate":[0.2,0.0,0.6],"triggersremaining":[22195.0,22202.0,22246.0],"crcerrors":[0.0,0.0,0.0]}