{"datalatency":[21.008896],"sensoruptime":[281.3616666666667,280.3616666666667,281.3616666666667],"battvoltage":[12.292,12.329,12.103],"arrayvoltage":[0.076,0.064,18.506],"chargecurrent":[0.005,0.005,9.074],"ledstate":[6.0,6.0,6.0],"loadpower":[23.52848,23.8846,21.141912],"batterytemp":[24.0,24.0,53.0],"triggerrate":[0.0,0.0,2.4000000000000004],"triggersremaining":[12641.0,12641.0,12671.0],"crcerrors":[0.0,0.0,2.0]}