{"datalatency":[18.134606],"sensoruptime":[199.01111111111112,198.02805555555557,199.01111111111112],"battvoltage":[12.216,12.253,12.1],"arrayvoltage":[0.021,0.04,17.969],"chargecurrent":[0.002,0.005,8.96],"ledstate":[6.0,6.0,6.0],"loadpower":[24.65208,24.364935,21.987524],"batterytemp":[34.0,35.0,57.0],"triggerrate":[0.0,0.0,2.4],"triggersremaining":[5634.0,5638.0,5815.0],"crcerrors":[0.0,0.0,0.0]}