{"datalatency":[56.951888000000004],"sensoruptime":[null,null,null],"battvoltage":[12.600999999999999,12.634,12.520999999999999],"arrayvoltage":[0.064,0.021,20.914],"chargecurrent":[0.005,0.005,4.172],"ledstate":[6.0,6.0,6.0],"loadpower":[7.882592000000001,7.560578,5.666772999999999],"batterytemp":[29.0,30.0,46.0],"triggerrate":[null,null,null],"triggersremaining":[null,null,null],"crcerrors":[null,null,null]}