{"datalatency":[8.225802],"sensoruptime":[4.929166666666666,3.9458333333333333,11.467222222222222],"battvoltage":[13.898,13.907,11.478],"arrayvoltage":[37.976,37.402,38.028],"chargecurrent":[7.138999999999999,9.226,15.0],"chargestate":[6.0,6.0,6.0],"loadpower":[10.001339,10.030419,0.0],"batterytemp":[38.0,38.0,41.0],"triggerrate":[0.0,0.0,1.6],"triggersremaining":[21734.0,21737.0,21929.0],"crcerrors":[0.0,0.0,0.0]}