{"datalatency":[9.231574],"sensoruptime":[22.2125,21.215555555555557,null],"battvoltage":[12.161,12.07,12.054],"arrayvoltage":[16.452,16.168,18.439],"chargecurrent":[1.587,0.5479999999999999,9.9],"ledstate":[8.0,8.0,8.0],"loadpower":[23.297888,23.591568,5.933112000000001],"batterytemp":[31.0,29.0,52.0],"triggerrate":[0.0,0.0,null],"triggersremaining":[14661.0,14661.0,null],"crcerrors":[0.0,0.0,0.0]}