{"datalatency":[7.930938],"sensoruptime":[14.2675,13.284166666666666,31.859444444444446],"battvoltage":[11.786,11.823,11.465],"arrayvoltage":[0.723,0.7509999999999999,42.996],"chargecurrent":[0.0,0.0,15.002],"chargestate":[3.0,3.0,6.0],"loadpower":[13.701444,14.042803,0.0],"batterytemp":[4.0,5.0,28.0],"triggerrate":[0.0,0.0,2.0],"triggersremaining":[18426.0,18427.0,18568.0],"crcerrors":[1.0,0.0,4.0]}