{"datalatency":[13.320737000000001],"sensoruptime":[344.35527777777776,343.35833333333335,344.35527777777776],"battvoltage":[13.025,12.637,12.109000000000002],"arrayvoltage":[16.119,16.84,17.252],"chargecurrent":[6.629,2.739,12.229000000000001],"ledstate":[6.0,6.0,6.0],"loadpower":[23.586973,23.717676,21.612250999999997],"batterytemp":[42.0,39.0,43.0],"triggerrate":[0.0,0.0,1.2000000000000002],"triggersremaining":[12620.0,12621.0,12626.0],"crcerrors":[0.0,0.0,2.0]}