{"datalatency":[7.965212],"sensoruptime":[34.93083333333333,33.94777777777778,34.93083333333333],"battvoltage":[12.054,12.094000000000001,11.49],"arrayvoltage":[0.769,0.745,42.148],"chargecurrent":[0.0,0.0,12.352],"chargestate":[3.0,3.0,6.0],"loadpower":[13.989318,14.059956000000003,8.277874],"batterytemp":[11.0,13.0,29.0],"triggerrate":[0.0,0.0,0.4],"triggersremaining":[18418.0,18418.0,18429.0],"crcerrors":[0.0,0.0,0.0]}