{"datalatency":[47.367654],"sensoruptime":[null,null,null],"battvoltage":[13.04,12.299000000000001,11.752],"arrayvoltage":[29.892,12.912,35.223],"chargecurrent":[1.1909999999999998,0.0,2.0780000000000003],"chargestate":[5.0,5.0,6.0],"loadpower":[0.0,0.0,0.0],"batterytemp":[13.0,12.0,16.0],"triggerrate":[null,null,null],"triggersremaining":[null,null,null],"crcerrors":[0.0,null,0.0]}