{"datalatency":[15.926892],"sensoruptime":[null,null,null],"battvoltage":[12.597999999999999,12.585,11.481],"arrayvoltage":[17.682000000000002,18.503,19.680999999999997],"chargecurrent":[0.679,1.077,9.955],"chargestate":[5.0,5.0,5.0],"loadpower":[5.45751,10.940112,0.0],"batterytemp":[35.0,37.0,38.0],"triggerrate":[null,null,null],"triggersremaining":[null,null,null],"crcerrors":[null,null,null]}