{"datalatency":[37.623525],"sensoruptime":[null,9.230277777777777,null],"battvoltage":[12.575999999999999,12.036,10.665999999999999],"arrayvoltage":[4.9319999999999995,32.574,43.448],"chargecurrent":[0.0,1.0070000000000001,5.0760000000000005],"chargestate":[3.0,5.0,8.0],"loadpower":[0.0,13.237224000000001,0.0],"batterytemp":[15.0,21.0,26.0],"triggerrate":[null,0.0,null],"triggersremaining":[null,11441.0,null],"crcerrors":[0.0,0.0,0.0]}