{"datalatency":[10.304285],"sensoruptime":[0.005,0.013055555555555556,null],"battvoltage":[13.907,14.542,10.595999999999998],"arrayvoltage":[42.166000000000004,41.17100000000001,43.369],"chargecurrent":[1.614,1.587,2.597],"chargestate":[7.0,6.0,7.0],"loadpower":[14.292494000000001,14.499887999999999,0.0],"batterytemp":[18.0,17.0,18.0],"triggerrate":[null,0.0,0.0],"triggersremaining":[0.0,0.0,null],"crcerrors":[0.0,0.0,1.0]}