{"datalatency":[7.798385000000001],"sensoruptime":[1.2694444444444444,0.2697222222222222,31.859444444444446],"battvoltage":[13.254000000000001,13.315,11.465],"arrayvoltage":[36.084,37.598,39.111],"chargecurrent":[3.073,11.999,15.0],"chargestate":[5.0,5.0,5.0],"loadpower":[9.59512,10.549600000000002,0.0],"batterytemp":[22.0,20.0,22.0],"triggerrate":[0.0,0.0,2.0],"triggersremaining":[18436.0,18438.0,18608.0],"crcerrors":[1.0,0.0,4.0]}