{"datalatency":[7.812395],"sensoruptime":[11.10138888888889,10.118055555555555,31.859444444444446],"battvoltage":[11.877,11.914000000000001,11.465],"arrayvoltage":[0.958,1.105,42.996],"chargecurrent":[0.0,0.0,15.002],"chargestate":[3.0,3.0,6.0],"loadpower":[13.789908000000004,13.812694,0.0],"batterytemp":[7.0,8.0,28.0],"triggerrate":[0.0,0.0,2.0],"triggersremaining":[18429.0,18429.0,18579.0],"crcerrors":[1.0,0.0,4.0]}