{"datalatency":[9.979790000000001],"sensoruptime":[1.0638888888888889,0.09777777777777778,null],"battvoltage":[11.722000000000001,11.734000000000002,11.328],"arrayvoltage":[11.687999999999999,14.352,19.949],"chargecurrent":[0.0,0.258,9.745],"ledstate":[10.0,10.0,10.0],"loadpower":[24.113699999999998,23.580746999999995,5.908896],"batterytemp":[34.0,43.0,51.0],"triggerrate":[0.0,0.0,null],"triggersremaining":[14568.0,14568.0,null],"crcerrors":[0.0,0.0,0.0]}