{"datalatency":[19.55564],"sensoruptime":[237.70138888888889,236.70166666666665,237.70138888888889],"battvoltage":[12.1,12.125,11.950999999999999],"arrayvoltage":[12.985,0.214,18.372],"chargecurrent":[0.06,0.002,8.75],"ledstate":[6.0,6.0,8.0],"loadpower":[23.825447999999998,23.619951999999998,21.252608000000002],"batterytemp":[22.0,22.0,52.0],"triggerrate":[0.0,0.0,1.2000000000000002],"triggersremaining":[12677.0,12677.0,12684.0],"crcerrors":[0.0,0.0,2.0]}