{"datalatency":[15.701260000000001],"sensoruptime":[412.01194444444445,411.01222222222225,412.01194444444445],"battvoltage":[12.946,12.395999999999999,12.020999999999999],"arrayvoltage":[14.749,14.937999999999999,18.317],"chargecurrent":[8.017999999999999,1.382,10.873],"ledstate":[8.0,8.0,8.0],"loadpower":[22.919571,24.207363000000004,20.983984000000003],"batterytemp":[47.0,45.0,52.0],"triggerrate":[0.0,0.0,1.2000000000000002],"triggersremaining":[12597.0,12598.0,12605.0],"crcerrors":[0.0,0.0,2.0]}