{"datalatency":[25.627414],"sensoruptime":[9.317222222222222,8.3175,null],"battvoltage":[12.488,12.674000000000001,12.488],"arrayvoltage":[13.513,17.334,20.032],"chargecurrent":[0.10400000000000001,1.3019999999999998,7.09],"chargestate":[5.0,7.0,7.0],"loadpower":[24.152453,24.057532,11.041264],"batterytemp":[35.0,43.0,47.0],"triggerrate":[null,null,null],"triggersremaining":[22491.0,22491.0,null],"crcerrors":[null,null,0.0]}