{"datalatency":[14.245157],"sensoruptime":[31.614722222222223,30.615,31.614722222222223],"battvoltage":[12.787,12.787,11.652000000000001],"arrayvoltage":[15.338,15.14,17.526],"chargecurrent":[7.303,9.262,11.398],"chargestate":[5.0,5.0,6.0],"loadpower":[23.106732,22.867250000000002,21.713829000000004],"batterytemp":[49.0,46.0,49.0],"triggerrate":[0.0,0.0,8.4],"triggersremaining":[21056.0,21056.0,21428.0],"crcerrors":[0.0,0.0,0.0]}