{"datalatency":[9.850373000000001],"sensoruptime":[7.383611111111111,6.3838888888888885,20.196666666666665],"battvoltage":[13.663,13.687000000000001,11.224],"arrayvoltage":[17.883,18.768,19.736],"chargecurrent":[5.7010000000000005,4.832,8.165],"ledstate":[5.0,5.0,11.0],"loadpower":[25.687683999999997,25.687683999999997,0.0],"batterytemp":[46.0,45.0,49.0],"triggerrate":[0.0,0.0,1.2000000000000002],"triggersremaining":[14558.0,14558.0,14563.0],"crcerrors":[0.0,0.0,0.0]}