{"datalatency":[18.243716000000003],"sensoruptime":[17.502777777777776,16.502777777777776,null],"battvoltage":[11.575,11.627,11.45],"arrayvoltage":[0.0,0.0,19.305],"chargecurrent":[0.005,0.002,7.371],"ledstate":[10.0,10.0,11.0],"loadpower":[23.453344,24.063775000000003,0.0],"batterytemp":[21.0,22.0,49.0],"triggerrate":[0.0,0.0,null],"triggersremaining":[14560.0,14560.0,null],"crcerrors":[0.0,0.0,0.0]}