{"datalatency":[11.198516000000001],"sensoruptime":[6.133611111111111,5.1338888888888885,null],"battvoltage":[12.1,12.793,11.569],"arrayvoltage":[15.823,16.547,19.736],"chargecurrent":[0.966,5.564,12.392999999999999],"chargestate":[5.0,5.0,6.0],"loadpower":[22.794563,22.326666000000003,6.808707000000001],"batterytemp":[37.0,36.0,44.0],"triggerrate":[0.0,0.0,null],"triggersremaining":[22161.0,22162.0,null],"crcerrors":[0.0,0.0,0.0]}