{"datalatency":[8.728008],"sensoruptime":[125.41222222222223,124.41222222222223,125.41222222222223],"battvoltage":[12.424000000000001,12.988,12.073],"arrayvoltage":[27.686,33.884,40.521],"chargecurrent":[0.647,4.604,12.84],"chargestate":[5.0,5.0,6.0],"loadpower":[13.588574,10.3048,8.207364000000002],"batterytemp":[28.0,31.0,33.0],"triggerrate":[0.6,0.0,1.0],"triggersremaining":[21397.0,21422.0,21522.0],"crcerrors":[0.0,0.0,0.0]}