{"datalatency":[20.224931],"sensoruptime":[1.4366666666666668,0.43694444444444447,329.74861111111113],"battvoltage":[13.155999999999999,13.049000000000001,11.911],"arrayvoltage":[14.212,14.505,17.825],"chargecurrent":[8.337,7.9,9.134],"ledstate":[6.0,6.0,8.0],"loadpower":[23.588708,23.061411,5.735975000000001],"batterytemp":[54.0,51.0,54.0],"triggerrate":[0.2,0.0,14.8],"triggersremaining":[1906.0,1907.0,3166.0],"crcerrors":[0.0,0.0,0.0]}