{"datalatency":[14.295182],"sensoruptime":[88.72416666666666,87.72416666666666,88.72416666666666],"battvoltage":[12.177,12.200999999999999,11.984000000000002],"arrayvoltage":[0.153,0.128,17.337],"chargecurrent":[0.002,0.005,9.687000000000001],"ledstate":[8.0,8.0,8.0],"loadpower":[23.768456000000004,23.890096000000003,21.70458],"batterytemp":[29.0,29.0,58.0],"triggerrate":[0.0,0.0,4.800000000000001],"triggersremaining":[13087.0,13088.0,13104.0],"crcerrors":[0.0,0.0,2.0]}