{"datalatency":[7.509880000000001],"sensoruptime":[168.23805555555555,167.25472222222223,168.23805555555555],"battvoltage":[14.575,12.68,12.183],"arrayvoltage":[39.371,18.311,42.465],"chargecurrent":[10.538,2.6260000000000003,15.0],"chargestate":[6.0,5.0,6.0],"loadpower":[9.419444,13.833456,8.596613999999999],"batterytemp":[16.0,9.0,33.0],"triggerrate":[0.0,0.0,0.8],"triggersremaining":[20370.0,20371.0,20461.0],"crcerrors":[0.0,0.0,0.0]}