{"datalatency":[38.168587],"sensoruptime":[null,0.83,null],"battvoltage":[12.567,11.761,10.443],"arrayvoltage":[3.891,28.805999999999997,45.523],"chargecurrent":[0.0,0.23199999999999998,2.6189999999999998],"chargestate":[3.0,5.0,7.0],"loadpower":[0.0,13.658376000000004,0.0],"batterytemp":[0.0,2.0,10.0],"triggerrate":[null,0.0,null],"triggersremaining":[null,0.0,null],"crcerrors":[7.0,0.0,1.0]}