{"datalatency":[8.823436000000001],"sensoruptime":[131.24388888888888,130.26111111111112,131.24388888888888],"battvoltage":[12.106,12.115,12.073],"arrayvoltage":[0.7659999999999999,0.693,34.378],"chargecurrent":[0.0,0.0,12.84],"chargestate":[3.0,3.0,5.0],"loadpower":[14.096193000000001,14.096193000000001,10.0584],"batterytemp":[23.0,22.0,33.0],"triggerrate":[3.0,5.0,6.4],"triggersremaining":[20654.0,20881.0,21501.0],"crcerrors":[0.0,0.0,0.0]}