{"datalatency":[19.15541],"sensoruptime":[5.849722222222222,4.85,null],"battvoltage":[11.675999999999998,13.100999999999999,11.31],"arrayvoltage":[16.168,15.378,19.531],"chargecurrent":[1.875,4.331,12.99],"ledstate":[10.0,6.0,11.0],"loadpower":[27.790256,26.555547999999998,0.0],"batterytemp":[40.0,40.0,41.0],"triggerrate":[0.0,0.0,null],"triggersremaining":[14570.0,14572.0,null],"crcerrors":[0.0,0.0,0.0]}