{"datalatency":[25.951686000000002],"sensoruptime":[null,null,null],"battvoltage":[12.729000000000001,12.72,12.299000000000001],"arrayvoltage":[0.775,0.7659999999999999,44.974],"chargecurrent":[0.0,0.0,2.773],"chargestate":[3.0,3.0,6.0],"loadpower":[0.0,0.0,0.0],"batterytemp":[1.0,2.0,16.0],"triggerrate":[null,null,null],"triggersremaining":[null,null,null],"crcerrors":[null,null,null]}