{"datalatency":[7.989644],"sensoruptime":[46.084722222222226,45.085,46.084722222222226],"battvoltage":[14.175,14.139000000000001,12.115],"arrayvoltage":[41.278,40.845,41.931000000000004],"chargecurrent":[3.9619999999999997,4.861000000000001,7.356],"chargestate":[6.0,6.0,6.0],"loadpower":[12.230672,9.0954,8.875646],"batterytemp":[29.0,30.0,30.0],"triggerrate":[0.2,0.0,0.6],"triggersremaining":[22214.0,22215.0,22257.0],"crcerrors":[0.0,0.0,0.0]}