{"datalatency":[8.105645],"sensoruptime":[8.837222222222222,7.8375,62.22694444444444],"battvoltage":[13.405999999999999,14.294,11.319],"arrayvoltage":[29.108,41.275,42.471000000000004],"chargecurrent":[1.6480000000000001,2.616,5.733],"chargestate":[5.0,6.0,6.0],"loadpower":[14.630062,13.71832,0.0],"batterytemp":[22.0,25.0,28.0],"triggerrate":[0.0,0.0,0.5],"triggersremaining":[18399.0,18400.0,18410.0],"crcerrors":[0.0,0.0,0.0]}