{"datalatency":[20.053661],"sensoruptime":[295.32472222222225,294.3413888888889,295.32472222222225],"battvoltage":[12.200999999999999,12.216,11.945],"arrayvoltage":[0.021,0.085,17.093],"chargecurrent":[0.005,0.005,10.847000000000001],"ledstate":[6.0,6.0,8.0],"loadpower":[23.683308,23.639148,21.841950000000004],"batterytemp":[33.0,35.0,54.0],"triggerrate":[0.0,0.6,1.4],"triggersremaining":[3214.0,3219.0,3279.0],"crcerrors":[0.0,0.0,0.0]}