{"datalatency":[47.467431000000005],"sensoruptime":[null,null,null],"battvoltage":[12.552,12.567,12.28],"arrayvoltage":[0.903,0.9520000000000001,44.098],"chargecurrent":[0.0,0.0,4.486000000000001],"chargestate":[3.0,3.0,8.0],"loadpower":[0.0,0.0,0.0],"batterytemp":[14.0,14.0,24.0],"triggerrate":[null,null,null],"triggersremaining":[null,null,null],"crcerrors":[null,null,null]}