{"datalatency":[22.75422],"sensoruptime":[50.84638888888889,49.846666666666664,50.84638888888889],"battvoltage":[11.798,11.835,11.798],"arrayvoltage":[0.0,0.0,17.78],"chargecurrent":[0.005,0.002,7.774],"ledstate":[8.0,8.0,8.0],"loadpower":[23.990188,24.130743,22.552155],"batterytemp":[26.0,26.0,40.0],"triggerrate":[0.0,0.0,7.200004464002768],"triggersremaining":[22185.0,22189.0,22428.0],"crcerrors":[null,null,0.0]}