{"datalatency":[8.018551],"sensoruptime":[57.76111111111111,56.76111111111111,57.76111111111111],"battvoltage":[11.687999999999999,11.761,11.645999999999999],"arrayvoltage":[0.7390000000000001,11.05,40.738],"chargecurrent":[0.0,0.0,11.615],"chargestate":[3.0,5.0,6.0],"loadpower":[14.04789,13.916524,9.041284000000001],"batterytemp":[16.0,19.0,34.0],"triggerrate":[0.0,0.0,0.4],"triggersremaining":[18409.0,18409.0,18418.0],"crcerrors":[0.0,0.0,0.0]}