{"datalatency":[15.529901],"sensoruptime":[123.21916666666667,122.21916666666667,123.21916666666667],"battvoltage":[12.616,12.204,12.079],"arrayvoltage":[16.4,16.452,16.846],"chargecurrent":[4.199,1.6059999999999999,10.327],"ledstate":[8.0,8.0,8.0],"loadpower":[23.159915999999996,23.233938,21.720998],"batterytemp":[40.0,35.0,54.0],"triggerrate":[0.0,0.0,1.2000000000000002],"triggersremaining":[13077.0,13077.0,13085.0],"crcerrors":[0.0,0.0,2.0]}